package_name,deprecation_date,deprecation_message,slope,p_value,r_squared,npm_url
@expo-google-fonts/open-sans-condensed,2025-03-28,This font has been removed from Google Fonts and will no longer receive updates.,2.9776118002818226,1.2849254335909914e-11,0.8842532620538068,https://www.npmjs.com/package/@expo-google-fonts/open-sans-condensed
@whitespace/storybook-addon-code,2025-03-12,No longer maintained,2.396046196255472,1.4285634581783626e-14,0.9079672329198932,https://www.npmjs.com/package/@whitespace/storybook-addon-code
@poool/eslint-config-react-native,2025-02-04,Package no longer supported. Contact Support at https://www.npmjs.com/support for more info.,1.4653102630221204,2.4764626333141365e-280,0.9940186585948936,https://www.npmjs.com/package/@poool/eslint-config-react-native
node-ainzfb-new,2025-03-03,Package no longer supported. Contact Support at https://www.npmjs.com/support for more info.,1.2972049320604189,8.987068119621766e-05,0.7188168785592478,https://www.npmjs.com/package/node-ainzfb-new
@types/hexo,2025-01-14,"This is a stub types definition. hexo provides its own type definitions, so you do not need this installed.",1.2289651087709599,2.9530902742124926e-20,0.9101084749747095,https://www.npmjs.com/package/@types/hexo
@eslint-types/prettier,2025-03-07,Package no longer supported. Contact Support at https://www.npmjs.com/support for more info.,0.963987396512664,3.920893114385933e-45,0.970695465074355,https://www.npmjs.com/package/@eslint-types/prettier
amiruldev,2024-11-07,Package no longer supported. Contact Support at https://www.npmjs.com/support for more info.,0.8738920745163403,0.00012244164110421707,0.6369031449016123,https://www.npmjs.com/package/amiruldev
@hookdeck/sdk,2025-02-05,Package no longer supported. Contact Support at https://www.npmjs.com/support for more info.,0.8483213913215089,1.1865869585516496e-06,0.6307490626579282,https://www.npmjs.com/package/@hookdeck/sdk
@poool/eslint-plugin,2025-02-04,Package no longer supported. Contact Support at https://www.npmjs.com/support for more info.,0.8119147744045319,9.119010337962561e-36,0.9587778332032147,https://www.npmjs.com/package/@poool/eslint-plugin
@eslint-types/deprecation,2025-03-07,Package no longer supported. Contact Support at https://www.npmjs.com/support for more info.,0.775332620030567,1.2264670377764888e-17,0.924155851815934,https://www.npmjs.com/package/@eslint-types/deprecation
@bradgarropy/eslint-config-typescript,2024-12-17,This package is deprecated. Please use @bradgarropy/eslint-config instead.,0.7598047577994964,0.00012612423659843743,0.6530797592638109,https://www.npmjs.com/package/@bradgarropy/eslint-config-typescript
@bradgarropy/eslint-config-react,2024-12-17,This package is deprecated. Please use @bradgarropy/eslint-config instead.,0.7498308813205512,0.0011626397155344624,0.6062249480630787,https://www.npmjs.com/package/@bradgarropy/eslint-config-react
@pvtnbr/eslint-config,2024-10-06,Package renamed to 'lintroll',0.6904184473814275,2.0264233838160072e-17,0.8591424734049105,https://www.npmjs.com/package/@pvtnbr/eslint-config
gulp-simple-task-loader,2024-10-13,Package no longer supported. Contact Support at https://www.npmjs.com/support for more info.,0.6333420944568884,1.3694827772957137e-10,0.6900248119913164,https://www.npmjs.com/package/gulp-simple-task-loader
@antfu/eslint-config-react,2025-02-12,"Deprecated, please migrate to @antfu/eslint-config with the flat config",0.6208367128234598,7.318149235009756e-262,0.9882104126177427,https://www.npmjs.com/package/@antfu/eslint-config-react
@pvtnbr/eslint-config-base,2024-10-06,Moved to lintroll,0.6184375523550014,5.261223907724602e-10,0.7500852254127618,https://www.npmjs.com/package/@pvtnbr/eslint-config-base
@gusmano/reext,2024-10-31,Package no longer supported. Contact Support at https://www.npmjs.com/support for more info.,0.5907366532921838,2.197713031712116e-05,0.6365345099679837,https://www.npmjs.com/package/@gusmano/reext
@pvtnbr/eslint-config-typescript,2024-10-06,Moved to lintroll,0.5861023507378041,5.056540192147105e-16,0.7350161312737022,https://www.npmjs.com/package/@pvtnbr/eslint-config-typescript
@types/istextorbinary,2025-03-04,"This is a stub types definition. istextorbinary provides its own type definitions, so you do not need this installed.",0.5366976969744774,1.19814456561211e-16,0.9195850096784681,https://www.npmjs.com/package/@types/istextorbinary
test-switchbot-devices,2022-07-19,Package no longer supported. Contact Support at https://www.npmjs.com/support for more info.,0.5281226127509531,3.6763212247524704e-29,0.8855858192727712,https://www.npmjs.com/package/test-switchbot-devices
walletlink,2025-03-26,WARNING: This project has been renamed to @coinbase/wallet-sdk. Install using @coinbase/wallet-sdk instead.,0.5061685175952482,1.9392536069546635e-12,0.8919784524631478,https://www.npmjs.com/package/walletlink
@types/package-json-validator,2025-02-03,"This is a stub types definition. package-json-validator provides its own type definitions, so you do not need this installed.",0.5032863910564784,1.6139158035154332e-07,0.7017390143538118,https://www.npmjs.com/package/@types/package-json-validator
shikiji-transformers,2025-02-12,"Deprecated, use @shikijs/transformers instead",0.4921591126264353,2.843686592376981e-07,0.8145461109459289,https://www.npmjs.com/package/shikiji-transformers
@aws-sdk/region-provider,2025-03-27,The package @aws-sdk/region-provider was released in Developer Preview. It is no longer supported.,0.47170853323961115,1.751030419669165e-22,0.9406913273890458,https://www.npmjs.com/package/@aws-sdk/region-provider
@types/aggregate-error,2024-10-23,"This is a stub types definition. aggregate-error provides its own type definitions, so you do not need this installed.",0.45592967824871833,8.011436302941538e-09,0.8093810176305608,https://www.npmjs.com/package/@types/aggregate-error
@eslint-types/unicorn,2025-03-07,Package no longer supported. Contact Support at https://www.npmjs.com/support for more info.,0.4254062596711119,4.4575723780892845e-10,0.8663739234760807,https://www.npmjs.com/package/@eslint-types/unicorn
@types/pify,2025-03-08,"This is a stub types definition. pify provides its own type definitions, so you do not need this installed.",0.40414978362385146,1.9334464729234318e-10,0.8710586485303282,https://www.npmjs.com/package/@types/pify
jest-environment-miniflare,2025-03-13,Miniflare v2 is no longer supported. Please upgrade to Miniflare v4,0.39660234724065546,7.312114982502042e-09,0.84790860448862,https://www.npmjs.com/package/jest-environment-miniflare
@eslint-types/jsdoc,2025-03-07,Package no longer supported. Contact Support at https://www.npmjs.com/support for more info.,0.3900479584768286,2.0597099315915022e-05,0.7513805682891033,https://www.npmjs.com/package/@eslint-types/jsdoc
html-wiring,2025-03-17,Deprecated,0.3879239647470838,1.648901955698992e-08,0.8415609438733032,https://www.npmjs.com/package/html-wiring
jsonesc,2024-05-09,moved to arrow-code pacakge,0.3755976475479752,7.587485783365255e-08,0.40784368499127,https://www.npmjs.com/package/jsonesc
@devil7softwares/pos,2022-04-05,This package has been renamed to `fast-tag-pos`,0.3500875997573667,1.4296525490548807e-07,0.7204757632894755,https://www.npmjs.com/package/@devil7softwares/pos
@types/ip-regex,2022-06-13,"This is a stub types definition. ip-regex provides its own type definitions, so you do not need this installed.",0.3278233352548716,5.728069757740448e-07,0.7550449830499315,https://www.npmjs.com/package/@types/ip-regex
@recordreplay/recordings-cli,2024-07-30,Please use @replayio/replay instead,0.3126662183154758,1.644337817547084e-13,0.8709581007184575,https://www.npmjs.com/package/@recordreplay/recordings-cli
@eslint-types/typescript-eslint,2025-03-07,Package no longer supported. Contact Support at https://www.npmjs.com/support for more info.,0.31060175698603487,2.871896726138357e-09,0.8546118744822433,https://www.npmjs.com/package/@eslint-types/typescript-eslint
previous-index-of,2024-05-22,Package no longer supported. Contact Support at https://www.npmjs.com/support for more info.,0.3078530788105459,7.869493544652178e-07,0.4854400130355754,https://www.npmjs.com/package/previous-index-of
postcss-unmq,2024-12-28,Package no longer supported. Contact Support at https://www.npmjs.com/support for more info.,0.30407549541612866,2.194555330557702e-20,0.8390770149749053,https://www.npmjs.com/package/postcss-unmq
@types/signal-exit,2025-03-27,"This is a stub types definition. signal-exit provides its own type definitions, so you do not need this installed.",0.2956930267535629,1.4649176015783996e-06,0.7944747862941872,https://www.npmjs.com/package/@types/signal-exit
babel-preset-babili,2025-02-27,babili has been renamed to babel-minify. Please update to babel-preset-minify,0.294797778801998,3.654302867993505e-61,0.978437274399392,https://www.npmjs.com/package/babel-preset-babili
@types/ansi-escapes,2024-10-23,"This is a stub types definition. ansi-escapes provides its own type definitions, so you do not need this installed.",0.27946241691218143,0.0022021585150096604,0.5191852434478876,https://www.npmjs.com/package/@types/ansi-escapes
is-readable-stream,2022-06-19,use is-stream instead,0.278955703361468,0.004948564079245876,0.49239889949301796,https://www.npmjs.com/package/is-readable-stream
@types/hexo-util,2025-03-15,"This is a stub types definition. hexo-util provides its own type definitions, so you do not need this installed.",0.2761682351953514,4.796918908177996e-05,0.7336496918969223,https://www.npmjs.com/package/@types/hexo-util
@types/antlr4,2024-11-24,"This is a stub types definition. antlr4 provides its own type definitions, so you do not need this installed.",0.2648847851028413,5.7170079725069225e-21,0.9231967473345181,https://www.npmjs.com/package/@types/antlr4
@types/just-extend,2022-04-07,"This is a stub types definition. just-extend provides its own type definitions, so you do not need this installed.",0.26252123651370407,0.0004127425992253237,0.5392798295555448,https://www.npmjs.com/package/@types/just-extend
@types/just-map-values,2022-04-07,"This is a stub types definition. just-map-values provides its own type definitions, so you do not need this installed.",0.2618289150846693,0.0006698704391185285,0.5158082387941372,https://www.npmjs.com/package/@types/just-map-values
@miniflare/shared-test-environment,2025-03-13,Miniflare v2 is no longer supported. Please upgrade to Miniflare v4,0.25968770262865437,9.577045096648373e-18,0.9246210501372419,https://www.npmjs.com/package/@miniflare/shared-test-environment
@types/complex.js,2024-10-23,"This is a stub types definition. complex.js provides its own type definitions, so you do not need this installed.",0.2558817925150745,0.0006444160278100753,0.5520332193254508,https://www.npmjs.com/package/@types/complex.js
@types/figures,2024-10-23,"This is a stub types definition. figures provides its own type definitions, so you do not need this installed.",0.25361899774618823,0.0048075944255238975,0.5196597177303306,https://www.npmjs.com/package/@types/figures
@types/get-caller-file,2024-10-23,"This is a stub types definition. get-caller-file provides its own type definitions, so you do not need this installed.",0.25327326424292274,0.00015501019393791935,0.6416881686961189,https://www.npmjs.com/package/@types/get-caller-file
@types/just-pick,2022-04-07,"This is a stub types definition. just-pick provides its own type definitions, so you do not need this installed.",0.2523647946377228,0.0005040178346924504,0.5299099197694948,https://www.npmjs.com/package/@types/just-pick
angular-material-rail-drawer,2024-10-24,"DEPRECATION NOTICE: This package is designed for Material Legacy (pre-version 17) only. It will not support Angular V17 due to disagreements with the new syntax and the direction Angular is taking. For more details, please refer to the README on the package's npm page.",0.24862295642909726,2.9971979381884015e-06,0.7705365401881722,https://www.npmjs.com/package/angular-material-rail-drawer
passport-jwt-cookiecombo,2022-06-23,Package no longer supported. Contact support@npmjs.com for more info.,0.2451519530271304,0.0020486046729983327,0.48819758535959,https://www.npmjs.com/package/passport-jwt-cookiecombo
level-mem,2024-12-02,Superseded by memory-level (https://github.com/Level/community#faq),0.24167205695966226,7.363322879811242e-10,0.8694282676824577,https://www.npmjs.com/package/level-mem
@types/boxen,2024-10-23,"This is a stub types definition. boxen provides its own type definitions, so you do not need this installed.",0.24159215071892592,5.380445031395759e-29,0.9365415423821563,https://www.npmjs.com/package/@types/boxen
coverup,2023-04-26,No longer maintained,0.23698105014737952,0.0004794678440255285,0.5754607807617871,https://www.npmjs.com/package/coverup
@types/webpackbar,2025-03-01,"This is a stub types definition. webpackbar provides its own type definitions, so you do not need this installed.",0.23618668605124515,4.23498047410743e-34,0.9610959123829825,https://www.npmjs.com/package/@types/webpackbar
ethers-contracts,2022-06-17,deprecated; please upgrade to ethers (see: https://docs.ethers.io/v5/api/contract/),0.2318366057560277,8.292505793972334e-06,0.7089307629995233,https://www.npmjs.com/package/ethers-contracts
@types/vue-i18n,2022-06-13,"This is a stub types definition for vue-i18n (https://github.com/kazupon/vue-i18n). vue-i18n provides its own type definitions, so you don't need @types/vue-i18n installed!",0.23156303471157813,1.7145611110983435e-05,0.6476506746991904,https://www.npmjs.com/package/@types/vue-i18n
@types/inversify-inject-decorators,2022-06-13,"This is a stub types definition for inversify-inject-decorators (https://github.com/inversify/inversify-inject-decorators). inversify-inject-decorators provides its own type definitions, so you don't need @types/inversify-inject-decorators installed!",0.2249431411273452,0.0037270561725115166,0.45525129620027427,https://www.npmjs.com/package/@types/inversify-inject-decorators
@types/pulsar-client,2022-04-07,"This is a stub types definition. pulsar-client provides its own type definitions, so you do not need this installed.",0.22392573144380518,0.0010815038377775623,0.5469857715366825,https://www.npmjs.com/package/@types/pulsar-client
@types/opn,2022-06-13,"This is a stub types definition. opn provides its own type definitions, so you do not need this installed.",0.22075528393164678,8.900461960125502e-05,0.52876096373984,https://www.npmjs.com/package/@types/opn
@webqit/subscript,2023-06-16,This package has been renamed to @webqit/reflex-functions,0.21935144272139445,4.559736145640287e-06,0.43369382473796003,https://www.npmjs.com/package/@webqit/subscript
basichtml,2022-06-13,The effort has moved into LinkeDOM module: https://www.npmjs.com/package/linkedom,0.2166796027943106,2.9297668130710593e-07,0.7016273625393015,https://www.npmjs.com/package/basichtml
ethers-utils,2022-06-17,deprecated; please upgrade to ethers (see: https://docs.ethers.io/v5/api/utils/),0.21491778168109105,3.665750221681919e-05,0.6647488527759773,https://www.npmjs.com/package/ethers-utils
@miniflare/sites,2025-03-13,Miniflare v2 is no longer supported. Please upgrade to Miniflare v4,0.21429060471536054,3.033924754718543e-11,0.8803705951373834,https://www.npmjs.com/package/@miniflare/sites
@miniflare/durable-objects,2025-03-13,Miniflare v2 is no longer supported. Please upgrade to Miniflare v4,0.21420409141070884,3.1632964829974205e-11,0.8801753152198175,https://www.npmjs.com/package/@miniflare/durable-objects
@miniflare/html-rewriter,2025-03-13,Miniflare v2 is no longer supported. Please upgrade to Miniflare v4,0.2129177965896556,2.459258631456058e-11,0.8813431882312728,https://www.npmjs.com/package/@miniflare/html-rewriter
@miniflare/storage-file,2025-03-13,Miniflare v2 is no longer supported. Please upgrade to Miniflare v4,0.21255103088813332,3.8011670042817745e-11,0.8793087345653343,https://www.npmjs.com/package/@miniflare/storage-file
@nolimit/nolimit.js,2024-12-02,Package no longer supported. Contact Support at https://www.npmjs.com/support for more info.,0.21240902598247896,6.130939642456295e-23,0.9027154554617342,https://www.npmjs.com/package/@nolimit/nolimit.js
@miniflare/kv,2025-03-13,Miniflare v2 is no longer supported. Please upgrade to Miniflare v4,0.21207347005027088,3.493827387538606e-11,0.8797080045820557,https://www.npmjs.com/package/@miniflare/kv
@types/lowlight,2025-03-04,"This is a stub types definition. lowlight provides its own type definitions, so you do not need this installed.",0.21016332844857377,1.672050743513677e-22,0.9407448430567281,https://www.npmjs.com/package/@types/lowlight
posthog-plugins,2022-05-13,renamed to @posthog/plugin-scaffold,0.2071469466067783,0.00015228567077982063,0.4601558898943017,https://www.npmjs.com/package/posthog-plugins
unicode-9.0.0,2022-06-28,Use @unicode/unicode-9.0.0 instead.,0.20106024798388417,6.382389010610429e-05,0.6275268895126749,https://www.npmjs.com/package/unicode-9.0.0
base-tasks,2022-06-13,`base-tasks` has been deprecated and renamed to `base-task`. See https://github.com/node-base/base-task,0.20074089616128513,0.000107655059723371,0.6335333850807925,https://www.npmjs.com/package/base-tasks
base-options,2022-06-13,`base-options` has been deprecated and renamed to `base-option`. See https://github.com/node-base/base-option,0.20070104775968867,0.00012872602916714528,0.6287010634205306,https://www.npmjs.com/package/base-options
@types/pg-connection-string,2022-04-07,"This is a stub types definition for pg-connection-string (https://github.com/iceddev/pg-connection-string). pg-connection-string provides its own type definitions, so you don't need @types/pg-connection-string installed!",0.2001110124046923,1.1439069743023099e-05,0.590210496688971,https://www.npmjs.com/package/@types/pg-connection-string
emailjs-mime-builder,2022-06-16,This project is no longer maintained. Please use nodemailer for sending emails in nodejs.,0.1996959751172529,0.0005314936576735211,0.572331234543582,https://www.npmjs.com/package/emailjs-mime-builder
@types/concurrently,2024-10-23,"This is a stub types definition. concurrently provides its own type definitions, so you do not need this installed.",0.1991946830551079,0.0020592242349289497,0.577107473285779,https://www.npmjs.com/package/@types/concurrently
emailjs-mime-types,2022-06-16,This project is no longer maintained. Please use nodemailer for sending emails in nodejs.,0.1981058517972153,0.0005706833035311727,0.5693419515075198,https://www.npmjs.com/package/emailjs-mime-types
@kayahr/jest-electron-runner,2025-01-08,Package no longer maintained,0.19659541708675987,5.0295188570252755e-14,0.7809275980104926,https://www.npmjs.com/package/@kayahr/jest-electron-runner
@types/electron,2024-10-23,"This is a stub types definition. electron provides its own type definitions, so you do not need this installed.",0.1950962596763932,7.579509583787995e-23,0.9279532446869528,https://www.npmjs.com/package/@types/electron
ava-fast-check,2022-06-23,Replaced by @fast-check/ava,0.19252421127627795,0.004933357633836333,0.4511166261220666,https://www.npmjs.com/package/ava-fast-check
netlify-plugin-deploy-preview-commenting,2024-12-13,Package no longer supported. Contact Support at https://www.npmjs.com/support for more info.,0.1917358355990491,0.0007226820903309219,0.6163031258472942,https://www.npmjs.com/package/netlify-plugin-deploy-preview-commenting
@types/flatbush,2024-10-23,"This is a stub types definition. flatbush provides its own type definitions, so you do not need this installed.",0.18883127364620234,5.319663066325814e-38,0.9110007332690291,https://www.npmjs.com/package/@types/flatbush
@miniflare/scheduler,2025-03-13,Miniflare v2 is no longer supported. Please upgrade to Miniflare v4,0.188637029778703,3.914072795610391e-09,0.8524566158585586,https://www.npmjs.com/package/@miniflare/scheduler
@miniflare/cli-parser,2025-03-13,Miniflare v2 is no longer supported. Please upgrade to Miniflare v4,0.18854729065088005,4.173795927162972e-09,0.8520014602011232,https://www.npmjs.com/package/@miniflare/cli-parser
@miniflare/http-server,2025-03-13,Miniflare v2 is no longer supported. Please upgrade to Miniflare v4,0.188488047268204,3.668709690252629e-09,0.8529124687579384,https://www.npmjs.com/package/@miniflare/http-server
@miniflare/cache,2025-03-13,Miniflare v2 is no longer supported. Please upgrade to Miniflare v4,0.18800826482901645,2.2112691888153247e-12,0.8914753242914729,https://www.npmjs.com/package/@miniflare/cache
@miniflare/runner-vm,2025-03-13,Miniflare v2 is no longer supported. Please upgrade to Miniflare v4,0.18798451953129103,1.4716696178443514e-12,0.8930210799102913,https://www.npmjs.com/package/@miniflare/runner-vm
@types/xdg-basedir,2022-06-13,"This is a stub types definition. xdg-basedir provides its own type definitions, so you do not need this installed.",0.18750337212938417,0.038508747880432855,0.33207211374338763,https://www.npmjs.com/package/@types/xdg-basedir
@types/scrypt-js,2022-04-07,"This is a stub types definition. scrypt-js provides its own type definitions, so you do not need this installed.",0.1868581692709657,0.015686619281753897,0.36620368187182173,https://www.npmjs.com/package/@types/scrypt-js
@miniflare/web-sockets,2025-03-13,Miniflare v2 is no longer supported. Please upgrade to Miniflare v4,0.18672985522393226,3.445972097984308e-12,0.8897400034360293,https://www.npmjs.com/package/@miniflare/web-sockets
@miniflare/storage-memory,2025-03-13,Miniflare v2 is no longer supported. Please upgrade to Miniflare v4,0.18572613194959153,3.4253523672194534e-12,0.8897638457030439,https://www.npmjs.com/package/@miniflare/storage-memory
@philippfromme/moddle-helpers,2022-06-10,Package no longer supported. Contact Support at https://www.npmjs.com/support for more info.,0.18514188025793638,0.005579068393827317,0.44666963121669334,https://www.npmjs.com/package/@philippfromme/moddle-helpers
@miniflare/watcher,2025-03-13,Miniflare v2 is no longer supported. Please upgrade to Miniflare v4,0.18489642970906406,1.5731699911211199e-12,0.8927708738281237,https://www.npmjs.com/package/@miniflare/watcher
@miniflare/core,2025-03-13,Miniflare v2 is no longer supported. Please upgrade to Miniflare v4,0.1848788568057982,2.338613367232602e-12,0.8912592968478203,https://www.npmjs.com/package/@miniflare/core
yaeti,2025-03-05,Package no longer supported. Contact Support at https://www.npmjs.com/support for more info.,0.18386425092987135,7.415396328446268e-21,0.9360021644259743,https://www.npmjs.com/package/yaeti
avalanche,2023-02-20,Package no longer supported. Contact Support at https://www.npmjs.com/support for more info.,0.1838063348677917,0.010757811433683014,0.42739237820873466,https://www.npmjs.com/package/avalanche
@storybook/testing-vue3,2024-11-20,This package is deprecated as its functionality has been built into @storybook/vue3 in version 8. See https://github.com/storybookjs/storybook/blob/next/MIGRATION.md#composed-vue-stories-are-now-components-instead-of-functions,0.18338756745915008,3.2185976560047213e-13,0.8955371468410515,https://www.npmjs.com/package/@storybook/testing-vue3
@miniflare/shared,2025-03-13,Miniflare v2 is no longer supported. Please upgrade to Miniflare v4,0.18222075188196651,1.0899581411334664e-12,0.8941333281163646,https://www.npmjs.com/package/@miniflare/shared
@udecode/plate-ui-image,2024-09-18,This package is no longer maintained. Please use @udecode/plate or check GitHub for the latest Plate packages and documentation.,0.1821003607135437,2.9911846238311863e-06,0.6995006295616473,https://www.npmjs.com/package/@udecode/plate-ui-image
@udecode/plate-ui-media-embed,2024-09-18,This package is no longer maintained. Please use @udecode/plate or check GitHub for the latest Plate packages and documentation.,0.1812806043192122,3.452775952232253e-06,0.6971844446958853,https://www.npmjs.com/package/@udecode/plate-ui-media-embed
@noble/bls12-381,2023-03-27,Switch to @noble/curves for security updates,0.18104449213053758,0.003996192884521064,0.4708997853039746,https://www.npmjs.com/package/@noble/bls12-381
@bahmutov/parse-github-repo-url,2022-06-12,All features were merged back into original parse-github-repo-url,0.17790090258229108,1.5581290786742754e-07,0.6096888393488653,https://www.npmjs.com/package/@bahmutov/parse-github-repo-url
rdf-parser-dom,2022-06-25,This package is no longer maintained,0.17733553323347329,3.6706945104681353e-06,0.5943332294547571,https://www.npmjs.com/package/rdf-parser-dom
@types/wrap-ansi,2023-10-31,"This is a stub types definition. wrap-ansi provides its own type definitions, so you do not need this installed.",0.1763787616054956,0.007288398372845815,0.4681591531450553,https://www.npmjs.com/package/@types/wrap-ansi
rollup-plugin-sucrase,2022-05-16,This package has been deprecated and is no longer maintained. Please use @rollup/plugin-sucrase.,0.17563767807022967,1.7826876873754073e-06,0.5742664945958484,https://www.npmjs.com/package/rollup-plugin-sucrase
flavored-path,2022-06-18,use rwd,0.17477285642915186,0.0009322441710343682,0.5598408668732879,https://www.npmjs.com/package/flavored-path
@vkontakte/eslint-config,2024-01-12,This package has been deprecated and is no longer maintained. Please use @vkontakte/eslint-plugin,0.17467640523282754,6.59811932144678e-10,0.6142718852994873,https://www.npmjs.com/package/@vkontakte/eslint-config
meta-path,2022-06-19,use rwd,0.17445828862682677,0.0009052241961469578,0.5609737726607319,https://www.npmjs.com/package/meta-path
rdf-parser-rdfxml,2022-06-25,This package is no longer maintained,0.17435854263443668,5.806359325092377e-06,0.5857942831438626,https://www.npmjs.com/package/rdf-parser-rdfxml
@types/gapi.client.gmail,2023-03-15,use @types/gapi.client.gmail-v1 instead; see https://github.com/Maxim-Mazurok/google-api-typings-generator/issues/652 for details,0.17379893668123697,0.002152289488359349,0.4554930397497613,https://www.npmjs.com/package/@types/gapi.client.gmail
@types/cron-converter,2024-10-23,"This is a stub types definition. cron-converter provides its own type definitions, so you do not need this installed.",0.17377135844550673,0.001847521692732704,0.3580368009138356,https://www.npmjs.com/package/@types/cron-converter
@types/should,2022-06-13,"This is a stub types definition for should.js (https://github.com/shouldjs/should.js). should.js provides its own type definitions, so you don't need @types/should installed!",0.1726911067174308,0.011297505750800177,0.41266286213421466,https://www.npmjs.com/package/@types/should
@types/depcheck,2024-10-23,"This is a stub types definition. depcheck provides its own type definitions, so you do not need this installed.",0.17209434535954204,0.001111655826722333,0.585688705528682,https://www.npmjs.com/package/@types/depcheck
memdown,2024-12-02,Superseded by memory-level (https://github.com/Level/community#faq),0.1718720232666408,3.0587855169637396e-22,0.9183139203747401,https://www.npmjs.com/package/memdown
@types/base64-arraybuffer,2024-10-23,"This is a stub types definition. base64-arraybuffer provides its own type definitions, so you do not need this installed.",0.1708005609626252,9.306315324027763e-31,0.8826960272745246,https://www.npmjs.com/package/@types/base64-arraybuffer
@types/bowser,2024-10-23,"This is a stub types definition. bowser provides its own type definitions, so you do not need this installed.",0.17038292243558883,6.805487868608845e-29,0.8548906159600193,https://www.npmjs.com/package/@types/bowser
dts-for-context-bridge,2022-09-06,Package no longer supported. Contact Support at https://www.npmjs.com/support for more info.,0.16800358017754818,0.00013552597334893254,0.6140163945809869,https://www.npmjs.com/package/dts-for-context-bridge
quadprog-js,2022-11-14,Package no longer supported. Contact Support at https://www.npmjs.com/support for more info.,0.16739102367873546,0.01420845267491966,0.39777774234706786,https://www.npmjs.com/package/quadprog-js
salesforcedx,2023-07-10,Package no longer supported. Contact Support at https://www.npmjs.com/support for more info.,0.16654831104750123,0.0016865605817396505,0.5214538225586564,https://www.npmjs.com/package/salesforcedx
@skjnldsv/sanitize-svg,2024-11-18,use DOMPurify instead https://www.npmjs.com/package/dompurify,0.16632269791131216,5.2794330265514545e-05,0.7313758349400337,https://www.npmjs.com/package/@skjnldsv/sanitize-svg
babel-preset-beemo,2022-08-16,Use https://www.npmjs.com/package/babel-preset-moon instead.,0.1662997791117437,1.285924458776438e-08,0.5997550354528001,https://www.npmjs.com/package/babel-preset-beemo
@udacity/types-service-worker-mock,2022-08-07,Package no longer supported. Contact Support at https://www.npmjs.com/support for more info.,0.1655841169246524,0.004229451309025996,0.4801745354166993,https://www.npmjs.com/package/@udacity/types-service-worker-mock
milstd,2023-02-24,Package no longer supported. Contact Support at https://www.npmjs.com/support for more info.,0.16550525711183078,0.013435615690592338,0.44039842500338544,https://www.npmjs.com/package/milstd
react-multi-split-pane,2023-08-24,Package no longer supported. Contact Support at https://www.npmjs.com/support for more info.,0.16469268588289615,0.011974905823065925,0.42948071454971315,https://www.npmjs.com/package/react-multi-split-pane
@octokit/auth,2025-03-19,"""@octokit/auth"" is deprecated. Use the packages you need directly instead: ""@octokit/auth-action"", ""@octokit/auth-app"", ""@octokit/auth-oauth-app"", ""@octokit/auth-token""",0.1645442979803473,0.030630775133819083,0.437862089557408,https://www.npmjs.com/package/@octokit/auth
@manahippo/aptos-wallet-adapter,2023-07-06,No longer maintained. Consider using https://github.com/aptos-labs/aptos-wallet-adapter instead,0.1644817130330068,0.03264570209062845,0.3377598404289097,https://www.npmjs.com/package/@manahippo/aptos-wallet-adapter
rollup-plugin-npm,2022-06-26,rollup-plugin-npm,0.16430451370851706,0.0001195417873368452,0.5485603131184917,https://www.npmjs.com/package/rollup-plugin-npm
scijs-window-functions,2022-06-26,This package has been renamed 'window-function'. The API is otherwise the same. Please switch.,0.1638472767319143,0.02710725430775935,0.3603318014421454,https://www.npmjs.com/package/scijs-window-functions
@nuxt/static,2024-12-05,this feature has been moved to the core. you can directly use nuxt generate,0.163716936442004,3.6200642220513716e-10,0.7868443326513839,https://www.npmjs.com/package/@nuxt/static
@types/node-sql-parser,2022-04-07,"This is a stub types definition. node-sql-parser provides its own type definitions, so you do not need this installed.",0.1634794912627753,0.0003683886868586787,0.5852429484505077,https://www.npmjs.com/package/@types/node-sql-parser
@types/rollup,2022-06-13,"This is a stub types definition for rollup (https://github.com/rollup/rollup). rollup provides its own type definitions, so you don't need @types/rollup installed!",0.16345990945965627,0.029619336908134373,0.3554557789489069,https://www.npmjs.com/package/@types/rollup
tsconfig-beemo,2022-08-16,Use https://www.npmjs.com/package/tsconfig-moon instead.,0.16343530975522363,3.393170124027353e-11,0.6987212127805169,https://www.npmjs.com/package/tsconfig-beemo
acorn-json-superset,2022-06-13,acorn>=5.6 supports json-superset,0.16206899748662296,0.049926938794830907,0.3287040526943352,https://www.npmjs.com/package/acorn-json-superset
@types/nanoid,2022-04-07,"This is a stub types definition. nanoid provides its own type definitions, so you do not need this installed.",0.16206208906208702,0.012882603569895098,0.4221544579924895,https://www.npmjs.com/package/@types/nanoid
acorn-optional-catch-binding,2022-06-13,acorn>=5.6 supports optional-catch-binding,0.16082956430827372,0.0490158535712729,0.3303798745846499,https://www.npmjs.com/package/acorn-optional-catch-binding
prettier-config-beemo,2022-08-16,Use https://www.npmjs.com/package/prettier-config-moon instead.,0.16009539032301656,3.316569122703695e-11,0.6644628785274056,https://www.npmjs.com/package/prettier-config-beemo
redact-pii,2024-11-19,Package no longer supported. Contact Support at https://www.npmjs.com/support for more info.,0.1595284975579645,1.7892661704647243e-30,0.9489024057887795,https://www.npmjs.com/package/redact-pii
rdf-parser-abstract,2022-06-25,This package is no longer maintained,0.15789726495625078,5.14245907680761e-06,0.5696205665659144,https://www.npmjs.com/package/rdf-parser-abstract
@udecode/plate-ui-popper,2024-09-18,This package is no longer maintained. Please use @udecode/plate or check GitHub for the latest Plate packages and documentation.,0.15777757132779252,1.7655198155050117e-06,0.7137849247315884,https://www.npmjs.com/package/@udecode/plate-ui-popper
@sweetalert2/theme-dark,2025-02-16,Use Swal.fire({ theme: 'dark' }) instead,0.15758267034006757,6.15974137412445e-158,0.9797581518587927,https://www.npmjs.com/package/@sweetalert2/theme-dark
@types/log-update,2022-04-07,"This is a stub types definition. log-update provides its own type definitions, so you do not need this installed.",0.15731819984002735,0.008526314375390696,0.4162949800222179,https://www.npmjs.com/package/@types/log-update
jpm,2022-06-19,Extensions built with jpm are no longer supported by Firefox. Use web-ext instead to build a WebExtension.,0.15728530633465782,0.04541772786750546,0.3208343022833712,https://www.npmjs.com/package/jpm
remark-autolink-headings,2024-10-02,Deprecated: use `rehype-autolink-headings`,0.15717852340449667,0.00039138554192401376,0.6732692517793297,https://www.npmjs.com/package/remark-autolink-headings
@types/pusher-js,2022-06-13,"This is a stub types definition. pusher-js provides its own type definitions, so you do not need this installed.",0.1568405984743854,0.016896098711543274,0.3797610130016532,https://www.npmjs.com/package/@types/pusher-js
@esss-swap/duo-validation,2022-04-05,This package has been deprecated. Please use @user-office-software/duo-validation instead,0.15580684481841175,0.006453960324385289,0.19916668902230927,https://www.npmjs.com/package/@esss-swap/duo-validation
@boost/core,2022-04-04,Package has been deprecated. Core has been split into multiple stand-alone packages. https://github.com/milesj/boost,0.15518325117131226,3.512756609786024e-05,0.6324470536435596,https://www.npmjs.com/package/@boost/core
@formatjs/swc-plugin,2024-11-17,Please use @swc/plugin-formatjs,0.1541376241015091,6.291838031726062e-05,0.7231605369788028,https://www.npmjs.com/package/@formatjs/swc-plugin
@esss-swap/duo-message-broker,2022-04-05,This package has been deprecated. Please use @user-office-software/duo-message-broker instead,0.15277212755008127,9.303017217625275e-06,0.4287424972706385,https://www.npmjs.com/package/@esss-swap/duo-message-broker
cardinal-spline-js,2022-06-13,Package no longer supported. Contact support@npmjs.com for more info.,0.1520919668081392,0.0072279172697708475,0.43920013351213794,https://www.npmjs.com/package/cardinal-spline-js
react-youtube-lite,2022-05-15,"This package has been deprecated in favor of @lite-embed/react, please install the latest version of @lite-embed/react instead of react-youtube-lite",0.14965581040248968,0.0007146746835488129,0.47641487223992285,https://www.npmjs.com/package/react-youtube-lite
eslint-define-config,2025-03-07,Package no longer supported. Contact Support at https://www.npmjs.com/support for more info.,0.14917354095334812,1.029073812794917e-09,0.8613325999310724,https://www.npmjs.com/package/eslint-define-config
@types/tesseract.js,2022-06-13,"This is a stub types definition. tesseract.js provides its own type definitions, so you do not need this installed.",0.14786411939288152,0.000850416223783109,0.5505678272441331,https://www.npmjs.com/package/@types/tesseract.js
@types/gridstack,2022-06-13,"This is a stub types definition. gridstack provides its own type definitions, so you do not need this installed.",0.14688954609611762,0.03618503833641831,0.34336900088381594,https://www.npmjs.com/package/@types/gridstack
ipfs-api,2022-06-19,"ipfs-api has been renamed to ipfs-http-client, please update your package.json to get the latest version.",0.14662690819348934,7.529088684222382e-06,0.6147937398886975,https://www.npmjs.com/package/ipfs-api
@miniflare/d1,2025-03-13,Miniflare v2 is no longer supported. Please upgrade to Miniflare v4,0.1461122011322047,1.9881497154047975e-23,0.9431136237040901,https://www.npmjs.com/package/@miniflare/d1
eslint-plugin-local,2024-08-24,"Since the coming of ESLint flat config file, you can specify local rules without the need of this package. For running ESLint rule unit tests, use eslint-rule-tester instead",0.14597650995787004,1.4407707121392915e-31,0.9241629209557607,https://www.npmjs.com/package/eslint-plugin-local
humio,2023-10-06,Package no longer supported. Contact Support at https://www.npmjs.com/support for more info.,0.14596537995886788,0.0029448137149606555,0.485908872010531,https://www.npmjs.com/package/humio
@esss-swap/duo-logger,2022-04-05,This package has been deprecated. Please use @user-office-software/duo-logger instead,0.1457372765418804,7.053355098918642e-05,0.4495004441659646,https://www.npmjs.com/package/@esss-swap/duo-logger
esbuild-plugin-glob,2023-08-30,Esbuild natively supports glob-style imports since version 0.19,0.1455144690251346,0.01518256004167605,0.3826635261808802,https://www.npmjs.com/package/esbuild-plugin-glob
@miniflare/r2,2025-03-13,Miniflare v2 is no longer supported. Please upgrade to Miniflare v4,0.14533801130427015,4.555092502284256e-20,0.9334542046876642,https://www.npmjs.com/package/@miniflare/r2
@esss-swap/duo-localisation,2022-04-05,This package has been deprecated. Please use @user-office-software/duo-localisation instead,0.14489322296346507,0.00022330125497030975,0.35937594048374866,https://www.npmjs.com/package/@esss-swap/duo-localisation
infisical-node,2024-01-10,Package no longer supported. Contact Support at https://www.npmjs.com/support for more info.,0.14483650918919533,4.632066755231938e-18,0.8622852945647891,https://www.npmjs.com/package/infisical-node
@types/find-process,2024-10-23,"This is a stub types definition. find-process provides its own type definitions, so you do not need this installed.",0.14456522595061327,1.0095731142756172e-08,0.7631994974543324,https://www.npmjs.com/package/@types/find-process
@rspack/plugin-minify,2025-02-19,this package is deprecated use terser-webpack-plugin instead,0.14456169186936974,1.5503150314743804e-06,0.788743343569164,https://www.npmjs.com/package/@rspack/plugin-minify
slow-stream,2022-06-26,no longer maintained,0.14416908018082158,0.020099018819377555,0.3861503993831158,https://www.npmjs.com/package/slow-stream
@types/yeoman-test,2025-02-07,"This is a stub types definition. yeoman-test provides its own type definitions, so you do not need this installed.",0.1435984872519688,0.029487187981656546,0.4412857795309779,https://www.npmjs.com/package/@types/yeoman-test
noble-bls12-381,2023-03-27,Switch to @noble/curves for security updates,0.1435181443406877,0.030539549575136975,0.34993601743908764,https://www.npmjs.com/package/noble-bls12-381
tsml,2022-06-27,no longer maintained,0.14331971263492793,0.0031213915956815885,0.4931146019316154,https://www.npmjs.com/package/tsml
githubauthquerystring,2022-05-03,githubauthquerystring has been renamed to @bevry/github-api: npm uninstall 'githubauthquerystring' && npm install '@bevry/github-api' && open 'https://www.npmjs.com/package/@bevry/github-api',0.14319409075797163,2.0667825475355223e-07,0.5932651108372528,https://www.npmjs.com/package/githubauthquerystring
gatsby-admin,2024-10-30,This package will no longer receive updates.,0.1431223004286093,0.00035971403869710636,0.6783640087523026,https://www.npmjs.com/package/gatsby-admin
release-it-lerna-changelog,2022-07-20,This package has been renamed to @release-it-plugins/lerna-changelog,0.1429670609942058,0.015053877047657524,0.4089960643078099,https://www.npmjs.com/package/release-it-lerna-changelog
@types/xlsx,2022-06-13,"This is a stub types definition for xlsx (https://github.com/sheetjs/js-xlsx). xlsx provides its own type definitions, so you don't need @types/xlsx installed!",0.1426105084034474,0.02549852301259541,0.36866926698340774,https://www.npmjs.com/package/@types/xlsx
@types/electron-store,2024-10-23,"This is a stub types definition. electron-store provides its own type definitions, so you do not need this installed.",0.14244476673115913,8.639977279802733e-18,0.8794744272228658,https://www.npmjs.com/package/@types/electron-store
remark-highlight.js,2024-10-02,Deprecated: use `rehype-highlight` or `rehype-starry-night`,0.14202399573440738,0.026465700015487686,0.4634665695172028,https://www.npmjs.com/package/remark-highlight.js
dnd-kit,2024-02-20,Package no longer supported. Contact Support at https://www.npmjs.com/support for more info.,0.1411612001038538,3.357159062285609e-16,0.8379743628119154,https://www.npmjs.com/package/dnd-kit
@types/terser,2022-04-07,"This is a stub types definition. terser provides its own type definitions, so you do not need this installed.",0.1410754919213596,0.019894357963898723,0.36615474606540865,https://www.npmjs.com/package/@types/terser
@hyperjump/json-schema-core,2023-01-13,This package was rolled into @hyperjump/json-schema as of v1.0.0,0.14021538709008308,0.03197870616191147,0.34325389132740114,https://www.npmjs.com/package/@hyperjump/json-schema-core
@storybook/addon-ie11,2024-11-20,Package no longer supported. Contact Support at https://www.npmjs.com/support for more info.,0.13988714237766509,4.046075693910649e-31,0.806943472885588,https://www.npmjs.com/package/@storybook/addon-ie11
@gr2m/fetch-mock,2024-06-19,The fix has been implemented in fetch-mock@10,0.1393910951983317,0.03935714672063073,0.35922027803339773,https://www.npmjs.com/package/@gr2m/fetch-mock
@udecode/plate-ast-serializer,2024-09-18,This package is no longer maintained. Please use @udecode/plate or check GitHub for the latest Plate packages and documentation.,0.13902304423913092,0.0016162920797718758,0.5239109427896268,https://www.npmjs.com/package/@udecode/plate-ast-serializer
@types/fetch-mock,2025-02-21,"This is a stub types definition. fetch-mock provides its own type definitions, so you do not need this installed.",0.13846423656502083,1.806784257517865e-11,0.8722958630828005,https://www.npmjs.com/package/@types/fetch-mock
@types/cometd,2025-03-04,"This is a stub types definition. cometd provides its own type definitions, so you do not need this installed.",0.1384065689966505,6.28749199827467e-65,0.9796976464667931,https://www.npmjs.com/package/@types/cometd
@types/rdf-js,2022-04-07,"This is a stub types definition. rdf-js provides its own type definitions, so you do not need this installed.",0.1381346686934717,0.005375257905642023,0.44195270906275896,https://www.npmjs.com/package/@types/rdf-js
canonicaljson,2022-06-13,moved permanently to @stratumn/canonicaljson,0.13765280456573373,0.005323105565398696,0.40033173670915834,https://www.npmjs.com/package/canonicaljson
@types/datatables.net-scroller,2024-10-23,"This is a stub types definition. datatables.net-scroller provides its own type definitions, so you do not need this installed.",0.1370034615591964,0.0006601048067328051,0.603605207425738,https://www.npmjs.com/package/@types/datatables.net-scroller
jquery-flot,2022-06-19,flot has been abandoned,0.13646091112398118,0.029658014222509733,0.3464635624495762,https://www.npmjs.com/package/jquery-flot
closure-builder,2022-06-30,Package no longer updated and supported. Use at your own risk.,0.13629154197305704,0.002726616648882155,0.4424111162017643,https://www.npmjs.com/package/closure-builder
route-pattern,2022-06-26,Not maintained anymore. Package name available!,0.13606847412752737,0.008649547696115652,0.43260108165250843,https://www.npmjs.com/package/route-pattern
@cliqz/url-parser,2024-10-17,This project has been renamed to @ghostery/url-parser. Install using @ghostery/url-parser instead,0.13602192770255406,2.664651144828119e-07,0.6368167566885334,https://www.npmjs.com/package/@cliqz/url-parser
feathers-logger,2022-06-17,This module is no longer maintained. See https://github.com/feathersjs-ecosystem/feathers-logger#migrating for more information on using a standard logger,0.13546869199829714,0.0269252491082325,0.3522954802673418,https://www.npmjs.com/package/feathers-logger
buffer-browserify,2022-06-13,Package not maintained. Recent browserify uses https://github.com/feross/buffer,0.13503153212844698,0.016630305999229236,0.39233951671450273,https://www.npmjs.com/package/buffer-browserify
@types/twilio-video,2022-04-07,"This is a stub types definition. twilio-video provides its own type definitions, so you do not need this installed.",0.13474012723954193,0.008620803843159427,0.43052073898873344,https://www.npmjs.com/package/@types/twilio-video
postcss-short-font-size,2024-12-28,Package no longer supported. Contact Support at https://www.npmjs.com/support for more info.,0.13403594040785916,0.00067760781357916,0.6532128145445876,https://www.npmjs.com/package/postcss-short-font-size
travis-deploy-once,2022-06-27,We recommend to use Travis Build Stages instead,0.13359498704804912,0.013898433890285248,0.39053002300803696,https://www.npmjs.com/package/travis-deploy-once
@types/keycloak-js,2022-06-13,"This is a stub types definition for keycloak-js (https://github.com/keycloak/keycloak). keycloak-js provides its own type definitions, so you don't need @types/keycloak-js installed!",0.1328971883746506,0.011490974684271245,0.412107298320439,https://www.npmjs.com/package/@types/keycloak-js
postcss-short,2024-12-28,Package no longer supported. Contact Support at https://www.npmjs.com/support for more info.,0.13273468463702728,0.0008241302270731778,0.6443100478565935,https://www.npmjs.com/package/postcss-short
@types/jest-cli,2022-04-07,"This is a stub types definition. jest-cli provides its own type definitions, so you do not need this installed.",0.13256378138022218,0.03718295464475866,0.3421061726044645,https://www.npmjs.com/package/@types/jest-cli
postcss-font-weights,2024-12-28,Package no longer supported. Contact Support at https://www.npmjs.com/support for more info.,0.13251012977659954,0.0007558134357382048,0.6481001988419481,https://www.npmjs.com/package/postcss-font-weights
@types/get-stream,2022-04-07,"This is a stub types definition. get-stream provides its own type definitions, so you do not need this installed.",0.13241356413746036,0.028086293090473415,0.36558561253206534,https://www.npmjs.com/package/@types/get-stream
@types/immutable,2022-06-13,"This is a stub types definition for Facebook's Immutable (https://github.com/facebook/immutable-js). Facebook's Immutable provides its own type definitions, so you don't need @types/immutable installed!",0.1323604978096865,0.03863261766659898,0.33424193437312877,https://www.npmjs.com/package/@types/immutable
@volar/vue-language-service-types,2023-07-17,WARNING: This project has been renamed to @vue/language-service. Install using @vue/language-service instead.,0.13204939904167678,0.01990805000122868,0.37643851283829066,https://www.npmjs.com/package/@volar/vue-language-service-types
lex,2022-07-09,Package no longer supported. Contact Support at https://www.npmjs.com/support for more info.,0.13148318711580925,0.002384564779372838,0.49239426287860166,https://www.npmjs.com/package/lex
@types/otplib,2022-04-07,"This is a stub types definition. otplib provides its own type definitions, so you do not need this installed.",0.1312556083849507,0.02524950108315148,0.3566491109668999,https://www.npmjs.com/package/@types/otplib
@types/immutability-helper,2022-06-13,"This is a stub types definition for immutability-helper (https://github.com/kolodny/immutability-helper). immutability-helper provides its own type definitions, so you don't need @types/immutability-helper installed!",0.1311813943496546,0.0015648562330707635,0.5300582865110421,https://www.npmjs.com/package/@types/immutability-helper
@types/express-rate-limit,2024-10-23,"This is a stub types definition. express-rate-limit provides its own type definitions, so you do not need this installed.",0.13071399720964982,1.6990573475839053e-10,0.8302866323618217,https://www.npmjs.com/package/@types/express-rate-limit
graphql-server-core,2022-06-18,This package has been renamed to 'apollo-server-core'.  Please update your dependencies!,0.13012350733025957,0.014839658847144579,0.4038989144259847,https://www.npmjs.com/package/graphql-server-core
@esbuild-kit/core-utils,2024-10-06,Merged into tsx: https://tsx.is,0.12991722531467353,1.933907786083149e-180,0.9819301593336853,https://www.npmjs.com/package/@esbuild-kit/core-utils
@types/next-auth,2022-04-07,"This is a stub types definition. next-auth provides its own type definitions, so you do not need this installed.",0.1287567744798908,0.008940909395149873,0.4322557984873724,https://www.npmjs.com/package/@types/next-auth
@esbuild-kit/esm-loader,2024-10-06,Merged into tsx: https://tsx.is,0.12860077682736826,5.882587529281828e-144,0.9795508135974731,https://www.npmjs.com/package/@esbuild-kit/esm-loader
@types/systeminformation,2022-04-07,"This is a stub types definition. systeminformation provides its own type definitions, so you do not need this installed.",0.12850930327267523,0.01837597717518755,0.35127680447665544,https://www.npmjs.com/package/@types/systeminformation
yurnalist,2025-03-16,Package no longer supported. Contact Support at https://www.npmjs.com/support for more info.,0.12834745425081362,8.194088801342866e-12,0.8861885183836026,https://www.npmjs.com/package/yurnalist
@udecode/plate-media-embed,2024-09-18,This package is no longer maintained. Please use @udecode/plate-media or check GitHub for the latest Plate packages and documentation.,0.12829855863039688,0.0005877371946078862,0.5641589581782137,https://www.npmjs.com/package/@udecode/plate-media-embed
@types/detect-browser,2024-10-23,"This is a stub types definition. detect-browser provides its own type definitions, so you do not need this installed.",0.12804964340106495,4.888363190084048e-13,0.83900942026448,https://www.npmjs.com/package/@types/detect-browser
@types/gl-matrix,2022-06-13,"This is a stub types definition. gl-matrix provides its own type definitions, so you do not need this installed.",0.12761279957910565,0.03002238066646153,0.34136055947086497,https://www.npmjs.com/package/@types/gl-matrix
@types/rate-limit-redis,2022-10-25,"This is a stub types definition. rate-limit-redis provides its own type definitions, so you do not need this installed.",0.12755876225702767,0.04107995513581789,0.29210097222421005,https://www.npmjs.com/package/@types/rate-limit-redis
stylelint-bare-webpack-plugin,2025-03-03,Package no longer supported. Contact Support at https://www.npmjs.com/support for more info.,0.1275495267380391,6.62162130396044e-07,0.8047016389733327,https://www.npmjs.com/package/stylelint-bare-webpack-plugin
@types/pg-promise,2022-06-13,"This is a stub types definition for pg-promise (https://github.com/vitaly-t/pg-promise). pg-promise provides its own type definitions, so you don't need @types/pg-promise installed!",0.1275103100552642,0.02026699150128017,0.3696359384701754,https://www.npmjs.com/package/@types/pg-promise
@vscode/webview-ui-toolkit,2025-01-07,"This package has been deprecated, https://github.com/microsoft/vscode-webview-ui-toolkit/issues/561",0.12712818798302547,6.655605158189891e-23,0.9092647591443795,https://www.npmjs.com/package/@vscode/webview-ui-toolkit
@miniflare/queues,2025-03-13,Miniflare v2 is no longer supported. Please upgrade to Miniflare v4,0.12684694298742283,8.953587767637564e-21,0.9357466494678146,https://www.npmjs.com/package/@miniflare/queues
postcss-short-position,2024-12-28,Package no longer supported. Contact Support at https://www.npmjs.com/support for more info.,0.126122793167146,0.00047603077666406515,0.6659371064141382,https://www.npmjs.com/package/postcss-short-position
gulp-ftp,2023-06-16,Deprecated in favor of vinyl-ftp.,0.12583744711770828,0.006889658326335704,0.4265047495900528,https://www.npmjs.com/package/gulp-ftp
engine-check,2025-03-29,Package no longer supported. Contact Support at https://www.npmjs.com/support for more info.,0.12545510987567887,7.525272969017757e-09,0.8476928468084123,https://www.npmjs.com/package/engine-check
@types/argon2,2024-10-23,"This is a stub types definition. argon2 provides its own type definitions, so you do not need this installed.",0.12545264526165656,8.677486025065163e-24,0.9004708815386143,https://www.npmjs.com/package/@types/argon2
@antfu/eslint-config-basic,2025-02-12,"Deprecated, please migrate to @antfu/eslint-config with the flat config",0.12534665767912134,1.4868094660434415e-12,0.8929827586078575,https://www.npmjs.com/package/@antfu/eslint-config-basic
@miraipr0ject/assets,2022-04-06,Package no longer supported. Contact Support at https://www.npmjs.com/support for more info.,0.12482077737143937,0.0005411964989484822,0.4935212507117467,https://www.npmjs.com/package/@miraipr0ject/assets
hast,2023-04-29,Renamed to rehype,0.12380070591270503,0.022567604481066532,0.38562415383071114,https://www.npmjs.com/package/hast
apollo-upload-server,2022-06-13,Please migrate to https://npm.im/graphql-upload (see https://git.io/fADhl).,0.12366076842463335,0.044597371220729605,0.31767899108737097,https://www.npmjs.com/package/apollo-upload-server
@types/lossless-json,2025-01-29,"This is a stub types definition. lossless-json provides its own type definitions, so you do not need this installed.",0.12352925170424914,9.792774670859383e-185,0.9843838625107707,https://www.npmjs.com/package/@types/lossless-json
handlebars-array,2023-06-21,No longer maintained,0.12340767611631484,0.02507394523917216,0.3285287700878068,https://www.npmjs.com/package/handlebars-array
mongoose-double,2022-06-20,Use @mongoosejs/double instead,0.12130300784355286,0.005341202736130325,0.4632089661222253,https://www.npmjs.com/package/mongoose-double
svgr,2022-06-27,"Please install @svgr/cli, @svgr/core or @svgr/webpack",0.12101175778599382,0.008773086891354785,0.4349358141126324,https://www.npmjs.com/package/svgr
@types/decimal.js,2024-10-23,"This is a stub types definition. decimal.js provides its own type definitions, so you do not need this installed.",0.12040662464770824,5.280271530255445e-15,0.8953671896173581,https://www.npmjs.com/package/@types/decimal.js
@types/prosemirror-markdown,2022-10-26,"This is a stub types definition. prosemirror-markdown provides its own type definitions, so you do not need this installed.",0.11995238332031827,0.029404928287037835,0.33961502850070235,https://www.npmjs.com/package/@types/prosemirror-markdown
@types/package-json,2022-04-07,"This is a stub types definition. package-json provides its own type definitions, so you do not need this installed.",0.11930453706901215,0.036271417586147756,0.32216529786037607,https://www.npmjs.com/package/@types/package-json
minifier,2022-06-19,please don't use. see readme (https://github.com/fizker/minifier) for details,0.11920271112606667,0.01684976821832947,0.390135355964787,https://www.npmjs.com/package/minifier
@types/redux-devtools-extension,2022-06-13,"This is a stub types definition for redux-devtools-extension (https://github.com/zalmoxisus/redux-devtools-extension). redux-devtools-extension provides its own type definitions, so you don't need @types/redux-devtools-extension installed!",0.1185546508888527,0.012250693276039639,0.4184980987931448,https://www.npmjs.com/package/@types/redux-devtools-extension
libp2p-crypto-secp256k1,2022-06-19,"Included in libp2p-crypto, use it instead. https://github.com/libp2p/js-libp2p-crypto",0.11825476192973056,0.0002031631857911548,0.5673476123876282,https://www.npmjs.com/package/libp2p-crypto-secp256k1
ethereumjs-wallet,2024-10-29,New package name format for new versions: @ethereumjs/wallet. Please update.,0.11766985688554232,6.732521301412368e-05,0.7390602452198543,https://www.npmjs.com/package/ethereumjs-wallet
promisify-es6,2022-06-24,Unmaintained,0.11762002932905413,0.00035019624802969215,0.5596103070957053,https://www.npmjs.com/package/promisify-es6
@antfu/eslint-config-vue,2025-02-12,"Deprecated, please migrate to @antfu/eslint-config with the flat config",0.11760112103875464,4.3954064020451474e-10,0.8664554645022566,https://www.npmjs.com/package/@antfu/eslint-config-vue
@dotlottie/react-player,2024-08-20,This package is superceded by @lottiefiles/dotlottie-react,0.11730211560614112,0.0056796600639519804,0.45309742078934057,https://www.npmjs.com/package/@dotlottie/react-player
esformatter-semicolons,2022-08-28,Package no longer supported. Contact Support at https://www.npmjs.com/support for more info.,0.1173006649555428,0.007800271941655754,0.42324918321192895,https://www.npmjs.com/package/esformatter-semicolons
@antfu/eslint-config-ts,2025-02-12,"Deprecated, please migrate to @antfu/eslint-config with the flat config",0.11721195739683576,1.4599652670063365e-09,0.859112184890619,https://www.npmjs.com/package/@antfu/eslint-config-ts
@types/elastic-apm-node,2024-10-23,"This is a stub types definition. elastic-apm-node provides its own type definitions, so you do not need this installed.",0.11679103101931787,5.2538651143533e-05,0.6832013584884651,https://www.npmjs.com/package/@types/elastic-apm-node
slack,2022-06-26,this library is no longer maintained; if you are interested in taking this package on let us know,0.11649967518057297,0.02624705040039264,0.35619898794000404,https://www.npmjs.com/package/slack
diff-lines,2025-02-09,This package is no longer maintained.,0.11643653252978432,7.444482856635234e-05,0.7234307446454289,https://www.npmjs.com/package/diff-lines
gulp-w3c-html-validator,2023-07-21,Package no longer supported. Contact Support at https://www.npmjs.com/support for more info.,0.11614372906774548,0.026964993119505624,0.3228506480422624,https://www.npmjs.com/package/gulp-w3c-html-validator
@udecode/plate-ui-popover,2024-09-18,This package is no longer maintained. Please use @udecode/plate or check GitHub for the latest Plate packages and documentation.,0.11570102931252775,0.0023171139237175716,0.5144558300272051,https://www.npmjs.com/package/@udecode/plate-ui-popover
@types/inflection,2025-02-07,"This is a stub types definition. inflection provides its own type definitions, so you do not need this installed.",0.11523068987250928,3.0106069830473e-13,0.8694501446272609,https://www.npmjs.com/package/@types/inflection
@flipt-io/flipt-client-browser,2025-03-30,This package has been superseded by @flipt-io/flipt-client-js. Please update your dependencies.,0.11515218912582714,0.0008262722493989795,0.6507824958375119,https://www.npmjs.com/package/@flipt-io/flipt-client-browser
eslint-plugin-hydrogen,2025-03-19,Package no longer supported. Contact Support at https://www.npmjs.com/support for more info.,0.11511646538671272,5.287901685447751e-07,0.8074197911444385,https://www.npmjs.com/package/eslint-plugin-hydrogen
emailjs-com,2022-06-16,The SDK name changed to @emailjs/browser,0.11510958796357612,0.008193324076151762,0.439816555449409,https://www.npmjs.com/package/emailjs-com
@types/tedious,2024-12-31,"This is a stub types definition. tedious provides its own type definitions, so you do not need this installed.",0.11450861185840955,2.2979475104569447e-13,0.9112314166649442,https://www.npmjs.com/package/@types/tedious
@types/zeromq,2025-03-04,"This is a stub types definition. zeromq provides its own type definitions, so you do not need this installed.",0.11438396278734242,0.0,0.9993515277237144,https://www.npmjs.com/package/@types/zeromq
lsof,2022-06-19,No longer maintained,0.11429331303236606,0.016166549722755903,0.389557821030875,https://www.npmjs.com/package/lsof
@types/react-share,2022-04-07,"This is a stub types definition. react-share provides its own type definitions, so you do not need this installed.",0.11344393528042312,0.03729314169661413,0.31501988516243895,https://www.npmjs.com/package/@types/react-share
vitest-environment-miniflare,2025-03-13,Miniflare v2 is no longer supported. Please upgrade to Miniflare v4,0.11305300240741456,8.569169538584157e-14,0.9027088565576423,https://www.npmjs.com/package/vitest-environment-miniflare
pngjs2,2022-06-24,"pngjs2 has now taken over the original pngjs package on npm. Please change to use pngjs dependency, version 2+.",0.11286584623905294,0.03955214121951662,0.321458626591852,https://www.npmjs.com/package/pngjs2
then-read-stream,2022-06-27,Package renamed to peak-readable.,0.11273038900959464,0.015303371499274581,0.3675752031552215,https://www.npmjs.com/package/then-read-stream
react-linkedin-insight,2024-10-16,Package no longer supported. Contact Support at https://www.npmjs.com/support for more info.,0.11206161322891428,1.6614987484093e-05,0.6350905214124768,https://www.npmjs.com/package/react-linkedin-insight
graphql-server-module-graphiql,2022-06-18,This package has been renamed to 'apollo-server-module-graphiql'.  Please update your dependencies!,0.11195697166164326,0.028901186195793745,0.35682378155597827,https://www.npmjs.com/package/graphql-server-module-graphiql
subleveldown,2024-12-02,Superseded by abstract-level (https://github.com/Level/community#faq),0.11170151604684087,1.672588189420026e-10,0.820017919274919,https://www.npmjs.com/package/subleveldown
@types/gulp-replace,2022-06-13,"This is a stub types definition. gulp-replace provides its own type definitions, so you do not need this installed.",0.1116664614864144,0.030288083368149973,0.3262096058440078,https://www.npmjs.com/package/@types/gulp-replace
ecstatic,2022-11-08,This package is unmaintained and deprecated. See the GH Issue 259.,0.1111586811329065,0.046120211925496965,0.310883696848284,https://www.npmjs.com/package/ecstatic
@types/eventsource,2025-02-11,"This is a stub types definition. eventsource provides its own type definitions, so you do not need this installed.",0.11092786770236707,4.582476473915048e-11,0.8657489950750341,https://www.npmjs.com/package/@types/eventsource
capsize,2022-04-12,"Capsize has been moved to its own org on npm. Please upgrade to @capsizecss/core, see migration guide for details: https://github.com/seek-oss/capsize/releases/tag/%40capsizecss%2Fcore%403.0.0",0.11026885929940944,0.038886881988702854,0.317962523590425,https://www.npmjs.com/package/capsize
@types/webdriverio,2022-06-13,"This is a stub types definition. webdriverio provides its own type definitions, so you do not need this installed.",0.10887887492124726,0.00967147650156916,0.4099765480712193,https://www.npmjs.com/package/@types/webdriverio
sib-api-v3-sdk,2023-06-13,Package no longer supported. Contact Support at https://www.npmjs.com/support for more info.,0.10865791180215356,0.03195108468394002,0.33530032716199476,https://www.npmjs.com/package/sib-api-v3-sdk
@types/lru-cache,2022-06-13,"This is a stub types definition. lru-cache provides its own type definitions, so you do not need this installed.",0.1086465402725566,0.032231227720936374,0.3467585166144995,https://www.npmjs.com/package/@types/lru-cache
sillytavern-transformers,2024-09-08,This version is broken. Please use 2.14.6,0.10651798267010659,6.147724790435979e-06,0.6897935757115303,https://www.npmjs.com/package/sillytavern-transformers
@udecode/plate-placeholder,2024-09-18,This package is no longer maintained. Please use @udecode/plate or check GitHub for the latest Plate packages and documentation.,0.10472316205424034,0.008498325966257521,0.44387654151798284,https://www.npmjs.com/package/@udecode/plate-placeholder
@udecode/plate-font-ui,2024-09-18,This package is no longer maintained. Please use @udecode/plate or check GitHub for the latest Plate packages and documentation.,0.10402091333756504,0.010145397709049557,0.43140844604005757,https://www.npmjs.com/package/@udecode/plate-font-ui
@udecode/plate-table-ui,2024-09-18,This package is no longer maintained. Please use @udecode/plate or check GitHub for the latest Plate packages and documentation.,0.10398654260844732,0.010329493056921995,0.4305852006224904,https://www.npmjs.com/package/@udecode/plate-table-ui
codecheck,2023-08-09,Package no longer supported. Contact Support at https://www.npmjs.com/support for more info.,0.10397277725276381,0.010504788558850564,0.44213330714810883,https://www.npmjs.com/package/codecheck
@udecode/plate-media-embed-ui,2024-09-18,This package is no longer maintained. Please use @udecode/plate or check GitHub for the latest Plate packages and documentation.,0.1038478023677424,0.010246493658691699,0.4305443101760159,https://www.npmjs.com/package/@udecode/plate-media-embed-ui
@udecode/plate-link-ui,2024-09-18,This package is no longer maintained. Please use @udecode/plate or check GitHub for the latest Plate packages and documentation.,0.10382682084672867,0.010297766374830758,0.43050055112259333,https://www.npmjs.com/package/@udecode/plate-link-ui
@udecode/plate-image-ui,2024-09-18,This package is no longer maintained. Please use @udecode/plate or check GitHub for the latest Plate packages and documentation.,0.10376063362553786,0.01065367241130898,0.42936710330916084,https://www.npmjs.com/package/@udecode/plate-image-ui
gulp-conventional-changelog,2025-02-23,please use conventional-changelog directly,0.10364597467814818,0.005475988919878784,0.5386956847004596,https://www.npmjs.com/package/gulp-conventional-changelog
@udecode/plate-find-replace-ui,2024-09-18,This package is no longer maintained. Please use @udecode/plate or check GitHub for the latest Plate packages and documentation.,0.10340688747019315,0.010576766443109755,0.4287963902194716,https://www.npmjs.com/package/@udecode/plate-find-replace-ui
react-use-file-upload,2024-11-22,Package no longer supported. Contact Support at https://www.npmjs.com/support for more info.,0.10336245453988235,0.0002207121084946514,0.6948822443374978,https://www.npmjs.com/package/react-use-file-upload
@aws-sdk/middleware-apply-body-checksum,2025-03-27,This package has moved to @smithy/middleware-apply-body-checksum,0.10305589481360578,1.622105501978192e-17,0.9236231191399855,https://www.npmjs.com/package/@aws-sdk/middleware-apply-body-checksum
karma-ng-json2js-preprocessor,2022-06-19,karma-ng-json2js-preprocessor is deprecated because AngularJS reached its End-of-Life.,0.1026409619174612,0.03860322958969786,0.30140558392199057,https://www.npmjs.com/package/karma-ng-json2js-preprocessor
caterpillar-filter,2023-11-14,inlined within caterpillar: https://github.com/bevry/caterpillar/blob/master/HISTORY.md#v600-2020-july-24,0.1011748164057064,0.0004920570390989922,0.4866456747196335,https://www.npmjs.com/package/caterpillar-filter
@udecode/plate-csv-serializer,2024-09-18,This package is no longer maintained. Please use @udecode/plate or check GitHub for the latest Plate packages and documentation.,0.10067973423347802,0.012389250174713123,0.41513796819691984,https://www.npmjs.com/package/@udecode/plate-csv-serializer
rdf-dataset-ext,2024-06-07,rdf-dataset-ext is deprecated. Switching to rdf-ext is recommended.,0.10047964346900029,3.7067051638805363e-06,0.40923301819768887,https://www.npmjs.com/package/rdf-dataset-ext
roadrunner,2024-04-16,Package no longer supported. Contact Support at https://www.npmjs.com/support for more info.,0.10008984854223248,2.056001918688794e-10,0.3798925804892914,https://www.npmjs.com/package/roadrunner
@udecode/plate-md-serializer,2024-09-18,This package is no longer maintained. Please use @udecode/plate or check GitHub for the latest Plate packages and documentation.,0.09916797538153192,0.01232527888923377,0.4168898076342843,https://www.npmjs.com/package/@udecode/plate-md-serializer
@types/babel__parser,2024-10-23,"This is a stub types definition. @babel/parser provides its own type definitions, so you do not need this installed.",0.09881362926255466,9.43492385612147e-14,0.8656225518613048,https://www.npmjs.com/package/@types/babel__parser
bulma-steps,2025-03-05,Package no longer supported. Contact Support at https://www.npmjs.com/support for more info.,0.09847717941665657,9.976875723332442e-07,0.7995495476305887,https://www.npmjs.com/package/bulma-steps
@semantic-release/condition-travis,2022-06-30,Use semantic-release@12.0.0 instead,0.09786619039744465,0.04323168680433231,0.2932867625473293,https://www.npmjs.com/package/@semantic-release/condition-travis
set-immediate,2022-06-26,Use `setimmediate` instead,0.09772211531469077,0.012373148718913093,0.38174236319634547,https://www.npmjs.com/package/set-immediate
@udecode/plate-code-block-ui,2024-09-18,This package is no longer maintained. Please use @udecode/plate or check GitHub for the latest Plate packages and documentation.,0.09624673262460723,0.00555742536272077,0.47160591918441497,https://www.npmjs.com/package/@udecode/plate-code-block-ui
@udecode/plate-list-ui,2024-09-18,This package is no longer maintained. Please use @udecode/plate or check GitHub for the latest Plate packages and documentation.,0.09618387804767865,0.005417918432616744,0.47256228639129505,https://www.npmjs.com/package/@udecode/plate-list-ui
@udecode/plate-block-quote-ui,2024-09-18,This package is no longer maintained. Please use @udecode/plate or check GitHub for the latest Plate packages and documentation.,0.09617061348099817,0.0054739595733242045,0.47197436992044217,https://www.npmjs.com/package/@udecode/plate-block-quote-ui
@udecode/plate-mention-ui,2024-09-18,This package is no longer maintained. Please use @udecode/plate or check GitHub for the latest Plate packages and documentation.,0.09597435628478476,0.0055026925308191265,0.47168418277385726,https://www.npmjs.com/package/@udecode/plate-mention-ui
@udecode/plate-alignment-ui,2024-09-18,This package is no longer maintained. Please use @udecode/plate or check GitHub for the latest Plate packages and documentation.,0.09588628715931763,0.005522127001997212,0.4713451170570755,https://www.npmjs.com/package/@udecode/plate-alignment-ui
stimulus-character-counter,2024-02-26,'stimulus-character-counter' is now '@stimulus-components/character-counter',0.09552132679082936,6.2925691976685495e-12,0.6733049915642124,https://www.npmjs.com/package/stimulus-character-counter
peer-info,2022-06-23,No longer supported for js-libp2p0.28.0 or later,0.09527311752697343,0.005361934655503494,0.45404266502037993,https://www.npmjs.com/package/peer-info
@semantic-release/last-release-npm,2022-06-12,Use @semantic-release/npm instead,0.09494491547459936,0.04423099967467226,0.2897069889850167,https://www.npmjs.com/package/@semantic-release/last-release-npm
exists-file,2023-10-04,This package is a perf sacrilege. Use `fs.existsSync()` instead,0.09456296109076301,0.02114232393456699,0.35513861700545046,https://www.npmjs.com/package/exists-file
@types/csv-parse,2024-10-23,"This is a stub types definition. csv-parse provides its own type definitions, so you do not need this installed.",0.09455913711705355,7.615704030385223e-19,0.8753823998956902,https://www.npmjs.com/package/@types/csv-parse
micromark-extension-footnote,2024-10-01,Deprecated: use `micromark-extension-gfm` instead,0.09455232172883354,4.889277314748378e-09,0.8532486437285902,https://www.npmjs.com/package/micromark-extension-footnote
@types/cypress-axe,2024-10-23,"This is a stub types definition. cypress-axe provides its own type definitions, so you do not need this installed.",0.09391028992350003,0.006012027789446247,0.5089894369730417,https://www.npmjs.com/package/@types/cypress-axe
@types/cbor,2024-10-23,"This is a stub types definition. cbor provides its own type definitions, so you do not need this installed.",0.09185399640599234,3.0230512765006385e-18,0.9125078339811571,https://www.npmjs.com/package/@types/cbor
@types/table,2022-06-13,"This is a stub types definition. table provides its own type definitions, so you do not need this installed.",0.08978041425667038,0.02172864190753438,0.35892639019925454,https://www.npmjs.com/package/@types/table
@types/emoji-regex,2024-10-23,"This is a stub types definition. emoji-regex provides its own type definitions, so you do not need this installed.",0.08965791314175986,3.1977913788741227e-06,0.5757196894641274,https://www.npmjs.com/package/@types/emoji-regex
github-flavored-markdown,2022-06-18,This project is long out of date. Use 'marked' instead.,0.0888427262444112,0.020052275628566384,0.30497795359796553,https://www.npmjs.com/package/github-flavored-markdown
@zestia/ember-auto-focus,2024-05-23,Moved to GitHub Packages,0.08714632861461964,2.7960941258584887e-09,0.8021718665208161,https://www.npmjs.com/package/@zestia/ember-auto-focus
@types/react-responsive,2025-01-02,"This is a stub types definition. react-responsive provides its own type definitions, so you do not need this installed.",0.08697823487844995,2.5166863433193507e-102,0.9477040015272902,https://www.npmjs.com/package/@types/react-responsive
tokenizer2,2025-02-09,This package is no longer maintained.,0.08643952459368531,3.707119476270747e-12,0.88944898920182,https://www.npmjs.com/package/tokenizer2
ember-prism,2024-10-09,Use ember-shiki instead,0.08619221026138746,3.325423192839771e-05,0.6829721178119594,https://www.npmjs.com/package/ember-prism
fastify-error,2024-12-24,Please use @fastify/error@2.0.0 instead,0.08518086780663335,7.359869124607119e-16,0.8937422956954834,https://www.npmjs.com/package/fastify-error
zeppelin-solidity,2022-06-29,"This package has been renamed to openzeppelin-solidity. Please update your dependency, or you will no longer receive updates.",0.08388974167680152,0.00016967360932881596,0.4021882968673467,https://www.npmjs.com/package/zeppelin-solidity
@simplewebauthn/typescript-types,2024-01-21,This package has been renamed to @simplewebauthn/types. Please install @simplewebauthn/types instead to ensure you receive future updates.,0.0836635557373328,0.0011946543799082863,0.4483581736441863,https://www.npmjs.com/package/@simplewebauthn/typescript-types
@mdx-js/runtime,2024-10-09,Deprecated: use `evaluate` from `@mdx-js/mdx` instead,0.08267514499464479,0.0011932099610867468,0.4826110525446752,https://www.npmjs.com/package/@mdx-js/runtime
keythereum,2024-10-30,This library is outdated and continued usage is discouraged for security reasons.,0.08258595044522044,0.0013990807945181948,0.5939911526474436,https://www.npmjs.com/package/keythereum
dgram,2022-06-15,"npm is holding this package for security reasons. As it's a core Node module, we will not transfer it over to other users. You may safely remove the package from your dependencies.",0.08189801192494217,0.01669557045661996,0.3654026855701178,https://www.npmjs.com/package/dgram
stimulus-password-visibility,2024-03-22,'stimulus-password-visibility' is now '@stimulus-components/password-visibility',0.0810367199873746,0.0002636064812495834,0.5948552174768109,https://www.npmjs.com/package/stimulus-password-visibility
eslint-plugin-ecmascript-compat,2024-10-02,Package no longer supported. Contact Support at https://www.npmjs.com/support for more info.,0.08021134730001411,3.3930955555871813e-10,0.7534680358856196,https://www.npmjs.com/package/eslint-plugin-ecmascript-compat
@types/flatpickr,2024-10-23,"This is a stub types definition. flatpickr provides its own type definitions, so you do not need this installed.",0.08016250657229207,7.753343517629174e-05,0.6669012215759853,https://www.npmjs.com/package/@types/flatpickr
@types/url-join,2025-03-27,"This is a stub types definition. url-join provides its own type definitions, so you do not need this installed.",0.08015201796790627,1.859613056468205e-10,0.8712691176021142,https://www.npmjs.com/package/@types/url-join
@types/parse-json,2025-02-21,"This is a stub types definition. parse-json provides its own type definitions, so you do not need this installed.",0.0793645401711851,3.1766717955833093e-08,0.8255297344161405,https://www.npmjs.com/package/@types/parse-json
watson-developer-cloud,2023-01-07,"DeprecationWarning: watson-developer-cloud moved to ibm-watson. To get updates, use the new package.",0.07881381292187656,0.0005794378922343192,0.4045175145480594,https://www.npmjs.com/package/watson-developer-cloud
react-ansi-style,2025-02-09,This package is no longer maintained.,0.07776336220627522,0.004348594787803842,0.5310511206682943,https://www.npmjs.com/package/react-ansi-style
js-managed-css,2025-02-09,This package is no longer maintained.,0.07725991890635919,7.657334709716222e-05,0.6640882706477673,https://www.npmjs.com/package/js-managed-css
gen-css-identifier,2025-02-09,This package is no longer maintained.,0.07716284966903242,8.06580405791072e-05,0.6622164081362893,https://www.npmjs.com/package/gen-css-identifier
@dwtechs/checkhard,2024-10-26,CheckHard is no longer supported. Please use  instead.,0.07704658250978247,0.029437740281032743,0.25959028207064827,https://www.npmjs.com/package/@dwtechs/checkhard
ansi-style-parser,2025-02-09,This package is no longer maintained.,0.07689369311253902,9.12192497760614e-05,0.6596180398268316,https://www.npmjs.com/package/ansi-style-parser
ethereumjs-abi,2024-10-30,This library has been deprecated and usage is discouraged.,0.07685466772011473,9.239586358063372e-05,0.721929462301566,https://www.npmjs.com/package/ethereumjs-abi
@udecode/plate-html-serializer,2024-09-18,This package is no longer maintained. Please use @udecode/plate or check GitHub for the latest Plate packages and documentation.,0.07685135298192422,0.0060137685153908325,0.4710329764262673,https://www.npmjs.com/package/@udecode/plate-html-serializer
@udecode/plate-toolbar,2024-09-18,This package is no longer maintained. Please use @udecode/plate or check GitHub for the latest Plate packages and documentation.,0.07653883396448041,0.006334779213879003,0.4707470303233895,https://www.npmjs.com/package/@udecode/plate-toolbar
@types/dom-helpers,2024-10-23,"This is a stub types definition. dom-helpers provides its own type definitions, so you do not need this installed.",0.07591414300105326,0.002183368644711405,0.5626554525995424,https://www.npmjs.com/package/@types/dom-helpers
vuepress-plugin-typedoc,2024-05-03,Please use typedoc-vitepress-theme as an alternative.,0.0754344957587505,0.0048063282393275425,0.5010034202143703,https://www.npmjs.com/package/vuepress-plugin-typedoc
vuepress-plugin-redirect,2024-02-03,Please use @vuepress/plugin-redirect@v2 instead,0.07535852906413809,0.008918386763485336,0.31943980388542637,https://www.npmjs.com/package/vuepress-plugin-redirect
@udecode/plate-popper,2024-09-18,This package is no longer maintained. Please use @udecode/plate or check GitHub for the latest Plate packages and documentation.,0.07532596805607433,0.007913372707240072,0.4561367137721226,https://www.npmjs.com/package/@udecode/plate-popper
@types/bcryptjs,2025-03-14,"This is a stub types definition. bcryptjs provides its own type definitions, so you do not need this installed.",0.07433853344916486,0.0,0.9999993912835061,https://www.npmjs.com/package/@types/bcryptjs
@types/mapbox__vector-tile,2025-02-06,"This is a stub types definition. @mapbox/vector-tile provides its own type definitions, so you do not need this installed.",0.07427777655468937,1.6708248316492148e-16,0.9142849803099488,https://www.npmjs.com/package/@types/mapbox__vector-tile
@types/exceljs,2024-10-23,"This is a stub types definition. exceljs provides its own type definitions, so you do not need this installed.",0.07389038405395365,6.756175321739783e-14,0.9017658892666214,https://www.npmjs.com/package/@types/exceljs
@types/sqlite3,2025-02-08,"This is a stub types definition. sqlite3 provides its own type definitions, so you do not need this installed.",0.07386005911632143,3.5423109000930077e-06,0.6731230642126319,https://www.npmjs.com/package/@types/sqlite3
react-native-dev-menu,2023-12-01,This package is deprecated in favor of the builtin DevSettings module,0.0718063404768868,0.028050786287350644,0.29626829445765346,https://www.npmjs.com/package/react-native-dev-menu
@types/filesize,2024-10-23,"This is a stub types definition. filesize provides its own type definitions, so you do not need this installed.",0.07179163041297787,0.0001650969262708504,0.6419382666138516,https://www.npmjs.com/package/@types/filesize
monday-ui-react-core,2025-02-05,"monday-ui-react-core has been deprecated in favor of @vibe/core (v3.x+). Please migrate to @vibe/core for improved features and support. For guidance, refer to our Migration Guide: https://vibe.monday.com/migration.",0.06985708990044337,0.018182784804616884,0.4526100599714038,https://www.npmjs.com/package/monday-ui-react-core
@types/better-scroll,2024-11-24,"This is a stub types definition. better-scroll provides its own type definitions, so you do not need this installed.",0.06972467559957485,0.00958795761521283,0.44559976042615757,https://www.npmjs.com/package/@types/better-scroll
@types/delay,2024-10-23,"This is a stub types definition. delay provides its own type definitions, so you do not need this installed.",0.06938724655068662,0.00022408065488215286,0.533265083655964,https://www.npmjs.com/package/@types/delay
@types/ansi-colors,2024-10-23,"This is a stub types definition. ansi-colors provides its own type definitions, so you do not need this installed.",0.06905766005122682,1.627921774897002e-08,0.7558222206378744,https://www.npmjs.com/package/@types/ansi-colors
@types/chalk,2024-10-23,"This is a stub types definition. chalk provides its own type definitions, so you do not need this installed.",0.06900627870061649,0.0012766997734975866,0.5357607784584082,https://www.npmjs.com/package/@types/chalk
@types/entities,2024-10-23,"This is a stub types definition. entities provides its own type definitions, so you do not need this installed.",0.0689610105218641,2.246432824513254e-06,0.618979774991855,https://www.npmjs.com/package/@types/entities
dtslint,2024-07-29,See https://aka.ms/type-testing-tools,0.06890538528282764,1.5640420060524544e-05,0.5619097012245114,https://www.npmjs.com/package/dtslint
@types/diff2html,2024-10-23,"This is a stub types definition. diff2html provides its own type definitions, so you do not need this installed.",0.06855837664929842,0.00032763804404991047,0.6494936408174987,https://www.npmjs.com/package/@types/diff2html
@udecode/plate-serializer,2024-09-18,This package is no longer maintained. Please use @udecode/plate or check GitHub for the latest Plate packages and documentation.,0.06855140842603911,0.013882100110565005,0.41350965090178327,https://www.npmjs.com/package/@udecode/plate-serializer
@types/geolib,2024-10-23,"This is a stub types definition. geolib provides its own type definitions, so you do not need this installed.",0.06847096054124091,0.004244429232344331,0.3956197321485735,https://www.npmjs.com/package/@types/geolib
@types/date-fns,2024-10-23,"This is a stub types definition. date-fns provides its own type definitions, so you do not need this installed.",0.068123199106919,2.32525805159822e-38,0.9425432278327507,https://www.npmjs.com/package/@types/date-fns
get-proxy-settings,2025-03-09,Package no longer supported. Contact Support at https://www.npmjs.com/support for more info.,0.06788588252796846,1.81422506463422e-07,0.8193944934220136,https://www.npmjs.com/package/get-proxy-settings
@asyncapi/generator-hooks,2024-10-30,"Hooks are now part of generator repository and also out of the box integrated with the generator, so no need to set it as dependency any more: https://github.com/asyncapi/generator/releases/tag/%40asyncapi%2Fgenerator%402.5.0",0.06713297299749521,2.7929600762872765e-06,0.6755541460555006,https://www.npmjs.com/package/@asyncapi/generator-hooks
@types/express-handlebars,2024-10-23,"This is a stub types definition. express-handlebars provides its own type definitions, so you do not need this installed.",0.06609747800490351,1.2486698314433146e-08,0.7870234281371336,https://www.npmjs.com/package/@types/express-handlebars
eslint-plugin-extended,2024-10-18,Package no longer supported. Contact Support at https://www.npmjs.com/support for more info.,0.06531826523583373,0.020213183133600758,0.2959371792179013,https://www.npmjs.com/package/eslint-plugin-extended
@udecode/plate-image,2024-09-18,This package is no longer maintained. Please use @udecode/plate-media or check GitHub for the latest Plate packages and documentation.,0.0652892772133299,0.0080801787618636,0.45028415603288763,https://www.npmjs.com/package/@udecode/plate-image
@magic-works/i18n-codegen,2024-11-17,"This package stops being maintained, please try other next-generation tools like Lingui.",0.06507761013616031,0.0024724526405641837,0.47763288481159594,https://www.npmjs.com/package/@magic-works/i18n-codegen
@types/ember-qunit,2024-10-23,"This is a stub types definition. ember-qunit provides its own type definitions, so you do not need this installed.",0.06489273526709294,0.03469730930262556,0.3670182168693644,https://www.npmjs.com/package/@types/ember-qunit
@types/fkill,2024-10-23,"This is a stub types definition. fkill provides its own type definitions, so you do not need this installed.",0.06480993961386333,0.005491618527720116,0.4040997780361305,https://www.npmjs.com/package/@types/fkill
apollo-server-lambda,2024-10-25,"The `apollo-server-lambda` package is part of Apollo Server v2 and v3, which are now end-of-life (as of October 22nd 2023 and October 22nd 2024, respectively). This package's functionality is now found in the `@apollo/server` package. See https://www.apollographql.com/docs/apollo-server/previous-versions/ for more details.",0.06459505832929358,1.989241203311728e-06,0.719929178132783,https://www.npmjs.com/package/apollo-server-lambda
@types/express-request-id,2024-10-23,"This is a stub types definition. express-request-id provides its own type definitions, so you do not need this installed.",0.06390559522180495,0.0023407948905517263,0.5120942631472063,https://www.npmjs.com/package/@types/express-request-id
esc-pos-encoder,2024-09-21,"This package has been replaced by @point-of-sale/receipt-printer-encoder, please update your project for further updates",0.06380529831424653,1.6075491584256737e-09,0.7410025655629119,https://www.npmjs.com/package/esc-pos-encoder
@types/csv-stringify,2024-10-23,"This is a stub types definition. csv-stringify provides its own type definitions, so you do not need this installed.",0.06343855128036746,1.0328075349362801e-10,0.7078151368548986,https://www.npmjs.com/package/@types/csv-stringify
ember-link-action,2024-10-29,Package no longer supported. Contact Support at https://www.npmjs.com/support for more info.,0.06335029835264994,0.0005938254819989959,0.4826751535657021,https://www.npmjs.com/package/ember-link-action
slack-client,2022-08-15,"Use @slack/client instead, this package is no longer maintained",0.06311615639887223,0.00977917442333674,0.2635564358893262,https://www.npmjs.com/package/slack-client
esri-loader,2024-02-26,Use @arcgis/core instead.,0.06308198845754923,3.615183495207449e-05,0.5436334676995063,https://www.npmjs.com/package/esri-loader
yaml-convert,2024-02-25,Command-line tool now included in yaml package,0.06301089060284143,1.3811422948433736e-07,0.713325134129227,https://www.npmjs.com/package/yaml-convert
@types/dexie,2024-10-23,"This is a stub types definition. dexie provides its own type definitions, so you do not need this installed.",0.06279436140140987,0.009239834954997125,0.4919456625661084,https://www.npmjs.com/package/@types/dexie
vue-radial-progress,2024-12-22,Package no longer supported. Contact Support at https://www.npmjs.com/support for more info.,0.062168754451853214,6.927999764646013e-06,0.5743525497182503,https://www.npmjs.com/package/vue-radial-progress
@ldapjs/change,2024-05-14,This package has been decomissioned. See https://github.com/ldapjs/node-ldapjs/blob/8ffd0bc9c149088a10ec4c1ec6a18450f76ad05d/README.md,0.06162479071002831,8.157768176075843e-17,0.8289274644213434,https://www.npmjs.com/package/@ldapjs/change
@ldapjs/protocol,2024-05-14,This package has been decomissioned. See https://github.com/ldapjs/node-ldapjs/blob/8ffd0bc9c149088a10ec4c1ec6a18450f76ad05d/README.md,0.06161635810438679,8.69263064649688e-17,0.8287759004568013,https://www.npmjs.com/package/@ldapjs/protocol
@ldapjs/attribute,2024-05-14,This package has been decomissioned. See https://github.com/ldapjs/node-ldapjs/blob/8ffd0bc9c149088a10ec4c1ec6a18450f76ad05d/README.md,0.06160349699351962,7.700531055196541e-17,0.8290015447181409,https://www.npmjs.com/package/@ldapjs/attribute
@ldapjs/asn1,2024-05-14,This package has been decomissioned. See https://github.com/ldapjs/node-ldapjs/blob/8ffd0bc9c149088a10ec4c1ec6a18450f76ad05d/README.md,0.06150568984843869,1.0472247448158137e-16,0.8283329624044382,https://www.npmjs.com/package/@ldapjs/asn1
gce-images,2024-10-23,package no longer maintained,0.06081825938902019,7.090119543118642e-15,0.7914747169533444,https://www.npmjs.com/package/gce-images
unist,2024-08-22,Use @types/unist instead,0.06072129569782501,0.0037377519332601346,0.29263087028853074,https://www.npmjs.com/package/unist
wdio,2022-06-28,This package got deprecated. Please use the 'create-wdio' starter toolkit via: 'npm init wdio ./path/to/project' or 'yarn create wdio ./path/to/project'.,0.060298895734149316,1.3910070950509792e-92,0.9589444884194165,https://www.npmjs.com/package/wdio
@ldapjs/dn,2024-05-14,This package has been decomissioned. See https://github.com/ldapjs/node-ldapjs/blob/8ffd0bc9c149088a10ec4c1ec6a18450f76ad05d/README.md,0.060086249635641575,9.264723342035165e-16,0.8211222352564924,https://www.npmjs.com/package/@ldapjs/dn
@ldapjs/filter,2024-05-14,This package has been decomissioned. See https://github.com/ldapjs/node-ldapjs/blob/8ffd0bc9c149088a10ec4c1ec6a18450f76ad05d/README.md,0.060011709335181955,1.5673593769847624e-15,0.8199556064696273,https://www.npmjs.com/package/@ldapjs/filter
lodash.clone,2025-01-23,This package is deprecated. Use structuredClone instead.,0.05990249612231535,9.537990549768927e-43,0.9678522796659824,https://www.npmjs.com/package/lodash.clone
@ldapjs/controls,2024-05-14,This package has been decomissioned. See https://github.com/ldapjs/node-ldapjs/blob/8ffd0bc9c149088a10ec4c1ec6a18450f76ad05d/README.md,0.05969053010721972,2.185825580606205e-15,0.8174240744893767,https://www.npmjs.com/package/@ldapjs/controls
@types/ajv,2024-10-23,"This is a stub types definition. ajv provides its own type definitions, so you do not need this installed.",0.05950931204161958,0.033189562246308306,0.43453777568598395,https://www.npmjs.com/package/@types/ajv
apollo-server,2024-10-25,"The `apollo-server` package is part of Apollo Server v2 and v3, which are now end-of-life (as of October 22nd 2023 and October 22nd 2024, respectively). This package's functionality is now found in the `@apollo/server` package. See https://www.apollographql.com/docs/apollo-server/previous-versions/ for more details.",0.05899915753275442,0.0004190312571261208,0.6067732656439813,https://www.npmjs.com/package/apollo-server
@charlietango/use-focus-trap,2024-07-29,"No longer supported. Migrate to a new solution for support, or copy the code into the project",0.058809696129589306,1.89837969658474e-08,0.6381850748957885,https://www.npmjs.com/package/@charlietango/use-focus-trap
@types/level,2025-01-30,"This is a stub types definition. level provides its own type definitions, so you do not need this installed.",0.058248025906243395,1.0617517083833047e-06,0.7987440275298936,https://www.npmjs.com/package/@types/level
@ldapjs/messages,2024-05-14,This package has been decomissioned. See https://github.com/ldapjs/node-ldapjs/blob/8ffd0bc9c149088a10ec4c1ec6a18450f76ad05d/README.md,0.058159314432835146,1.950643935076544e-14,0.8088543364627234,https://www.npmjs.com/package/@ldapjs/messages
chartist-plugin-tooltips-updated,2024-10-06,"This package is deprecated and will no longer receive updates, including bug fixes or new features. If you require tooltips, I recommend switching to another charting library.",0.05787103295174545,1.6979589369541771e-06,0.7138389523055823,https://www.npmjs.com/package/chartist-plugin-tooltips-updated
@types/browser-image-compression,2024-10-23,"This is a stub types definition. browser-image-compression provides its own type definitions, so you do not need this installed.",0.05782727797274112,2.9118342426304246e-17,0.7874959289635624,https://www.npmjs.com/package/@types/browser-image-compression
@types/express-openapi,2024-10-23,"This is a stub types definition. express-openapi provides its own type definitions, so you do not need this installed.",0.05779310165752127,0.002191269057182047,0.37150521024845906,https://www.npmjs.com/package/@types/express-openapi
readable-to-readable,2024-03-15,This package is no longer maintained,0.05769843806488542,5.4380149728697325e-06,0.42323995545179327,https://www.npmjs.com/package/readable-to-readable
@storybook/jest,2024-11-20,"In Storybook 8, this package functionality has been integrated to a new package called @storybook/test, which uses Vitest APIs for an improved experience. When upgrading to Storybook 8 with 'npx storybook@latest upgrade', you will get prompted and will get an automigration for the new package. Please migrate when you can.",0.05697535027480205,6.267552318523836e-22,0.914725751763505,https://www.npmjs.com/package/@storybook/jest
@types/hcaptcha__react-hcaptcha,2025-01-03,"This is a stub types definition. @hcaptcha/react-hcaptcha provides its own type definitions, so you do not need this installed.",0.056816121111544174,0.0012183172141990214,0.501895015254225,https://www.npmjs.com/package/@types/hcaptcha__react-hcaptcha
@types/camelcase,2024-10-23,"This is a stub types definition. camelcase provides its own type definitions, so you do not need this installed.",0.056810913574167676,3.562286996832112e-08,0.7338268755541001,https://www.npmjs.com/package/@types/camelcase
@types/anymatch,2024-10-23,"This is a stub types definition. anymatch provides its own type definitions, so you do not need this installed.",0.056410893407536467,0.0010013858218436756,0.5281887773206717,https://www.npmjs.com/package/@types/anymatch
scripty,2025-02-19,Package no longer supported. Contact Support at https://www.npmjs.com/support for more info.,0.05613178027677712,0.01568705809087864,0.2860213793577857,https://www.npmjs.com/package/scripty
@types/expo,2024-10-23,"This is a stub types definition. expo provides its own type definitions, so you do not need this installed.",0.05543228170281356,3.544239632638107e-05,0.6178048730162582,https://www.npmjs.com/package/@types/expo
@storybook/expect,2024-11-20,"In Storybook 8, this package functionality has been integrated to a new package called @storybook/test, which uses Vitest APIs for an improved experience. When upgrading to Storybook 8 with 'npx storybook@latest upgrade', you will get prompted and will get an automigration for the new package. Please migrate when you can.",0.055416847445119544,3.8134305381494276e-20,0.9022431876954305,https://www.npmjs.com/package/@storybook/expect
apollo-server-express,2024-10-25,"The `apollo-server-express` package is part of Apollo Server v2 and v3, which are now end-of-life (as of October 22nd 2023 and October 22nd 2024, respectively). This package's functionality is now found in the `@apollo/server` package. See https://www.apollographql.com/docs/apollo-server/previous-versions/ for more details.",0.055378958033075465,1.600792091666374e-05,0.7114429936954847,https://www.npmjs.com/package/apollo-server-express
babel,2025-01-06,"In 6.x, the babel package has been deprecated in favor of babel-cli. Check https://opencollective.com/babel to support the Babel maintainers",0.05529805711625846,6.609237191711164e-12,0.8476618534287812,https://www.npmjs.com/package/babel
@types/openpgp,2025-02-04,"This is a stub types definition. openpgp provides its own type definitions, so you do not need this installed.",0.055126909388566236,1.2494512034949143e-05,0.5826223411232969,https://www.npmjs.com/package/@types/openpgp
cypress-drag-drop,2024-06-09,This package has been moved to https://www.npmjs.com/package/@4tw/cypress-drag-drop.,0.05443050364826574,2.0323186490235796e-15,0.63187512765447,https://www.npmjs.com/package/cypress-drag-drop
@types/datatables.net-buttons,2024-10-23,"This is a stub types definition. datatables.net-buttons provides its own type definitions, so you do not need this installed.",0.054387108580384425,8.30144572768073e-14,0.8647434840103743,https://www.npmjs.com/package/@types/datatables.net-buttons
@aws-sdk/eventstream-marshaller,2025-03-27,The package @aws-sdk/eventstream-marshaller has been renamed to @aws-sdk/eventstream-codec. Please install the renamed package.,0.05428548836772684,1.5778264334129061e-06,0.7934647378181013,https://www.npmjs.com/package/@aws-sdk/eventstream-marshaller
@types/windows-foreground-love,2022-04-07,"This is a stub types definition. windows-foreground-love provides its own type definitions, so you do not need this installed.",0.054174274538139666,1.7308314349965903e-26,0.8430797105069932,https://www.npmjs.com/package/@types/windows-foreground-love
@aws-sdk/chunked-blob-reader-native,2025-03-27,This package has moved to @smithy/chunked-blob-reader-native,0.054049723556937934,2.9527367179773814e-21,0.9372218908942405,https://www.npmjs.com/package/@aws-sdk/chunked-blob-reader-native
mdast,2023-04-29,`mdast` was renamed to `remark`,0.054048975673750596,1.554197451736765e-17,0.8714854262010172,https://www.npmjs.com/package/mdast
camunda-8-credentials-from-env,2024-04-08,This package is deprecated. Please use the official SDK package @camunda8/sdk. See: https://github.com/camunda/camunda-8-js-sdk,0.05357288276372274,1.2698442162788816e-06,0.7124881681649163,https://www.npmjs.com/package/camunda-8-credentials-from-env
angular-scenario,2022-06-13,"For the actively supported Angular, see https://www.npmjs.com/package/@angular/core. AngularJS support has officially ended. For extended AngularJS support options, see https://goo.gle/angularjs-path-forward.",0.05339889956138999,1.9252429571045258e-31,0.8764167911463147,https://www.npmjs.com/package/angular-scenario
@types/vue-scrollto,2022-04-07,"This is a stub types definition. vue-scrollto provides its own type definitions, so you do not need this installed.",0.05336368380694112,3.139945670753415e-11,0.7396216916223329,https://www.npmjs.com/package/@types/vue-scrollto
camunda-saas-oauth,2024-04-08,This package is deprecated. Please use the official SDK package @camunda8/sdk. See: https://github.com/camunda/camunda-8-js-sdk,0.053356951928813234,1.6211595076894954e-06,0.7087622407623322,https://www.npmjs.com/package/camunda-saas-oauth
@types/normalizr,2022-06-13,"This is a stub types definition for Normalizr (https://github.com/paularmstrong/normalizr). Normalizr provides its own type definitions, so you don't need @types/normalizr installed!",0.053218285998157366,3.237013831414474e-14,0.771374687971078,https://www.npmjs.com/package/@types/normalizr
vis,2022-06-28,Please consider using https://github.com/visjs,0.053207117113571956,1.8948230424072086e-155,0.9530513627575279,https://www.npmjs.com/package/vis
uuidv4,2024-10-18,Package no longer supported. Contact Support at https://www.npmjs.com/support for more info.,0.05307202468066452,4.374302602208459e-09,0.7725294508568784,https://www.npmjs.com/package/uuidv4
i18next-electron-language-detector,2022-06-18,Package no longer supported. Contact Support at https://www.npmjs.com/support for more info.,0.05223311048211787,0.0432184712890095,0.34138724978669877,https://www.npmjs.com/package/i18next-electron-language-detector
audio-context,2022-06-13,"Depends on Web-Audio-API implementation. Use either web-audio-api, web-audio-js or web-audio-engine package.",0.05190718704319727,2.4563316333876014e-24,0.8429989016942203,https://www.npmjs.com/package/audio-context
@types/axios,2024-10-23,"This is a stub types definition. axios provides its own type definitions, so you do not need this installed.",0.05132171633855742,2.278497609377897e-11,0.8002478672695744,https://www.npmjs.com/package/@types/axios
rollup-plugin-swc,2024-11-29,Package no longer supported. Contact Support at https://www.npmjs.com/support for more info.,0.05092843558367788,4.487934315190931e-32,0.7972592511670693,https://www.npmjs.com/package/rollup-plugin-swc
remark-mdx-code-meta,2023-05-30,Use rehype-mdx-code-props instead,0.05079146334371959,0.005690925506403261,0.42407780220960434,https://www.npmjs.com/package/remark-mdx-code-meta
inline-chunk-html-plugin,2024-05-06,Package no longer supported. Contact Support at https://www.npmjs.com/support for more info.,0.049632925172356415,1.4193152231076617e-18,0.8275841740624685,https://www.npmjs.com/package/inline-chunk-html-plugin
@types/tap,2024-12-03,"This is a stub types definition. tap provides its own type definitions, so you do not need this installed.",0.04949995132337839,0.002989456641644094,0.5078859411638174,https://www.npmjs.com/package/@types/tap
@types/array-move,2024-10-23,"This is a stub types definition. array-move provides its own type definitions, so you do not need this installed.",0.04911998506729903,0.007209734886828831,0.4123942321363482,https://www.npmjs.com/package/@types/array-move
@types/gsap,2022-06-13,"This is a stub types definition. gsap provides its own type definitions, so you do not need this installed.",0.04899793827776677,1.7163438279268513e-29,0.8595192826896547,https://www.npmjs.com/package/@types/gsap
eslint-config-oclif-typescript,2025-01-28,Package no longer supported. Contact Support at https://www.npmjs.com/support for more info.,0.04896662472544522,3.7256251717359436e-32,0.9571532620640344,https://www.npmjs.com/package/eslint-config-oclif-typescript
@types/ismobilejs,2022-04-07,"This is a stub types definition. ismobilejs provides its own type definitions, so you do not need this installed.",0.048663548418490965,1.049743655169839e-11,0.7033816848396686,https://www.npmjs.com/package/@types/ismobilejs
apollo-server-micro,2024-10-25,"The `apollo-server-micro` package is part of Apollo Server v2 and v3, which are now end-of-life (as of October 22nd 2023 and October 22nd 2024, respectively). This package's functionality is now found in the `@apollo/server` package. See https://www.apollographql.com/docs/apollo-server/previous-versions/ for more details.",0.048428326610255756,1.7400588722159964e-15,0.7983204205026274,https://www.npmjs.com/package/apollo-server-micro
@types/date-and-time,2024-10-23,"This is a stub types definition. date-and-time provides its own type definitions, so you do not need this installed.",0.04818213352794576,0.00018156471986253528,0.532171119402303,https://www.npmjs.com/package/@types/date-and-time
@udecode/plate-ui-toolbar,2024-09-20,This package is no longer maintained. Please use @udecode/plate or check GitHub for the latest Plate packages and documentation.,0.047937544235145076,4.311596836663953e-05,0.6291466496705334,https://www.npmjs.com/package/@udecode/plate-ui-toolbar
@types/antd,2024-10-23,"This is a stub types definition. antd provides its own type definitions, so you do not need this installed.",0.047245449599759515,2.3600709459830964e-08,0.7326652173023918,https://www.npmjs.com/package/@types/antd
wavesurfer,2022-06-28,Not_Official_Version_Correct_package_name_wavesurfer.js,0.04682413294879307,2.388915757086159e-06,0.5956795922934996,https://www.npmjs.com/package/wavesurfer
@turf/line-distance,2024-06-22,Module deprecated in favor of @turf/length,0.04666615913602362,0.00021069868893529132,0.5243084749770606,https://www.npmjs.com/package/@turf/line-distance
@nearform/flame,2024-03-01,Package no longer supported. Contact Support at https://www.npmjs.com/support for more info.,0.04654759456389812,0.012774877156469437,0.3714541083285977,https://www.npmjs.com/package/@nearform/flame
@types/reselect,2022-06-13,"This is a stub types definition for reselect (https://github.com/rackt/reselect). reselect provides its own type definitions, so you don't need @types/reselect installed!",0.04625202019390612,1.3764563322071895e-20,0.8272893496425993,https://www.npmjs.com/package/@types/reselect
@types/react-native-maps,2022-04-07,"This is a stub types definition. react-native-maps provides its own type definitions, so you do not need this installed.",0.046242989368376675,7.87492029509968e-24,0.7802769910561687,https://www.npmjs.com/package/@types/react-native-maps
@nearform/bubbleprof,2024-03-01,Package no longer supported. Contact Support at https://www.npmjs.com/support for more info.,0.046221579966613247,0.013109709452221252,0.3755105446635738,https://www.npmjs.com/package/@nearform/bubbleprof
@types/react-rnd,2022-04-07,"This is a stub types definition. react-rnd provides its own type definitions, so you do not need this installed.",0.04617177189885108,3.518014108160671e-11,0.7485607888560335,https://www.npmjs.com/package/@types/react-rnd
@types/algoliasearch,2024-10-23,"This is a stub types definition. algoliasearch provides its own type definitions, so you do not need this installed.",0.04611918725906072,3.9325275349839883e-07,0.7093905518396554,https://www.npmjs.com/package/@types/algoliasearch
@types/ethereumjs-tx,2024-10-23,"This is a stub types definition. ethereumjs-tx provides its own type definitions, so you do not need this installed.",0.04605584486369474,0.016054869685410266,0.3701796560678916,https://www.npmjs.com/package/@types/ethereumjs-tx
@brightlayer-ui/types,2023-12-07,"Brightlayer UI is moving towards adopting Material Design 3 color specifications. Once this migration is completed, this package will be deprecated and you should switch to using @brightlayer-ui/colors v4.0.0",0.04603930218436941,0.0007517815096578206,0.4977795410167981,https://www.npmjs.com/package/@brightlayer-ui/types
@types/css-minimizer-webpack-plugin,2024-10-23,"This is a stub types definition. css-minimizer-webpack-plugin provides its own type definitions, so you do not need this installed.",0.04603499836132652,0.0008389123197212235,0.4986718099058989,https://www.npmjs.com/package/@types/css-minimizer-webpack-plugin
@nearform/trace-events-parser,2024-03-01,Package no longer supported. Contact Support at https://www.npmjs.com/support for more info.,0.045903336910034565,0.007862502910887189,0.3874715525778947,https://www.npmjs.com/package/@nearform/trace-events-parser
@types/email-validator,2024-10-23,"This is a stub types definition. email-validator provides its own type definitions, so you do not need this installed.",0.045833650491223676,0.023887309972072876,0.3161108046627039,https://www.npmjs.com/package/@types/email-validator
@storybook/testing-react,2024-11-20,"In Storybook 7, this package has been promoted to a first-class Storybook functionality. This means that you no longer need it! Instead, you can import the same utilities, but from the @storybook/react package. Please migrate when you can.",0.045574780775102575,1.1437913014104288e-12,0.5859236285477953,https://www.npmjs.com/package/@storybook/testing-react
@esbuild-kit/cjs-loader,2024-10-06,Merged into tsx: https://tsx.is,0.04555127425512806,0.0005457511381910495,0.6333519825063181,https://www.npmjs.com/package/@esbuild-kit/cjs-loader
@types/bingmaps,2024-10-23,"This is a stub types definition. bingmaps provides its own type definitions, so you do not need this installed.",0.04553274620768055,5.482938110123205e-11,0.7680797284205378,https://www.npmjs.com/package/@types/bingmaps
@types/react-email-editor,2025-02-07,"This is a stub types definition. react-email-editor provides its own type definitions, so you do not need this installed.",0.045228125465687,3.479841096523538e-05,0.5809272207203822,https://www.npmjs.com/package/@types/react-email-editor
knockout.mapping,2022-06-19,Package no longer supported. Contact Support at https://www.npmjs.com/support for more info.,0.04521406090171509,1.982015750747032e-07,0.7314515373186221,https://www.npmjs.com/package/knockout.mapping
validate-commit-msg,2023-06-09,Check out CommitLint which provides the same functionality with a more user-focused experience.,0.044953819229837974,5.100500793774495e-20,0.7910410840485479,https://www.npmjs.com/package/validate-commit-msg
@types/browserslist,2024-10-23,"This is a stub types definition. browserslist provides its own type definitions, so you do not need this installed.",0.04485182545352373,8.12356630084869e-05,0.4079103717886222,https://www.npmjs.com/package/@types/browserslist
@soywod/pin-field,2022-05-22,Package no longer supported. Contact Support at https://www.npmjs.com/support for more info.,0.0446315871263121,1.7685597871202977e-08,0.6533479840901657,https://www.npmjs.com/package/@soywod/pin-field
@types/react-day-picker,2022-06-13,"This is a stub types definition for react-day-picker (https://github.com/gpbl/react-day-picker). react-day-picker provides its own type definitions, so you don't need @types/react-day-picker installed!",0.0445582065008335,1.8226606491852192e-08,0.7456590675848016,https://www.npmjs.com/package/@types/react-day-picker
limes,2024-10-18,Package no longer supported. Contact Support at https://www.npmjs.com/support for more info.,0.04440993778490254,2.5442538495877627e-33,0.8834208386184071,https://www.npmjs.com/package/limes
@types/cypress,2024-10-23,"This is a stub types definition. cypress provides its own type definitions, so you do not need this installed.",0.0442774985106652,2.6459538653705994e-07,0.7621529076092839,https://www.npmjs.com/package/@types/cypress
tailwind,2024-10-18,Package no longer supported. Contact Support at https://www.npmjs.com/support for more info.,0.04426262185461327,1.0106626041265716e-30,0.8791093938075069,https://www.npmjs.com/package/tailwind
travis-after-all,2022-06-27,The functionality this package provided is now supported natively by Travis CI via Build Stages (see: https://blog.travis-ci.com/2017-05-11-introducing-build-stages).,0.04417762336951703,5.611317537742314e-07,0.6387401835226656,https://www.npmjs.com/package/travis-after-all
@nearform/doctor,2024-03-01,Package no longer supported. Contact Support at https://www.npmjs.com/support for more info.,0.044016107505858604,0.014605477790240528,0.3642178018784056,https://www.npmjs.com/package/@nearform/doctor
@types/expect,2024-10-23,"This is a stub types definition. expect provides its own type definitions, so you do not need this installed.",0.04395444055251618,4.610396486876201e-05,0.6630596449676118,https://www.npmjs.com/package/@types/expect
xterm-addon-attach,2024-04-05,This package is now deprecated. Move to @xterm/addon-attach instead.,0.04386937399926094,1.9923339864665934e-48,0.9107893049542596,https://www.npmjs.com/package/xterm-addon-attach
vscode-dts,2023-06-05,vscode-dts has been renamed to @vscode/dts. Install using @vscode/dts instead.,0.0438140209767543,1.3751975876391739e-05,0.6407157003212918,https://www.npmjs.com/package/vscode-dts
cache-manager-redis-yet,2024-09-23,With cache-manager v6 we now are using Keyv,0.043575773436020086,4.6380555223225706e-05,0.7314138769686884,https://www.npmjs.com/package/cache-manager-redis-yet
attach-ware,2022-06-13,Deprecated,0.04350768595815668,4.292623783333686e-05,0.6272957561852732,https://www.npmjs.com/package/attach-ware
point-geometry,2022-09-20,This module has moved: please install @mapbox/point-geometry instead,0.04347607479557697,2.7018482644497843e-13,0.7693428912444811,https://www.npmjs.com/package/point-geometry
markdown-to-ast,2022-06-19,See https://github.com/textlint/textlint/issues/455,0.043440912958279176,2.2378657212375786e-15,0.8412175043789142,https://www.npmjs.com/package/markdown-to-ast
lodash.get,2025-01-23,This package is deprecated. Use the optional chaining (?.) operator instead.,0.04336903412732829,7.709311555279708e-26,0.9260180797592246,https://www.npmjs.com/package/lodash.get
is-hex,2022-06-19,Development of this module has been stopped.,0.043248574204663964,1.3825814229848683e-10,0.6643570820933112,https://www.npmjs.com/package/is-hex
hase,2024-10-18,Package no longer supported. Contact Support at https://www.npmjs.com/support for more info.,0.04297866262943928,1.2696115761568513e-31,0.8757602020785539,https://www.npmjs.com/package/hase
commands-events,2024-10-18,Package no longer supported. Contact Support at https://www.npmjs.com/support for more info.,0.04285910325450115,3.5689367104224297e-31,0.8750430084311543,https://www.npmjs.com/package/commands-events
@types/typescript,2022-06-13,"This is a stub types definition for TypeScript (https://github.com/Microsoft/TypeScript). TypeScript provides its own type definitions, so you don't need @types/typescript installed!",0.042796657351573175,2.2069781055627293e-11,0.636362899921278,https://www.npmjs.com/package/@types/typescript
acorn-numeric-separator,2022-06-13,acorn>=7.4 supports numeric separators,0.042782616720202726,1.3534126892373313e-25,0.7808182357400664,https://www.npmjs.com/package/acorn-numeric-separator
@types/colors,2024-10-23,"This is a stub types definition. colors provides its own type definitions, so you do not need this installed.",0.04209513972299295,0.017603443389567847,0.5269434740765676,https://www.npmjs.com/package/@types/colors
remark-lint-no-auto-link-without-protocol,2024-10-02,Deprecated,0.04206610470456873,0.022453236827562433,0.3938089369615927,https://www.npmjs.com/package/remark-lint-no-auto-link-without-protocol
testcafe-vue-selectors,2024-04-23,The testcafe-vue-selectors package has reached end-of-life and will not receive further updates.,0.0419530819932471,0.0018479521503854356,0.5877572922795489,https://www.npmjs.com/package/testcafe-vue-selectors
gatsby-plugin-remove-trailing-slashes,2024-10-31,This plugin's functionality is now built-in to Gatsby. Use the trailingSlash feature: https://gatsby.dev/trailing-slash. This package will no longer receive updates.,0.041642234626765084,0.002243158380722502,0.48379344171871397,https://www.npmjs.com/package/gatsby-plugin-remove-trailing-slashes
electron-packager,2024-03-06,"Please use @electron/packager moving forward. There is no API change, just a package name change",0.04163241832996256,1.0112951410893729e-08,0.7161822802265292,https://www.npmjs.com/package/electron-packager
postcss-partial-import,2024-12-28,Package no longer supported. Contact Support at https://www.npmjs.com/support for more info.,0.041514947244909006,1.2538377610819624e-08,0.7778996345056354,https://www.npmjs.com/package/postcss-partial-import
processenv,2024-10-18,Package no longer supported. Contact Support at https://www.npmjs.com/support for more info.,0.04129527675268341,2.1292176457636934e-20,0.8267294660649332,https://www.npmjs.com/package/processenv
stylelint-processor-html,2022-06-27,Please use stylelint-processor-arbitrary-tags https://github.com/mapbox/stylelint-processor-arbitrary-tags ,0.0412621216206982,1.2057787039716678e-11,0.7608534637612001,https://www.npmjs.com/package/stylelint-processor-html
@types/bl,2024-10-23,"This is a stub types definition. bl provides its own type definitions, so you do not need this installed.",0.04121517434508126,0.015586010129492091,0.31621644309741603,https://www.npmjs.com/package/@types/bl
@usefultools/monads,2022-04-07,The owner organisation has been changed to @hqoss. Please use @hqoss/monads.,0.04120764790420245,9.713718102296763e-05,0.5240302306172482,https://www.npmjs.com/package/@usefultools/monads
@types/nightwatch,2024-11-24,"This is a stub types definition. nightwatch provides its own type definitions, so you do not need this installed.",0.04113442266571177,1.2676250084742345e-09,0.7005884673612246,https://www.npmjs.com/package/@types/nightwatch
@types/error-stack-parser,2024-10-23,"This is a stub types definition. error-stack-parser provides its own type definitions, so you do not need this installed.",0.04100157838105378,0.004219762162345521,0.5735399443052895,https://www.npmjs.com/package/@types/error-stack-parser
@govuk-prototype-kit/task-list,2024-01-08,Package no longer supported. Contact Support at https://www.npmjs.com/support for more info.,0.040996963738751946,6.129910774513157e-20,0.8843495026640403,https://www.npmjs.com/package/@govuk-prototype-kit/task-list
string-at,2022-06-27,The original `String.prototype.at` proposal has been replaced by a new one; please use v1 or later of `string.prototype.at` instead,0.040869257585498975,1.2909827838994407e-08,0.6817730899366636,https://www.npmjs.com/package/string-at
jwt,2024-05-16,Package no longer supported. Contact Support at https://www.npmjs.com/support for more info.,0.04070162779161013,0.00284994294268976,0.5989722976183017,https://www.npmjs.com/package/jwt
@udecode/plate-styled-components,2024-09-20,This package is no longer maintained. Please use @udecode/plate or check GitHub for the latest Plate packages and documentation.,0.04064068096914876,0.012163505667719654,0.4358781491481807,https://www.npmjs.com/package/@udecode/plate-styled-components
xterm-headless,2024-04-05,This package is now deprecated. Move to @xterm/headless instead.,0.04052281137754632,1.4638496202278056e-06,0.5371580309966899,https://www.npmjs.com/package/xterm-headless
@aws-sdk/util-stream,2025-03-27,This package has moved to @smithy/util-stream,0.04022436571007848,2.4343794969288664e-20,0.9343561337769519,https://www.npmjs.com/package/@aws-sdk/util-stream
@types/fusioncharts,2024-10-23,"This is a stub types definition. fusioncharts provides its own type definitions, so you do not need this installed.",0.04015928656577428,0.0007663248264706239,0.6704251450681858,https://www.npmjs.com/package/@types/fusioncharts
crypto2,2024-10-18,Package no longer supported. Contact Support at https://www.npmjs.com/support for more info.,0.04015468608837969,5.0246530305228023e-26,0.8538960744030767,https://www.npmjs.com/package/crypto2
apollo-server-plugin-base,2024-10-25,"The `apollo-server-plugin-base` package is part of Apollo Server v2 and v3, which are now end-of-life (as of October 22nd 2023 and October 22nd 2024, respectively). This package's functionality is now found in the `@apollo/server` package. See https://www.apollographql.com/docs/apollo-server/previous-versions/ for more details.",0.04009185171619378,5.408128800405068e-05,0.6729396093042395,https://www.npmjs.com/package/apollo-server-plugin-base
jest-native,2022-05-06,"jest-native has moved to @testing-library/jest-native. Please uninstall jest-native and install @testing-library/jest-native instead, or use an older version of jest-native. Learn more about this change here: https://github.com/testing-library/dom-testing-library/issues/260 Thanks! :)",0.0397084244470145,3.9676735184146235e-06,0.5144414411758407,https://www.npmjs.com/package/jest-native
@types/string-argv,2022-04-07,"This is a stub types definition. string-argv provides its own type definitions, so you do not need this installed.",0.0395352067628493,0.004696380037189269,0.4067671840006094,https://www.npmjs.com/package/@types/string-argv
datasette,2024-10-18,Package no longer supported. Contact Support at https://www.npmjs.com/support for more info.,0.0394787625942854,4.901650143400832e-26,0.8510192292818085,https://www.npmjs.com/package/datasette
draht,2024-10-18,Package no longer supported. Contact Support at https://www.npmjs.com/support for more info.,0.039414907007864985,3.099297432960469e-26,0.8513896569736006,https://www.npmjs.com/package/draht
stethoskop,2024-10-18,Package no longer supported. Contact Support at https://www.npmjs.com/support for more info.,0.03935541531707187,4.533956995940329e-26,0.8510319160427334,https://www.npmjs.com/package/stethoskop
json-lines,2024-10-18,Package no longer supported. Contact Support at https://www.npmjs.com/support for more info.,0.039344843033496835,3.108859901659321e-26,0.8515762957922905,https://www.npmjs.com/package/json-lines
apollo-server-core,2024-10-25,"The `apollo-server-core` package is part of Apollo Server v2 and v3, which are now end-of-life (as of October 22nd 2023 and October 22nd 2024, respectively). This package's functionality is now found in the `@apollo/server` package. See https://www.apollographql.com/docs/apollo-server/previous-versions/ for more details.",0.039088253100647785,0.00026106387263328114,0.6457595368433451,https://www.npmjs.com/package/apollo-server-core
@types/agenda,2024-10-23,"This is a stub types definition. agenda provides its own type definitions, so you do not need this installed.",0.03908771936574951,0.03931232212178477,0.3081903113991914,https://www.npmjs.com/package/@types/agenda
@types/node-mailjet,2025-01-29,"This is a stub types definition. node-mailjet provides its own type definitions, so you do not need this installed.",0.03899660586169004,0.01641352138742637,0.3878411106033971,https://www.npmjs.com/package/@types/node-mailjet
preconstruct,2022-11-15,This package has been renamed to @preconstruct/cli,0.03877596509751946,8.590318699368026e-06,0.5310294023785105,https://www.npmjs.com/package/preconstruct
spdx,2022-06-26,"see spdx-expression-parse, spdx-satisfies, &c.",0.03869684564335496,1.266090541885108e-07,0.6339830357423706,https://www.npmjs.com/package/spdx
remark-mdx-remove-imports,2024-10-09,Deprecated,0.038664129187306884,0.0012133420506188846,0.302543239992734,https://www.npmjs.com/package/remark-mdx-remove-imports
user-event,2022-05-22,"user-event has moved to @testing-library/user-event. Please uninstall user-event and install @testing-library/user-event instead, or use an older version of user-event. Learn more about this change here: https://github.com/testing-library/dom-testing-library/issues/260 Thanks! :)",0.03847402906911279,0.0002621142233690419,0.5658025371593773,https://www.npmjs.com/package/user-event
http2,2022-06-18,"Use the built-in module in node 9.0.0 or newer, instead",0.03846973131663137,1.031107606203541e-12,0.6977154538226585,https://www.npmjs.com/package/http2
@types/dotenv,2024-10-23,"This is a stub types definition. dotenv provides its own type definitions, so you do not need this installed.",0.03836346739797358,0.0003431378544968994,0.6148640809173114,https://www.npmjs.com/package/@types/dotenv
@types/markdown-it-anchor,2022-06-13,"This is a stub types definition. markdown-it-anchor provides its own type definitions, so you do not need this installed.",0.03829555943951607,1.1517983677860422e-08,0.7146669534233343,https://www.npmjs.com/package/@types/markdown-it-anchor
@types/react-native-draggable-flatlist,2022-04-07,"This is a stub types definition. react-native-draggable-flatlist provides its own type definitions, so you do not need this installed.",0.038273926431253935,1.7223921956764283e-08,0.5449075955390581,https://www.npmjs.com/package/@types/react-native-draggable-flatlist
rollup-plugin-commonjs,2022-06-26,This package has been deprecated and is no longer maintained. Please use @rollup/plugin-commonjs.,0.038073931521063004,2.683769668976753e-09,0.7342514482078356,https://www.npmjs.com/package/rollup-plugin-commonjs
xterm-addon-fit,2024-04-05,This package is now deprecated. Move to @xterm/addon-fit instead.,0.03804738171698474,9.136189712984793e-11,0.7614208124204117,https://www.npmjs.com/package/xterm-addon-fit
partof,2024-10-18,Package no longer supported. Contact Support at https://www.npmjs.com/support for more info.,0.037996331434700936,5.390489239378936e-21,0.7950269805400239,https://www.npmjs.com/package/partof
remark-mdx-remove-exports,2024-10-09,Deprecated,0.03797738452500443,0.0015076874037940825,0.29311668473604224,https://www.npmjs.com/package/remark-mdx-remove-exports
@types/cron,2024-10-23,"This is a stub types definition. cron provides its own type definitions, so you do not need this installed.",0.03766136678856602,5.991126759486597e-06,0.7325563364696499,https://www.npmjs.com/package/@types/cron
xterm-addon-search,2024-04-05,This package is now deprecated. Move to @xterm/addon-search instead.,0.03759216703167545,5.4476490742882396e-11,0.72354804497166,https://www.npmjs.com/package/xterm-addon-search
@types/striptags,2022-06-13,"This is a stub types definition for striptags (https://github.com/ericnorris/striptags). striptags provides its own type definitions, so you don't need @types/striptags installed!",0.03755562770082255,1.4323615398807729e-12,0.6577990959201805,https://www.npmjs.com/package/@types/striptags
@types/classnames,2024-10-23,"This is a stub types definition. classnames provides its own type definitions, so you do not need this installed.",0.037552176331484666,1.2385757769417248e-07,0.723362288974267,https://www.npmjs.com/package/@types/classnames
@types/react-webcam,2022-04-07,"This is a stub types definition. react-webcam provides its own type definitions, so you do not need this installed.",0.037522636920923225,0.00022883893658016884,0.611443324319791,https://www.npmjs.com/package/@types/react-webcam
@types/clipboard,2024-10-23,"This is a stub types definition. clipboard provides its own type definitions, so you do not need this installed.",0.03751617871741242,4.8076133250862695e-09,0.5789070530020033,https://www.npmjs.com/package/@types/clipboard
@sniptt/monads,2025-02-09,Package no longer supported. Contact Support at https://www.npmjs.com/support for more info.,0.037501389932400375,0.02978342938519059,0.25949423970172913,https://www.npmjs.com/package/@sniptt/monads
grunt-filerev,2025-03-17,Deprecated,0.03747553493817701,5.621323060673016e-72,0.9817010223180477,https://www.npmjs.com/package/grunt-filerev
@types/split.js,2022-04-07,"This is a stub types definition. split.js provides its own type definitions, so you do not need this installed.",0.037364991581158025,4.0197889224660476e-08,0.6400111719514021,https://www.npmjs.com/package/@types/split.js
@aws-sdk/chunked-blob-reader,2025-03-27,This package has moved to @smithy/chunked-blob-reader,0.037302688686252417,1.5175700289493393e-51,0.9743742235903652,https://www.npmjs.com/package/@aws-sdk/chunked-blob-reader
terraformer-arcgis-parser,2022-06-27,terraformer-arcgis-parser is deprecated and no longer supported. Please use @terraformer/arcgis.,0.03714219828434284,1.4242839475714107e-14,0.8260359044098804,https://www.npmjs.com/package/terraformer-arcgis-parser
@serialport/bindings,2022-04-06,This package has been renamed to @serialport/bindings-cpp.,0.037022286904068814,7.793600580736592e-09,0.5326019581855629,https://www.npmjs.com/package/@serialport/bindings
@types/form-data,2024-10-23,"This is a stub types definition. form-data provides its own type definitions, so you do not need this installed.",0.03697778418207598,0.0025888591960958177,0.5533369693809569,https://www.npmjs.com/package/@types/form-data
@types/jest-expect-message,2022-09-24,"This is a stub types definition. jest-expect-message provides its own type definitions, so you do not need this installed.",0.036902679122236964,0.000609809291498865,0.4636754179376402,https://www.npmjs.com/package/@types/jest-expect-message
remark-footnotes,2024-10-02,Deprecated: use `remark-gfm`,0.03684339262849967,0.0031507154171168763,0.551117807490161,https://www.npmjs.com/package/remark-footnotes
@types/react-phone-number-input,2024-04-15,"This is a stub types definition. react-phone-number-input provides its own type definitions, so you do not need this installed.",0.03683287196817897,4.250979581964018e-19,0.7676948162278623,https://www.npmjs.com/package/@types/react-phone-number-input
@types/testing-library__user-event,2022-04-07,"This is a stub types definition. testing-library__user-event provides its own type definitions, so you do not need this installed.",0.03679160485320865,3.878585876361368e-06,0.7132570177300757,https://www.npmjs.com/package/@types/testing-library__user-event
open-sans-fonts,2023-08-21,Package no longer supported. Contact Support at https://www.npmjs.com/support for more info.,0.036584692285241194,4.588630865120063e-06,0.48575218781086826,https://www.npmjs.com/package/open-sans-fonts
interface-ipld-format,2022-05-06,This module has been superseded by the multiformats module,0.03657767982394998,3.3101394127930287e-09,0.7002216307403043,https://www.npmjs.com/package/interface-ipld-format
@types/tus-js-client,2022-04-07,"This is a stub types definition. tus-js-client provides its own type definitions, so you do not need this installed.",0.03653741130731313,4.3035994461019436e-10,0.7576066977506207,https://www.npmjs.com/package/@types/tus-js-client
fs-promise,2023-04-12,Use mz or fs-extra^3.0 with Promise Support,0.03646259041217159,1.773032909438665e-25,0.8651414799095264,https://www.npmjs.com/package/fs-promise
@types/jssha,2022-06-13,"This is a stub types definition. jssha provides its own type definitions, so you do not need this installed.",0.036298712764811336,9.47687333204803e-30,0.7858363919125871,https://www.npmjs.com/package/@types/jssha
@types/react-countup,2022-04-07,"This is a stub types definition. react-countup provides its own type definitions, so you do not need this installed.",0.036280013176789805,3.725781765623326e-05,0.3420435464665098,https://www.npmjs.com/package/@types/react-countup
crypto,2022-06-14,"This package is no longer supported. It's now a built-in Node module. If you've depended on crypto, you should switch to the one that's built-in.",0.03590721125997354,8.942580134438878e-89,0.930006390596499,https://www.npmjs.com/package/crypto
comparejs,2024-10-18,Package no longer supported. Contact Support at https://www.npmjs.com/support for more info.,0.035869269270455195,2.5219787663474607e-16,0.7654504552809853,https://www.npmjs.com/package/comparejs
@aws-sdk/hash-stream-node,2025-03-27,This package has moved to @smithy/hash-stream-node,0.03581392585430532,9.727467686552278e-46,0.9710872136476786,https://www.npmjs.com/package/@aws-sdk/hash-stream-node
@types/slonik,2025-01-30,"This is a stub types definition. slonik provides its own type definitions, so you do not need this installed.",0.035800749104452745,0.0003107069351872373,0.4876614806255738,https://www.npmjs.com/package/@types/slonik
image-promise,2024-06-11,Just use image.decode(); see https://github.com/fregante/image-promise/issues/27,0.035630523580365114,0.0012439037703681237,0.3943801922894772,https://www.npmjs.com/package/image-promise
notevil,2022-06-22,Package no longer supported. Contact Support at https://www.npmjs.com/support for more info.,0.03560253315101422,7.790683039359124e-06,0.5785104261310783,https://www.npmjs.com/package/notevil
@types/camelcase-keys,2024-10-23,"This is a stub types definition. camelcase-keys provides its own type definitions, so you do not need this installed.",0.035577908948279724,1.900509600556061e-07,0.6626102557946031,https://www.npmjs.com/package/@types/camelcase-keys
@aws-sdk/hash-blob-browser,2025-03-27,This package has moved to @smithy/hash-blob-browser,0.03549130734691808,3.986330428630758e-43,0.9693172983793212,https://www.npmjs.com/package/@aws-sdk/hash-blob-browser
vector-tile,2022-09-20,This module has moved: please install @mapbox/vector-tile instead,0.03545696798644771,6.708453431960305e-08,0.7042313581265468,https://www.npmjs.com/package/vector-tile
@types/file-type,2024-10-23,"This is a stub types definition. file-type provides its own type definitions, so you do not need this installed.",0.03531098213616457,0.020806815872503562,0.29853534738279885,https://www.npmjs.com/package/@types/file-type
node-markdown,2022-06-21,"highlight is deprecated in favor of ""highliht.js""",0.03529575859634604,0.0005494100742538887,0.5374570866378702,https://www.npmjs.com/package/node-markdown
@types/conventional-recommended-bump,2024-10-23,"This is a stub types definition. conventional-recommended-bump provides its own type definitions, so you do not need this installed.",0.03507718349869959,0.0001909400704315302,0.4631948856660293,https://www.npmjs.com/package/@types/conventional-recommended-bump
formats,2024-10-18,Package no longer supported. Contact Support at https://www.npmjs.com/support for more info.,0.03500788138250299,2.7292604685292516e-17,0.8227634034913561,https://www.npmjs.com/package/formats
@types/react-i18next,2022-06-13,"This is a stub types definition. react-i18next provides its own type definitions, so you do not need this installed.",0.035002653669735206,3.679675393234781e-12,0.8225427083750196,https://www.npmjs.com/package/@types/react-i18next
@types/broccoli-plugin,2024-10-23,"This is a stub types definition. broccoli-plugin provides its own type definitions, so you do not need this installed.",0.0349370686638264,0.003371925611016831,0.4595771737501734,https://www.npmjs.com/package/@types/broccoli-plugin
lodash.at,2025-01-23,This package is deprecated. Use {Array|String}.prototype.at instead.,0.034874973535802045,1.579066416592051e-10,0.796817940176532,https://www.npmjs.com/package/lodash.at
@types/i18next,2022-06-13,"This is a stub types definition. i18next provides its own type definitions, so you do not need this installed.",0.03487409593013879,4.095687229845807e-24,0.8670607352006712,https://www.npmjs.com/package/@types/i18next
tilebelt,2022-09-20,This module is now under the @mapbox namespace: install @mapbox/tilebelt instead,0.03483767742569005,5.058651740015141e-05,0.4351465272553414,https://www.npmjs.com/package/tilebelt
@types/reduce-reducers,2022-06-13,"This is a stub types definition. reduce-reducers provides its own type definitions, so you do not need this installed.",0.034724581733549365,0.0022941675702956485,0.4107547587787389,https://www.npmjs.com/package/@types/reduce-reducers
flaschenpost,2024-10-18,Package no longer supported. Contact Support at https://www.npmjs.com/support for more info.,0.034719807755156595,3.887939563030863e-10,0.6892321140350179,https://www.npmjs.com/package/flaschenpost
react-beautiful-dnd,2024-10-14,react-beautiful-dnd is now deprecated. Context and options: https://github.com/atlassian/react-beautiful-dnd/issues/2672,0.03470614614814016,1.5285179630649013e-09,0.739912877672429,https://www.npmjs.com/package/react-beautiful-dnd
gar,2024-02-20,Package no longer supported. Contact Support at https://www.npmjs.com/support for more info.,0.034444076163318016,4.163363656520394e-29,0.7590353788543566,https://www.npmjs.com/package/gar
@types/tabbable,2025-02-06,"This is a stub types definition. tabbable provides its own type definitions, so you do not need this installed.",0.034351823206264065,4.275216730673496e-05,0.6733169506491321,https://www.npmjs.com/package/@types/tabbable
@types/gapi.client.calendar,2023-03-15,use @types/gapi.client.calendar-v3 instead; see https://github.com/Maxim-Mazurok/google-api-typings-generator/issues/652 for details,0.0342499839529219,7.844541650448819e-05,0.491224058347439,https://www.npmjs.com/package/@types/gapi.client.calendar
@dicebear/avatars,2023-01-08,This package is deprecated. Use '@dicebear/core' instead. Read more: https://dicebear.com/how-to-use/js-library,0.034096164294761575,1.0246202098167869e-17,0.7998915754822549,https://www.npmjs.com/package/@dicebear/avatars
apollo-server-types,2024-10-25,"The `apollo-server-types` package is part of Apollo Server v2 and v3, which are now end-of-life (as of October 22nd 2023 and October 22nd 2024, respectively). This package's functionality is now found in the `@apollo/server` package. See https://www.apollographql.com/docs/apollo-server/previous-versions/ for more details.",0.033728051493930544,0.00038685625024715295,0.6044358188406043,https://www.npmjs.com/package/apollo-server-types
deep-strict-equal,2023-06-17,Just use `util.isDeepStrictEqual()`. It has been available since Node.js 10.,0.03367287039921788,6.0459488952800095e-05,0.48683731461979984,https://www.npmjs.com/package/deep-strict-equal
apollo-reporting-protobuf,2024-10-25,"The `apollo-reporting-protobuf` package is part of Apollo Server v2 and v3, which are now end-of-life (as of October 22nd 2023 and October 22nd 2024, respectively). This package's functionality is now found in the `@apollo/usage-reporting-protobuf` package. See https://www.apollographql.com/docs/apollo-server/previous-versions/ for more details.",0.033567899687381275,0.0006537016008178472,0.5718170329220191,https://www.npmjs.com/package/apollo-reporting-protobuf
@turf/within,2024-06-22,Module has been renamed to @turf/points-within-polygon,0.03352997875372843,0.04494326301512017,0.3139454272884886,https://www.npmjs.com/package/@turf/within
ldapjs,2024-05-14,This package has been decomissioned. See https://github.com/ldapjs/node-ldapjs/blob/8ffd0bc9c149088a10ec4c1ec6a18450f76ad05d/README.md,0.0334187996686172,1.1566859031028334e-11,0.7679032785558264,https://www.npmjs.com/package/ldapjs
harb,2022-06-18,harb has been merged into xlsx,0.033400323715087,1.246801255402537e-07,0.6797135525999136,https://www.npmjs.com/package/harb
@types/del,2024-10-23,"This is a stub types definition. del provides its own type definitions, so you do not need this installed.",0.03335659538362612,0.03221075943033497,0.34329745531269995,https://www.npmjs.com/package/@types/del
boolean,2024-10-18,Package no longer supported. Contact Support at https://www.npmjs.com/support for more info.,0.033292308867723386,8.367928759666021e-10,0.7643690990298908,https://www.npmjs.com/package/boolean
@adiwajshing/baileys,2023-04-20,Package no longer supported. Contact Support at https://www.npmjs.com/support for more info.,0.03308259081328607,0.008571152278448091,0.34401872844745984,https://www.npmjs.com/package/@adiwajshing/baileys
@types/cacheable-request,2024-10-23,"This is a stub types definition. cacheable-request provides its own type definitions, so you do not need this installed.",0.03305365226908097,7.38922015725993e-08,0.7373474140321357,https://www.npmjs.com/package/@types/cacheable-request
@types/redux-saga,2022-06-13,"This is a stub types definition for redux-saga (https://github.com/redux-saga/redux-saga). redux-saga provides its own type definitions, so you don't need @types/redux-saga installed!",0.032809064033832824,1.2174132251765783e-20,0.8415395023769042,https://www.npmjs.com/package/@types/redux-saga
@types/execa,2024-10-23,"This is a stub types definition. execa provides its own type definitions, so you do not need this installed.",0.03276031304118976,0.024243918224045615,0.3976905940508192,https://www.npmjs.com/package/@types/execa
@types/pixi.js,2022-06-13,"This is a stub types definition. pixi.js provides its own type definitions, so you do not need this installed.",0.03247163002797043,9.33190311894239e-13,0.6117318119469171,https://www.npmjs.com/package/@types/pixi.js
music-metadata-browser,2024-07-10,"No longer support, superseded by music-metadata",0.0324711099229065,2.330400671064603e-05,0.5963182082439082,https://www.npmjs.com/package/music-metadata-browser
@types/inversify,2022-06-13,"This is a stub types definition for inversify (http://inversify.io). inversify provides its own type definitions, so you don't need @types/inversify installed!",0.032466937068678925,2.122416520940611e-12,0.7403082943395409,https://www.npmjs.com/package/@types/inversify
@serialport/binding-abstract,2022-04-06,This package has been renamed to @serialport/bindings-interface,0.03246665199214901,1.198320797900454e-06,0.4694176748546658,https://www.npmjs.com/package/@serialport/binding-abstract
wdio-appium-service,2022-06-28,This package is no longer maintained! Please use @appium/wdio-service instead,0.032208218501334485,1.0010202289592171e-10,0.7370280748290808,https://www.npmjs.com/package/wdio-appium-service
eslint-plugin-sort-annotation,2024-08-12,"Moved to 'eslint-plugin-annotation' to support a wider range of annotations, not just sort.",0.03214848962164729,0.0014634739995324864,0.3730576355402062,https://www.npmjs.com/package/eslint-plugin-sort-annotation
jest-environment-node-single-context,2025-01-07,Package no longer maintained,0.03207541508983479,0.020289810895514522,0.4730734298504835,https://www.npmjs.com/package/jest-environment-node-single-context
stryker-api,2022-06-27,"Stryker v1 is released, but you're still using a 0.x version. This version is no longer maintained. Please use @stryker-mutator/core. See https://stryker-mutator.io/blog/2019-02-13/announcing-stryker-1-0 for the full migration guide.",0.03176196899702269,5.82730124238362e-08,0.5472124476690584,https://www.npmjs.com/package/stryker-api
@material/mwc-fab,2024-04-04,MWC beta is longer supported. Please upgrade to @material/web,0.031703005565782205,0.013215242647351232,0.3035049810751005,https://www.npmjs.com/package/@material/mwc-fab
react-with-gesture,2022-05-15,react-with-gesture is no longer maintained. Please use react-use-gesture https://use-gesture.netlify.com/,0.031590216841938246,0.00018037816176935475,0.4716764576967617,https://www.npmjs.com/package/react-with-gesture
@types/connect-mongo,2024-10-23,"This is a stub types definition. connect-mongo provides its own type definitions, so you do not need this installed.",0.03155833582166356,0.009280442908484553,0.35718493518912053,https://www.npmjs.com/package/@types/connect-mongo
@mdx-js/util,2024-10-09,Deprecated,0.031479314441279715,0.011094961538937251,0.46093067366160956,https://www.npmjs.com/package/@mdx-js/util
@jonkoops/matomo-tracker-react,2023-01-30,This package is no longer maintained.,0.03132685306741151,6.492629585989003e-08,0.7006006392320948,https://www.npmjs.com/package/@jonkoops/matomo-tracker-react
emitter-component,2023-11-17,Renamed to component-emitter: https://www.npmjs.com/package/component-emitter,0.031224077473212132,1.3832318747008441e-16,0.8046171523367889,https://www.npmjs.com/package/emitter-component
@aws-sdk/util-stream-node,2025-03-27,This package has moved to @smithy/util-stream,0.031097301081808304,3.3039183346969e-55,0.9760892815494353,https://www.npmjs.com/package/@aws-sdk/util-stream-node
@types/direction,2024-10-23,"This is a stub types definition. direction provides its own type definitions, so you do not need this installed.",0.03103643941908052,0.02185865381512413,0.5268372010518965,https://www.npmjs.com/package/@types/direction
apollo-server-errors,2024-10-25,"The `apollo-server-errors` package is part of Apollo Server v2 and v3, which are now end-of-life (as of October 22nd 2023 and October 22nd 2024, respectively). This package's functionality is now found in the `@apollo/server` package. See https://www.apollographql.com/docs/apollo-server/previous-versions/ for more details.",0.03099874736555408,0.0004345344757187928,0.6039703445413398,https://www.npmjs.com/package/apollo-server-errors
@types/fullcalendar,2022-06-13,"This is a stub types definition for FullCalendar (http://arshaw.com/fullcalendar/). FullCalendar provides its own type definitions, so you don\'t need @types/fullcalendar installed!",0.030911374265650396,2.445159703534015e-16,0.8015468975227847,https://www.npmjs.com/package/@types/fullcalendar
@types/react-overlays,2022-06-13,"This is a stub types definition. react-overlays provides its own type definitions, so you do not need this installed.",0.030875876236398092,1.4784347115502099e-06,0.4410527989289723,https://www.npmjs.com/package/@types/react-overlays
bin-version-check,2024-04-03,Renamed to binary-version-check: https://www.npmjs.com/package/binary-version-check,0.030699708192063913,7.143004936195548e-13,0.7166731272561455,https://www.npmjs.com/package/bin-version-check
babel-plugin-apply-mdx-type-prop,2024-10-09,Deprecated,0.03058187264145218,0.012123805247913417,0.4558483257934419,https://www.npmjs.com/package/babel-plugin-apply-mdx-type-prop
babel-plugin-extract-import-names,2024-10-09,Deprecated,0.030561207242222554,0.012250098120742342,0.45531566101338494,https://www.npmjs.com/package/babel-plugin-extract-import-names
bin-version,2024-04-03,Renamed to binary-version: https://www.npmjs.com/package/binary-version,0.030554043958352595,9.233552676875861e-12,0.6975209626239824,https://www.npmjs.com/package/bin-version
@jonkoops/matomo-tracker,2023-01-30,This package is no longer maintained.,0.030426183916908295,4.4032301636248954e-11,0.7492662629293366,https://www.npmjs.com/package/@jonkoops/matomo-tracker
@vrbo/pino-rotating-file,2023-09-06,Package no longer supported. Contact Support at https://www.npmjs.com/support for more info.,0.030174886500161424,0.012325813859431827,0.3371044579099174,https://www.npmjs.com/package/@vrbo/pino-rotating-file
@types/xmlbuilder,2022-06-13,"This is a stub types definition. xmlbuilder provides its own type definitions, so you do not need this installed.",0.030169052782229977,2.8285564034570103e-07,0.4835775548641582,https://www.npmjs.com/package/@types/xmlbuilder
snake-case,2023-09-30,Use `change-case`,0.030000554951807312,5.183775263948683e-48,0.891167343556622,https://www.npmjs.com/package/snake-case
@types/react-easy-crop,2022-04-07,"This is a stub types definition. react-easy-crop provides its own type definitions, so you do not need this installed.",0.029938819710473772,4.957462580572571e-22,0.8211359453650694,https://www.npmjs.com/package/@types/react-easy-crop
@panva/jose,2022-04-06,"@panva/jose has moved. It is now called just ""jose"", no further updates will be made under the @panva/jose package name.",0.029937453149177062,2.8685516380793333e-05,0.4449598401316107,https://www.npmjs.com/package/@panva/jose
@types/yaml,2022-04-07,"This is a stub types definition. yaml provides its own type definitions, so you do not need this installed.",0.02987286637868718,9.83116341434927e-07,0.5670199984482699,https://www.npmjs.com/package/@types/yaml
sexagesimal,2022-06-26,This module is now under the @mapbox namespace: install @mapbox/sexagesimal instead,0.029826897684738243,7.037734218396206e-06,0.5393156853914332,https://www.npmjs.com/package/sexagesimal
@types/highlight.js,2022-06-13,"This is a stub types definition. highlight.js provides its own type definitions, so you do not need this installed.",0.029669699867305888,2.3963745081233533e-10,0.7628210857976196,https://www.npmjs.com/package/@types/highlight.js
@types/ajv-errors,2024-10-23,"This is a stub types definition. ajv-errors provides its own type definitions, so you do not need this installed.",0.02958529634951068,0.009193329692081953,0.39182266851545866,https://www.npmjs.com/package/@types/ajv-errors
buffer-equals,2022-06-13,Just use `Buffer#equals()`. It has been available since Node.js 0.12.,0.029440888147668015,2.3008491930291155e-08,0.6495145542209592,https://www.npmjs.com/package/buffer-equals
draft-js-custom-styles,2023-06-30,Package no longer supported. Contact Support at https://www.npmjs.com/support for more info.,0.029416750733982144,3.9053020743472066e-12,0.7863884101904345,https://www.npmjs.com/package/draft-js-custom-styles
@types/react-joyride,2022-06-13,"This is a stub types definition. react-joyride provides its own type definitions, so you do not need this installed.",0.029285962618326333,3.091421892515197e-05,0.5608413907824581,https://www.npmjs.com/package/@types/react-joyride
@types/reflect-metadata,2022-06-13,"This is a stub types definition for reflect-metadata (https://github.com/rbuckton/ReflectDecorators). reflect-metadata provides its own type definitions, so you don't need @types/reflect-metadata installed!",0.029129998350524766,1.6068215371886579e-12,0.5620733977362191,https://www.npmjs.com/package/@types/reflect-metadata
highcharts-exporting,2022-06-18,"this package has been deprecated, just import modules from the highcharts folder",0.029009403629898844,7.979996671604207e-16,0.6770091785028012,https://www.npmjs.com/package/highcharts-exporting
@types/enhanced-resolve,2024-10-23,"This is a stub types definition. enhanced-resolve provides its own type definitions, so you do not need this installed.",0.02893246615515488,0.0005405580034630648,0.2945208115422361,https://www.npmjs.com/package/@types/enhanced-resolve
@types/acorn,2024-10-23,"This is a stub types definition. acorn provides its own type definitions, so you do not need this installed.",0.02890472935150812,1.049394122575926e-06,0.6081751178215735,https://www.npmjs.com/package/@types/acorn
@turf/nearest,2024-06-22,Module has been renamed to @turf/nearest-point,0.02873222686615899,0.0006626858190285081,0.3245283194974121,https://www.npmjs.com/package/@turf/nearest
apollo-datasource,2024-10-25,"The `apollo-datasource` package is part of Apollo Server v2 and v3, which are now end-of-life (as of October 22nd 2023 and October 22nd 2024, respectively). See https://www.apollographql.com/docs/apollo-server/previous-versions/ for more details.",0.028672519380515182,0.001686410565240474,0.5448127235323165,https://www.npmjs.com/package/apollo-datasource
apollo-server-env,2024-10-25,"The `apollo-server-env` package is part of Apollo Server v2 and v3, which are now end-of-life (as of October 22nd 2023 and October 22nd 2024, respectively). This package's functionality is now found in the `@apollo/utils.fetcher` package. See https://www.apollographql.com/docs/apollo-server/previous-versions/ for more details.",0.028578889244811223,0.00030792527121196116,0.583425791610432,https://www.npmjs.com/package/apollo-server-env
@types/loud-rejection,2022-04-07,"This is a stub types definition. loud-rejection provides its own type definitions, so you do not need this installed.",0.028432850769609035,5.5904847530232734e-30,0.8727221016160965,https://www.npmjs.com/package/@types/loud-rejection
vscode,2022-06-28,This package is deprecated in favor of @types/vscode and vscode-test. For more information please read: https://code.visualstudio.com/updates/v1_36#_splitting-vscode-package-into-typesvscode-and-vscodetest,0.028338532008184224,3.873765605542822e-05,0.4895355970977622,https://www.npmjs.com/package/vscode
apollo-server-plugin-response-cache,2024-10-25,"The `apollo-server-plugin-response-cache` package is part of Apollo Server v2 and v3, which are now end-of-life (as of October 22nd 2023 and October 22nd 2024, respectively). This package's functionality is now found in the `@apollo/server-plugin-response-cache` package. See https://www.apollographql.com/docs/apollo-server/previous-versions/ for more details.",0.028264432090282843,0.03604215537986749,0.348327609799975,https://www.npmjs.com/package/apollo-server-plugin-response-cache
@types/datatables.net,2024-10-23,"This is a stub types definition. datatables.net provides its own type definitions, so you do not need this installed.",0.028193194036507774,1.6021664517228418e-10,0.7228672342794991,https://www.npmjs.com/package/@types/datatables.net
rollup-plugin-buble,2022-06-26,This module has been deprecated and is no longer maintained. Please use @rollup/plugin-buble.,0.028123921665931556,6.197221694172933e-05,0.5892714332133605,https://www.npmjs.com/package/rollup-plugin-buble
@types/tempfile,2022-06-13,"This is a stub types definition. tempfile provides its own type definitions, so you do not need this installed.",0.028093570014707192,7.855437592752887e-05,0.3686518414441915,https://www.npmjs.com/package/@types/tempfile
protomaps-themes-base,2025-02-18,This package has been migrated to @protomaps/basemaps with a new major version. See the CHANGELOG at https://github.com/protomaps/basemaps/blob/main/CHANGELOG.md for how to migrate.,0.027920721341412325,3.320265891408642e-16,0.9173591500929679,https://www.npmjs.com/package/protomaps-themes-base
jest-babel,2022-06-19,"jest-babel is outdated and useless now, try to move to babel-jest package",0.0278533546455523,0.01023124905171732,0.30980890638128733,https://www.npmjs.com/package/jest-babel
@types/usb,2022-06-13,"This is a stub types definition. usb provides its own type definitions, so you do not need this installed.",0.027839191672864777,0.0009115653536673229,0.47659764819587647,https://www.npmjs.com/package/@types/usb
dom-delegate,2022-06-15,This package has been re-named 'ftdomdelegate'. Please update your dependencies to use the 'ftdomdelegate' package instead of this one.,0.027827778284566562,0.007688551610312271,0.3726196714904405,https://www.npmjs.com/package/dom-delegate
airbnb-prop-types,2024-11-08,This package has been renamed to 'prop-types-tools',0.027461907789325668,1.4189849372143795e-08,0.8135550333469459,https://www.npmjs.com/package/airbnb-prop-types
@types/chartjs,2022-06-13,'@types/chartjs' is now '@types/chart.js',0.0273535498545609,1.910341896596373e-05,0.5133995800125088,https://www.npmjs.com/package/@types/chartjs
moment-mini-ts,2024-10-27,Package no longer supported. Contact Support at https://www.npmjs.com/support for more info.,0.027325039729071687,1.095704590938466e-05,0.460896044883655,https://www.npmjs.com/package/moment-mini-ts
xss-clean,2023-06-02,Package no longer supported. Contact Support at https://www.npmjs.com/support for more info.,0.027246764585279637,1.339125009854681e-07,0.6045945363529278,https://www.npmjs.com/package/xss-clean
bull-board,2022-04-12,"2.x is no longer supported, we moved to use @bull-board scope",0.027241018986754295,8.076723647648154e-08,0.6308912971022118,https://www.npmjs.com/package/bull-board
@types/react-toastify,2022-04-07,"This is a stub types definition. react-toastify provides its own type definitions, so you do not need this installed.",0.02717460625496332,1.3133032676905845e-07,0.3635732065353906,https://www.npmjs.com/package/@types/react-toastify
@types/deepmerge,2024-10-23,"This is a stub types definition. deepmerge provides its own type definitions, so you do not need this installed.",0.026883261921646806,0.021727461344400945,0.48564997897451445,https://www.npmjs.com/package/@types/deepmerge
hast-to-hyperscript,2024-10-10,Deprecated: use `hast-util-to-jsx-runtime` instead,0.026834381986144518,0.014841924772861193,0.4196907191979681,https://www.npmjs.com/package/hast-to-hyperscript
clorox,2022-04-12,Clorox is now Turbocolor!! - Please upgrade <3 'npm i turbocolor',0.02665488631756363,0.020048339142710325,0.20376418535276242,https://www.npmjs.com/package/clorox
@types/swiper,2022-06-13,"This is a stub types definition. swiper provides its own type definitions, so you do not need this installed.",0.026551225174906268,2.834996492128541e-33,0.8418861952536357,https://www.npmjs.com/package/@types/swiper
@types/pino-pretty,2022-11-09,"This is a stub types definition. pino-pretty provides its own type definitions, so you do not need this installed.",0.026447564977231997,0.016675987802785352,0.26885202260189733,https://www.npmjs.com/package/@types/pino-pretty
@types/winston,2022-06-13,"This is a stub types definition. winston provides its own type definitions, so you do not need this installed.",0.026344211357990425,6.101958220773475e-07,0.6393047075935039,https://www.npmjs.com/package/@types/winston
node-redis,2023-03-04,Package no longer supported. Contact Support at https://www.npmjs.com/support for more info.,0.026167873033476896,5.6060740033678134e-11,0.6502209069571123,https://www.npmjs.com/package/node-redis
@types/pino-std-serializers,2022-10-31,"This is a stub types definition. pino-std-serializers provides its own type definitions, so you do not need this installed.",0.026099487842724145,0.007916588336665253,0.2958037612733698,https://www.npmjs.com/package/@types/pino-std-serializers
@types/mongodb-memory-server,2022-04-07,"This is a stub types definition. mongodb-memory-server provides its own type definitions, so you do not need this installed.",0.02586779522479479,1.2574853942805105e-18,0.5409891184245874,https://www.npmjs.com/package/@types/mongodb-memory-server
codeclimate-test-reporter,2022-06-13,codeclimate-test-reporter has been deprecated in favor of our new unified test-reporter. Please visit https://docs.codeclimate.com/docs/configuring-test-coverage for details on setting up the new test-reporter.,0.025798205861326973,0.00020385471626793838,0.46461059221232237,https://www.npmjs.com/package/codeclimate-test-reporter
@types/pino,2022-06-13,"This is a stub types definition. pino provides its own type definitions, so you do not need this installed.",0.025674740258582573,0.00021883529036558527,0.4095201595060305,https://www.npmjs.com/package/@types/pino
exec-file-sync,2022-06-17,This package is no longer relevant as Node.js 0.12 is unmaintained.,0.025636200518943223,1.1893840514109619e-16,0.7633156364921856,https://www.npmjs.com/package/exec-file-sync
component-flatten,2022-06-13,"no longer maintained, please use a different package",0.025559654913691887,4.461436002541853e-05,0.5988311248886462,https://www.npmjs.com/package/component-flatten
mongodb-stitch-browser-core,2022-06-30,Package no longer supported. Contact Support at https://www.npmjs.com/support for more info.,0.02547527115257607,0.007446929480640777,0.34799668199575173,https://www.npmjs.com/package/mongodb-stitch-browser-core
j,2022-06-19,The underlying libraries have been unified.  See < https://cdn.sheetjs.com/j/ >.,0.025439998484655557,6.539103147849164e-06,0.5836235894622896,https://www.npmjs.com/package/j
ipld-dag-pb,2022-06-19,This module has been superseded by @ipld/dag-pb and multiformats,0.025403709054333576,1.1153530483453039e-06,0.6445118612078213,https://www.npmjs.com/package/ipld-dag-pb
@types/ember-resolver,2024-10-23,"This is a stub types definition. ember-resolver provides its own type definitions, so you do not need this installed.",0.025373551657270177,0.015193178877443965,0.2783829470439565,https://www.npmjs.com/package/@types/ember-resolver
@aws-sdk/eventstream-serde-browser,2025-03-27,This package has moved to @smithy/eventstream-serde-browser,0.02519948284066409,0.0003317197323087774,0.6822406381867495,https://www.npmjs.com/package/@aws-sdk/eventstream-serde-browser
user-info,2022-06-28,This package is no longer relevant as Node.js 4 is unmaintained.,0.025186364822258615,1.670160058318792e-17,0.7683015113195191,https://www.npmjs.com/package/user-info
@types/prosemirror-inputrules,2022-10-26,"This is a stub types definition. prosemirror-inputrules provides its own type definitions, so you do not need this installed.",0.025076270800927003,3.6254950699988023e-09,0.561824951050332,https://www.npmjs.com/package/@types/prosemirror-inputrules
@material/mwc-snackbar,2024-04-04,MWC beta is longer supported. Please upgrade to @material/web,0.025069178728131858,0.019056064365637247,0.2621902101993864,https://www.npmjs.com/package/@material/mwc-snackbar
@types/simple-icons,2022-04-07,"This is a stub types definition. simple-icons provides its own type definitions, so you do not need this installed.",0.02502052304894914,0.04516301474198778,0.2889009507436989,https://www.npmjs.com/package/@types/simple-icons
@aws-sdk/eventstream-serde-node,2025-03-27,This package has moved to @smithy/eventstream-serde-node,0.02499462679528186,0.00031505189197499316,0.6838563845778961,https://www.npmjs.com/package/@aws-sdk/eventstream-serde-node
nodeunit,2022-06-22,you are strongly encouraged to use other testing options,0.02498943102846385,0.0037288149173211956,0.3434297111602531,https://www.npmjs.com/package/nodeunit
@aws-sdk/eventstream-serde-universal,2025-03-27,This package has moved to @smithy/eventstream-serde-universal,0.024941260972937584,0.0003365821998823087,0.681781692933652,https://www.npmjs.com/package/@aws-sdk/eventstream-serde-universal
@aws-sdk/eventstream-serde-config-resolver,2025-03-27,This package has moved to @smithy/eventstream-serde-config-resolver,0.02489496640928568,0.0003305008369979101,0.6823565376662688,https://www.npmjs.com/package/@aws-sdk/eventstream-serde-config-resolver
@types/signature_pad,2025-02-06,"This is a stub types definition. signature_pad provides its own type definitions, so you do not need this installed.",0.02474463543575567,8.585507412371582e-15,0.8036631568599439,https://www.npmjs.com/package/@types/signature_pad
@types/react-native-keychain,2022-04-07,"This is a stub types definition. react-native-keychain provides its own type definitions, so you do not need this installed.",0.02471259998096187,0.0024495271681396038,0.2770792334269868,https://www.npmjs.com/package/@types/react-native-keychain
@types/bull,2024-10-23,"This is a stub types definition. bull provides its own type definitions, so you do not need this installed.",0.024618427627679962,0.00044185424406114476,0.5331266764622928,https://www.npmjs.com/package/@types/bull
@babel/preset-es2015,2022-06-12,👋 We've deprecated any official yearly presets in 6.x in favor or babel-preset-env. For 7.x it would be @babel/preset-env.,0.024598022661627472,0.0019514064222968513,0.4199883639736137,https://www.npmjs.com/package/@babel/preset-es2015
@types/compression-webpack-plugin,2024-10-23,"This is a stub types definition. compression-webpack-plugin provides its own type definitions, so you do not need this installed.",0.024582453521110992,0.0069631974525939146,0.3911140918908077,https://www.npmjs.com/package/@types/compression-webpack-plugin
@types/write-json-file,2022-04-07,"This is a stub types definition. write-json-file provides its own type definitions, so you do not need this installed.",0.024569118512242916,0.0020280673304363074,0.36055662038221936,https://www.npmjs.com/package/@types/write-json-file
react-tsparticles,2023-12-07,"@tsparticles/react is the new version, please use that",0.024281525850120847,0.007715120137826008,0.4751010142345051,https://www.npmjs.com/package/react-tsparticles
rollup-plugin-alias,2023-06-09,This module has moved and is now available at @rollup/plugin-alias. Please update your dependencies. This version is no longer maintained.,0.024265677392669993,0.0074200585232565555,0.43743721825894455,https://www.npmjs.com/package/rollup-plugin-alias
@material/mwc-dialog,2024-04-04,MWC beta is longer supported. Please upgrade to @material/web,0.024050624226820805,0.0018872774367061922,0.32963749550571264,https://www.npmjs.com/package/@material/mwc-dialog
@types/applicationinsights,2022-06-13,"This is a stub types definition for applicationinsights (https://github.com/Microsoft/ApplicationInsights-node.js). applicationinsights provides its own type definitions, so you don't need @types/applicationinsights installed!",0.02404307750050493,8.836519913498782e-05,0.5630918017873687,https://www.npmjs.com/package/@types/applicationinsights
node-sparkline,2024-11-28,Package no longer supported. Contact Support at https://www.npmjs.com/support for more info.,0.02399449963193481,0.03635326813298848,0.1639148943615243,https://www.npmjs.com/package/node-sparkline
locize-editor,2022-08-07,This library is used for the old locize UI. DO NOT USE IT ANYMORE! https://docs.locize.com/more/incontext-editor/migrating-from-the-old-incontext-editor,0.023982403489486225,4.3575622354082656e-10,0.7238052349308354,https://www.npmjs.com/package/locize-editor
@types/aws-sdk,2024-10-23,"This is a stub types definition. aws-sdk provides its own type definitions, so you do not need this installed.",0.023747816453184356,0.037608239371037376,0.32648248937303626,https://www.npmjs.com/package/@types/aws-sdk
tinymath,2022-06-27,Package no longer supported. Contact Support at https://www.npmjs.com/support for more info.,0.023708220133315902,0.029866527904205725,0.2565093304688445,https://www.npmjs.com/package/tinymath
@aws-sdk/util-waiter,2025-03-27,This package has moved to @smithy/util-waiter,0.023637165959571327,0.0,0.9959865025550771,https://www.npmjs.com/package/@aws-sdk/util-waiter
@yfuks/react-native-action-sheet,2022-06-13,Versions are now published under react-native-action-sheet name (@yfuks removed),0.023377759274686105,0.0002579962052801419,0.409393831570802,https://www.npmjs.com/package/@yfuks/react-native-action-sheet
defekt,2024-10-18,Package no longer supported. Contact Support at https://www.npmjs.com/support for more info.,0.02336262277208112,0.023113848071099976,0.4631877150640835,https://www.npmjs.com/package/defekt
corslite,2022-06-14,This module is now under the @mapbox namespace: install @mapbox/corslite instead,0.023317155839254478,0.0033041678326375863,0.3660778726534132,https://www.npmjs.com/package/corslite
prex,2022-09-13,This package has been deprecated in favor of several '@esfx/*' packages that replace it. Please see the README for more information,0.023196330253961794,1.3007001701629223e-09,0.49007856064167155,https://www.npmjs.com/package/prex
@bandwidth/messaging,2024-09-18,Package no longer supported. Contact Support at https://www.npmjs.com/support for more info.,0.022917568581668265,8.697815110757052e-06,0.5609626225896879,https://www.npmjs.com/package/@bandwidth/messaging
rollup-plugin-inject,2023-06-09,This package has been deprecated and is no longer maintained. Please use @rollup/plugin-inject.,0.02287685624661384,1.347069746894215e-05,0.6815860633117736,https://www.npmjs.com/package/rollup-plugin-inject
@types/bull-board,2024-10-23,"This is a stub types definition. bull-board provides its own type definitions, so you do not need this installed.",0.022768748488188884,0.001164371217825406,0.4931891153546576,https://www.npmjs.com/package/@types/bull-board
@types/gapi.client.sheets,2023-03-15,use @types/gapi.client.sheets-v4 instead; see https://github.com/Maxim-Mazurok/google-api-typings-generator/issues/652 for details,0.022642494603002106,0.04783059136248297,0.2023822368600975,https://www.npmjs.com/package/@types/gapi.client.sheets
jquery-jcrop,2022-06-19,"No further updates will be released for this pacakge after v0.9.15. Original creator has not released any new versions in 2+ years, as of Aug 1, 2020 (See https://github.com/tapmodo/Jcrop). Updating this package is not easy due to original creator's package structure. If futher assistnace is needed, reach out to original creator or https://www.npmjs.com/~jengland",0.02235725419319251,3.0934027327475483e-09,0.5746834663579534,https://www.npmjs.com/package/jquery-jcrop
@aws-sdk/md5-js,2025-03-27,This package has moved to @smithy/md5-js,0.022300394255595712,2.0154509798380356e-10,0.8708333577357197,https://www.npmjs.com/package/@aws-sdk/md5-js
@material/mwc-checkbox,2024-04-04,MWC beta is longer supported. Please upgrade to @material/web,0.02188457324784221,1.3952790888134193e-05,0.5471470017836315,https://www.npmjs.com/package/@material/mwc-checkbox
@types/yup,2022-08-17,"This is a stub types definition. yup provides its own type definitions, so you do not need this installed.",0.021855159995221862,0.00023335943868234304,0.4547100470815433,https://www.npmjs.com/package/@types/yup
@types/stripe,2022-06-13,"This is a stub types definition. stripe provides its own type definitions, so you do not need this installed.",0.02182722358165301,5.166528218538956e-05,0.615170497680645,https://www.npmjs.com/package/@types/stripe
@types/vue-router,2022-06-13,"This is a stub types definition for vue-router (https://github.com/vuejs/vue-router). ecmarkup provides its own type definitions, so you don\'t need @types/ecmarkup installed!",0.021799889973849195,0.00019926382670916974,0.39472968910644757,https://www.npmjs.com/package/@types/vue-router
@types/tempy,2022-04-07,"This is a stub types definition. tempy provides its own type definitions, so you do not need this installed.",0.021676576402670518,0.0008990746143163854,0.5105529753410246,https://www.npmjs.com/package/@types/tempy
@rdf-esm/term-map,2022-04-06,Use @rdfjs/term-map v2,0.02160392276294129,0.00892594494085394,0.2551204197218878,https://www.npmjs.com/package/@rdf-esm/term-map
babel-eslint,2025-02-27,babel-eslint is now @babel/eslint-parser. This package will no longer receive updates.,0.02150390450198536,2.0551253481165396e-39,0.966395455941784,https://www.npmjs.com/package/babel-eslint
lezer,2022-05-07,This package has been replaced by @lezer/lr,0.021348529886488388,1.347370722872603e-07,0.6170787694380001,https://www.npmjs.com/package/lezer
three-orbitcontrols,2022-06-27,"three-js exposes real modules now via three/examples/jsm/...for example to import Orbit, do import { OrbitControls } from 'three/examples/jsm/controls/OrbitControls'",0.021331138395876637,0.0008085667831148411,0.42183663818296624,https://www.npmjs.com/package/three-orbitcontrols
mongodb-stitch-browser-sdk,2022-06-30,"Package is no longer maintained, please migrate to https://www.npmjs.com/package/realm-web.",0.021249612477862556,0.008503204543161823,0.26045507004359836,https://www.npmjs.com/package/mongodb-stitch-browser-sdk
@prisma/sdk,2023-09-08,"Deprecated: @prisma/sdk was an internal package which doesn't follow semver and can include breaking changes without a warning. We renamed it to @prisma/internals to make it clearer.If you're using this package it would be helpful if you could help us understand where, how, and why you are using it by ginving us feedback in https://github.com/prisma/prisma/discussions/13877). Your feedback will be valuable to us in defining a better API.",0.02121195374259599,0.005863676614493796,0.3430858692987333,https://www.npmjs.com/package/@prisma/sdk
@types/hapi__wreck,2022-04-07,Deprecated,0.021110995865708665,0.0002556979347457051,0.2536440298489079,https://www.npmjs.com/package/@types/hapi__wreck
@types/path-to-regexp,2022-06-13,"This is a stub types definition for path-to-regexp (https://github.com/pillarjs/path-to-regexp). path-to-regexp provides its own type definitions, so you don't need @types/path-to-regexp installed!",0.021013120516301553,0.00024901165405589423,0.3128283605955312,https://www.npmjs.com/package/@types/path-to-regexp
wdio-allure-reporter,2022-06-28,"outdated version, please use @next",0.020743345116406305,0.0031384640690542737,0.5292598898039964,https://www.npmjs.com/package/wdio-allure-reporter
@types/crypto-random-string,2024-10-23,"This is a stub types definition. crypto-random-string provides its own type definitions, so you do not need this installed.",0.020654104603314405,0.0028519869377895387,0.3490179242587096,https://www.npmjs.com/package/@types/crypto-random-string
@types/react-swipeable,2022-06-13,"This is a stub types definition. react-swipeable provides its own type definitions, so you do not need this installed.",0.02058253359639456,0.0436904993965107,0.24599660476675156,https://www.npmjs.com/package/@types/react-swipeable
@types/parse5-sax-parser,2022-07-20,"This is a stub types definition. parse5-sax-parser provides its own type definitions, so you do not need this installed.",0.02046540444507313,0.00024345417354468556,0.33748574678220444,https://www.npmjs.com/package/@types/parse5-sax-parser
eslint-plugin-typescript,2022-06-17,Deprecated: Use @typescript-eslint/eslint-plugin instead,0.0204301356342102,0.0017019351792590901,0.35868754855398133,https://www.npmjs.com/package/eslint-plugin-typescript
@types/tunnel-ssh,2025-03-24,"This is a stub types definition. tunnel-ssh provides its own type definitions, so you do not need this installed.",0.020397451529740707,0.009195261850466083,0.5306818018734183,https://www.npmjs.com/package/@types/tunnel-ssh
@types/localforage,2022-06-13,"This is a stub types definition for localforage (https://github.com/localForage/localForage). localforage provides its own type definitions, so you don't need @types/localforage installed!",0.020349360435997922,4.581437505702651e-07,0.6197943841314906,https://www.npmjs.com/package/@types/localforage
@types/vuedraggable,2022-04-07,"This is a stub types definition. vuedraggable provides its own type definitions, so you do not need this installed.",0.019888360849624476,0.00626278020999629,0.379270827935418,https://www.npmjs.com/package/@types/vuedraggable
core-assert,2023-06-17,I don't have time or interest in keeping it in sync with Node.js anymore. It should continue to work fine though. It's just missing some improvements from later Node.js versions.,0.01978711642360695,0.012213819155524127,0.2826821416821894,https://www.npmjs.com/package/core-assert
data.maybe,2023-03-28,This package is no longer supported. Consider switching to fp-ts,0.019744796108439155,1.30203900014919e-08,0.5883248099628418,https://www.npmjs.com/package/data.maybe
@mattiasbuelens/web-streams-polyfill,2022-04-06,moved to web-streams-polyfill@2.0.0,0.019718645670383506,0.045526342130841044,0.18809372237865973,https://www.npmjs.com/package/@mattiasbuelens/web-streams-polyfill
@material/mwc-icon,2024-04-04,MWC beta is longer supported. Please upgrade to @material/web,0.019458509671821056,0.006121539288605258,0.3770277182815943,https://www.npmjs.com/package/@material/mwc-icon
cordova-plugin-globalization,2023-01-06,See https://github.com/apache/cordova-plugin-globalization#deprecation-notice for details.,0.01934358249021184,1.9627393110857404e-05,0.4406852449612997,https://www.npmjs.com/package/cordova-plugin-globalization
graphql-server-express,2022-06-18,This package has been renamed to 'apollo-server-express'.  Please update your dependencies!,0.01933314981208113,1.068148313587573e-06,0.5605748658745251,https://www.npmjs.com/package/graphql-server-express
buf-compare,2022-06-13,Just use `Buffer.compare()`. It has been available since Node.js 0.12.,0.01927350336133534,0.015982847649258235,0.268925680735862,https://www.npmjs.com/package/buf-compare
@types/react-dnd,2022-06-13,"This is a stub types definition. react-dnd provides its own type definitions, so you don't need this installed.",0.01926936335758392,0.00015762641273909796,0.5175811737731966,https://www.npmjs.com/package/@types/react-dnd
json-schema-to-openapi-schema,2024-04-01,This package is no longer maintained. Use @openapi-contrib/json-schema-to-openapi-schema instead.,0.019253913490591246,1.7405733899730996e-23,0.5913205164343405,https://www.npmjs.com/package/json-schema-to-openapi-schema
@material/mwc-menu,2024-04-04,MWC beta is longer supported. Please upgrade to @material/web,0.01920965796954388,0.0005925982587442609,0.4035492903604171,https://www.npmjs.com/package/@material/mwc-menu
@types/loglevel,2022-06-13,"This is a stub types definition. loglevel provides its own type definitions, so you do not need this installed.",0.019191816221890673,0.001747483048129273,0.426764472772003,https://www.npmjs.com/package/@types/loglevel
@types/rsmq,2022-06-13,"This is a stub types definition. rsmq provides its own type definitions, so you do not need this installed.",0.01910417788869123,0.04826725795713514,0.21319729841219082,https://www.npmjs.com/package/@types/rsmq
build-url,2022-06-13,This package is no longer maintained,0.01902298001884667,8.90787426844884e-06,0.5910617959455087,https://www.npmjs.com/package/build-url
@storybook/testing-library,2024-11-20,"In Storybook 8, this package functionality has been integrated to a new package called @storybook/test, which uses Vitest APIs for an improved experience. When upgrading to Storybook 8 with 'npx storybook@latest upgrade', you will get prompted and will get an automigration for the new package. Please migrate when you can.",0.019008814567209084,5.651522996377416e-17,0.8407557406950742,https://www.npmjs.com/package/@storybook/testing-library
@types/mobile-detect,2022-06-13,"This is a stub types definition for mobile-detect (http://hgoebl.github.io/mobile-detect.js/). mobile-detect provides its own type definitions, so you don't need @types/mobile-detect installed!",0.01896634681330006,0.000431235190226627,0.3681867104276585,https://www.npmjs.com/package/@types/mobile-detect
dictionary-en-us,2022-06-15,Deprecated: use dictionary-en instead for English as spoken in the United States,0.018884527362867443,0.00605797131155814,0.31498557271979966,https://www.npmjs.com/package/dictionary-en-us
@google-cloud/functions-emulator,2022-06-12,Deprecating in favor of the Functions Framework and firebase-tools. See https://github.com/googlearchive/cloud-functions-emulator/issues/327,0.018792909076964404,0.000139802533005334,0.38685169823501186,https://www.npmjs.com/package/@google-cloud/functions-emulator
@types/react-json-tree,2022-06-13,"This is a stub types definition. react-json-tree provides its own type definitions, so you do not need this installed.",0.018723912509792662,0.011576061225623033,0.27576176112062467,https://www.npmjs.com/package/@types/react-json-tree
pkg-conf,2023-11-05,Renamed to package-config,0.018667622829424677,3.245125869606546e-05,0.5344426991073955,https://www.npmjs.com/package/pkg-conf
@types/knex,2022-06-13,"This is a stub types definition. knex provides its own type definitions, so you do not need this installed.",0.018609477558231502,0.001084470490615477,0.4699059350141538,https://www.npmjs.com/package/@types/knex
@types/moment-range,2022-06-13,"This is a stub types definition. moment-range provides its own type definitions, so you do not need this installed.",0.018504642904456553,0.005267353594457228,0.46952862688363295,https://www.npmjs.com/package/@types/moment-range
upper-case-first,2023-09-30,Use `input.charAt(0).toUpperCase() + input.slice(1)`,0.018492970497441585,7.918474419774284e-12,0.7130586997490708,https://www.npmjs.com/package/upper-case-first
@tsconfig/node-lts-strictest,2023-03-27,TypeScript 5.0 supports combining TSConfigs using array syntax in extends,0.01846396664868699,0.002206904896461136,0.32380948309804247,https://www.npmjs.com/package/@tsconfig/node-lts-strictest
@types/twilio,2022-06-13,"This is a stub types definition. twilio provides its own type definitions, so you do not need this installed.",0.018442468727723815,0.0007970195753305156,0.5147223199629045,https://www.npmjs.com/package/@types/twilio
is-upper-case,2023-09-30,Use `input.toUpperCase() === input`,0.018441683459373803,1.7355257272829192e-10,0.6758950881160759,https://www.npmjs.com/package/is-upper-case
is-lower-case,2023-09-30,Use `input.toLowerCase() === input`,0.018434124834653565,1.6741372305713352e-10,0.675775826841944,https://www.npmjs.com/package/is-lower-case
lower-case-first,2023-09-30,Use `input.charAt(0).toLowerCase() + input.slice(1)`,0.01842587670501139,5.341111140577944e-09,0.6522796165663107,https://www.npmjs.com/package/lower-case-first
capital-case,2023-09-30,Use `change-case`,0.018181824939167424,4.609557528555963e-12,0.7270626964343372,https://www.npmjs.com/package/capital-case
@types/maplibre-gl,2022-04-07,"This is a stub types definition. maplibre-gl provides its own type definitions, so you do not need this installed.",0.0181813685440273,0.0004551092241845828,0.5558941179208357,https://www.npmjs.com/package/@types/maplibre-gl
xlsjs,2022-06-29,xlsjs has been merged into xlsx,0.017919200692810833,1.1819831622992667e-06,0.6287953253885724,https://www.npmjs.com/package/xlsjs
@types/firebase,2024-10-23,"This is a stub types definition. firebase provides its own type definitions, so you do not need this installed.",0.01787044788601444,2.7740188971977635e-05,0.6563808169620036,https://www.npmjs.com/package/@types/firebase
@types/leaflet-geosearch,2022-04-07,"This is a stub types definition. leaflet-geosearch provides its own type definitions, so you do not need this installed.",0.01786077598599195,3.2262626026228e-06,0.34684038148056007,https://www.npmjs.com/package/@types/leaflet-geosearch
clor,2022-06-13,Clor is now Clorox. Please upgrade: 'npm i clorox'.,0.017759039665365406,0.0024409607926690552,0.3158539165431735,https://www.npmjs.com/package/clor
codepage-encoder,2024-09-21,"This package has been replaced by @point-of-sale/codepage-encoder, please update your project for further updates",0.01775579402206895,0.00013060253515098744,0.5917244865315079,https://www.npmjs.com/package/codepage-encoder
debug-log,2023-06-16,This package is no longer relevant as Node.js 0.12 is unmaintained.,0.01773065158878584,0.002562504453433407,0.5256347731181257,https://www.npmjs.com/package/debug-log
@rpii/wdio-html-reporter,2022-04-06,This package is no longer supported. please use wdio-html-nice-reporter,0.01761604275888251,0.03256822078067151,0.33148360036510416,https://www.npmjs.com/package/@rpii/wdio-html-reporter
header-case,2023-09-30,Use `import { trainCase } from change-case`,0.017521285989208116,1.4766838264096437e-06,0.6192179449759412,https://www.npmjs.com/package/header-case
@types/pretty-ms,2022-04-07,"This is a stub types definition. pretty-ms provides its own type definitions, so you do not need this installed.",0.017493705658332442,0.0004139886598361455,0.4055634650141363,https://www.npmjs.com/package/@types/pretty-ms
dot-case,2023-09-30,Use `change-case`,0.017438246057402046,1.4633715125304704e-09,0.6916293065666963,https://www.npmjs.com/package/dot-case
os-tmpdir,2023-06-16,This is not needed anymore. `require('os').tmpdir()` in Node.js 4 and up is good.,0.017316478556769,9.179848582825498e-12,0.6497505911889312,https://www.npmjs.com/package/os-tmpdir
@types/image-size,2022-06-13,"This is a stub types definition. image-size provides its own type definitions, so you do not need this installed.",0.017125254262217393,5.5074393101612576e-05,0.5791524923116511,https://www.npmjs.com/package/@types/image-size
mongodb-stitch-browser-services-mongodb-remote,2022-06-30,Package no longer supported. Contact Support at https://www.npmjs.com/support for more info.,0.017021442182969138,0.03798326205441418,0.1933983418489249,https://www.npmjs.com/package/mongodb-stitch-browser-services-mongodb-remote
@types/html-entities,2022-06-13,"This is a stub types definition. html-entities provides its own type definitions, so you do not need this installed.",0.0168174102762067,0.00023345927442788324,0.33708473999341304,https://www.npmjs.com/package/@types/html-entities
vanilla-modal,2022-06-28,Package no longer supported. Contact Support at https://www.npmjs.com/support for more info.,0.016792816385810372,1.5201471065858347e-05,0.3631767388421109,https://www.npmjs.com/package/vanilla-modal
cross-spawn-async,2022-06-14,"cross-spawn no longer requires a build toolchain, use it instead",0.016730808216336435,5.691135672139151e-12,0.6950365572527433,https://www.npmjs.com/package/cross-spawn-async
bootstrap-colorpicker,2023-08-01,Package no longer supported. Contact Support at https://www.npmjs.com/support for more info.,0.016679258485109594,7.41262308059532e-15,0.6078616579196804,https://www.npmjs.com/package/bootstrap-colorpicker
@types/keyv,2022-10-18,"This is a stub types definition. keyv provides its own type definitions, so you do not need this installed.",0.016678451585367404,1.852974779098416e-30,0.7795728203774259,https://www.npmjs.com/package/@types/keyv
@bull-monitor/root,2023-12-07,Package no longer supported. Contact Support at https://www.npmjs.com/support for more info.,0.01648761423734968,0.01202935434918009,0.3730110696089939,https://www.npmjs.com/package/@bull-monitor/root
lezer-tree,2022-05-07,This package has been replaced by @lezer/common,0.016316082360157302,1.6531297330318062e-05,0.49436597078296907,https://www.npmjs.com/package/lezer-tree
iscroll,2024-04-02,deprecated,0.016287487519548165,9.776184730162588e-07,0.5791454699919811,https://www.npmjs.com/package/iscroll
@types/cookie,2024-10-29,"This is a stub types definition. cookie provides its own type definitions, so you do not need this installed.",0.016239068738420848,0.008169100449018097,0.36636163103016106,https://www.npmjs.com/package/@types/cookie
heroicons-react,2022-05-04,Official Heroicons V1 released. Please use the following for future projects: https://www.npmjs.com/package/@heroicons/react,0.016165346978920303,3.1038361158728887e-06,0.5079796634124969,https://www.npmjs.com/package/heroicons-react
stylelint-codeguide,2023-12-20,This package has been deprecated in favor of @stylistic/stylelint-plugin,0.01605456112074377,4.3356679862921104e-05,0.4368899237398338,https://www.npmjs.com/package/stylelint-codeguide
payment-icons,2022-06-23,This package is unmaintained,0.01591692331675601,2.8892416402983037e-08,0.569174978781438,https://www.npmjs.com/package/payment-icons
@types/jspdf,2022-06-13,"This is a stub types definition. jspdf provides its own type definitions, so you do not need this installed.",0.01590226346308421,3.7509966889842425e-05,0.626580914931626,https://www.npmjs.com/package/@types/jspdf
text-encoding,2022-06-27,no longer maintained,0.015890505559034398,1.0597476449821642e-05,0.4405397828652151,https://www.npmjs.com/package/text-encoding
@types/faker,2024-10-23,"This is a stub types definition. faker provides its own type definitions, so you do not need this installed.",0.015761818265034866,2.863855826381186e-05,0.6174090071588358,https://www.npmjs.com/package/@types/faker
gatsby-plugin-create-client-paths,2024-11-04,This plugin's functionality is now built-in to Gatsby. Use the File System Route API: https://gatsby.dev/creating-client-only-routes. This package will no longer receive updates.,0.015591671948749664,0.00031149400503893536,0.329464641762675,https://www.npmjs.com/package/gatsby-plugin-create-client-paths
react-fa,2022-06-25,Use https://github.com/FortAwesome/react-fontawesome instead,0.015588769466622576,2.6057577399339192e-05,0.28600993336459235,https://www.npmjs.com/package/react-fa
path-case,2023-09-30,Use `change-case`,0.015512964220044986,3.1066892950052764e-05,0.5538672202439148,https://www.npmjs.com/package/path-case
inflight,2024-05-23,"This module is not supported, and leaks memory. Do not use it. Check out lru-cache if you want a good and tested way to coalesce async requests by a key value, which is much more comprehensive and powerful.",0.01545458309392389,0.00015245578513073553,0.4259007954732842,https://www.npmjs.com/package/inflight
sentence-case,2023-09-30,Use `change-case`,0.015425369987781937,3.4523057283763285e-05,0.5515978375160449,https://www.npmjs.com/package/sentence-case
@types/socket.io,2022-06-13,"This is a stub types definition. socket.io provides its own type definitions, so you do not need this installed.",0.01535744522639615,1.450050427001107e-05,0.46457531745976177,https://www.npmjs.com/package/@types/socket.io
@cypress/xpath,2023-06-01,Package no longer supported. Contact Support at https://www.npmjs.com/support for more info.,0.015335573542865855,9.756088588409668e-22,0.8029155482340578,https://www.npmjs.com/package/@cypress/xpath
@kingshott/iodine,2022-11-04,Please use https://www.npmjs.com/package/@caneara/iodine instead,0.015324372322907138,1.0251720726689894e-05,0.3761578795087308,https://www.npmjs.com/package/@kingshott/iodine
no-case,2023-09-30,Use `change-case`,0.015315330852619206,5.3647260597441794e-11,0.6909718061641978,https://www.npmjs.com/package/no-case
shikiji,2025-02-12,"Deprecated, use shiki instead",0.015290578568050606,0.000871118044861992,0.6487784190301563,https://www.npmjs.com/package/shikiji
req-all,2023-06-17,Renamed to `import-modules`.,0.01522443381225044,6.615204567557095e-05,0.5010436224798345,https://www.npmjs.com/package/req-all
hypernova,2024-11-08,Package no longer supported. Contact Support at https://www.npmjs.com/support for more info.,0.015176729195713223,0.009515268784516414,0.31735988859816067,https://www.npmjs.com/package/hypernova
@types/xml-js,2022-06-13,"This is a stub types definition for xml-js (https://github.com/nashwaan/xml-js). xml-js provides its own type definitions, so you don't need @types/xml-js installed!",0.014976978030204757,0.03184271861673108,0.22349009148451093,https://www.npmjs.com/package/@types/xml-js
@types/json5,2023-07-12,"This is a stub types definition. json5 provides its own type definitions, so you do not need this installed.",0.014955021900980981,2.1262597932750734e-05,0.594260807077039,https://www.npmjs.com/package/@types/json5
constant-case,2023-09-30,Use `change-case`,0.014947877494951144,7.80531347503696e-05,0.5308785223196415,https://www.npmjs.com/package/constant-case
@types/redis,2023-07-16,"This is a stub types definition. redis provides its own type definitions, so you do not need this installed.",0.014945672974314261,3.393701254799631e-05,0.4300905442857511,https://www.npmjs.com/package/@types/redis
expression-eval,2023-06-19,"The expression-eval npm package is no longer maintained. The package was originally published as part of a now-completed personal project, and I do not have incentives to continue maintenance.",0.014834174200876404,0.013471342191220627,0.23719502857796193,https://www.npmjs.com/package/expression-eval
stimulus-rails-autosave,2024-03-23,'stimulus-rails-autosave' is now '@stimulus-components/auto-submit',0.014785963053846385,0.007103360924348853,0.3752040331144326,https://www.npmjs.com/package/stimulus-rails-autosave
@types/react-chartjs-2,2022-06-13,"This is a stub types definition for react-chartjs-2 (https://github.com/gor181/react-chartjs-2). react-chartjs-2 provides its own type definitions, so you don't need @types/react-chartjs-2 installed!",0.014779124802872079,0.002541051319564526,0.3923686610396514,https://www.npmjs.com/package/@types/react-chartjs-2
edgegrid,2022-08-22,Package no longer supported. Plesae use akamai-edgegrid instead.,0.014693920330532573,0.003826798254271547,0.32503651644700016,https://www.npmjs.com/package/edgegrid
D,2022-06-13,Package no longer supported. Contact support@npmjs.com for more info.,0.014631164537732722,9.020897502870696e-06,0.4970684224230689,https://www.npmjs.com/package/D
loadsh,2022-12-13,This is a typosquat on the popular Lodash package. This is not maintained nor is the original Lodash package.,0.014479156265350212,0.017491158567273474,0.34510591188675854,https://www.npmjs.com/package/loadsh
ngx-panzoom,2024-10-05,ngx-panzoom is end of life,0.014440229933506799,0.012560950217762223,0.24310775411884566,https://www.npmjs.com/package/ngx-panzoom
angular-translate-handler-log,2024-01-21,Package no longer supported. Contact Support at https://www.npmjs.com/support for more info.,0.014355861901354485,0.001327045047930566,0.2155667435776426,https://www.npmjs.com/package/angular-translate-handler-log
mdast-util-footnote,2023-08-09,deprecated: use `mdast-util-gfm` instead,0.014337247305022949,0.00019337700118157684,0.5021749618693034,https://www.npmjs.com/package/mdast-util-footnote
@types/react-query,2022-04-07,"This is a stub types definition. react-query provides its own type definitions, so you do not need this installed.",0.014237958670826199,3.783261268623359e-10,0.6106416402614314,https://www.npmjs.com/package/@types/react-query
@darkroom.engineering/tempus,2025-01-20,The '@darkroom.engineering/tempus' package has been renamed to 'tempus'. Please update your dependencies: npm install tempus and visit the documentation: https://www.npmjs.com/package/tempus,0.01417970466731866,1.2423062510118361e-15,0.8190023091103976,https://www.npmjs.com/package/@darkroom.engineering/tempus
@types/react-svg,2022-04-07,"This is a stub types definition. react-svg provides its own type definitions, so you don't need this installed.",0.014080531079711633,0.008832424715155322,0.3086104517509449,https://www.npmjs.com/package/@types/react-svg
highlight,2022-06-18,Not maintained anymore,0.01389127568692583,0.0017158174271224957,0.37536298551153646,https://www.npmjs.com/package/highlight
lower-case,2023-09-30,Use `str.toLocaleLowerCase` or `str.toLowerCase`,0.01383607194504522,5.232812802649661e-09,0.6456841424023095,https://www.npmjs.com/package/lower-case
ts-xlsx,2022-06-27,"since version 0.10.3 of xlsx, it comes with embeded typings",0.013740273372219669,0.02662500921800017,0.2307410691424323,https://www.npmjs.com/package/ts-xlsx
remark-prettier,2023-07-16,Use unified-consistency and unified-prettier instead,0.01360586022332267,0.02756663368419261,0.2662361596789272,https://www.npmjs.com/package/remark-prettier
rollup-plugin-babel-minify,2022-05-16,Please use rollup-plugin-terser instead.,0.013577891029067674,0.04671801544421047,0.21690313548517004,https://www.npmjs.com/package/rollup-plugin-babel-minify
mxgraph,2022-06-20,Package no longer supported. Use at your own risk,0.01353780954888173,1.1532286268982032e-07,0.40524573023192534,https://www.npmjs.com/package/mxgraph
@types/long,2022-08-10,"This is a stub types definition. long provides its own type definitions, so you do not need this installed.",0.013439039007218379,5.7742024502029355e-06,0.6238655841339316,https://www.npmjs.com/package/@types/long
@types/pdfjs-dist,2022-04-07,"This is a stub types definition. pdfjs-dist provides its own type definitions, so you do not need this installed.",0.013267490050752343,2.8773450909870726e-09,0.6151267100456561,https://www.npmjs.com/package/@types/pdfjs-dist
@types/socket.io-client,2022-06-13,"This is a stub types definition. socket.io-client provides its own type definitions, so you do not need this installed.",0.013148839699358724,2.237427858893627e-12,0.6015178178161469,https://www.npmjs.com/package/@types/socket.io-client
trim-right,2022-06-27,Deprecated. Use `String#trimEnd()` instead.,0.013049302318671074,2.1561146983726502e-11,0.5266156851459866,https://www.npmjs.com/package/trim-right
@types/redux,2022-06-13,"This is a stub types definition for Redux (https://github.com/reactjs/redux). Redux provides its own type definitions, so you don't need @types/redux installed!",0.013040892856803099,0.00045775953416502733,0.4424374453040891,https://www.npmjs.com/package/@types/redux
pygmentize-bundled,2022-06-25,no longer maintained,0.012986966746096713,0.0008654730260396388,0.28277250804071596,https://www.npmjs.com/package/pygmentize-bundled
react-pdf-js,2022-06-26,Please move to our namespaced package at @mikecousins/react-pdf,0.012969799098763446,0.001223738685416695,0.40497251049622496,https://www.npmjs.com/package/react-pdf-js
@types/nouislider,2022-06-13,"This is a stub types definition. nouislider provides its own type definitions, so you do not need this installed.",0.012754064547253807,0.0007279028151412031,0.31662773615058826,https://www.npmjs.com/package/@types/nouislider
pascal-case,2023-09-30,Use `change-case`,0.012561619867482653,1.1189505301708527e-05,0.5388985384160234,https://www.npmjs.com/package/pascal-case
@types/prosemirror-keymap,2022-10-26,"This is a stub types definition. prosemirror-keymap provides its own type definitions, so you do not need this installed.",0.01255269412316988,0.03178780294821658,0.29273279654284223,https://www.npmjs.com/package/@types/prosemirror-keymap
@types/gapi.client.discovery,2023-03-15,use @types/gapi.client.discovery-v1 instead; see https://github.com/Maxim-Mazurok/google-api-typings-generator/issues/652 for details,0.012540737768137078,0.04813768626124851,0.21803290830364397,https://www.npmjs.com/package/@types/gapi.client.discovery
@types/strip-bom,2022-06-13,"This is a stub types definition. strip-bom provides its own type definitions, so you do not need this installed.",0.012535784383005465,7.237257375436495e-05,0.4541843018418298,https://www.npmjs.com/package/@types/strip-bom
@material/mwc-radio,2024-04-04,MWC beta is longer supported. Please upgrade to @material/web,0.012525800689157221,0.0033809674606026965,0.2599452375629303,https://www.npmjs.com/package/@material/mwc-radio
@types/strip-json-comments,2023-07-12,"This is a stub types definition. strip-json-comments provides its own type definitions, so you do not need this installed.",0.012525621633331801,0.00010357735899124854,0.4516486380080531,https://www.npmjs.com/package/@types/strip-json-comments
azure-storage,2022-06-13,"Please note: newer packages @azure/storage-blob, @azure/storage-queue and @azure/storage-file are available as of November 2019 and @azure/data-tables is available as of June 2021. While the legacy azure-storage package will continue to receive critical bug fixes, we strongly encourage you to upgrade. Migration guide can be found: https://github.com/Azure/azure-sdk-for-js/blob/main/sdk/storage/MigrationGuide.md",0.012436911704639508,0.01130019744245708,0.359602274101407,https://www.npmjs.com/package/azure-storage
multiaddr,2022-11-28,"This module is deprecated, please upgrade to @multiformats/multiaddr",0.012429473866195232,0.010592083997698138,0.3623795694075179,https://www.npmjs.com/package/multiaddr
@types/i18next-browser-languagedetector,2022-06-13,"This is a stub types definition. i18next-browser-languagedetector provides its own type definitions, so you do not need this installed.",0.012319309576697598,0.0019444497969981934,0.43686524945639427,https://www.npmjs.com/package/@types/i18next-browser-languagedetector
azure,2022-06-13,Superceded by the Azure SDK for JS; details https://github.com/azure/azure-sdk-for-node#announcing-the-new-azure-sdk-for-javascript,0.012310613980132362,0.02234971822145181,0.3056732371094706,https://www.npmjs.com/package/azure
@aws-sdk/util-base64-browser,2025-03-27,The package @aws-sdk/util-base64-browser has been renamed to @aws-sdk/util-base64. Please install the renamed package.,0.012256531086134004,3.820187903435998e-15,0.9114919838512868,https://www.npmjs.com/package/@aws-sdk/util-base64-browser
grunt-lib-contrib,2022-06-18,DEPRECATED. See readme: https://github.com/gruntjs/grunt-lib-contrib,0.012118536108277678,0.012947114997436747,0.23067141150162507,https://www.npmjs.com/package/grunt-lib-contrib
@aws-sdk/util-base64-node,2025-03-27,The package @aws-sdk/util-base64-node has been renamed to @aws-sdk/util-base64. Please install the renamed package.,0.01205833138858825,6.454834566677117e-09,0.8488380256313142,https://www.npmjs.com/package/@aws-sdk/util-base64-node
rollup-plugin-typescript,2022-06-26,This package has been deprecated and is no longer maintained. Please use @rollup/plugin-typescript.,0.012014036236114634,0.043887329732559,0.3210428777495239,https://www.npmjs.com/package/rollup-plugin-typescript
@types/prosemirror-commands,2022-10-26,"This is a stub types definition. prosemirror-commands provides its own type definitions, so you do not need this installed.",0.01191807597693011,0.024336375578904935,0.32722885215961395,https://www.npmjs.com/package/@types/prosemirror-commands
gherkin-assembler,2022-06-18,Use gherking@2.0.0,0.011794762069918086,0.016726977978635614,0.27110717774886295,https://www.npmjs.com/package/gherkin-assembler
string-similarity,2023-05-01,Package no longer supported. Contact Support at https://www.npmjs.com/support for more info.,0.011732786583761867,0.008121053354070713,0.24511892605145424,https://www.npmjs.com/package/string-similarity
photo-sphere-viewer,2022-12-18,"Use @photo-sphere-viewer/core instead, see https://photo-sphere-viewer.js.org/guide/migration.html",0.011606037715641948,0.019069646105738778,0.2601568602710489,https://www.npmjs.com/package/photo-sphere-viewer
@types/credit-card-type,2024-10-23,"This is a stub types definition. credit-card-type provides its own type definitions, so you do not need this installed.",0.01148039502655629,3.614263256668595e-05,0.5006197573317557,https://www.npmjs.com/package/@types/credit-card-type
mimic-fn,2023-11-05,Renamed to mimic-function,0.01122242381986806,3.907020026292509e-05,0.5075723839016199,https://www.npmjs.com/package/mimic-fn
@sinonjs/formatio,2022-04-06,This package is no longer maintained,0.010937683533612241,0.0038477081099986188,0.39537057760806793,https://www.npmjs.com/package/@sinonjs/formatio
path-is-absolute,2023-07-21,This package is no longer relevant as Node.js 0.12 is unmaintained.,0.010924045007476456,0.00030825903901423674,0.4853076086688054,https://www.npmjs.com/package/path-is-absolute
@motionone/vue,2024-01-19,Motion One for Vue is deprecated. Use Oku Motion instead https://oku-ui.com/motion,0.010885410165397402,8.908291731422548e-07,0.5855081301759834,https://www.npmjs.com/package/@motionone/vue
@types/react-content-loader,2022-04-07,"This is a stub types definition. react-content-loader provides its own type definitions, so you do not need this installed.",0.010686518522286803,0.0026861735526575526,0.2850326148995157,https://www.npmjs.com/package/@types/react-content-loader
cypress-xpath,2022-10-13,Package no longer supported. Contact Support at https://www.npmjs.com/support for more info.,0.010553791259574508,2.9182361991549854e-14,0.6976915157020007,https://www.npmjs.com/package/cypress-xpath
@react-native-community/art,2025-03-05,"If you need a similar package, please consider using react-native-svg or @shopify/react-native-skia",0.010516083263588882,0.037288367263231106,0.41957159647359443,https://www.npmjs.com/package/@react-native-community/art
camel-case,2023-09-30,Use `change-case`,0.010249626551247308,0.0004277285686810449,0.43850644390693716,https://www.npmjs.com/package/camel-case
multibase,2022-06-20,This module has been superseded by the multiformats module,0.010135106144946282,0.007129218711917932,0.35604164365581537,https://www.npmjs.com/package/multibase
@types/json-stable-stringify,2025-01-28,"This is a stub types definition. json-stable-stringify provides its own type definitions, so you do not need this installed.",0.010107671211765807,1.397313965187325e-06,0.7951125008799391,https://www.npmjs.com/package/@types/json-stable-stringify
upper-case,2023-09-30,Use `str.toLocaleUpperCase` or `str.toUpperCase`,0.009856726259731484,0.004862389969561288,0.36108809400340547,https://www.npmjs.com/package/upper-case
system-components,2022-05-19,system-components has been renamed to @rebass/components,0.009830175495557147,0.0020715186136249105,0.33262391724787244,https://www.npmjs.com/package/system-components
@babel/polyfill,2022-06-12,🚨 This package has been deprecated in favor of separate inclusion of a polyfill and regenerator-runtime (when needed). See the @babel/polyfill docs (https://babeljs.io/docs/en/babel-polyfill) for more information.,0.00978918380890903,0.0032634554426032125,0.27153640151205827,https://www.npmjs.com/package/@babel/polyfill
tslint-react,2022-06-27,tslint-react is deprecated along with TSLint,0.009788412444985184,2.9412582578533857e-10,0.457905796322992,https://www.npmjs.com/package/tslint-react
@types/jszip,2022-06-13,"This is a stub types definition. jszip provides its own type definitions, so you do not need this installed.",0.009734908476850795,0.011408193630409761,0.34104536432132915,https://www.npmjs.com/package/@types/jszip
@types/mem,2022-06-13,"This is a stub types definition. mem provides its own type definitions, so you do not need this installed.",0.009559495831228825,0.03623236743818667,0.12820557077706962,https://www.npmjs.com/package/@types/mem
@types/sharp,2023-04-26,"This is a stub types definition. sharp provides its own type definitions, so you do not need this installed.",0.009538645870404188,0.00506502948583444,0.36245325073847046,https://www.npmjs.com/package/@types/sharp
param-case,2023-09-30,Use `change-case`,0.009458729331627908,0.0028079401437090005,0.38353530504834055,https://www.npmjs.com/package/param-case
filesaver.js,2022-06-18,Unmaintained namespace. Please use the file-saver package: https://www.npmjs.com/package/file-saver,0.009279551588534218,0.0447066286405111,0.23021764992260196,https://www.npmjs.com/package/filesaver.js
lolex,2022-06-19,lolex has been renamed to @sinonjs/fake-timers. No API changes made. Please use the new package instead,0.009199113498085748,0.016767591739274744,0.332552979211979,https://www.npmjs.com/package/lolex
gulp-foreach,2022-06-18,"Either use gulp-tap or gulp-flatmap, depending on your needs",0.009126126215927233,0.006617863390714292,0.2853690278869937,https://www.npmjs.com/package/gulp-foreach
cids,2022-06-13,This module has been superseded by the multiformats module,0.009013082922039839,0.021078357166035976,0.2973079083639685,https://www.npmjs.com/package/cids
@types/promises-a-plus,2022-06-13,Use '--lib es6' to get Promise types.,0.008865804022750112,0.025505514057309612,0.12020272677598831,https://www.npmjs.com/package/@types/promises-a-plus
electron-releases,2023-04-21,"this package is no longer updated, please fetch version information from https://releases.electronjs.org/releases.json instead",0.008772198496040112,0.009306766864280641,0.21402926409031608,https://www.npmjs.com/package/electron-releases
@types/csrf,2024-10-23,"This is a stub types definition. csrf provides its own type definitions, so you do not need this installed.",0.008749489319167563,0.02725381357425367,0.44047563376156373,https://www.npmjs.com/package/@types/csrf
@babel/plugin-proposal-private-property-in-object,2023-09-02,This proposal has been merged to the ECMAScript standard and thus this plugin is no longer maintained. Please use @babel/plugin-transform-private-property-in-object instead.,0.008492008260498793,0.0045802694021350255,0.34953564749407406,https://www.npmjs.com/package/@babel/plugin-proposal-private-property-in-object
coffee-script,2023-08-27,"CoffeeScript on NPM has moved to ""coffeescript"" (no hyphen)",0.008378719452015192,0.02310680497406511,0.20967738350646858,https://www.npmjs.com/package/coffee-script
@types/mime,2024-03-31,"This is a stub types definition. mime provides its own type definitions, so you do not need this installed.",0.008232019253037626,0.01586956188072461,0.24494627682550774,https://www.npmjs.com/package/@types/mime
highcharts-accessibility,2022-06-18,"this package has been deprecated, just import modules from the highcharts folder",0.008101969849308832,0.0007422917973203917,0.3203473699408207,https://www.npmjs.com/package/highcharts-accessibility
@types/prosemirror-collab,2022-10-26,"This is a stub types definition. prosemirror-collab provides its own type definitions, so you do not need this installed.",0.008073133836207669,0.038231549491601347,0.17024076376428365,https://www.npmjs.com/package/@types/prosemirror-collab
babel-preset-latest,2022-06-13,"We're super 😸  excited that you're trying to use ES2017+ syntax, but instead of making more yearly presets 😭 , Babel now has a better preset that we recommend you use instead: npm install babel-preset-env --save-dev. preset-env without options will compile ES2015+ down to ES5 just like using all the presets together and thus is more future proof. It also allows you to target specific browsers so that Babel can do less work and you can ship native ES2015+ to user 😎 ! We are also in the process of releasing v7, so please give http://babeljs.io/blog/2017/09/12/planning-for-7.0 a read and help test it out in beta! Thanks so much for using Babel 🙏, please give us a follow on Twitter @babeljs for news on Babel, join slack.babeljs.io for discussion/development and help support the project at opencollective.com/babel",0.007802180832278627,0.03139969336705044,0.18272538570422137,https://www.npmjs.com/package/babel-preset-latest
@types/react-dropzone,2022-06-13,"This is a stub types definition. react-dropzone provides its own type definitions, so you do not need this installed.",0.007398454095959073,0.011660185057018746,0.13618009287346655,https://www.npmjs.com/package/@types/react-dropzone
@types/memoize-one,2022-04-07,"This is a stub types definition. memoize-one provides its own type definitions, so you do not need this installed.",0.007319776114641731,0.028658578591856852,0.1521177180641412,https://www.npmjs.com/package/@types/memoize-one
@types/sweetalert,2022-06-13,"This is a stub types definition for SweetAlert (https://github.com/t4t5/sweetalert/). SweetAlert provides its own type definitions, so you don't need @types/sweetalert installed!",0.006691305719484671,0.03140400392545107,0.2150152293798785,https://www.npmjs.com/package/@types/sweetalert
@types/ioredis,2022-10-26,"This is a stub types definition. ioredis provides its own type definitions, so you do not need this installed.",0.006631251162353746,0.0402139043997987,0.1633465570158421,https://www.npmjs.com/package/@types/ioredis
viewport-mercator-project,2024-04-25,Package no longer supported. Contact Support at https://www.npmjs.com/support for more info.,0.006228639818176985,0.03255499094194904,0.1888669161825821,https://www.npmjs.com/package/viewport-mercator-project
@types/dompurify,2024-11-19,"This is a stub types definition. dompurify provides its own type definitions, so you do not need this installed.",0.0061171850937786765,0.021815417674520155,0.2868824342820334,https://www.npmjs.com/package/@types/dompurify
@types/p-limit,2022-04-07,"This is a stub types definition. p-limit provides its own type definitions, so you do not need this installed.",0.005616370839963081,0.00011967226238948784,0.3101720316215115,https://www.npmjs.com/package/@types/p-limit
pkg-up,2023-11-04,Renamed to package-up,0.0051517408531832065,0.0433847638012422,0.26311565384160696,https://www.npmjs.com/package/pkg-up
lodash.now,2022-06-19,This package is deprecated. Use Date.now.,0.005053352844865577,0.00011745194586521971,0.18906671655086438,https://www.npmjs.com/package/lodash.now
@types/pg-query-stream,2022-06-13,"This is a stub types definition. pg-query-stream provides its own type definitions, so you do not need this installed.",0.003945351956268924,0.027210816824802798,0.15318455650838314,https://www.npmjs.com/package/@types/pg-query-stream
@types/moment,2022-06-13,"This is a stub types definition for Moment (https://github.com/moment/moment). Moment provides its own type definitions, so you don't need @types/moment installed!",0.003004548999716952,0.015507042217108033,0.13430377403333804,https://www.npmjs.com/package/@types/moment
@manifoldco/swagger-to-ts,2022-04-06,This package has changed to openapi-typescript,0.0026533480158836276,0.019165783393282655,0.21557370402644604,https://www.npmjs.com/package/@manifoldco/swagger-to-ts
