package_name,last_month_downloads,npm_url
mimic-fn,378648633,https://www.npmjs.com/package/mimic-fn
pkg-dir,351580236,https://www.npmjs.com/package/pkg-dir
inflight,285602406,https://www.npmjs.com/package/inflight
path-is-absolute,283899721,https://www.npmjs.com/package/path-is-absolute
read-pkg-up,201616573,https://www.npmjs.com/package/read-pkg-up
find-cache-dir,193271505,https://www.npmjs.com/package/find-cache-dir
@humanwhocodes/config-array,153278607,https://www.npmjs.com/package/@humanwhocodes/config-array
@humanwhocodes/object-schema,147131766,https://www.npmjs.com/package/@humanwhocodes/object-schema
os-tmpdir,146731907,https://www.npmjs.com/package/os-tmpdir
@types/mime,127143017,https://www.npmjs.com/package/@types/mime
@types/json5,124837464,https://www.npmjs.com/package/@types/json5
lower-case,119788247,https://www.npmjs.com/package/lower-case
@babel/plugin-proposal-private-property-in-object,118694605,https://www.npmjs.com/package/@babel/plugin-proposal-private-property-in-object
no-case,117972836,https://www.npmjs.com/package/no-case
p-finally,116497387,https://www.npmjs.com/package/p-finally
domexception,112154547,https://www.npmjs.com/package/domexception
@types/parse-json,109570131,https://www.npmjs.com/package/@types/parse-json
abab,109276795,https://www.npmjs.com/package/abab
camel-case,98645267,https://www.npmjs.com/package/camel-case
gauge,95542610,https://www.npmjs.com/package/gauge
npmlog,95079679,https://www.npmjs.com/package/npmlog
are-we-there-yet,94689143,https://www.npmjs.com/package/are-we-there-yet
@types/minimatch,93417600,https://www.npmjs.com/package/@types/minimatch
param-case,93409040,https://www.npmjs.com/package/param-case
dot-case,93020792,https://www.npmjs.com/package/dot-case
source-map-resolve,85826321,https://www.npmjs.com/package/source-map-resolve
pascal-case,84501515,https://www.npmjs.com/package/pascal-case
@babel/plugin-proposal-class-properties,84436472,https://www.npmjs.com/package/@babel/plugin-proposal-class-properties
request,82831509,https://www.npmjs.com/package/request
har-validator,81553276,https://www.npmjs.com/package/har-validator
querystring,80866746,https://www.npmjs.com/package/querystring
@types/glob,78958938,https://www.npmjs.com/package/@types/glob
@babel/plugin-proposal-object-rest-spread,77116410,https://www.npmjs.com/package/@babel/plugin-proposal-object-rest-spread
global-dirs,76701132,https://www.npmjs.com/package/global-dirs
jest-serializer,73765457,https://www.npmjs.com/package/jest-serializer
source-map-url,72614573,https://www.npmjs.com/package/source-map-url
@types/prettier,72551171,https://www.npmjs.com/package/@types/prettier
lodash.get,72353498,https://www.npmjs.com/package/lodash.get
strip-eof,71197835,https://www.npmjs.com/package/strip-eof
resolve-url,70393672,https://www.npmjs.com/package/resolve-url
urix,70228215,https://www.npmjs.com/package/urix
@babel/plugin-proposal-optional-chaining,68199249,https://www.npmjs.com/package/@babel/plugin-proposal-optional-chaining
q,66816519,https://www.npmjs.com/package/q
@babel/plugin-proposal-nullish-coalescing-operator,65621716,https://www.npmjs.com/package/@babel/plugin-proposal-nullish-coalescing-operator
w3c-hr-time,63378357,https://www.npmjs.com/package/w3c-hr-time
lodash.isequal,57691235,https://www.npmjs.com/package/lodash.isequal
@babel/plugin-proposal-numeric-separator,57488373,https://www.npmjs.com/package/@babel/plugin-proposal-numeric-separator
number-is-nan,56504057,https://www.npmjs.com/package/number-is-nan
snake-case,55366160,https://www.npmjs.com/package/snake-case
@babel/plugin-proposal-private-methods,55308289,https://www.npmjs.com/package/@babel/plugin-proposal-private-methods
@types/cookie,54454747,https://www.npmjs.com/package/@types/cookie
code-point-at,53057783,https://www.npmjs.com/package/code-point-at
os-homedir,52691692,https://www.npmjs.com/package/os-homedir
pkg-up,51741746,https://www.npmjs.com/package/pkg-up
upper-case,51304400,https://www.npmjs.com/package/upper-case
node-domexception,50909690,https://www.npmjs.com/package/node-domexception
@babel/plugin-proposal-async-generator-functions,50069359,https://www.npmjs.com/package/@babel/plugin-proposal-async-generator-functions
@babel/plugin-proposal-unicode-property-regex,49341354,https://www.npmjs.com/package/@babel/plugin-proposal-unicode-property-regex
stable,48908754,https://www.npmjs.com/package/stable
@npmcli/move-file,48403884,https://www.npmjs.com/package/@npmcli/move-file
@babel/plugin-proposal-optional-catch-binding,48192829,https://www.npmjs.com/package/@babel/plugin-proposal-optional-catch-binding
sourcemap-codec,47778332,https://www.npmjs.com/package/sourcemap-codec
@types/long,45137129,https://www.npmjs.com/package/@types/long
@babel/plugin-proposal-json-strings,44334314,https://www.npmjs.com/package/@babel/plugin-proposal-json-strings
@babel/plugin-proposal-dynamic-import,42606055,https://www.npmjs.com/package/@babel/plugin-proposal-dynamic-import
@types/keyv,41249353,https://www.npmjs.com/package/@types/keyv
upper-case-first,40298130,https://www.npmjs.com/package/upper-case-first
acorn-import-assertions,39954395,https://www.npmjs.com/package/acorn-import-assertions
@babel/plugin-proposal-export-namespace-from,38803288,https://www.npmjs.com/package/@babel/plugin-proposal-export-namespace-from
@babel/plugin-proposal-logical-assignment-operators,37891580,https://www.npmjs.com/package/@babel/plugin-proposal-logical-assignment-operators
@types/cacheable-request,37363969,https://www.npmjs.com/package/@types/cacheable-request
constant-case,35859639,https://www.npmjs.com/package/constant-case
sentence-case,35797987,https://www.npmjs.com/package/sentence-case
path-case,35303345,https://www.npmjs.com/package/path-case
mem,35196227,https://www.npmjs.com/package/mem
is-finite,34520914,https://www.npmjs.com/package/is-finite
header-case,34253898,https://www.npmjs.com/package/header-case
read-package-json,31614772,https://www.npmjs.com/package/read-package-json
capital-case,30293833,https://www.npmjs.com/package/capital-case
term-size,29846480,https://www.npmjs.com/package/term-size
fs-write-stream-atomic,29335394,https://www.npmjs.com/package/fs-write-stream-atomic
move-concurrently,29216955,https://www.npmjs.com/package/move-concurrently
figgy-pudding,28934394,https://www.npmjs.com/package/figgy-pudding
copy-concurrently,28913001,https://www.npmjs.com/package/copy-concurrently
request-promise-native,28701396,https://www.npmjs.com/package/request-promise-native
@babel/plugin-proposal-class-static-block,27777496,https://www.npmjs.com/package/@babel/plugin-proposal-class-static-block
@types/testing-library__jest-dom,26415648,https://www.npmjs.com/package/@types/testing-library__jest-dom
lodash.template,26260406,https://www.npmjs.com/package/lodash.template
osenv,26108715,https://www.npmjs.com/package/osenv
opn,25644787,https://www.npmjs.com/package/opn
is-upper-case,24056871,https://www.npmjs.com/package/is-upper-case
is-lower-case,24053685,https://www.npmjs.com/package/is-lower-case
babel-eslint,23832342,https://www.npmjs.com/package/babel-eslint
lower-case-first,22984872,https://www.npmjs.com/package/lower-case-first
rollup-plugin-terser,22964277,https://www.npmjs.com/package/rollup-plugin-terser
fstream,22182158,https://www.npmjs.com/package/fstream
popper.js,20677414,https://www.npmjs.com/package/popper.js
google-p12-pem,20585495,https://www.npmjs.com/package/google-p12-pem
@types/history,20547834,https://www.npmjs.com/package/@types/history
pkg-conf,20047218,https://www.npmjs.com/package/pkg-conf
trim-right,19222160,https://www.npmjs.com/package/trim-right
debuglog,17676680,https://www.npmjs.com/package/debuglog
@types/parse5,17666438,https://www.npmjs.com/package/@types/parse5
lolex,16756297,https://www.npmjs.com/package/lolex
@types/tedious,16516525,https://www.npmjs.com/package/@types/tedious
@aws-sdk/protocol-http,16431517,https://www.npmjs.com/package/@aws-sdk/protocol-http
readdir-scoped-modules,16315835,https://www.npmjs.com/package/readdir-scoped-modules
@mui/base,15389583,https://www.npmjs.com/package/@mui/base
@aws-sdk/signature-v4,15273903,https://www.npmjs.com/package/@aws-sdk/signature-v4
trim,14525423,https://www.npmjs.com/package/trim
boolean,14342656,https://www.npmjs.com/package/boolean
abstract-leveldown,13984007,https://www.npmjs.com/package/abstract-leveldown
flatten,13917640,https://www.npmjs.com/package/flatten
@aws-sdk/property-provider,13737296,https://www.npmjs.com/package/@aws-sdk/property-provider
hoek,13701769,https://www.npmjs.com/package/hoek
sudo-prompt,13678656,https://www.npmjs.com/package/sudo-prompt
@types/wrap-ansi,13416561,https://www.npmjs.com/package/@types/wrap-ansi
cp-file,13393181,https://www.npmjs.com/package/cp-file
@aws-sdk/util-hex-encoding,13247614,https://www.npmjs.com/package/@aws-sdk/util-hex-encoding
user-home,13247484,https://www.npmjs.com/package/user-home
@aws-sdk/is-array-buffer,13237348,https://www.npmjs.com/package/@aws-sdk/is-array-buffer
@aws-sdk/node-http-handler,13014199,https://www.npmjs.com/package/@aws-sdk/node-http-handler
realpath-native,12936205,https://www.npmjs.com/package/realpath-native
@aws-sdk/util-uri-escape,12524622,https://www.npmjs.com/package/@aws-sdk/util-uri-escape
@aws-sdk/smithy-client,12384016,https://www.npmjs.com/package/@aws-sdk/smithy-client
@hapi/joi,12363449,https://www.npmjs.com/package/@hapi/joi
lodash.isarray,12348240,https://www.npmjs.com/package/lodash.isarray
@aws-sdk/shared-ini-file-loader,12306778,https://www.npmjs.com/package/@aws-sdk/shared-ini-file-loader
bin-version-check,12151609,https://www.npmjs.com/package/bin-version-check
@aws-sdk/middleware-retry,12119892,https://www.npmjs.com/package/@aws-sdk/middleware-retry
bin-version,12111585,https://www.npmjs.com/package/bin-version
@aws-sdk/abort-controller,12089417,https://www.npmjs.com/package/@aws-sdk/abort-controller
@aws-sdk/util-buffer-from,12073424,https://www.npmjs.com/package/@aws-sdk/util-buffer-from
remark-slug,11913985,https://www.npmjs.com/package/remark-slug
@aws-sdk/config-resolver,11871162,https://www.npmjs.com/package/@aws-sdk/config-resolver
@aws-sdk/querystring-builder,11868306,https://www.npmjs.com/package/@aws-sdk/querystring-builder
lodash.pick,11711839,https://www.npmjs.com/package/lodash.pick
tslint,11686430,https://www.npmjs.com/package/tslint
@aws-sdk/node-config-provider,11603102,https://www.npmjs.com/package/@aws-sdk/node-config-provider
@aws-sdk/querystring-parser,11579320,https://www.npmjs.com/package/@aws-sdk/querystring-parser
@aws-sdk/credential-provider-imds,11531406,https://www.npmjs.com/package/@aws-sdk/credential-provider-imds
@aws-sdk/url-parser,11356243,https://www.npmjs.com/package/@aws-sdk/url-parser
@aws-sdk/middleware-stack,11249105,https://www.npmjs.com/package/@aws-sdk/middleware-stack
@aws-sdk/service-error-classification,11243023,https://www.npmjs.com/package/@aws-sdk/service-error-classification
remark-external-links,11185150,https://www.npmjs.com/package/remark-external-links
@aws-sdk/fetch-http-handler,11140478,https://www.npmjs.com/package/@aws-sdk/fetch-http-handler
@aws-sdk/hash-node,11133324,https://www.npmjs.com/package/@aws-sdk/hash-node
@types/rimraf,11005088,https://www.npmjs.com/package/@types/rimraf
@aws-sdk/middleware-serde,10996118,https://www.npmjs.com/package/@aws-sdk/middleware-serde
lodash.omit,10840608,https://www.npmjs.com/package/lodash.omit
@aws-sdk/middleware-content-length,10699946,https://www.npmjs.com/package/@aws-sdk/middleware-content-length
@types/strip-json-comments,10689598,https://www.npmjs.com/package/@types/strip-json-comments
@aws-sdk/invalid-dependency,10669627,https://www.npmjs.com/package/@aws-sdk/invalid-dependency
write-pkg,10650589,https://www.npmjs.com/package/write-pkg
boom,10615381,https://www.npmjs.com/package/boom
unzip-response,10581310,https://www.npmjs.com/package/unzip-response
@aws-sdk/util-body-length-node,10315421,https://www.npmjs.com/package/@aws-sdk/util-body-length-node
@aws-sdk/util-body-length-browser,10282622,https://www.npmjs.com/package/@aws-sdk/util-body-length-browser
@types/strip-bom,10276468,https://www.npmjs.com/package/@types/strip-bom
hast-to-hyperscript,10054114,https://www.npmjs.com/package/hast-to-hyperscript
@types/eslint-visitor-keys,9726787,https://www.npmjs.com/package/@types/eslint-visitor-keys
circular-json,9719899,https://www.npmjs.com/package/circular-json
remark-footnotes,9596549,https://www.npmjs.com/package/remark-footnotes
left-pad,9235519,https://www.npmjs.com/package/left-pad
critters,8970942,https://www.npmjs.com/package/critters
@types/lru-cache,8721886,https://www.npmjs.com/package/@types/lru-cache
@babel/polyfill,8643348,https://www.npmjs.com/package/@babel/polyfill
@types/cheerio,8601740,https://www.npmjs.com/package/@types/cheerio
@types/json-stable-stringify,8565402,https://www.npmjs.com/package/@types/json-stable-stringify
@mdx-js/util,8536090,https://www.npmjs.com/package/@mdx-js/util
@types/dompurify,8521550,https://www.npmjs.com/package/@types/dompurify
@sinonjs/formatio,8286236,https://www.npmjs.com/package/@sinonjs/formatio
babel-plugin-apply-mdx-type-prop,8036240,https://www.npmjs.com/package/babel-plugin-apply-mdx-type-prop
babel-plugin-extract-import-names,8030628,https://www.npmjs.com/package/babel-plugin-extract-import-names
subscriptions-transport-ws,8014868,https://www.npmjs.com/package/subscriptions-transport-ws
@oclif/config,7884851,https://www.npmjs.com/package/@oclif/config
@types/acorn,7858397,https://www.npmjs.com/package/@types/acorn
create-react-class,7719904,https://www.npmjs.com/package/create-react-class
require-uncached,7619919,https://www.npmjs.com/package/require-uncached
react-beautiful-dnd,7583318,https://www.npmjs.com/package/react-beautiful-dnd
read-package-tree,7564039,https://www.npmjs.com/package/read-package-tree
string-similarity,7520806,https://www.npmjs.com/package/string-similarity
@types/find-cache-dir,7436588,https://www.npmjs.com/package/@types/find-cache-dir
cryptiles,7384724,https://www.npmjs.com/package/cryptiles
mini-create-react-context,7303698,https://www.npmjs.com/package/mini-create-react-context
@types/mkdirp,7286955,https://www.npmjs.com/package/@types/mkdirp
eslint-plugin-standard,7245228,https://www.npmjs.com/package/eslint-plugin-standard
airbnb-prop-types,7128077,https://www.npmjs.com/package/airbnb-prop-types
multibase,7075895,https://www.npmjs.com/package/multibase
@aws-sdk/util-base64-browser,6987093,https://www.npmjs.com/package/@aws-sdk/util-base64-browser
@aws-sdk/util-base64-node,6976926,https://www.npmjs.com/package/@aws-sdk/util-base64-node
uid-number,6976840,https://www.npmjs.com/package/uid-number
sntp,6976498,https://www.npmjs.com/package/sntp
levelup,6931714,https://www.npmjs.com/package/levelup
deferred-leveldown,6904993,https://www.npmjs.com/package/deferred-leveldown
node-sass,6816150,https://www.npmjs.com/package/node-sass
@aws-sdk/util-middleware,6810424,https://www.npmjs.com/package/@aws-sdk/util-middleware
@types/ioredis,6695365,https://www.npmjs.com/package/@types/ioredis
@aws-sdk/util-defaults-mode-node,6495385,https://www.npmjs.com/package/@aws-sdk/util-defaults-mode-node
request-promise,6476908,https://www.npmjs.com/package/request-promise
acorn-dynamic-import,6457726,https://www.npmjs.com/package/acorn-dynamic-import
@aws-sdk/util-defaults-mode-browser,6449806,https://www.npmjs.com/package/@aws-sdk/util-defaults-mode-browser
@types/detect-port,6420054,https://www.npmjs.com/package/@types/detect-port
@types/anymatch,6319230,https://www.npmjs.com/package/@types/anymatch
level-errors,6287918,https://www.npmjs.com/package/level-errors
@aws-sdk/util-config-provider,6274670,https://www.npmjs.com/package/@aws-sdk/util-config-provider
@types/form-data,6260222,https://www.npmjs.com/package/@types/form-data
multicodec,6219611,https://www.npmjs.com/package/multicodec
eslint-loader,6193738,https://www.npmjs.com/package/eslint-loader
node-pre-gyp,6183335,https://www.npmjs.com/package/node-pre-gyp
@oclif/errors,6084540,https://www.npmjs.com/package/@oclif/errors
@types/diff,5988632,https://www.npmjs.com/package/@types/diff
crypto,5971240,https://www.npmjs.com/package/crypto
apollo-server-env,5965827,https://www.npmjs.com/package/apollo-server-env
@storybook/testing-library,5859332,https://www.npmjs.com/package/@storybook/testing-library
yaeti,5821533,https://www.npmjs.com/package/yaeti
@esbuild-kit/core-utils,5818962,https://www.npmjs.com/package/@esbuild-kit/core-utils
@esbuild-kit/esm-loader,5713799,https://www.npmjs.com/package/@esbuild-kit/esm-loader
@material-ui/core,5627420,https://www.npmjs.com/package/@material-ui/core
@azure/core-http,5618411,https://www.npmjs.com/package/@azure/core-http
@types/react-native,5595670,https://www.npmjs.com/package/@types/react-native
@types/datadog-metrics,5529379,https://www.npmjs.com/package/@types/datadog-metrics
vm2,5513265,https://www.npmjs.com/package/vm2
intl-messageformat-parser,5490305,https://www.npmjs.com/package/intl-messageformat-parser
level-codec,5456756,https://www.npmjs.com/package/level-codec
stringify-package,5454985,https://www.npmjs.com/package/stringify-package
uuid-browser,5416331,https://www.npmjs.com/package/uuid-browser
@material-ui/styles,5341683,https://www.npmjs.com/package/@material-ui/styles
apollo-server-types,5293336,https://www.npmjs.com/package/apollo-server-types
lodash.clone,5289769,https://www.npmjs.com/package/lodash.clone
rollup-plugin-babel,5244697,https://www.npmjs.com/package/rollup-plugin-babel
mkdirp-promise,5178356,https://www.npmjs.com/package/mkdirp-promise
@oclif/screen,5150938,https://www.npmjs.com/package/@oclif/screen
apollo-datasource,5136604,https://www.npmjs.com/package/apollo-datasource
apollo-server-errors,5087221,https://www.npmjs.com/package/apollo-server-errors
@aws-sdk/util-waiter,5065786,https://www.npmjs.com/package/@aws-sdk/util-waiter
uglify-es,5038539,https://www.npmjs.com/package/uglify-es
json-schema-ref-parser,5011742,https://www.npmjs.com/package/json-schema-ref-parser
@types/is-stream,4979193,https://www.npmjs.com/package/@types/is-stream
@types/classnames,4886277,https://www.npmjs.com/package/@types/classnames
memdown,4852436,https://www.npmjs.com/package/memdown
node-fetch-npm,4828223,https://www.npmjs.com/package/node-fetch-npm
npm-lifecycle,4818729,https://www.npmjs.com/package/npm-lifecycle
apollo-reporting-protobuf,4799978,https://www.npmjs.com/package/apollo-reporting-protobuf
istanbul,4780328,https://www.npmjs.com/package/istanbul
babel-preset-es2015,4740384,https://www.npmjs.com/package/babel-preset-es2015
@types/expect,4725017,https://www.npmjs.com/package/@types/expect
read-installed,4693513,https://www.npmjs.com/package/read-installed
@aws-sdk/eventstream-serde-browser,4666037,https://www.npmjs.com/package/@aws-sdk/eventstream-serde-browser
@aws-sdk/eventstream-serde-config-resolver,4662959,https://www.npmjs.com/package/@aws-sdk/eventstream-serde-config-resolver
@aws-sdk/eventstream-serde-node,4662763,https://www.npmjs.com/package/@aws-sdk/eventstream-serde-node
@aws-sdk/eventstream-serde-universal,4658261,https://www.npmjs.com/package/@aws-sdk/eventstream-serde-universal
fluent-ffmpeg,4645670,https://www.npmjs.com/package/fluent-ffmpeg
@types/redis,4584071,https://www.npmjs.com/package/@types/redis
gulp-util,4573608,https://www.npmjs.com/package/gulp-util
emitter-component,4570834,https://www.npmjs.com/package/emitter-component
text-encoding,4550005,https://www.npmjs.com/package/text-encoding
apollo-server-core,4535078,https://www.npmjs.com/package/apollo-server-core
apollo-server-plugin-base,4488140,https://www.npmjs.com/package/apollo-server-plugin-base
@oclif/command,4444631,https://www.npmjs.com/package/@oclif/command
@types/marked,4385999,https://www.npmjs.com/package/@types/marked
@types/bcryptjs,4372913,https://www.npmjs.com/package/@types/bcryptjs
ethereumjs-tx,4372532,https://www.npmjs.com/package/ethereumjs-tx
@types/react-datepicker,4341522,https://www.npmjs.com/package/@types/react-datepicker
@npmcli/ci-detect,4264338,https://www.npmjs.com/package/@npmcli/ci-detect
samsam,4220847,https://www.npmjs.com/package/samsam
@stylelint/postcss-css-in-js,4201199,https://www.npmjs.com/package/@stylelint/postcss-css-in-js
@aws-sdk/middleware-endpoint,4195304,https://www.npmjs.com/package/@aws-sdk/middleware-endpoint
istanbul-api,4137586,https://www.npmjs.com/package/istanbul-api
coffee-script,4132665,https://www.npmjs.com/package/coffee-script
@types/yoga-layout,4117978,https://www.npmjs.com/package/@types/yoga-layout
ethjs-util,4052559,https://www.npmjs.com/package/ethjs-util
node-uuid,4051979,https://www.npmjs.com/package/node-uuid
@aws-sdk/md5-js,4046208,https://www.npmjs.com/package/@aws-sdk/md5-js
@types/mapbox__vector-tile,4042855,https://www.npmjs.com/package/@types/mapbox__vector-tile
@types/supports-color,4018421,https://www.npmjs.com/package/@types/supports-color
webpack-chain,4018315,https://www.npmjs.com/package/webpack-chain
cli-ux,3986411,https://www.npmjs.com/package/cli-ux
ethereumjs-abi,3953097,https://www.npmjs.com/package/ethereumjs-abi
@types/parse-path,3854866,https://www.npmjs.com/package/@types/parse-path
@aws-sdk/util-utf8,3848671,https://www.npmjs.com/package/@aws-sdk/util-utf8
@types/yup,3804512,https://www.npmjs.com/package/@types/yup
@oclif/parser,3762884,https://www.npmjs.com/package/@oclif/parser
@aws-sdk/eventstream-codec,3746468,https://www.npmjs.com/package/@aws-sdk/eventstream-codec
ethereumjs-block,3744794,https://www.npmjs.com/package/ethereumjs-block
apollo-server-express,3727158,https://www.npmjs.com/package/apollo-server-express
redux-devtools-extension,3659071,https://www.npmjs.com/package/redux-devtools-extension
@aws-sdk/util-base64,3613481,https://www.npmjs.com/package/@aws-sdk/util-base64
@aws-sdk/util-retry,3605018,https://www.npmjs.com/package/@aws-sdk/util-retry
cids,3580729,https://www.npmjs.com/package/cids
argv,3572393,https://www.npmjs.com/package/argv
@opentelemetry/api-metrics,3551082,https://www.npmjs.com/package/@opentelemetry/api-metrics
encoding-down,3533433,https://www.npmjs.com/package/encoding-down
rollup-plugin-inject,3487878,https://www.npmjs.com/package/rollup-plugin-inject
@mui/styles,3452949,https://www.npmjs.com/package/@mui/styles
@stylelint/postcss-markdown,3438379,https://www.npmjs.com/package/@stylelint/postcss-markdown
codecov,3412034,https://www.npmjs.com/package/codecov
topo,3408149,https://www.npmjs.com/package/topo
protractor,3392130,https://www.npmjs.com/package/protractor
@effect/schema,3388935,https://www.npmjs.com/package/@effect/schema
eth-sig-util,3282925,https://www.npmjs.com/package/eth-sig-util
has-color,3186392,https://www.npmjs.com/package/has-color
path-match,3186297,https://www.npmjs.com/package/path-match
eslint-config-standard-with-typescript,3155399,https://www.npmjs.com/package/eslint-config-standard-with-typescript
rollup-plugin-node-resolve,3099744,https://www.npmjs.com/package/rollup-plugin-node-resolve
@aws-sdk/hash-stream-node,3079799,https://www.npmjs.com/package/@aws-sdk/hash-stream-node
@types/faker,3065004,https://www.npmjs.com/package/@types/faker
fs-access,3019762,https://www.npmjs.com/package/fs-access
level-concat-iterator,3015642,https://www.npmjs.com/package/level-concat-iterator
@aws-sdk/hash-blob-browser,3015497,https://www.npmjs.com/package/@aws-sdk/hash-blob-browser
@aws-sdk/chunked-blob-reader,2994522,https://www.npmjs.com/package/@aws-sdk/chunked-blob-reader
@types/overlayscrollbars,2989759,https://www.npmjs.com/package/@types/overlayscrollbars
level-packager,2948613,https://www.npmjs.com/package/level-packager
@types/puppeteer,2947492,https://www.npmjs.com/package/@types/puppeteer
@types/pino,2941082,https://www.npmjs.com/package/@types/pino
@types/react-select,2923062,https://www.npmjs.com/package/@types/react-select
gherkin,2918291,https://www.npmjs.com/package/gherkin
jade,2915470,https://www.npmjs.com/package/jade
svg.draggable.js,2862571,https://www.npmjs.com/package/svg.draggable.js
rollup-plugin-commonjs,2824373,https://www.npmjs.com/package/rollup-plugin-commonjs
ethereumjs-account,2782635,https://www.npmjs.com/package/ethereumjs-account
@types/eslint__js,2780543,https://www.npmjs.com/package/@types/eslint__js
ethereumjs-vm,2760418,https://www.npmjs.com/package/ethereumjs-vm
apollo-server-caching,2757970,https://www.npmjs.com/package/apollo-server-caching
nomnom,2751286,https://www.npmjs.com/package/nomnom
@types/axios,2740288,https://www.npmjs.com/package/@types/axios
@material-ui/lab,2706183,https://www.npmjs.com/package/@material-ui/lab
formatio,2660156,https://www.npmjs.com/package/formatio
@types/testing-library__dom,2622692,https://www.npmjs.com/package/@types/testing-library__dom
@types/sharp,2595317,https://www.npmjs.com/package/@types/sharp
@types/bson,2577579,https://www.npmjs.com/package/@types/bson
@types/dotenv,2561958,https://www.npmjs.com/package/@types/dotenv
ethereumjs-common,2509220,https://www.npmjs.com/package/ethereumjs-common
@oclif/help,2438853,https://www.npmjs.com/package/@oclif/help
@types/eventsource,2435385,https://www.npmjs.com/package/@types/eventsource
@aws-sdk/util-stream-node,2422291,https://www.npmjs.com/package/@aws-sdk/util-stream-node
uuidv4,2415846,https://www.npmjs.com/package/uuidv4
cucumber-expressions,2398343,https://www.npmjs.com/package/cucumber-expressions
@types/mongodb,2235814,https://www.npmjs.com/package/@types/mongodb
@types/testing-library__react,2226099,https://www.npmjs.com/package/@types/testing-library__react
content-type-parser,2223362,https://www.npmjs.com/package/content-type-parser
@evocateur/npm-registry-fetch,2204002,https://www.npmjs.com/package/@evocateur/npm-registry-fetch
@types/cypress,2184699,https://www.npmjs.com/package/@types/cypress
@evocateur/pacote,2178909,https://www.npmjs.com/package/@evocateur/pacote
@evocateur/libnpmaccess,2177387,https://www.npmjs.com/package/@evocateur/libnpmaccess
@evocateur/libnpmpublish,2176797,https://www.npmjs.com/package/@evocateur/libnpmpublish
debug-log,2151270,https://www.npmjs.com/package/debug-log
dommatrix,2146239,https://www.npmjs.com/package/dommatrix
natives,2139219,https://www.npmjs.com/package/natives
@types/googlemaps,2133085,https://www.npmjs.com/package/@types/googlemaps
gm,2128328,https://www.npmjs.com/package/gm
@storybook/expect,2101296,https://www.npmjs.com/package/@storybook/expect
csurf,2100222,https://www.npmjs.com/package/csurf
@storybook/jest,2088993,https://www.npmjs.com/package/@storybook/jest
cuid,2084453,https://www.npmjs.com/package/cuid
phantomjs-prebuilt,2081161,https://www.npmjs.com/package/phantomjs-prebuilt
leveldown,2078194,https://www.npmjs.com/package/leveldown
@npmcli/disparity-colors,2070561,https://www.npmjs.com/package/@npmcli/disparity-colors
@aws-sdk/chunked-blob-reader-native,2034547,https://www.npmjs.com/package/@aws-sdk/chunked-blob-reader-native
level-js,2025770,https://www.npmjs.com/package/level-js
@types/express-unless,2022482,https://www.npmjs.com/package/@types/express-unless
@types/chart.js,2018644,https://www.npmjs.com/package/@types/chart.js
@types/get-port,2000518,https://www.npmjs.com/package/@types/get-port
@types/react-virtualized-auto-sizer,1992061,https://www.npmjs.com/package/@types/react-virtualized-auto-sizer
@types/express-jwt,1989737,https://www.npmjs.com/package/@types/express-jwt
@types/webpack-dev-server,1986126,https://www.npmjs.com/package/@types/webpack-dev-server
@types/moment-timezone,1975785,https://www.npmjs.com/package/@types/moment-timezone
@aws-sdk/eventstream-marshaller,1971889,https://www.npmjs.com/package/@aws-sdk/eventstream-marshaller
level-mem,1953430,https://www.npmjs.com/package/level-mem
@testing-library/jest-native,1947275,https://www.npmjs.com/package/@testing-library/jest-native
extract-text-webpack-plugin,1941380,https://www.npmjs.com/package/extract-text-webpack-plugin
@types/pino-std-serializers,1913734,https://www.npmjs.com/package/@types/pino-std-serializers
libnpmconfig,1911225,https://www.npmjs.com/package/libnpmconfig
@types/slice-ansi,1889104,https://www.npmjs.com/package/@types/slice-ansi
@mui/x-license-pro,1888246,https://www.npmjs.com/package/@mui/x-license-pro
@types/markdown-to-jsx,1888200,https://www.npmjs.com/package/@types/markdown-to-jsx
@types/vfile-message,1876404,https://www.npmjs.com/package/@types/vfile-message
fstream-ignore,1875260,https://www.npmjs.com/package/fstream-ignore
@angular-devkit/build-optimizer,1853186,https://www.npmjs.com/package/@angular-devkit/build-optimizer
angular,1852496,https://www.npmjs.com/package/angular
xterm,1823944,https://www.npmjs.com/package/xterm
@material-ui/pickers,1818853,https://www.npmjs.com/package/@material-ui/pickers
@types/styled-jsx,1804928,https://www.npmjs.com/package/@types/styled-jsx
graphql-extensions,1785425,https://www.npmjs.com/package/graphql-extensions
@types/vfile,1777815,https://www.npmjs.com/package/@types/vfile
ecstatic,1767177,https://www.npmjs.com/package/ecstatic
@types/pino-pretty,1730924,https://www.npmjs.com/package/@types/pino-pretty
@apollo/server-plugin-landing-page-graphql-playground,1705172,https://www.npmjs.com/package/@apollo/server-plugin-landing-page-graphql-playground
@types/graphql,1701477,https://www.npmjs.com/package/@types/graphql
apollo-tracing,1696375,https://www.npmjs.com/package/apollo-tracing
express-graphql,1680794,https://www.npmjs.com/package/express-graphql
@types/react-textarea-autosize,1678919,https://www.npmjs.com/package/@types/react-textarea-autosize
apollo-cache-control,1668416,https://www.npmjs.com/package/apollo-cache-control
proto-props,1639559,https://www.npmjs.com/package/proto-props
ethereumjs-wallet,1638624,https://www.npmjs.com/package/ethereumjs-wallet
cross-spawn-async,1626877,https://www.npmjs.com/package/cross-spawn-async
async-cache,1622176,https://www.npmjs.com/package/async-cache
@types/hapi__hapi,1619393,https://www.npmjs.com/package/@types/hapi__hapi
@types/hapi__catbox,1610144,https://www.npmjs.com/package/@types/hapi__catbox
@types/cron,1608976,https://www.npmjs.com/package/@types/cron
vis,1591640,https://www.npmjs.com/package/vis
@types/svgo,1578689,https://www.npmjs.com/package/@types/svgo
cucumber-messages,1570723,https://www.npmjs.com/package/cucumber-messages
raven,1570525,https://www.npmjs.com/package/raven
cucumber,1562007,https://www.npmjs.com/package/cucumber
yurnalist,1553587,https://www.npmjs.com/package/yurnalist
req-from,1550500,https://www.npmjs.com/package/req-from
win-release,1548687,https://www.npmjs.com/package/win-release
@types/handlebars,1546818,https://www.npmjs.com/package/@types/handlebars
@types/hapi__shot,1542382,https://www.npmjs.com/package/@types/hapi__shot
to-iso-string,1527498,https://www.npmjs.com/package/to-iso-string
@aws-sdk/util-stream-browser,1518084,https://www.npmjs.com/package/@aws-sdk/util-stream-browser
req-cwd,1497471,https://www.npmjs.com/package/req-cwd
@types/p-queue,1481648,https://www.npmjs.com/package/@types/p-queue
@types/fs-capacitor,1468554,https://www.npmjs.com/package/@types/fs-capacitor
@types/jwt-decode,1467218,https://www.npmjs.com/package/@types/jwt-decode
@schematics/update,1458636,https://www.npmjs.com/package/@schematics/update
safe-event-emitter,1451712,https://www.npmjs.com/package/safe-event-emitter
mdast-util-footnote,1451252,https://www.npmjs.com/package/mdast-util-footnote
micromark-extension-footnote,1451117,https://www.npmjs.com/package/micromark-extension-footnote
chai-subset,1436763,https://www.npmjs.com/package/chai-subset
@aws-cdk/core,1433021,https://www.npmjs.com/package/@aws-cdk/core
cucumber-tag-expressions,1431848,https://www.npmjs.com/package/cucumber-tag-expressions
@types/sass,1413354,https://www.npmjs.com/package/@types/sass
@types/moment,1400034,https://www.npmjs.com/package/@types/moment
hermes-engine,1393455,https://www.npmjs.com/package/hermes-engine
@types/cache-manager,1391318,https://www.npmjs.com/package/@types/cache-manager
node-status-codes,1388689,https://www.npmjs.com/package/node-status-codes
@formatjs/intl-utils,1380996,https://www.npmjs.com/package/@formatjs/intl-utils
@types/recharts,1378647,https://www.npmjs.com/package/@types/recharts
eth-json-rpc-infura,1378342,https://www.npmjs.com/package/eth-json-rpc-infura
osx-release,1376137,https://www.npmjs.com/package/osx-release
@types/chalk,1363727,https://www.npmjs.com/package/@types/chalk
mailcomposer,1359145,https://www.npmjs.com/package/mailcomposer
buildmail,1341812,https://www.npmjs.com/package/buildmail
exists-sync,1335518,https://www.npmjs.com/package/exists-sync
cypress-xpath,1330636,https://www.npmjs.com/package/cypress-xpath
@newrelic/koa,1327932,https://www.npmjs.com/package/@newrelic/koa
@aws-cdk/aws-iam,1318896,https://www.npmjs.com/package/@aws-cdk/aws-iam
babel-merge,1318602,https://www.npmjs.com/package/babel-merge
asar,1315766,https://www.npmjs.com/package/asar
@newrelic/superagent,1310244,https://www.npmjs.com/package/@newrelic/superagent
@apollo/federation,1310067,https://www.npmjs.com/package/@apollo/federation
@aws-cdk/aws-kms,1293993,https://www.npmjs.com/package/@aws-cdk/aws-kms
@types/fetch-mock,1289431,https://www.npmjs.com/package/@types/fetch-mock
try-resolve,1286980,https://www.npmjs.com/package/try-resolve
right-pad,1286600,https://www.npmjs.com/package/right-pad
@newrelic/aws-sdk,1275120,https://www.npmjs.com/package/@newrelic/aws-sdk
fs-vacuum,1269182,https://www.npmjs.com/package/fs-vacuum
@ensdomains/ens,1261964,https://www.npmjs.com/package/@ensdomains/ens
gcs-resumable-upload,1256013,https://www.npmjs.com/package/gcs-resumable-upload
adal-node,1238757,https://www.npmjs.com/package/adal-node
@types/winston,1218885,https://www.npmjs.com/package/@types/winston
expression-eval,1218455,https://www.npmjs.com/package/expression-eval
@ensdomains/resolver,1201513,https://www.npmjs.com/package/@ensdomains/resolver
deep-assign,1188187,https://www.npmjs.com/package/deep-assign
@types/highlight.js,1185385,https://www.npmjs.com/package/@types/highlight.js
npm-cache-filename,1184893,https://www.npmjs.com/package/npm-cache-filename
ldapjs,1184684,https://www.npmjs.com/package/ldapjs
testrpc,1180109,https://www.npmjs.com/package/testrpc
@types/helmet,1172589,https://www.npmjs.com/package/@types/helmet
@aws-cdk/aws-ssm,1171065,https://www.npmjs.com/package/@aws-cdk/aws-ssm
@walletconnect/modal,1169526,https://www.npmjs.com/package/@walletconnect/modal
core-assert,1167235,https://www.npmjs.com/package/core-assert
imul,1161936,https://www.npmjs.com/package/imul
buf-compare,1149689,https://www.npmjs.com/package/buf-compare
@apidevtools/swagger-cli,1136618,https://www.npmjs.com/package/@apidevtools/swagger-cli
npm-registry-client,1124745,https://www.npmjs.com/package/npm-registry-client
@truffle/error,1124548,https://www.npmjs.com/package/@truffle/error
libnpx,1104224,https://www.npmjs.com/package/libnpx
apollo-server,1100381,https://www.npmjs.com/package/apollo-server
@types/jest-diff,1095330,https://www.npmjs.com/package/@types/jest-diff
@nomiclabs/hardhat-etherscan,1094523,https://www.npmjs.com/package/@nomiclabs/hardhat-etherscan
rspack-resolver,1093569,https://www.npmjs.com/package/rspack-resolver
@types/query-string,1087892,https://www.npmjs.com/package/@types/query-string
@esbuild-kit/cjs-loader,1086874,https://www.npmjs.com/package/@esbuild-kit/cjs-loader
@gitbeaker/node,1082977,https://www.npmjs.com/package/@gitbeaker/node
@types/testing-library__react-hooks,1077526,https://www.npmjs.com/package/@types/testing-library__react-hooks
fastify-warning,1076351,https://www.npmjs.com/package/fastify-warning
msal,1073567,https://www.npmjs.com/package/msal
lock-verify,1070110,https://www.npmjs.com/package/lock-verify
react-use-gesture,1067260,https://www.npmjs.com/package/react-use-gesture
@builder.io/partytown,1058530,https://www.npmjs.com/package/@builder.io/partytown
@types/joi,1056090,https://www.npmjs.com/package/@types/joi
@types/terser-webpack-plugin,1054482,https://www.npmjs.com/package/@types/terser-webpack-plugin
@motionone/vue,1050379,https://www.npmjs.com/package/@motionone/vue
@aws-cdk/aws-events,1048358,https://www.npmjs.com/package/@aws-cdk/aws-events
stream-connect,1048065,https://www.npmjs.com/package/stream-connect
@wessberg/ts-evaluator,1045148,https://www.npmjs.com/package/@wessberg/ts-evaluator
find-npm-prefix,1041529,https://www.npmjs.com/package/find-npm-prefix
gentle-fs,1038935,https://www.npmjs.com/package/gentle-fs
ethereumjs-blockchain,1038540,https://www.npmjs.com/package/ethereumjs-blockchain
ethashjs,1036901,https://www.npmjs.com/package/ethashjs
@types/minipass,1035598,https://www.npmjs.com/package/@types/minipass
req-all,1032873,https://www.npmjs.com/package/req-all
temp-path,1028525,https://www.npmjs.com/package/temp-path
@hey-api/client-fetch,1028167,https://www.npmjs.com/package/@hey-api/client-fetch
@aws-cdk/aws-s3,1024352,https://www.npmjs.com/package/@aws-cdk/aws-s3
@storybook/addon-storyshots,1020363,https://www.npmjs.com/package/@storybook/addon-storyshots
atlassian-openapi,1019771,https://www.npmjs.com/package/atlassian-openapi
@aws-cdk/aws-cloudwatch,1018723,https://www.npmjs.com/package/@aws-cdk/aws-cloudwatch
@truffle/interface-adapter,1003965,https://www.npmjs.com/package/@truffle/interface-adapter
@types/web3,1003962,https://www.npmjs.com/package/@types/web3
@aws-cdk/assets,1002370,https://www.npmjs.com/package/@aws-cdk/assets
@types/url-join,1002128,https://www.npmjs.com/package/@types/url-join
ganache-core,997707,https://www.npmjs.com/package/ganache-core
azure-arm-resource,997291,https://www.npmjs.com/package/azure-arm-resource
xterm-addon-fit,997201,https://www.npmjs.com/package/xterm-addon-fit
viewport-mercator-project,990984,https://www.npmjs.com/package/viewport-mercator-project
@aws-sdk/middleware-apply-body-checksum,990789,https://www.npmjs.com/package/@aws-sdk/middleware-apply-body-checksum
graphql-import,988110,https://www.npmjs.com/package/graphql-import
@aws-cdk/aws-s3-assets,986836,https://www.npmjs.com/package/@aws-cdk/aws-s3-assets
@types/nanoid,982060,https://www.npmjs.com/package/@types/nanoid
@aws-cdk/aws-logs,977189,https://www.npmjs.com/package/@aws-cdk/aws-logs
@types/bs58,970357,https://www.npmjs.com/package/@types/bs58
libnpm,969439,https://www.npmjs.com/package/libnpm
@aws-cdk/aws-ec2,956965,https://www.npmjs.com/package/@aws-cdk/aws-ec2
@readme/json-schema-ref-parser,954263,https://www.npmjs.com/package/@readme/json-schema-ref-parser
elasticsearch,954182,https://www.npmjs.com/package/elasticsearch
newman-reporter-htmlextra,952286,https://www.npmjs.com/package/newman-reporter-htmlextra
@types/aws-sdk,950825,https://www.npmjs.com/package/@types/aws-sdk
number-is-integer,949368,https://www.npmjs.com/package/number-is-integer
@aws-cdk/aws-lambda,944686,https://www.npmjs.com/package/@aws-cdk/aws-lambda
@formatjs/intl-unified-numberformat,941198,https://www.npmjs.com/package/@formatjs/intl-unified-numberformat
@aws-cdk/aws-sqs,940751,https://www.npmjs.com/package/@aws-cdk/aws-sqs
@types/date-fns,940555,https://www.npmjs.com/package/@types/date-fns
@types/browserslist,939433,https://www.npmjs.com/package/@types/browserslist
tslint-microsoft-contrib,931583,https://www.npmjs.com/package/tslint-microsoft-contrib
@types/http-proxy-middleware,926559,https://www.npmjs.com/package/@types/http-proxy-middleware
libcipm,914712,https://www.npmjs.com/package/libcipm
@syncfusion/ej2-buttons,913007,https://www.npmjs.com/package/@syncfusion/ej2-buttons
@aws-cdk/aws-autoscaling-common,912758,https://www.npmjs.com/package/@aws-cdk/aws-autoscaling-common
@types/signature_pad,907685,https://www.npmjs.com/package/@types/signature_pad
@oxc-parser/wasm,907311,https://www.npmjs.com/package/@oxc-parser/wasm
normalize-git-url,907191,https://www.npmjs.com/package/normalize-git-url
@aws-cdk/aws-ecr,905825,https://www.npmjs.com/package/@aws-cdk/aws-ecr
@types/bull,905136,https://www.npmjs.com/package/@types/bull
@aws-cdk/aws-applicationautoscaling,903417,https://www.npmjs.com/package/@aws-cdk/aws-applicationautoscaling
@storybook/addon-styling,898083,https://www.npmjs.com/package/@storybook/addon-styling
@types/sqlite3,893635,https://www.npmjs.com/package/@types/sqlite3
@aws-cdk/aws-ecr-assets,893633,https://www.npmjs.com/package/@aws-cdk/aws-ecr-assets
@aws-cdk/aws-efs,891404,https://www.npmjs.com/package/@aws-cdk/aws-efs
@aws-cdk/aws-codeguruprofiler,890165,https://www.npmjs.com/package/@aws-cdk/aws-codeguruprofiler
@angular/flex-layout,885850,https://www.npmjs.com/package/@angular/flex-layout
@types/zrender,884021,https://www.npmjs.com/package/@types/zrender
@types/nock,882891,https://www.npmjs.com/package/@types/nock
@ldapjs/asn1,871442,https://www.npmjs.com/package/@ldapjs/asn1
angular-sanitize,870801,https://www.npmjs.com/package/angular-sanitize
@types/socket.io-client,866378,https://www.npmjs.com/package/@types/socket.io-client
@types/nodemon,857435,https://www.npmjs.com/package/@types/nodemon
@types/commander,852409,https://www.npmjs.com/package/@types/commander
deep-strict-equal,851877,https://www.npmjs.com/package/deep-strict-equal
babel-plugin-react-display-name,849801,https://www.npmjs.com/package/babel-plugin-react-display-name
@types/socket.io,847891,https://www.npmjs.com/package/@types/socket.io
babel-plugin-runtime,837093,https://www.npmjs.com/package/babel-plugin-runtime
babel-plugin-constant-folding,836859,https://www.npmjs.com/package/babel-plugin-constant-folding
babel-plugin-dead-code-elimination,836834,https://www.npmjs.com/package/babel-plugin-dead-code-elimination
babel-plugin-eval,836819,https://www.npmjs.com/package/babel-plugin-eval
babel-plugin-react-constant-elements,836802,https://www.npmjs.com/package/babel-plugin-react-constant-elements
babel-plugin-jscript,836796,https://www.npmjs.com/package/babel-plugin-jscript
babel-plugin-undefined-to-void,836617,https://www.npmjs.com/package/babel-plugin-undefined-to-void
@aws-cdk/aws-sns,833403,https://www.npmjs.com/package/@aws-cdk/aws-sns
rollup-plugin-json,829880,https://www.npmjs.com/package/rollup-plugin-json
intl-relativeformat,825061,https://www.npmjs.com/package/intl-relativeformat
gitlab,818808,https://www.npmjs.com/package/gitlab
expo-random,815201,https://www.npmjs.com/package/expo-random
azure-storage,815154,https://www.npmjs.com/package/azure-storage
@types/domhandler,814389,https://www.npmjs.com/package/@types/domhandler
@types/react-responsive,812031,https://www.npmjs.com/package/@types/react-responsive
babel-plugin-proto-to-assign,808313,https://www.npmjs.com/package/babel-plugin-proto-to-assign
babel-plugin-remove-console,803860,https://www.npmjs.com/package/babel-plugin-remove-console
babel-plugin-inline-environment-variables,803614,https://www.npmjs.com/package/babel-plugin-inline-environment-variables
babel-plugin-property-literals,803532,https://www.npmjs.com/package/babel-plugin-property-literals
babel-plugin-member-expression-literals,803353,https://www.npmjs.com/package/babel-plugin-member-expression-literals
tslint-react,802000,https://www.npmjs.com/package/tslint-react
rollup-plugin-replace,799730,https://www.npmjs.com/package/rollup-plugin-replace
mumath,798092,https://www.npmjs.com/package/mumath
svg-to-pdfkit,791096,https://www.npmjs.com/package/svg-to-pdfkit
@opentelemetry/sdk-metrics-base,786613,https://www.npmjs.com/package/@opentelemetry/sdk-metrics-base
@storybook/testing-react,781875,https://www.npmjs.com/package/@storybook/testing-react
@simplewebauthn/typescript-types,781848,https://www.npmjs.com/package/@simplewebauthn/typescript-types
object-values,781344,https://www.npmjs.com/package/object-values
@types/mongoose,777736,https://www.npmjs.com/package/@types/mongoose
@syncfusion/ej2-splitbuttons,776498,https://www.npmjs.com/package/@syncfusion/ej2-splitbuttons
karma-phantomjs-launcher,776107,https://www.npmjs.com/package/karma-phantomjs-launcher
babel-plugin-remove-debugger,775118,https://www.npmjs.com/package/babel-plugin-remove-debugger
@floating-ui/react-dom-interactions,771899,https://www.npmjs.com/package/@floating-ui/react-dom-interactions
@types/redux,769191,https://www.npmjs.com/package/@types/redux
gar,769104,https://www.npmjs.com/package/gar
@miniflare/shared,765354,https://www.npmjs.com/package/@miniflare/shared
@syncfusion/ej2-lists,759391,https://www.npmjs.com/package/@syncfusion/ej2-lists
@miniflare/core,755931,https://www.npmjs.com/package/@miniflare/core
@miniflare/watcher,755199,https://www.npmjs.com/package/@miniflare/watcher
each-async,755153,https://www.npmjs.com/package/each-async
@types/htmlparser2,753727,https://www.npmjs.com/package/@types/htmlparser2
@paulmillr/qr,752380,https://www.npmjs.com/package/@paulmillr/qr
@miniflare/storage-memory,745595,https://www.npmjs.com/package/@miniflare/storage-memory
@miniflare/cache,743219,https://www.npmjs.com/package/@miniflare/cache
@miniflare/runner-vm,740698,https://www.npmjs.com/package/@miniflare/runner-vm
lazy-req,740153,https://www.npmjs.com/package/lazy-req
@miniflare/web-sockets,739965,https://www.npmjs.com/package/@miniflare/web-sockets
cheerio-select-tmp,739270,https://www.npmjs.com/package/cheerio-select-tmp
@ckeditor/ckeditor5-build-classic,737088,https://www.npmjs.com/package/@ckeditor/ckeditor5-build-classic
@udecode/plate-core,736814,https://www.npmjs.com/package/@udecode/plate-core
@aws-amplify/xr,736089,https://www.npmjs.com/package/@aws-amplify/xr
angular-animate,732742,https://www.npmjs.com/package/angular-animate
@unimodules/core,728762,https://www.npmjs.com/package/@unimodules/core
@unimodules/react-native-adapter,727389,https://www.npmjs.com/package/@unimodules/react-native-adapter
babel,725648,https://www.npmjs.com/package/babel
@types/domutils,724960,https://www.npmjs.com/package/@types/domutils
react-instantsearch-dom,720097,https://www.npmjs.com/package/react-instantsearch-dom
@types/lz-string,717052,https://www.npmjs.com/package/@types/lz-string
@types/react-calendar,716382,https://www.npmjs.com/package/@types/react-calendar
@truffle/provider,715680,https://www.npmjs.com/package/@truffle/provider
@aws-cdk/aws-cloudformation,713298,https://www.npmjs.com/package/@aws-cdk/aws-cloudformation
multiaddr,712781,https://www.npmjs.com/package/multiaddr
@vitest/coverage-c8,712352,https://www.npmjs.com/package/@vitest/coverage-c8
eslint-define-config,707092,https://www.npmjs.com/package/eslint-define-config
fancy-test,705117,https://www.npmjs.com/package/fancy-test
@types/mini-css-extract-plugin,703183,https://www.npmjs.com/package/@types/mini-css-extract-plugin
@types/easy-table,691704,https://www.npmjs.com/package/@types/easy-table
@aws-cdk/aws-route53,685714,https://www.npmjs.com/package/@aws-cdk/aws-route53
@aws-cdk/custom-resources,685598,https://www.npmjs.com/package/@aws-cdk/custom-resources
@aws-cdk/aws-signer,679067,https://www.npmjs.com/package/@aws-cdk/aws-signer
storybook-addon-outline,676614,https://www.npmjs.com/package/storybook-addon-outline
@confio/ics23,672367,https://www.npmjs.com/package/@confio/ics23
jest-dom,672235,https://www.npmjs.com/package/jest-dom
@aws-cdk/aws-certificatemanager,672003,https://www.npmjs.com/package/@aws-cdk/aws-certificatemanager
@aws-cdk/aws-codestarnotifications,668076,https://www.npmjs.com/package/@aws-cdk/aws-codestarnotifications
@types/xlsx,666792,https://www.npmjs.com/package/@types/xlsx
items,658981,https://www.npmjs.com/package/items
@types/puppeteer-core,657557,https://www.npmjs.com/package/@types/puppeteer-core
cache-manager-redis-yet,654919,https://www.npmjs.com/package/cache-manager-redis-yet
@types/stripe,651369,https://www.npmjs.com/package/@types/stripe
@types/qrcode.react,651132,https://www.npmjs.com/package/@types/qrcode.react
eslint-plugin-local,650670,https://www.npmjs.com/package/eslint-plugin-local
electron-osx-sign,650136,https://www.npmjs.com/package/electron-osx-sign
fastify-static,645549,https://www.npmjs.com/package/fastify-static
@types/title,643050,https://www.npmjs.com/package/@types/title
grpc,638745,https://www.npmjs.com/package/grpc
electron-packager,637871,https://www.npmjs.com/package/electron-packager
swagger-methods,637826,https://www.npmjs.com/package/swagger-methods
@miniflare/queues,635812,https://www.npmjs.com/package/@miniflare/queues
@backstage/backend-common,635697,https://www.npmjs.com/package/@backstage/backend-common
@types/express-rate-limit,632038,https://www.npmjs.com/package/@types/express-rate-limit
@types/react-pdf,632010,https://www.npmjs.com/package/@types/react-pdf
@aws-sdk/util-stream,631182,https://www.npmjs.com/package/@aws-sdk/util-stream
@types/jszip,623926,https://www.npmjs.com/package/@types/jszip
transformers,623472,https://www.npmjs.com/package/transformers
passport-azure-ad,621636,https://www.npmjs.com/package/passport-azure-ad
@types/http-proxy-agent,616344,https://www.npmjs.com/package/@types/http-proxy-agent
@types/autoprefixer,615202,https://www.npmjs.com/package/@types/autoprefixer
iltorb,614126,https://www.npmjs.com/package/iltorb
postcss-cssnext,610557,https://www.npmjs.com/package/postcss-cssnext
react-native-document-picker,610305,https://www.npmjs.com/package/react-native-document-picker
release-it-lerna-changelog,607663,https://www.npmjs.com/package/release-it-lerna-changelog
@miniflare/html-rewriter,607645,https://www.npmjs.com/package/@miniflare/html-rewriter
@udecode/slate,605501,https://www.npmjs.com/package/@udecode/slate
@react-native-community/masked-view,603845,https://www.npmjs.com/package/@react-native-community/masked-view
@miniflare/kv,601172,https://www.npmjs.com/package/@miniflare/kv
@miniflare/durable-objects,600512,https://www.npmjs.com/package/@miniflare/durable-objects
@miniflare/storage-file,600283,https://www.npmjs.com/package/@miniflare/storage-file
@types/cucumber,600262,https://www.npmjs.com/package/@types/cucumber
@mongodb-js/zstd-linux-x64-gnu,600234,https://www.npmjs.com/package/@mongodb-js/zstd-linux-x64-gnu
@miniflare/sites,599885,https://www.npmjs.com/package/@miniflare/sites
@syncfusion/ej2-file-utils,593985,https://www.npmjs.com/package/@syncfusion/ej2-file-utils
@syncfusion/ej2-compression,593930,https://www.npmjs.com/package/@syncfusion/ej2-compression
terraformer,593858,https://www.npmjs.com/package/terraformer
@supabase/auth-helpers-shared,593699,https://www.npmjs.com/package/@supabase/auth-helpers-shared
@udecode/plate-utils,585459,https://www.npmjs.com/package/@udecode/plate-utils
@aws-cdk/aws-secretsmanager,583036,https://www.npmjs.com/package/@aws-cdk/aws-secretsmanager
wreck,580836,https://www.npmjs.com/package/wreck
@opentelemetry/tracing,579964,https://www.npmjs.com/package/@opentelemetry/tracing
@aws-cdk/aws-sam,579106,https://www.npmjs.com/package/@aws-cdk/aws-sam
@aws-cdk/aws-elasticloadbalancingv2,578151,https://www.npmjs.com/package/@aws-cdk/aws-elasticloadbalancingv2
@sanity/block-tools,576078,https://www.npmjs.com/package/@sanity/block-tools
@types/webpack-dev-middleware,575613,https://www.npmjs.com/package/@types/webpack-dev-middleware
mvdan-sh,574896,https://www.npmjs.com/package/mvdan-sh
subleveldown,572282,https://www.npmjs.com/package/subleveldown
ganache-cli,570467,https://www.npmjs.com/package/ganache-cli
mailgun-js,566716,https://www.npmjs.com/package/mailgun-js
@supabase/auth-helpers-nextjs,564137,https://www.npmjs.com/package/@supabase/auth-helpers-nextjs
@syncfusion/ej2-excel-export,563652,https://www.npmjs.com/package/@syncfusion/ej2-excel-export
@udecode/plate-basic-marks,560212,https://www.npmjs.com/package/@udecode/plate-basic-marks
fs-promise,559352,https://www.npmjs.com/package/fs-promise
@types/flexsearch,557545,https://www.npmjs.com/package/@types/flexsearch
@types/execa,555690,https://www.npmjs.com/package/@types/execa
lightcookie,555435,https://www.npmjs.com/package/lightcookie
sprintf,553787,https://www.npmjs.com/package/sprintf
is-jquery-obj,552317,https://www.npmjs.com/package/is-jquery-obj
@tronweb3/google-protobuf,551608,https://www.npmjs.com/package/@tronweb3/google-protobuf
babel-plugin-react-intl,551003,https://www.npmjs.com/package/babel-plugin-react-intl
redux-devtools-instrument,550919,https://www.npmjs.com/package/redux-devtools-instrument
@ericcornelissen/bash-parser,550799,https://www.npmjs.com/package/@ericcornelissen/bash-parser
@types/base64-js,549364,https://www.npmjs.com/package/@types/base64-js
i18next-xhr-backend,545569,https://www.npmjs.com/package/i18next-xhr-backend
@shopify/network,543803,https://www.npmjs.com/package/@shopify/network
react-flow-renderer,541260,https://www.npmjs.com/package/react-flow-renderer
@storybook/vue,540979,https://www.npmjs.com/package/@storybook/vue
is-readable-stream,540074,https://www.npmjs.com/package/is-readable-stream
github,539571,https://www.npmjs.com/package/github
remark-lint-no-inline-padding,537121,https://www.npmjs.com/package/remark-lint-no-inline-padding
ipfs-core-utils,535324,https://www.npmjs.com/package/ipfs-core-utils
@udecode/plate-heading,534817,https://www.npmjs.com/package/@udecode/plate-heading
@truffle/codec,534135,https://www.npmjs.com/package/@truffle/codec
papi,530982,https://www.npmjs.com/package/papi
@types/base-x,530509,https://www.npmjs.com/package/@types/base-x
docsearch.js,530140,https://www.npmjs.com/package/docsearch.js
@types/proj4,529659,https://www.npmjs.com/package/@types/proj4
buffer-equals,524190,https://www.npmjs.com/package/buffer-equals
@serverless/utils-china,522602,https://www.npmjs.com/package/@serverless/utils-china
@aws-cdk/aws-cloudfront,521763,https://www.npmjs.com/package/@aws-cdk/aws-cloudfront
@aws-cdk/aws-apigateway,521575,https://www.npmjs.com/package/@aws-cdk/aws-apigateway
@stoplight/spectral,520074,https://www.npmjs.com/package/@stoplight/spectral
@types/broccoli-plugin,519882,https://www.npmjs.com/package/@types/broccoli-plugin
flag-icon-css,519790,https://www.npmjs.com/package/flag-icon-css
@aws-cdk/aws-cognito,517475,https://www.npmjs.com/package/@aws-cdk/aws-cognito
@types/react-bootstrap,517204,https://www.npmjs.com/package/@types/react-bootstrap
react-native-safe-area-view,516571,https://www.npmjs.com/package/react-native-safe-area-view
@types/emoji-mart,514749,https://www.npmjs.com/package/@types/emoji-mart
typedescriptor,514585,https://www.npmjs.com/package/typedescriptor
ipfs-core-types,513628,https://www.npmjs.com/package/ipfs-core-types
is-subset-of,511816,https://www.npmjs.com/package/is-subset-of
@types/pdfjs-dist,510792,https://www.npmjs.com/package/@types/pdfjs-dist
@intlify/vue-i18n-loader,509043,https://www.npmjs.com/package/@intlify/vue-i18n-loader
zksync-web3,504633,https://www.npmjs.com/package/zksync-web3
angular-cookies,504593,https://www.npmjs.com/package/angular-cookies
npx,502851,https://www.npmjs.com/package/npx
@aws-cdk/aws-elasticloadbalancing,499209,https://www.npmjs.com/package/@aws-cdk/aws-elasticloadbalancing
sw-toolbox,499156,https://www.npmjs.com/package/sw-toolbox
raven-js,494616,https://www.npmjs.com/package/raven-js
@miniflare/r2,490972,https://www.npmjs.com/package/@miniflare/r2
@types/ci-info,487415,https://www.npmjs.com/package/@types/ci-info
folktale,485844,https://www.npmjs.com/package/folktale
@udecode/plate-list,485419,https://www.npmjs.com/package/@udecode/plate-list
@aws-cdk/aws-stepfunctions,485147,https://www.npmjs.com/package/@aws-cdk/aws-stepfunctions
consul,483217,https://www.npmjs.com/package/consul
@miniflare/d1,482469,https://www.npmjs.com/package/@miniflare/d1
lodash.at,478786,https://www.npmjs.com/package/lodash.at
mp4-muxer,478626,https://www.npmjs.com/package/mp4-muxer
passport-saml,478456,https://www.npmjs.com/package/passport-saml
atlassian-jwt,478144,https://www.npmjs.com/package/atlassian-jwt
@angular/http,477122,https://www.npmjs.com/package/@angular/http
@udecode/plate-reset-node,477115,https://www.npmjs.com/package/@udecode/plate-reset-node
@types/generic-pool,476383,https://www.npmjs.com/package/@types/generic-pool
@graphql-toolkit/common,475395,https://www.npmjs.com/package/@graphql-toolkit/common
angular-route,472114,https://www.npmjs.com/package/angular-route
@oclif/dev-cli,471971,https://www.npmjs.com/package/@oclif/dev-cli
eslint-plugin-i,471440,https://www.npmjs.com/package/eslint-plugin-i
wrench,470791,https://www.npmjs.com/package/wrench
react-image-lightbox,470324,https://www.npmjs.com/package/react-image-lightbox
@aws-cdk/aws-autoscaling,469395,https://www.npmjs.com/package/@aws-cdk/aws-autoscaling
@aws-cdk/aws-sns-subscriptions,468911,https://www.npmjs.com/package/@aws-cdk/aws-sns-subscriptions
@aws-cdk/aws-kinesis,467785,https://www.npmjs.com/package/@aws-cdk/aws-kinesis
html-pdf,467417,https://www.npmjs.com/package/html-pdf
@walletconnect/qrcode-modal,467186,https://www.npmjs.com/package/@walletconnect/qrcode-modal
@walletconnect/client,465307,https://www.npmjs.com/package/@walletconnect/client
sw-precache,464494,https://www.npmjs.com/package/sw-precache
@types/jspdf,462017,https://www.npmjs.com/package/@types/jspdf
fetch-mock-jest,461252,https://www.npmjs.com/package/fetch-mock-jest
appdirectory,459640,https://www.npmjs.com/package/appdirectory
ripple-lib,458416,https://www.npmjs.com/package/ripple-lib
@aws-cdk/aws-route53-targets,457334,https://www.npmjs.com/package/@aws-cdk/aws-route53-targets
@types/cssnano,457196,https://www.npmjs.com/package/@types/cssnano
@walletconnect/mobile-registry,457092,https://www.npmjs.com/package/@walletconnect/mobile-registry
@types/i18next,455178,https://www.npmjs.com/package/@types/i18next
@udecode/plate-table,454852,https://www.npmjs.com/package/@udecode/plate-table
infisical-node,454569,https://www.npmjs.com/package/infisical-node
@ldapjs/filter,454513,https://www.npmjs.com/package/@ldapjs/filter
jest-environment-jsdom-sixteen,454492,https://www.npmjs.com/package/jest-environment-jsdom-sixteen
@ldapjs/controls,454473,https://www.npmjs.com/package/@ldapjs/controls
@types/lossless-json,454434,https://www.npmjs.com/package/@types/lossless-json
@ldapjs/messages,453329,https://www.npmjs.com/package/@ldapjs/messages
typescript-eslint-parser,451236,https://www.npmjs.com/package/typescript-eslint-parser
@aws-cdk/aws-servicediscovery,450757,https://www.npmjs.com/package/@aws-cdk/aws-servicediscovery
@udecode/plate-common,450641,https://www.npmjs.com/package/@udecode/plate-common
@udecode/plate-block-quote,449441,https://www.npmjs.com/package/@udecode/plate-block-quote
ipfs-http-client,445940,https://www.npmjs.com/package/ipfs-http-client
ember-cli-uglify,445460,https://www.npmjs.com/package/ember-cli-uglify
ember-cli-htmlbars-inline-precompile,444764,https://www.npmjs.com/package/ember-cli-htmlbars-inline-precompile
@truffle/blockchain-utils,444389,https://www.npmjs.com/package/@truffle/blockchain-utils
electron-notarize,443073,https://www.npmjs.com/package/electron-notarize
vuex-persistedstate,440779,https://www.npmjs.com/package/vuex-persistedstate
@types/set-interval-async,440746,https://www.npmjs.com/package/@types/set-interval-async
terraformer-wkt-parser,440667,https://www.npmjs.com/package/terraformer-wkt-parser
@aws-cdk/aws-autoscaling-hooktargets,440287,https://www.npmjs.com/package/@aws-cdk/aws-autoscaling-hooktargets
@udecode/plate-normalizers,437264,https://www.npmjs.com/package/@udecode/plate-normalizers
@aws-cdk/aws-codecommit,435937,https://www.npmjs.com/package/@aws-cdk/aws-codecommit
@types/tailwindcss,435750,https://www.npmjs.com/package/@types/tailwindcss
@ldapjs/dn,435203,https://www.npmjs.com/package/@ldapjs/dn
@ldapjs/protocol,435173,https://www.npmjs.com/package/@ldapjs/protocol
@ldapjs/attribute,435049,https://www.npmjs.com/package/@ldapjs/attribute
@ldapjs/change,434982,https://www.npmjs.com/package/@ldapjs/change
@aws-cdk/aws-ecs,433677,https://www.npmjs.com/package/@aws-cdk/aws-ecs
lodash-node,431760,https://www.npmjs.com/package/lodash-node
@aws-cdk/aws-codebuild,431707,https://www.npmjs.com/package/@aws-cdk/aws-codebuild
@types/git-url-parse,431200,https://www.npmjs.com/package/@types/git-url-parse
babel-preset-es2016,428259,https://www.npmjs.com/package/babel-preset-es2016
dependency-check,427006,https://www.npmjs.com/package/dependency-check
@types/i18n-js,426136,https://www.npmjs.com/package/@types/i18n-js
event-to-promise,425118,https://www.npmjs.com/package/event-to-promise
@vitejs/plugin-react-refresh,424749,https://www.npmjs.com/package/@vitejs/plugin-react-refresh
@udecode/plate-link,424131,https://www.npmjs.com/package/@udecode/plate-link
@truffle/debug-utils,421277,https://www.npmjs.com/package/@truffle/debug-utils
react-google-login,419464,https://www.npmjs.com/package/react-google-login
@udecode/plate-code-block,419316,https://www.npmjs.com/package/@udecode/plate-code-block
@truffle/contract-schema,418232,https://www.npmjs.com/package/@truffle/contract-schema
@types/clipboard,417525,https://www.npmjs.com/package/@types/clipboard
@types/opn,417197,https://www.npmjs.com/package/@types/opn
gatsby-recipes,415227,https://www.npmjs.com/package/gatsby-recipes
@types/bignumber.js,414948,https://www.npmjs.com/package/@types/bignumber.js
@aws-cdk/aws-codepipeline,414747,https://www.npmjs.com/package/@aws-cdk/aws-codepipeline
@codemirror/text,414239,https://www.npmjs.com/package/@codemirror/text
mdast,413838,https://www.npmjs.com/package/mdast
@syncfusion/ej2-layouts,411304,https://www.npmjs.com/package/@syncfusion/ej2-layouts
tweetsodium,410980,https://www.npmjs.com/package/tweetsodium
@types/i18next-fs-backend,410831,https://www.npmjs.com/package/@types/i18next-fs-backend
@types/schema-utils,410527,https://www.npmjs.com/package/@types/schema-utils
caller-id,410472,https://www.npmjs.com/package/caller-id
babel-preset-es2017,410387,https://www.npmjs.com/package/babel-preset-es2017
docsify-server-renderer,409143,https://www.npmjs.com/package/docsify-server-renderer
@aws-cdk/aws-events-targets,408306,https://www.npmjs.com/package/@aws-cdk/aws-events-targets
parcel-bundler,405747,https://www.npmjs.com/package/parcel-bundler
@types/sonic-boom,403140,https://www.npmjs.com/package/@types/sonic-boom
@codemirror/rangeset,400995,https://www.npmjs.com/package/@codemirror/rangeset
fastify-error,400665,https://www.npmjs.com/package/fastify-error
@volar/vue-typescript,400378,https://www.npmjs.com/package/@volar/vue-typescript
popper-max-size-modifier,400079,https://www.npmjs.com/package/popper-max-size-modifier
@types/testing-library__cypress,400041,https://www.npmjs.com/package/@types/testing-library__cypress
@recordreplay/recordings-cli,399851,https://www.npmjs.com/package/@recordreplay/recordings-cli
@types/table,397978,https://www.npmjs.com/package/@types/table
@types/react-phone-number-input,397179,https://www.npmjs.com/package/@types/react-phone-number-input
@types/asn1js,396284,https://www.npmjs.com/package/@types/asn1js
@types/private-ip,395901,https://www.npmjs.com/package/@types/private-ip
react-navigation,395322,https://www.npmjs.com/package/react-navigation
@aws-cdk/aws-kinesisfirehose,395217,https://www.npmjs.com/package/@aws-cdk/aws-kinesisfirehose
rcloader,394820,https://www.npmjs.com/package/rcloader
@types/github-slugger,393449,https://www.npmjs.com/package/@types/github-slugger
@types/jss,393448,https://www.npmjs.com/package/@types/jss
@types/prosemirror-model,392500,https://www.npmjs.com/package/@types/prosemirror-model
@types/react-instantsearch-core,391192,https://www.npmjs.com/package/@types/react-instantsearch-core
graphql-executor,390249,https://www.npmjs.com/package/graphql-executor
@types/react-dropzone,388484,https://www.npmjs.com/package/@types/react-dropzone
@udecode/plate-media,388253,https://www.npmjs.com/package/@udecode/plate-media
topojson,387558,https://www.npmjs.com/package/topojson
@types/ip-regex,385771,https://www.npmjs.com/package/@types/ip-regex
http2,384562,https://www.npmjs.com/package/http2
@swc/register,383682,https://www.npmjs.com/package/@swc/register
angular-translate,382939,https://www.npmjs.com/package/angular-translate
@codemirror/highlight,381545,https://www.npmjs.com/package/@codemirror/highlight
postinstall-build,380138,https://www.npmjs.com/package/postinstall-build
@types/storybook__react,378674,https://www.npmjs.com/package/@types/storybook__react
xterm-addon-search,377183,https://www.npmjs.com/package/xterm-addon-search
graphql-language-service-utils,376721,https://www.npmjs.com/package/graphql-language-service-utils
nx-remotecache-custom,376227,https://www.npmjs.com/package/nx-remotecache-custom
@truffle/abi-utils,373503,https://www.npmjs.com/package/@truffle/abi-utils
fingerprintjs2,373059,https://www.npmjs.com/package/fingerprintjs2
testcafe-safe-storage,371747,https://www.npmjs.com/package/testcafe-safe-storage
fastify-swagger,371391,https://www.npmjs.com/package/fastify-swagger
@udecode/slate-utils,370907,https://www.npmjs.com/package/@udecode/slate-utils
@types/refractor,370405,https://www.npmjs.com/package/@types/refractor
angular-resource,369383,https://www.npmjs.com/package/angular-resource
eth-json-rpc-errors,368693,https://www.npmjs.com/package/eth-json-rpc-errors
@types/yeoman-generator,368428,https://www.npmjs.com/package/@types/yeoman-generator
mimelib,368155,https://www.npmjs.com/package/mimelib
bootstrap-colorpicker,366444,https://www.npmjs.com/package/bootstrap-colorpicker
@types/error-stack-parser,366317,https://www.npmjs.com/package/@types/error-stack-parser
tsml,366034,https://www.npmjs.com/package/tsml
@nextui-org/spinner,365866,https://www.npmjs.com/package/@nextui-org/spinner
@types/prosemirror-state,365742,https://www.npmjs.com/package/@types/prosemirror-state
@react-native-community/art,365487,https://www.npmjs.com/package/@react-native-community/art
appium-base-driver,365298,https://www.npmjs.com/package/appium-base-driver
@nextui-org/ripple,364586,https://www.npmjs.com/package/@nextui-org/ripple
@nextui-org/button,363621,https://www.npmjs.com/package/@nextui-org/button
@react-native-community/async-storage,363506,https://www.npmjs.com/package/@react-native-community/async-storage
@udecode/plate,363096,https://www.npmjs.com/package/@udecode/plate
@types/google-maps,362977,https://www.npmjs.com/package/@types/google-maps
graphql-language-service-types,362786,https://www.npmjs.com/package/graphql-language-service-types
@types/csv-parse,362275,https://www.npmjs.com/package/@types/csv-parse
@types/prosemirror-transform,362056,https://www.npmjs.com/package/@types/prosemirror-transform
@types/eslint__eslintrc,362001,https://www.npmjs.com/package/@types/eslint__eslintrc
ipld-dag-pb,361626,https://www.npmjs.com/package/ipld-dag-pb
material-ui,361510,https://www.npmjs.com/package/material-ui
@types/antlr4,361472,https://www.npmjs.com/package/@types/antlr4
@mongodb-js/zstd-linux-x64-musl,360706,https://www.npmjs.com/package/@mongodb-js/zstd-linux-x64-musl
@udecode/slate-react,360477,https://www.npmjs.com/package/@udecode/slate-react
@nextui-org/divider,359702,https://www.npmjs.com/package/@nextui-org/divider
precss,359697,https://www.npmjs.com/package/precss
sign-addon,358490,https://www.npmjs.com/package/sign-addon
@udecode/plate-floating,355691,https://www.npmjs.com/package/@udecode/plate-floating
@uppy/aws-s3-multipart,355546,https://www.npmjs.com/package/@uppy/aws-s3-multipart
graphql-language-service-parser,354580,https://www.npmjs.com/package/graphql-language-service-parser
@types/mdx-js__react,353563,https://www.npmjs.com/package/@types/mdx-js__react
@types/react-intl,352946,https://www.npmjs.com/package/@types/react-intl
@udecode/plate-indent,352086,https://www.npmjs.com/package/@udecode/plate-indent
time-grunt,351862,https://www.npmjs.com/package/time-grunt
express-pino-logger,351586,https://www.npmjs.com/package/express-pino-logger
npmconf,351194,https://www.npmjs.com/package/npmconf
fastify-cors,351031,https://www.npmjs.com/package/fastify-cors
@nextui-org/tooltip,350157,https://www.npmjs.com/package/@nextui-org/tooltip
babel-preset-latest,348941,https://www.npmjs.com/package/babel-preset-latest
inside,347804,https://www.npmjs.com/package/inside
@types/react-tabs,346559,https://www.npmjs.com/package/@types/react-tabs
@nextui-org/popover,346543,https://www.npmjs.com/package/@nextui-org/popover
eslint-plugin-typescript,346341,https://www.npmjs.com/package/eslint-plugin-typescript
@types/pg-types,345322,https://www.npmjs.com/package/@types/pg-types
@types/prosemirror-view,344920,https://www.npmjs.com/package/@types/prosemirror-view
@types/swiper,343742,https://www.npmjs.com/package/@types/swiper
@discordjs/form-data,343640,https://www.npmjs.com/package/@discordjs/form-data
@types/reselect,342378,https://www.npmjs.com/package/@types/reselect
@aws-cdk/aws-dynamodb,340233,https://www.npmjs.com/package/@aws-cdk/aws-dynamodb
redux-devtools,340129,https://www.npmjs.com/package/redux-devtools
multiaddr-to-uri,339767,https://www.npmjs.com/package/multiaddr-to-uri
@truffle/compile-common,339359,https://www.npmjs.com/package/@truffle/compile-common
@json-rpc-tools/utils,339296,https://www.npmjs.com/package/@json-rpc-tools/utils
@types/cache-manager-redis-store,339259,https://www.npmjs.com/package/@types/cache-manager-redis-store
@nextui-org/accordion,339247,https://www.npmjs.com/package/@nextui-org/accordion
@json-rpc-tools/types,339082,https://www.npmjs.com/package/@json-rpc-tools/types
@nextui-org/react,338003,https://www.npmjs.com/package/@nextui-org/react
@nextui-org/avatar,337610,https://www.npmjs.com/package/@nextui-org/avatar
elevenlabs,337043,https://www.npmjs.com/package/elevenlabs
@types/tempy,336697,https://www.npmjs.com/package/@types/tempy
@vue/ref-transform,336124,https://www.npmjs.com/package/@vue/ref-transform
@nextui-org/input,335859,https://www.npmjs.com/package/@nextui-org/input
shikiji,335389,https://www.npmjs.com/package/shikiji
@eslint-react/tools,335252,https://www.npmjs.com/package/@eslint-react/tools
@types/orderedmap,335128,https://www.npmjs.com/package/@types/orderedmap
graphql-language-service-interface,334978,https://www.npmjs.com/package/graphql-language-service-interface
react-load-script,334675,https://www.npmjs.com/package/react-load-script
@nextui-org/listbox,334354,https://www.npmjs.com/package/@nextui-org/listbox
@nextui-org/badge,333832,https://www.npmjs.com/package/@nextui-org/badge
@nextui-org/modal,332249,https://www.npmjs.com/package/@nextui-org/modal
@types/copy-webpack-plugin,331656,https://www.npmjs.com/package/@types/copy-webpack-plugin
vsce,331512,https://www.npmjs.com/package/vsce
@nextui-org/scroll-shadow,331260,https://www.npmjs.com/package/@nextui-org/scroll-shadow
@nextui-org/checkbox,331062,https://www.npmjs.com/package/@nextui-org/checkbox
@udecode/plate-break,331041,https://www.npmjs.com/package/@udecode/plate-break
@nextui-org/dropdown,329629,https://www.npmjs.com/package/@nextui-org/dropdown
remark-lint-no-auto-link-without-protocol,329228,https://www.npmjs.com/package/remark-lint-no-auto-link-without-protocol
connect-multiparty,328965,https://www.npmjs.com/package/connect-multiparty
@udecode/plate-combobox,328707,https://www.npmjs.com/package/@udecode/plate-combobox
@nextui-org/switch,328646,https://www.npmjs.com/package/@nextui-org/switch
@types/murmurhash,328569,https://www.npmjs.com/package/@types/murmurhash
@nextui-org/menu,328543,https://www.npmjs.com/package/@nextui-org/menu
@nextui-org/select,327719,https://www.npmjs.com/package/@nextui-org/select
@nextui-org/navbar,326843,https://www.npmjs.com/package/@nextui-org/navbar
@nextui-org/pagination,326395,https://www.npmjs.com/package/@nextui-org/pagination
socket.io-redis,326361,https://www.npmjs.com/package/socket.io-redis
@nextui-org/link,326099,https://www.npmjs.com/package/@nextui-org/link
@nextui-org/tabs,325884,https://www.npmjs.com/package/@nextui-org/tabs
@opentelemetry/exporter-collector,325755,https://www.npmjs.com/package/@opentelemetry/exporter-collector
@nextui-org/table,325106,https://www.npmjs.com/package/@nextui-org/table
@nextui-org/card,325073,https://www.npmjs.com/package/@nextui-org/card
@nextui-org/spacer,324887,https://www.npmjs.com/package/@nextui-org/spacer
@nextui-org/progress,324817,https://www.npmjs.com/package/@nextui-org/progress
@antfu/eslint-config-ts,324807,https://www.npmjs.com/package/@antfu/eslint-config-ts
aptos,324525,https://www.npmjs.com/package/aptos
@antfu/eslint-config-basic,324472,https://www.npmjs.com/package/@antfu/eslint-config-basic
ohmyfetch,324129,https://www.npmjs.com/package/ohmyfetch
@nextui-org/skeleton,324105,https://www.npmjs.com/package/@nextui-org/skeleton
@nextui-org/radio,323740,https://www.npmjs.com/package/@nextui-org/radio
@antfu/eslint-config-vue,323284,https://www.npmjs.com/package/@antfu/eslint-config-vue
@nextui-org/kbd,323259,https://www.npmjs.com/package/@nextui-org/kbd
@nextui-org/snippet,323035,https://www.npmjs.com/package/@nextui-org/snippet
@nextui-org/chip,322972,https://www.npmjs.com/package/@nextui-org/chip
jscs,322958,https://www.npmjs.com/package/jscs
@nextui-org/code,322790,https://www.npmjs.com/package/@nextui-org/code
@nextui-org/image,322512,https://www.npmjs.com/package/@nextui-org/image
rollup-plugin-typescript,321845,https://www.npmjs.com/package/rollup-plugin-typescript
@types/chokidar,321601,https://www.npmjs.com/package/@types/chokidar
@types/inflection,321018,https://www.npmjs.com/package/@types/inflection
document-register-element,320442,https://www.npmjs.com/package/document-register-element
@nextui-org/user,319882,https://www.npmjs.com/package/@nextui-org/user
multiline,319740,https://www.npmjs.com/package/multiline
@nextui-org/slider,319151,https://www.npmjs.com/package/@nextui-org/slider
@udecode/plate-indent-list,318956,https://www.npmjs.com/package/@udecode/plate-indent-list
@nextui-org/autocomplete,318073,https://www.npmjs.com/package/@nextui-org/autocomplete
@types/knex,316771,https://www.npmjs.com/package/@types/knex
mdn-browser-compat-data,316680,https://www.npmjs.com/package/mdn-browser-compat-data
@types/pubnub,316311,https://www.npmjs.com/package/@types/pubnub
@nextui-org/breadcrumbs,316219,https://www.npmjs.com/package/@nextui-org/breadcrumbs
@miniflare/shared-test-environment,316050,https://www.npmjs.com/package/@miniflare/shared-test-environment
@slack/client,315489,https://www.npmjs.com/package/@slack/client
@udecode/plate-font,314150,https://www.npmjs.com/package/@udecode/plate-font
@json-rpc-tools/provider,313964,https://www.npmjs.com/package/@json-rpc-tools/provider
expo-cli,313257,https://www.npmjs.com/package/expo-cli
@types/decimal.js,311783,https://www.npmjs.com/package/@types/decimal.js
@salesforce/command,311125,https://www.npmjs.com/package/@salesforce/command
@types/jest-expect-message,311094,https://www.npmjs.com/package/@types/jest-expect-message
@types/slate-react,310766,https://www.npmjs.com/package/@types/slate-react
@udecode/plate-trailing-block,310268,https://www.npmjs.com/package/@udecode/plate-trailing-block
@types/mathjs,309476,https://www.npmjs.com/package/@types/mathjs
exec,309265,https://www.npmjs.com/package/exec
@bochilteam/scraper-sosmed,309164,https://www.npmjs.com/package/@bochilteam/scraper-sosmed
@toruslabs/solana-embed,308610,https://www.npmjs.com/package/@toruslabs/solana-embed
@codemirror/gutter,308593,https://www.npmjs.com/package/@codemirror/gutter
@udecode/plate-horizontal-rule,307860,https://www.npmjs.com/package/@udecode/plate-horizontal-rule
@clerk/clerk-sdk-node,307556,https://www.npmjs.com/package/@clerk/clerk-sdk-node
@syncfusion/ej2-svg-base,306901,https://www.npmjs.com/package/@syncfusion/ej2-svg-base
jest-environment-miniflare,305536,https://www.npmjs.com/package/jest-environment-miniflare
esri-loader,305508,https://www.npmjs.com/package/esri-loader
@miniflare/cli-parser,305315,https://www.npmjs.com/package/@miniflare/cli-parser
@miniflare/http-server,305314,https://www.npmjs.com/package/@miniflare/http-server
@miniflare/scheduler,305312,https://www.npmjs.com/package/@miniflare/scheduler
eip1193-provider,304790,https://www.npmjs.com/package/eip1193-provider
@codemirror/basic-setup,304514,https://www.npmjs.com/package/@codemirror/basic-setup
@ngneat/transloco-utils,304285,https://www.npmjs.com/package/@ngneat/transloco-utils
@readme/oas-extensions,304071,https://www.npmjs.com/package/@readme/oas-extensions
URIjs,304002,https://www.npmjs.com/package/URIjs
@types/deepmerge,302269,https://www.npmjs.com/package/@types/deepmerge
remark-autolink-headings,301733,https://www.npmjs.com/package/remark-autolink-headings
b64,300851,https://www.npmjs.com/package/b64
open-sans-fonts,299934,https://www.npmjs.com/package/open-sans-fonts
@codemirror/history,299448,https://www.npmjs.com/package/@codemirror/history
url-search-params,299261,https://www.npmjs.com/package/url-search-params
@truffle/contract,299234,https://www.npmjs.com/package/@truffle/contract
dtslint,298281,https://www.npmjs.com/package/dtslint
@codemirror/panel,297692,https://www.npmjs.com/package/@codemirror/panel
@codemirror/matchbrackets,297110,https://www.npmjs.com/package/@codemirror/matchbrackets
oslo,297082,https://www.npmjs.com/package/oslo
@codemirror/tooltip,295059,https://www.npmjs.com/package/@codemirror/tooltip
@types/yaml,293203,https://www.npmjs.com/package/@types/yaml
@types/fast-json-stable-stringify,292984,https://www.npmjs.com/package/@types/fast-json-stable-stringify
ava-init,291129,https://www.npmjs.com/package/ava-init
@types/redux-saga,290971,https://www.npmjs.com/package/@types/redux-saga
arr-exclude,290658,https://www.npmjs.com/package/arr-exclude
@hey-api/client-axios,290254,https://www.npmjs.com/package/@hey-api/client-axios
vscode-test,289509,https://www.npmjs.com/package/vscode-test
@wdio/selenium-standalone-service,288836,https://www.npmjs.com/package/@wdio/selenium-standalone-service
@types/next,288685,https://www.npmjs.com/package/@types/next
@types/prosemirror-commands,288628,https://www.npmjs.com/package/@types/prosemirror-commands
@bochilteam/scraper-downloader,288377,https://www.npmjs.com/package/@bochilteam/scraper-downloader
@codemirror/closebrackets,287905,https://www.npmjs.com/package/@codemirror/closebrackets
intl-locales-supported,287730,https://www.npmjs.com/package/intl-locales-supported
angular-aria,287334,https://www.npmjs.com/package/angular-aria
rollup-plugin-buble,286917,https://www.npmjs.com/package/rollup-plugin-buble
@types/redux-thunk,286349,https://www.npmjs.com/package/@types/redux-thunk
@types/yeoman-environment,286037,https://www.npmjs.com/package/@types/yeoman-environment
@udecode/plate-select,285697,https://www.npmjs.com/package/@udecode/plate-select
@nextui-org/calendar,285138,https://www.npmjs.com/package/@nextui-org/calendar
statsd-client,284800,https://www.npmjs.com/package/statsd-client
@nextui-org/date-input,283805,https://www.npmjs.com/package/@nextui-org/date-input
@nextui-org/date-picker,283036,https://www.npmjs.com/package/@nextui-org/date-picker
@types/js-base64,282984,https://www.npmjs.com/package/@types/js-base64
@types/source-map,282307,https://www.npmjs.com/package/@types/source-map
cypress-grep,282228,https://www.npmjs.com/package/cypress-grep
statehood,281276,https://www.npmjs.com/package/statehood
@supabase/auth-helpers-react,280785,https://www.npmjs.com/package/@supabase/auth-helpers-react
hash-obj,280354,https://www.npmjs.com/package/hash-obj
iron,279905,https://www.npmjs.com/package/iron
@types/lorem-ipsum,277757,https://www.npmjs.com/package/@types/lorem-ipsum
electron-download,277654,https://www.npmjs.com/package/electron-download
@types/ora,277542,https://www.npmjs.com/package/@types/ora
appium-support,277362,https://www.npmjs.com/package/appium-support
@types/echarts,276169,https://www.npmjs.com/package/@types/echarts
@aws-cdk/aws-batch,276163,https://www.npmjs.com/package/@aws-cdk/aws-batch
@codemirror/comment,276099,https://www.npmjs.com/package/@codemirror/comment
@ngneat/transloco,273977,https://www.npmjs.com/package/@ngneat/transloco
ammo,273446,https://www.npmjs.com/package/ammo
@udecode/plate-node-id,272739,https://www.npmjs.com/package/@udecode/plate-node-id
fluent-syntax,272360,https://www.npmjs.com/package/fluent-syntax
acorn-numeric-separator,272165,https://www.npmjs.com/package/acorn-numeric-separator
tooltip.js,272020,https://www.npmjs.com/package/tooltip.js
accept,271398,https://www.npmjs.com/package/accept
@udecode/plate-autoformat,269900,https://www.npmjs.com/package/@udecode/plate-autoformat
@aws-cdk/aws-apigatewayv2,268332,https://www.npmjs.com/package/@aws-cdk/aws-apigatewayv2
@opentelemetry/exporter-otlp-http,268291,https://www.npmjs.com/package/@opentelemetry/exporter-otlp-http
opn-cli,268114,https://www.npmjs.com/package/opn-cli
vscode-emmet-helper,267962,https://www.npmjs.com/package/vscode-emmet-helper
@types/app-root-path,267596,https://www.npmjs.com/package/@types/app-root-path
tslint-config-standard,266725,https://www.npmjs.com/package/tslint-config-standard
@types/enhanced-resolve,265199,https://www.npmjs.com/package/@types/enhanced-resolve
remotedev-serialize,264881,https://www.npmjs.com/package/remotedev-serialize
apollo-server-lambda,264587,https://www.npmjs.com/package/apollo-server-lambda
viz.js,264290,https://www.npmjs.com/package/viz.js
hapi,264145,https://www.npmjs.com/package/hapi
statsig-js,263360,https://www.npmjs.com/package/statsig-js
mandrill-api,262874,https://www.npmjs.com/package/mandrill-api
@aws-cdk/aws-codedeploy,261958,https://www.npmjs.com/package/@aws-cdk/aws-codedeploy
@aws-cdk/aws-globalaccelerator,261623,https://www.npmjs.com/package/@aws-cdk/aws-globalaccelerator
@types/react-leaflet,261556,https://www.npmjs.com/package/@types/react-leaflet
avalanche,260444,https://www.npmjs.com/package/avalanche
@types/node-cache,260261,https://www.npmjs.com/package/@types/node-cache
call,260195,https://www.npmjs.com/package/call
react-jsonschema-form,258615,https://www.npmjs.com/package/react-jsonschema-form
native-base,258303,https://www.npmjs.com/package/native-base
fstream-npm,257998,https://www.npmjs.com/package/fstream-npm
bfj-node4,257931,https://www.npmjs.com/package/bfj-node4
unimported,257386,https://www.npmjs.com/package/unimported
heavy,256857,https://www.npmjs.com/package/heavy
@aws-cdk/aws-codepipeline-actions,256497,https://www.npmjs.com/package/@aws-cdk/aws-codepipeline-actions
@types/parse-package-name,256001,https://www.npmjs.com/package/@types/parse-package-name
@types/memoize-one,255335,https://www.npmjs.com/package/@types/memoize-one
@types/xregexp,255178,https://www.npmjs.com/package/@types/xregexp
@ledgerhq/hw-transport-u2f,254767,https://www.npmjs.com/package/@ledgerhq/hw-transport-u2f
@types/prosemirror-keymap,253779,https://www.npmjs.com/package/@types/prosemirror-keymap
catbox,253372,https://www.npmjs.com/package/catbox
lex,252946,https://www.npmjs.com/package/lex
@types/react-i18next,252827,https://www.npmjs.com/package/@types/react-i18next
detox-copilot,252519,https://www.npmjs.com/package/detox-copilot
@effect/data,252515,https://www.npmjs.com/package/@effect/data
jetpack-id,252106,https://www.npmjs.com/package/jetpack-id
babyparse,251137,https://www.npmjs.com/package/babyparse
vue-analytics,250994,https://www.npmjs.com/package/vue-analytics
rudder-sdk-js,250588,https://www.npmjs.com/package/rudder-sdk-js
jscs-preset-wikimedia,250198,https://www.npmjs.com/package/jscs-preset-wikimedia
eslint-config-oclif-typescript,250198,https://www.npmjs.com/package/eslint-config-oclif-typescript
content,250137,https://www.npmjs.com/package/content
youtubedl-core,249944,https://www.npmjs.com/package/youtubedl-core
@effect/io,249534,https://www.npmjs.com/package/@effect/io
@types/es6-promise,249207,https://www.npmjs.com/package/@types/es6-promise
subtext,249118,https://www.npmjs.com/package/subtext
catbox-memory,249043,https://www.npmjs.com/package/catbox-memory
shot,248508,https://www.npmjs.com/package/shot
tilebelt,248482,https://www.npmjs.com/package/tilebelt
@types/concurrently,248110,https://www.npmjs.com/package/@types/concurrently
js-joda,247921,https://www.npmjs.com/package/js-joda
vise,246356,https://www.npmjs.com/package/vise
@zeit/ncc,246261,https://www.npmjs.com/package/@zeit/ncc
pez,245957,https://www.npmjs.com/package/pez
nigel,245806,https://www.npmjs.com/package/nigel
@udecode/plate-mention,245179,https://www.npmjs.com/package/@udecode/plate-mention
@types/exceljs,244782,https://www.npmjs.com/package/@types/exceljs
@newrelic/next,244569,https://www.npmjs.com/package/@newrelic/next
@udecode/plate-basic-elements,244538,https://www.npmjs.com/package/@udecode/plate-basic-elements
shiki-es,244297,https://www.npmjs.com/package/shiki-es
@dotlottie/react-player,243255,https://www.npmjs.com/package/@dotlottie/react-player
@dword-design/functions,242876,https://www.npmjs.com/package/@dword-design/functions
@udecode/plate-resizable,242862,https://www.npmjs.com/package/@udecode/plate-resizable
@financial-times/polyfill-useragent-normaliser,242495,https://www.npmjs.com/package/@financial-times/polyfill-useragent-normaliser
@types/tap,242419,https://www.npmjs.com/package/@types/tap
json-parser,242332,https://www.npmjs.com/package/json-parser
@shopify/react-hooks,241758,https://www.npmjs.com/package/@shopify/react-hooks
react-uuid,241543,https://www.npmjs.com/package/react-uuid
ngrx-store-localstorage,241228,https://www.npmjs.com/package/ngrx-store-localstorage
@types/strip-ansi,241045,https://www.npmjs.com/package/@types/strip-ansi
react-testing-library,241008,https://www.npmjs.com/package/react-testing-library
@types/socket.io-parser,240921,https://www.npmjs.com/package/@types/socket.io-parser
@web3modal/core,240842,https://www.npmjs.com/package/@web3modal/core
bourne,240833,https://www.npmjs.com/package/bourne
mimos,240610,https://www.npmjs.com/package/mimos
cache-manager-ioredis-yet,240584,https://www.npmjs.com/package/cache-manager-ioredis-yet
rollup-plugin-ts,240523,https://www.npmjs.com/package/rollup-plugin-ts
@udecode/plate-highlight,239991,https://www.npmjs.com/package/@udecode/plate-highlight
@web3modal/ui,239102,https://www.npmjs.com/package/@web3modal/ui
@vonage/vetch,238219,https://www.npmjs.com/package/@vonage/vetch
@types/algoliasearch,238149,https://www.npmjs.com/package/@types/algoliasearch
@types/html2canvas,237068,https://www.npmjs.com/package/@types/html2canvas
@types/markdown-table,236898,https://www.npmjs.com/package/@types/markdown-table
apollo-datasource-rest,236826,https://www.npmjs.com/package/apollo-datasource-rest
@types/rc-tooltip,236148,https://www.npmjs.com/package/@types/rc-tooltip
draft-js-plugins-editor,236085,https://www.npmjs.com/package/draft-js-plugins-editor
loadash,235626,https://www.npmjs.com/package/loadash
@types/flatbuffers,235116,https://www.npmjs.com/package/@types/flatbuffers
@types/decamelize,235036,https://www.npmjs.com/package/@types/decamelize
xterm-headless,234486,https://www.npmjs.com/package/xterm-headless
dispensary,233522,https://www.npmjs.com/package/dispensary
@types/react-tooltip,233138,https://www.npmjs.com/package/@types/react-tooltip
@types/prosemirror-schema-list,232777,https://www.npmjs.com/package/@types/prosemirror-schema-list
rdf-js,231965,https://www.npmjs.com/package/rdf-js
youtube-yts,231291,https://www.npmjs.com/package/youtube-yts
js-xdr,230977,https://www.npmjs.com/package/js-xdr
@aws-amplify/ui-components,230620,https://www.npmjs.com/package/@aws-amplify/ui-components
react-three-fiber,230195,https://www.npmjs.com/package/react-three-fiber
@mysten/sui.js,229972,https://www.npmjs.com/package/@mysten/sui.js
@backstage/plugin-scaffolder-backend-module-bitbucket,229953,https://www.npmjs.com/package/@backstage/plugin-scaffolder-backend-module-bitbucket
tsparticles-engine,229015,https://www.npmjs.com/package/tsparticles-engine
@types/jest-preset-stylelint,227793,https://www.npmjs.com/package/@types/jest-preset-stylelint
@types/rc-slider,227674,https://www.npmjs.com/package/@types/rc-slider
token-transformer,227623,https://www.npmjs.com/package/token-transformer
@types/react-resize-detector,226603,https://www.npmjs.com/package/@types/react-resize-detector
@slack/events-api,226266,https://www.npmjs.com/package/@slack/events-api
strip-bom-buffer,226127,https://www.npmjs.com/package/strip-bom-buffer
nestjs-throttler-storage-redis,225490,https://www.npmjs.com/package/nestjs-throttler-storage-redis
@aws-cdk/aws-acmpca,225399,https://www.npmjs.com/package/@aws-cdk/aws-acmpca
@types/prosemirror-history,224804,https://www.npmjs.com/package/@types/prosemirror-history
@udecode/plate-kbd,224498,https://www.npmjs.com/package/@udecode/plate-kbd
@types/twilio,223981,https://www.npmjs.com/package/@types/twilio
fastify-formbody,223954,https://www.npmjs.com/package/fastify-formbody
bcrypt-nodejs,223627,https://www.npmjs.com/package/bcrypt-nodejs
@ckeditor/ckeditor5-build-decoupled-document,223349,https://www.npmjs.com/package/@ckeditor/ckeditor5-build-decoupled-document
@types/openpgp,223008,https://www.npmjs.com/package/@types/openpgp
lucia,220979,https://www.npmjs.com/package/lucia
shikiji-core,220234,https://www.npmjs.com/package/shikiji-core
@types/tempfile,219986,https://www.npmjs.com/package/@types/tempfile
@walletconnect/web3-provider,219963,https://www.npmjs.com/package/@walletconnect/web3-provider
home-path,219301,https://www.npmjs.com/package/home-path
@material/mwc-icon,219295,https://www.npmjs.com/package/@material/mwc-icon
sendgrid,217710,https://www.npmjs.com/package/sendgrid
@types/lowdb,217497,https://www.npmjs.com/package/@types/lowdb
@types/pollyjs__persister,216971,https://www.npmjs.com/package/@types/pollyjs__persister
@extra-number/significant-digits,215902,https://www.npmjs.com/package/@extra-number/significant-digits
@shopify/useful-types,215483,https://www.npmjs.com/package/@shopify/useful-types
@ckeditor/ckeditor5-dev-webpack-plugin,214341,https://www.npmjs.com/package/@ckeditor/ckeditor5-dev-webpack-plugin
slack,213628,https://www.npmjs.com/package/slack
@ckeditor/ckeditor5-build-inline,213545,https://www.npmjs.com/package/@ckeditor/ckeditor5-build-inline
@types/minio,213113,https://www.npmjs.com/package/@types/minio
react-instantsearch-hooks,213093,https://www.npmjs.com/package/react-instantsearch-hooks
@bazel/typescript,213061,https://www.npmjs.com/package/@bazel/typescript
@ckeditor/ckeditor5-build-balloon,212767,https://www.npmjs.com/package/@ckeditor/ckeditor5-build-balloon
phantom,212551,https://www.npmjs.com/package/phantom
backbone-undo,211540,https://www.npmjs.com/package/backbone-undo
@sindresorhus/chunkify,211415,https://www.npmjs.com/package/@sindresorhus/chunkify
@types/react-image-crop,210502,https://www.npmjs.com/package/@types/react-image-crop
@mattiasbuelens/web-streams-polyfill,209707,https://www.npmjs.com/package/@mattiasbuelens/web-streams-polyfill
@types/csv-stringify,209274,https://www.npmjs.com/package/@types/csv-stringify
json-schema-to-openapi-schema,209236,https://www.npmjs.com/package/json-schema-to-openapi-schema
carbon-components,209204,https://www.npmjs.com/package/carbon-components
@zeit/next-css,208454,https://www.npmjs.com/package/@zeit/next-css
@types/filesize,208316,https://www.npmjs.com/package/@types/filesize
@types/math-expression-evaluator,207968,https://www.npmjs.com/package/@types/math-expression-evaluator
@types/workerpool,207927,https://www.npmjs.com/package/@types/workerpool
ngx-perfect-scrollbar,207676,https://www.npmjs.com/package/ngx-perfect-scrollbar
@types/highcharts,207444,https://www.npmjs.com/package/@types/highcharts
@vscode/webview-ui-toolkit,207355,https://www.npmjs.com/package/@vscode/webview-ui-toolkit
@types/signal-exit,207086,https://www.npmjs.com/package/@types/signal-exit
@codemirror/stream-parser,207013,https://www.npmjs.com/package/@codemirror/stream-parser
validate-commit-msg,206584,https://www.npmjs.com/package/validate-commit-msg
codeclimate-test-reporter,206400,https://www.npmjs.com/package/codeclimate-test-reporter
qunitjs,206141,https://www.npmjs.com/package/qunitjs
@types/file-type,205121,https://www.npmjs.com/package/@types/file-type
plugin-log,204930,https://www.npmjs.com/package/plugin-log
xterm-addon-attach,204927,https://www.npmjs.com/package/xterm-addon-attach
@truffle/hdwallet-provider,203922,https://www.npmjs.com/package/@truffle/hdwallet-provider
@google/maps,201918,https://www.npmjs.com/package/@google/maps
@applitools/eyes-sdk-core,200805,https://www.npmjs.com/package/@applitools/eyes-sdk-core
build-url,200656,https://www.npmjs.com/package/build-url
@sentry/apm,200653,https://www.npmjs.com/package/@sentry/apm
@types/pusher-js,200156,https://www.npmjs.com/package/@types/pusher-js
@types/reflect-metadata,199744,https://www.npmjs.com/package/@types/reflect-metadata
gatsby-image,199722,https://www.npmjs.com/package/gatsby-image
neon-env,199089,https://www.npmjs.com/package/neon-env
@types/datatables.net,198726,https://www.npmjs.com/package/@types/datatables.net
@mdx-js/runtime,198423,https://www.npmjs.com/package/@mdx-js/runtime
redux-devtools-core,196581,https://www.npmjs.com/package/redux-devtools-core
react-axe,196177,https://www.npmjs.com/package/react-axe
ariakit,196169,https://www.npmjs.com/package/ariakit
@zeit/next-source-maps,196083,https://www.npmjs.com/package/@zeit/next-source-maps
@aws-cdk/aws-rds,195998,https://www.npmjs.com/package/@aws-cdk/aws-rds
@types/mockdate,195065,https://www.npmjs.com/package/@types/mockdate
phantomjs,194350,https://www.npmjs.com/package/phantomjs
xlsjs,194310,https://www.npmjs.com/package/xlsjs
readable-to-readable,193976,https://www.npmjs.com/package/readable-to-readable
@aws-cdk/aws-s3-deployment,193380,https://www.npmjs.com/package/@aws-cdk/aws-s3-deployment
react-native-randombytes,193228,https://www.npmjs.com/package/react-native-randombytes
@types/find-up,193119,https://www.npmjs.com/package/@types/find-up
electron-rebuild,192984,https://www.npmjs.com/package/electron-rebuild
@types/jssha,192888,https://www.npmjs.com/package/@types/jssha
truffle-contract,192792,https://www.npmjs.com/package/truffle-contract
@types/path-to-regexp,191855,https://www.npmjs.com/package/@types/path-to-regexp
@aws-cdk/aws-s3-notifications,191686,https://www.npmjs.com/package/@aws-cdk/aws-s3-notifications
spdx,191316,https://www.npmjs.com/package/spdx
angular-i18n,190682,https://www.npmjs.com/package/angular-i18n
@aws-cdk/aws-servicecatalog,190359,https://www.npmjs.com/package/@aws-cdk/aws-servicecatalog
vimeo,190150,https://www.npmjs.com/package/vimeo
@openzeppelin/defender-base-client,190099,https://www.npmjs.com/package/@openzeppelin/defender-base-client
@types/redux-persist,189947,https://www.npmjs.com/package/@types/redux-persist
karma-ui5,189646,https://www.npmjs.com/package/karma-ui5
dom-testing-library,189533,https://www.npmjs.com/package/dom-testing-library
@openzeppelin/test-helpers,189465,https://www.npmjs.com/package/@openzeppelin/test-helpers
angular-material,188751,https://www.npmjs.com/package/angular-material
@types/p-limit,188149,https://www.npmjs.com/package/@types/p-limit
@aws-cdk/aws-lambda-event-sources,186707,https://www.npmjs.com/package/@aws-cdk/aws-lambda-event-sources
@codemirror/fold,186694,https://www.npmjs.com/package/@codemirror/fold
@ember-data/tracking,186565,https://www.npmjs.com/package/@ember-data/tracking
@types/ember-qunit,186457,https://www.npmjs.com/package/@types/ember-qunit
@types/react-dnd,186334,https://www.npmjs.com/package/@types/react-dnd
@cliqz/adblocker-content,185996,https://www.npmjs.com/package/@cliqz/adblocker-content
truffle-error,185856,https://www.npmjs.com/package/truffle-error
sib-api-v3-sdk,185800,https://www.npmjs.com/package/sib-api-v3-sdk
@types/ethereumjs-util,185664,https://www.npmjs.com/package/@types/ethereumjs-util
@types/direction,185213,https://www.npmjs.com/package/@types/direction
truffle-blockchain-utils,185023,https://www.npmjs.com/package/truffle-blockchain-utils
stellar-base,184341,https://www.npmjs.com/package/stellar-base
@cliqz/adblocker,184281,https://www.npmjs.com/package/@cliqz/adblocker
@dotlottie/common,184085,https://www.npmjs.com/package/@dotlottie/common
@aws-cdk/lambda-layer-awscli,183830,https://www.npmjs.com/package/@aws-cdk/lambda-layer-awscli
augment-vir,183637,https://www.npmjs.com/package/augment-vir
truffle-contract-schema,183447,https://www.npmjs.com/package/truffle-contract-schema
@cliqz/adblocker-extended-selectors,183366,https://www.npmjs.com/package/@cliqz/adblocker-extended-selectors
ember-ajax,183230,https://www.npmjs.com/package/ember-ajax
antlr4ng-cli,183060,https://www.npmjs.com/package/antlr4ng-cli
popsicle-proxy-agent,182793,https://www.npmjs.com/package/popsicle-proxy-agent
@types/google-spreadsheet,182494,https://www.npmjs.com/package/@types/google-spreadsheet
@nextui-org/form,182365,https://www.npmjs.com/package/@nextui-org/form
@types/semantic-release,182259,https://www.npmjs.com/package/@types/semantic-release
polyfill-library,182179,https://www.npmjs.com/package/polyfill-library
react-navigation-stack,181337,https://www.npmjs.com/package/react-navigation-stack
@types/redux-devtools-extension,180862,https://www.npmjs.com/package/@types/redux-devtools-extension
rand-user-agent,180551,https://www.npmjs.com/package/rand-user-agent
stellar-sdk,180303,https://www.npmjs.com/package/stellar-sdk
podium,180171,https://www.npmjs.com/package/podium
@opentelemetry/node,180042,https://www.npmjs.com/package/@opentelemetry/node
commitlint-plugin-jira-rules,179764,https://www.npmjs.com/package/commitlint-plugin-jira-rules
commitlint-config-jira,179584,https://www.npmjs.com/package/commitlint-config-jira
@types/cosmiconfig,179338,https://www.npmjs.com/package/@types/cosmiconfig
@types/whatwg-streams,178457,https://www.npmjs.com/package/@types/whatwg-streams
pspdfkit,178327,https://www.npmjs.com/package/pspdfkit
statsig-react,177918,https://www.npmjs.com/package/statsig-react
grunt-chokidar,177663,https://www.npmjs.com/package/grunt-chokidar
@cypress/xpath,177298,https://www.npmjs.com/package/@cypress/xpath
@types/extract-zip,177103,https://www.npmjs.com/package/@types/extract-zip
@types/node-emoji,176975,https://www.npmjs.com/package/@types/node-emoji
@types/react-json-tree,176843,https://www.npmjs.com/package/@types/react-json-tree
@types/ember__test-helpers,176803,https://www.npmjs.com/package/@types/ember__test-helpers
@udecode/plate-line-height,176745,https://www.npmjs.com/package/@udecode/plate-line-height
@types/umzug,176629,https://www.npmjs.com/package/@types/umzug
@redocly/openapi-cli,176616,https://www.npmjs.com/package/@redocly/openapi-cli
CSSselect,176472,https://www.npmjs.com/package/CSSselect
@asymmetrik/ngx-leaflet,175916,https://www.npmjs.com/package/@asymmetrik/ngx-leaflet
@syncfusion/ej2-inplace-editor,175875,https://www.npmjs.com/package/@syncfusion/ej2-inplace-editor
CSSwhat,175835,https://www.npmjs.com/package/CSSwhat
@aws-cdk/aws-cloudwatch-actions,175026,https://www.npmjs.com/package/@aws-cdk/aws-cloudwatch-actions
rollup-plugin-alias,174955,https://www.npmjs.com/package/rollup-plugin-alias
hast,174921,https://www.npmjs.com/package/hast
@types/pollyjs__core,174635,https://www.npmjs.com/package/@types/pollyjs__core
@effect/match,174597,https://www.npmjs.com/package/@effect/match
highlightjs,174395,https://www.npmjs.com/package/highlightjs
@eslint-types/typescript-eslint,173636,https://www.npmjs.com/package/@eslint-types/typescript-eslint
@types/webpack-merge,173582,https://www.npmjs.com/package/@types/webpack-merge
angular-touch,173086,https://www.npmjs.com/package/angular-touch
typescript-estree,172997,https://www.npmjs.com/package/typescript-estree
graphql-typed,172902,https://www.npmjs.com/package/graphql-typed
@tippy.js/react,172882,https://www.npmjs.com/package/@tippy.js/react
package.json,172076,https://www.npmjs.com/package/package.json
@types/hapi__inert,171783,https://www.npmjs.com/package/@types/hapi__inert
grunt-lib-contrib,171508,https://www.npmjs.com/package/grunt-lib-contrib
scroll-lock,171505,https://www.npmjs.com/package/scroll-lock
interface-ipld-format,171311,https://www.npmjs.com/package/interface-ipld-format
@opentelemetry/types,171104,https://www.npmjs.com/package/@opentelemetry/types
@types/allure-js-commons,170673,https://www.npmjs.com/package/@types/allure-js-commons
connect-openui5,170364,https://www.npmjs.com/package/connect-openui5
@types/compression-webpack-plugin,170277,https://www.npmjs.com/package/@types/compression-webpack-plugin
commitlint-jira-utils,170079,https://www.npmjs.com/package/commitlint-jira-utils
@types/loglevel,170000,https://www.npmjs.com/package/@types/loglevel
mocha-tags-ultra,169733,https://www.npmjs.com/package/mocha-tags-ultra
nodeunit,169380,https://www.npmjs.com/package/nodeunit
@shopify/async,169369,https://www.npmjs.com/package/@shopify/async
@googlemaps/markerclustererplus,169062,https://www.npmjs.com/package/@googlemaps/markerclustererplus
@types/gsap,168686,https://www.npmjs.com/package/@types/gsap
mongodb-stitch-core-sdk,168676,https://www.npmjs.com/package/mongodb-stitch-core-sdk
ember-cli-eslint,168656,https://www.npmjs.com/package/ember-cli-eslint
@volar/vue-code-gen,168629,https://www.npmjs.com/package/@volar/vue-code-gen
gulp-angular-templatecache,168436,https://www.npmjs.com/package/gulp-angular-templatecache
heroku-cli-util,168374,https://www.npmjs.com/package/heroku-cli-util
react-native-image-resizer,168201,https://www.npmjs.com/package/react-native-image-resizer
@aws-sdk/client-elastic-inference,167919,https://www.npmjs.com/package/@aws-sdk/client-elastic-inference
@aws-sdk/client-privatenetworks,167754,https://www.npmjs.com/package/@aws-sdk/client-privatenetworks
typescript-styled-plugin,167729,https://www.npmjs.com/package/typescript-styled-plugin
gc-stats,167142,https://www.npmjs.com/package/gc-stats
@aws-sdk/client-worklink,166457,https://www.npmjs.com/package/@aws-sdk/client-worklink
ngx-dropzone,166419,https://www.npmjs.com/package/ngx-dropzone
@aws-sdk/client-iot-1click-devices-service,166319,https://www.npmjs.com/package/@aws-sdk/client-iot-1click-devices-service
@nextui-org/input-otp,166115,https://www.npmjs.com/package/@nextui-org/input-otp
eslint-formatter-summary-chart,166114,https://www.npmjs.com/package/eslint-formatter-summary-chart
react-instantsearch-hooks-web,166083,https://www.npmjs.com/package/react-instantsearch-hooks-web
@aws-sdk/client-iot-1click-projects,165901,https://www.npmjs.com/package/@aws-sdk/client-iot-1click-projects
@syncfusion/ej2-drawings,165891,https://www.npmjs.com/package/@syncfusion/ej2-drawings
@mongodb-js/zstd-linux-arm64-gnu,165756,https://www.npmjs.com/package/@mongodb-js/zstd-linux-arm64-gnu
@types/stylelint,165179,https://www.npmjs.com/package/@types/stylelint
@types/rate-limit-redis,164720,https://www.npmjs.com/package/@types/rate-limit-redis
@types/ajv,164488,https://www.npmjs.com/package/@types/ajv
@slack/interactive-messages,164349,https://www.npmjs.com/package/@slack/interactive-messages
acorn-import-meta,164318,https://www.npmjs.com/package/acorn-import-meta
@nextui-org/drawer,164107,https://www.npmjs.com/package/@nextui-org/drawer
@nextui-org/alert,164053,https://www.npmjs.com/package/@nextui-org/alert
react-scrollspy,163815,https://www.npmjs.com/package/react-scrollspy
@tsconfig/node18-strictest,163747,https://www.npmjs.com/package/@tsconfig/node18-strictest
ng-click-outside,163723,https://www.npmjs.com/package/ng-click-outside
@ckeditor/ckeditor5-build-balloon-block,163349,https://www.npmjs.com/package/@ckeditor/ckeditor5-build-balloon-block
@types/react-icons,162980,https://www.npmjs.com/package/@types/react-icons
@types/ember-resolver,161879,https://www.npmjs.com/package/@types/ember-resolver
monday-ui-react-core,161609,https://www.npmjs.com/package/monday-ui-react-core
@udecode/plate-find-replace,161578,https://www.npmjs.com/package/@udecode/plate-find-replace
broccoli-autoprefixer,161426,https://www.npmjs.com/package/broccoli-autoprefixer
noble-bls12-381,161324,https://www.npmjs.com/package/noble-bls12-381
@shopify/web-worker,161272,https://www.npmjs.com/package/@shopify/web-worker
@types/micro,161084,https://www.npmjs.com/package/@types/micro
vision,159670,https://www.npmjs.com/package/vision
typings,159548,https://www.npmjs.com/package/typings
@types/express-handlebars,159090,https://www.npmjs.com/package/@types/express-handlebars
@vanilla-extract/babel-plugin,158975,https://www.npmjs.com/package/@vanilla-extract/babel-plugin
dep-graph,158912,https://www.npmjs.com/package/dep-graph
bounce,158721,https://www.npmjs.com/package/bounce
@types/storybook__addon-actions,158578,https://www.npmjs.com/package/@types/storybook__addon-actions
@astrojs/webapi,158278,https://www.npmjs.com/package/@astrojs/webapi
native-or-bluebird,157661,https://www.npmjs.com/package/native-or-bluebird
ipld-dag-cbor,157513,https://www.npmjs.com/package/ipld-dag-cbor
xss-clean,157438,https://www.npmjs.com/package/xss-clean
electron-releases,156768,https://www.npmjs.com/package/electron-releases
webextension-polyfill-ts,156653,https://www.npmjs.com/package/webextension-polyfill-ts
@stylexjs/shared,156453,https://www.npmjs.com/package/@stylexjs/shared
react-sortable-tree-patch-react-17,156285,https://www.npmjs.com/package/react-sortable-tree-patch-react-17
emailjs-com,156077,https://www.npmjs.com/package/emailjs-com
react-dnd-scrollzone-patch-react-17,155533,https://www.npmjs.com/package/react-dnd-scrollzone-patch-react-17
jest-environment-node-single-context,155388,https://www.npmjs.com/package/jest-environment-node-single-context
js-select,155362,https://www.npmjs.com/package/js-select
gulp-minify-css,155256,https://www.npmjs.com/package/gulp-minify-css
@paypal/checkout-server-sdk,155021,https://www.npmjs.com/package/@paypal/checkout-server-sdk
@types/should,154999,https://www.npmjs.com/package/@types/should
@types/camelcase,154789,https://www.npmjs.com/package/@types/camelcase
@vercel/flags,154573,https://www.npmjs.com/package/@vercel/flags
@safe-global/safe-core-sdk-types,153739,https://www.npmjs.com/package/@safe-global/safe-core-sdk-types
acorn-bigint,153674,https://www.npmjs.com/package/acorn-bigint
@types/prosemirror-gapcursor,153034,https://www.npmjs.com/package/@types/prosemirror-gapcursor
processenv,152369,https://www.npmjs.com/package/processenv
dgram,152322,https://www.npmjs.com/package/dgram
@codemirror/rectangular-selection,152268,https://www.npmjs.com/package/@codemirror/rectangular-selection
@types/react-query,152037,https://www.npmjs.com/package/@types/react-query
apollo-server-koa,152014,https://www.npmjs.com/package/apollo-server-koa
sapper,151866,https://www.npmjs.com/package/sapper
remark-unwrap-images,151264,https://www.npmjs.com/package/remark-unwrap-images
react-tsparticles,151108,https://www.npmjs.com/package/react-tsparticles
@types/match-sorter,151017,https://www.npmjs.com/package/@types/match-sorter
@types/chartist,149631,https://www.npmjs.com/package/@types/chartist
serverless-pseudo-parameters,149622,https://www.npmjs.com/package/serverless-pseudo-parameters
realize-package-specifier,149568,https://www.npmjs.com/package/realize-package-specifier
ember-cli-shims,149096,https://www.npmjs.com/package/ember-cli-shims
@types/prosemirror-dropcursor,148868,https://www.npmjs.com/package/@types/prosemirror-dropcursor
@types/pify,148069,https://www.npmjs.com/package/@types/pify
@types/react-helmet-async,147996,https://www.npmjs.com/package/@types/react-helmet-async
nuxt-i18n,147959,https://www.npmjs.com/package/nuxt-i18n
mocha-allure-reporter,147859,https://www.npmjs.com/package/mocha-allure-reporter
xterm-addon-webgl,147576,https://www.npmjs.com/package/xterm-addon-webgl
flaschenpost,147493,https://www.npmjs.com/package/flaschenpost
@types/pollyjs__adapter,147420,https://www.npmjs.com/package/@types/pollyjs__adapter
tsparticles-updater-opacity,146617,https://www.npmjs.com/package/tsparticles-updater-opacity
tsparticles-shape-circle,146599,https://www.npmjs.com/package/tsparticles-shape-circle
tsparticles-move-base,146597,https://www.npmjs.com/package/tsparticles-move-base
tsparticles-updater-color,146561,https://www.npmjs.com/package/tsparticles-updater-color
tsparticles-updater-out-modes,146525,https://www.npmjs.com/package/tsparticles-updater-out-modes
tsparticles-updater-size,146516,https://www.npmjs.com/package/tsparticles-updater-size
@types/globby,146492,https://www.npmjs.com/package/@types/globby
@mui/core,146368,https://www.npmjs.com/package/@mui/core
ckeditor,146196,https://www.npmjs.com/package/ckeditor
@types/mermaid,145579,https://www.npmjs.com/package/@types/mermaid
string-at,145435,https://www.npmjs.com/package/string-at
picturefill,145161,https://www.npmjs.com/package/picturefill
@types/intercom-client,145004,https://www.npmjs.com/package/@types/intercom-client
fastify-multipart,144921,https://www.npmjs.com/package/fastify-multipart
@udecode/plate-comments,144638,https://www.npmjs.com/package/@udecode/plate-comments
somever,144318,https://www.npmjs.com/package/somever
@types/prosemirror-inputrules,144271,https://www.npmjs.com/package/@types/prosemirror-inputrules
@pinia-plugin-persistedstate/nuxt,144261,https://www.npmjs.com/package/@pinia-plugin-persistedstate/nuxt
@udecode/plate-serializer-md,144087,https://www.npmjs.com/package/@udecode/plate-serializer-md
tailwind,143674,https://www.npmjs.com/package/tailwind
limes,143245,https://www.npmjs.com/package/limes
@types/react-toastify,143139,https://www.npmjs.com/package/@types/react-toastify
@types/reactstrap,143078,https://www.npmjs.com/package/@types/reactstrap
@jonkoops/matomo-tracker,142786,https://www.npmjs.com/package/@jonkoops/matomo-tracker
realm,142305,https://www.npmjs.com/package/realm
@shopify/function-enhancers,142296,https://www.npmjs.com/package/@shopify/function-enhancers
@types/url-template,142242,https://www.npmjs.com/package/@types/url-template
@types/tinymce,142171,https://www.npmjs.com/package/@types/tinymce
comparejs,142070,https://www.npmjs.com/package/comparejs
@rspack/plugin-minify,141945,https://www.npmjs.com/package/@rspack/plugin-minify
@types/detect-indent,141928,https://www.npmjs.com/package/@types/detect-indent
@syncfusion/ej2-office-chart,141828,https://www.npmjs.com/package/@syncfusion/ej2-office-chart
hase,141646,https://www.npmjs.com/package/hase
strapi-helper-plugin,141591,https://www.npmjs.com/package/strapi-helper-plugin
commands-events,141574,https://www.npmjs.com/package/commands-events
glamorous,141397,https://www.npmjs.com/package/glamorous
crypto2,141169,https://www.npmjs.com/package/crypto2
xterm-addon-web-links,140805,https://www.npmjs.com/package/xterm-addon-web-links
@shopify/jest-dom-mocks,140728,https://www.npmjs.com/package/@shopify/jest-dom-mocks
@bufbuild/connect,140605,https://www.npmjs.com/package/@bufbuild/connect
@types/mem-fs-editor,140046,https://www.npmjs.com/package/@types/mem-fs-editor
@types/immutability-helper,139870,https://www.npmjs.com/package/@types/immutability-helper
@fizzxydev/baileys-pro,139609,https://www.npmjs.com/package/@fizzxydev/baileys-pro
@cliqz/adblocker-puppeteer,139589,https://www.npmjs.com/package/@cliqz/adblocker-puppeteer
react-bootstrap-slider,139244,https://www.npmjs.com/package/react-bootstrap-slider
@types/electron,139219,https://www.npmjs.com/package/@types/electron
draht,139108,https://www.npmjs.com/package/draht
datasette,139092,https://www.npmjs.com/package/datasette
gulp-vinyl-zip,139077,https://www.npmjs.com/package/gulp-vinyl-zip
json-lines,139026,https://www.npmjs.com/package/json-lines
get-starknet-core,138870,https://www.npmjs.com/package/get-starknet-core
@types/colors,138868,https://www.npmjs.com/package/@types/colors
@udecode/plate-tabbable,138242,https://www.npmjs.com/package/@udecode/plate-tabbable
redact-pii,137543,https://www.npmjs.com/package/redact-pii
@jonkoops/matomo-tracker-react,137522,https://www.npmjs.com/package/@jonkoops/matomo-tracker-react
@types/express-validator,137239,https://www.npmjs.com/package/@types/express-validator
newman-reporter-junitfull,137164,https://www.npmjs.com/package/newman-reporter-junitfull
travis-deploy-once,136929,https://www.npmjs.com/package/travis-deploy-once
@applitools/http-commons,136607,https://www.npmjs.com/package/@applitools/http-commons
appium-mac-driver,136333,https://www.npmjs.com/package/appium-mac-driver
@semantic-release/condition-travis,136308,https://www.npmjs.com/package/@semantic-release/condition-travis
@types/cypress-axe,136112,https://www.npmjs.com/package/@types/cypress-axe
@types/rdf-js,135936,https://www.npmjs.com/package/@types/rdf-js
@types/express-request-id,135824,https://www.npmjs.com/package/@types/express-request-id
strapi-provider-upload-local,135501,https://www.npmjs.com/package/strapi-provider-upload-local
strapi-provider-email-sendmail,134905,https://www.npmjs.com/package/strapi-provider-email-sendmail
@hyperjump/json-schema-core,134169,https://www.npmjs.com/package/@hyperjump/json-schema-core
ethjs-format,134142,https://www.npmjs.com/package/ethjs-format
fastify-cookie,134141,https://www.npmjs.com/package/fastify-cookie
formats,133956,https://www.npmjs.com/package/formats
@types/universal-cookie,133907,https://www.npmjs.com/package/@types/universal-cookie
later,133828,https://www.npmjs.com/package/later
@types/react-navigation,133729,https://www.npmjs.com/package/@types/react-navigation
@types/next-auth,133660,https://www.npmjs.com/package/@types/next-auth
@types/vue-i18n,133565,https://www.npmjs.com/package/@types/vue-i18n
partof,132763,https://www.npmjs.com/package/partof
stethoskop,132751,https://www.npmjs.com/package/stethoskop
@types/pollyjs__adapter-node-http,132741,https://www.npmjs.com/package/@types/pollyjs__adapter-node-http
graphql-tool-utilities,132630,https://www.npmjs.com/package/graphql-tool-utilities
nsp,132250,https://www.npmjs.com/package/nsp
@iconify/iconify,132121,https://www.npmjs.com/package/@iconify/iconify
start,132061,https://www.npmjs.com/package/start
@types/bip39,131771,https://www.npmjs.com/package/@types/bip39
@semantic-release/last-release-npm,131297,https://www.npmjs.com/package/@semantic-release/last-release-npm
@types/react-bootstrap-typeahead,131192,https://www.npmjs.com/package/@types/react-bootstrap-typeahead
@shopify/react-effect,131081,https://www.npmjs.com/package/@shopify/react-effect
tsparticles-shape-square,130987,https://www.npmjs.com/package/tsparticles-shape-square
@serialport/binding-abstract,130815,https://www.npmjs.com/package/@serialport/binding-abstract
draft-js-mention-plugin,130767,https://www.npmjs.com/package/draft-js-mention-plugin
tsparticles-updater-life,130675,https://www.npmjs.com/package/tsparticles-updater-life
@types/javascript-time-ago,130612,https://www.npmjs.com/package/@types/javascript-time-ago
@udecode/plate-serializer-csv,130480,https://www.npmjs.com/package/@udecode/plate-serializer-csv
apollo-server-plugin-response-cache,130377,https://www.npmjs.com/package/apollo-server-plugin-response-cache
scripty,130375,https://www.npmjs.com/package/scripty
react-awesome-query-builder,130129,https://www.npmjs.com/package/react-awesome-query-builder
better-eval,130073,https://www.npmjs.com/package/better-eval
swig,129898,https://www.npmjs.com/package/swig
@types/wanakana,128894,https://www.npmjs.com/package/@types/wanakana
acorn-export-ns-from,128611,https://www.npmjs.com/package/acorn-export-ns-from
@metaplex-foundation/js,128517,https://www.npmjs.com/package/@metaplex-foundation/js
@fleekhq/fleek-storage-js,127766,https://www.npmjs.com/package/@fleekhq/fleek-storage-js
pino-multi-stream,126677,https://www.npmjs.com/package/pino-multi-stream
@shopify/theme,126348,https://www.npmjs.com/package/@shopify/theme
tsparticles-shape-image,126128,https://www.npmjs.com/package/tsparticles-shape-image
@shopify/i18n,126115,https://www.npmjs.com/package/@shopify/i18n
@types/next-server,126063,https://www.npmjs.com/package/@types/next-server
@types/protobufjs,125988,https://www.npmjs.com/package/@types/protobufjs
tsparticles-shape-star,125941,https://www.npmjs.com/package/tsparticles-shape-star
tsparticles-shape-polygon,125908,https://www.npmjs.com/package/tsparticles-shape-polygon
strapi-admin,125886,https://www.npmjs.com/package/strapi-admin
@web3modal/siwe,125751,https://www.npmjs.com/package/@web3modal/siwe
@pixi/particles,125503,https://www.npmjs.com/package/@pixi/particles
@types/ol,125363,https://www.npmjs.com/package/@types/ol
tsparticles-shape-text,125132,https://www.npmjs.com/package/tsparticles-shape-text
@truffle/config,124965,https://www.npmjs.com/package/@truffle/config
@serialport/bindings,124654,https://www.npmjs.com/package/@serialport/bindings
strapi-plugin-content-manager,124620,https://www.npmjs.com/package/strapi-plugin-content-manager
@types/webdriverio,124548,https://www.npmjs.com/package/@types/webdriverio
strapi-plugin-content-type-builder,124534,https://www.npmjs.com/package/strapi-plugin-content-type-builder
@truffle/events,124451,https://www.npmjs.com/package/@truffle/events
@ckeditor/ckeditor5-build-multi-root,124336,https://www.npmjs.com/package/@ckeditor/ckeditor5-build-multi-root
lodash.setwith,124275,https://www.npmjs.com/package/lodash.setwith
strapi-plugin-users-permissions,124201,https://www.npmjs.com/package/strapi-plugin-users-permissions
strapi-plugin-upload,124187,https://www.npmjs.com/package/strapi-plugin-upload
@hapi/marker,124123,https://www.npmjs.com/package/@hapi/marker
strapi-plugin-email,123985,https://www.npmjs.com/package/strapi-plugin-email
supertest-as-promised,123901,https://www.npmjs.com/package/supertest-as-promised
@types/p-retry,123604,https://www.npmjs.com/package/@types/p-retry
@types/log-symbols,123510,https://www.npmjs.com/package/@types/log-symbols
vite-plugin-rewrite-all,123463,https://www.npmjs.com/package/vite-plugin-rewrite-all
tsparticles-interaction-particles-links,123257,https://www.npmjs.com/package/tsparticles-interaction-particles-links
@gusmano/reext,123102,https://www.npmjs.com/package/@gusmano/reext
@udecode/plate-selection,122844,https://www.npmjs.com/package/@udecode/plate-selection
strapi-connector-bookshelf,122119,https://www.npmjs.com/package/strapi-connector-bookshelf
mxgraph,121947,https://www.npmjs.com/package/mxgraph
material-ui-pickers,121934,https://www.npmjs.com/package/material-ui-pickers
ember-cli-qunit,121602,https://www.npmjs.com/package/ember-cli-qunit
@aspnet/signalr,121588,https://www.npmjs.com/package/@aspnet/signalr
tsparticles-slim,121340,https://www.npmjs.com/package/tsparticles-slim
@types/whatwg-fetch,121215,https://www.npmjs.com/package/@types/whatwg-fetch
@udecode/plate-emoji,121127,https://www.npmjs.com/package/@udecode/plate-emoji
tsparticles-shape-line,121084,https://www.npmjs.com/package/tsparticles-shape-line
tsparticles-updater-stroke-color,121073,https://www.npmjs.com/package/tsparticles-updater-stroke-color
@types/localforage,120943,https://www.npmjs.com/package/@types/localforage
tsparticles-interaction-external-push,120883,https://www.npmjs.com/package/tsparticles-interaction-external-push
tsparticles-move-parallax,120794,https://www.npmjs.com/package/tsparticles-move-parallax
tsparticles-particles.js,120768,https://www.npmjs.com/package/tsparticles-particles.js
tsparticles-interaction-external-pause,120727,https://www.npmjs.com/package/tsparticles-interaction-external-pause
tsparticles-interaction-external-remove,120720,https://www.npmjs.com/package/tsparticles-interaction-external-remove
tsparticles-interaction-external-bounce,120714,https://www.npmjs.com/package/tsparticles-interaction-external-bounce
tsparticles-interaction-external-grab,120714,https://www.npmjs.com/package/tsparticles-interaction-external-grab
tsparticles-interaction-external-repulse,120697,https://www.npmjs.com/package/tsparticles-interaction-external-repulse
tsparticles-interaction-external-attract,120670,https://www.npmjs.com/package/tsparticles-interaction-external-attract
tsparticles-interaction-particles-collisions,120655,https://www.npmjs.com/package/tsparticles-interaction-particles-collisions
tsparticles-interaction-external-bubble,120643,https://www.npmjs.com/package/tsparticles-interaction-external-bubble
tsparticles-interaction-particles-attract,120643,https://www.npmjs.com/package/tsparticles-interaction-particles-attract
tsparticles-interaction-external-connect,120633,https://www.npmjs.com/package/tsparticles-interaction-external-connect
@types/zip.js,120527,https://www.npmjs.com/package/@types/zip.js
definitelytyped-header-parser,120426,https://www.npmjs.com/package/definitelytyped-header-parser
ethereumjs-testrpc,120315,https://www.npmjs.com/package/ethereumjs-testrpc
@truffle/code-utils,119911,https://www.npmjs.com/package/@truffle/code-utils
@antfu/eslint-config-react,119681,https://www.npmjs.com/package/@antfu/eslint-config-react
tsparticles-interaction-external-slow,119508,https://www.npmjs.com/package/tsparticles-interaction-external-slow
eivindfjeldstad-dot,119450,https://www.npmjs.com/package/eivindfjeldstad-dot
@types/blob-util,119206,https://www.npmjs.com/package/@types/blob-util
inert,119129,https://www.npmjs.com/package/inert
release-it-yarn-workspaces,119090,https://www.npmjs.com/package/release-it-yarn-workspaces
codacy-coverage,118947,https://www.npmjs.com/package/codacy-coverage
pa11y-runner-htmlcs,118925,https://www.npmjs.com/package/pa11y-runner-htmlcs
libsignal-node,118742,https://www.npmjs.com/package/libsignal-node
@types/gapi.client.calendar,118594,https://www.npmjs.com/package/@types/gapi.client.calendar
@aws-cdk/yaml-cfn,118421,https://www.npmjs.com/package/@aws-cdk/yaml-cfn
mcrypt,118328,https://www.npmjs.com/package/mcrypt
sfdx-cli,118287,https://www.npmjs.com/package/sfdx-cli
paypal-rest-sdk,117985,https://www.npmjs.com/package/paypal-rest-sdk
minreq,117949,https://www.npmjs.com/package/minreq
grunt-ng-annotate,117900,https://www.npmjs.com/package/grunt-ng-annotate
@types/loud-rejection,117724,https://www.npmjs.com/package/@types/loud-rejection
bull-board,117695,https://www.npmjs.com/package/bull-board
@truffle/debugger,117309,https://www.npmjs.com/package/@truffle/debugger
@types/gapi.client.discovery,117280,https://www.npmjs.com/package/@types/gapi.client.discovery
azure-keyvault,117113,https://www.npmjs.com/package/azure-keyvault
@truffle/source-map-utils,116806,https://www.npmjs.com/package/@truffle/source-map-utils
@material-ui/data-grid,116291,https://www.npmjs.com/package/@material-ui/data-grid
buffer-browserify,116261,https://www.npmjs.com/package/buffer-browserify
rollup-watch,116059,https://www.npmjs.com/package/rollup-watch
@truffle/db,115843,https://www.npmjs.com/package/@truffle/db
css-mqpacker,115790,https://www.npmjs.com/package/css-mqpacker
@udecode/plate-toggle,115530,https://www.npmjs.com/package/@udecode/plate-toggle
@types/emoji-regex,115523,https://www.npmjs.com/package/@types/emoji-regex
ipld-raw,115506,https://www.npmjs.com/package/ipld-raw
apollo-server-micro,115486,https://www.npmjs.com/package/apollo-server-micro
@types/dargs,115428,https://www.npmjs.com/package/@types/dargs
mongodb-stitch-core-services-mongodb-remote,115275,https://www.npmjs.com/package/mongodb-stitch-core-services-mongodb-remote
tsparticles-plugin-easing-quad,114890,https://www.npmjs.com/package/tsparticles-plugin-easing-quad
terraformer-arcgis-parser,114834,https://www.npmjs.com/package/terraformer-arcgis-parser
@types/graphql-relay,114598,https://www.npmjs.com/package/@types/graphql-relay
@types/hls.js,114465,https://www.npmjs.com/package/@types/hls.js
react-navigation-drawer,114379,https://www.npmjs.com/package/react-navigation-drawer
@types/electron-devtools-installer,113481,https://www.npmjs.com/package/@types/electron-devtools-installer
turf-meta,113266,https://www.npmjs.com/package/turf-meta
h2o2,112663,https://www.npmjs.com/package/h2o2
set-tz,112583,https://www.npmjs.com/package/set-tz
@prisma/sdk,112487,https://www.npmjs.com/package/@prisma/sdk
react-native-swipeout,112270,https://www.npmjs.com/package/react-native-swipeout
rollup-plugin-url,112218,https://www.npmjs.com/package/rollup-plugin-url
noty,111909,https://www.npmjs.com/package/noty
react-native-dev-menu,111831,https://www.npmjs.com/package/react-native-dev-menu
@aws-cdk/aws-kinesisfirehose-alpha,111603,https://www.npmjs.com/package/@aws-cdk/aws-kinesisfirehose-alpha
@aws-cdk/aws-cognito-identitypool-alpha,111582,https://www.npmjs.com/package/@aws-cdk/aws-cognito-identitypool-alpha
wdio-image-comparison-service,111541,https://www.npmjs.com/package/wdio-image-comparison-service
adal-angular,110873,https://www.npmjs.com/package/adal-angular
graphql-toolkit,110392,https://www.npmjs.com/package/graphql-toolkit
pa11y-reporter-cli,109759,https://www.npmjs.com/package/pa11y-reporter-cli
@zendeskgarden/container-keyboardfocus,109745,https://www.npmjs.com/package/@zendeskgarden/container-keyboardfocus
@types/react-inspector,109738,https://www.npmjs.com/package/@types/react-inspector
@types/firebase,109642,https://www.npmjs.com/package/@types/firebase
tsd-lite,109439,https://www.npmjs.com/package/tsd-lite
ethjs-contract,109189,https://www.npmjs.com/package/ethjs-contract
postcss-partial-import,109019,https://www.npmjs.com/package/postcss-partial-import
fastify-websocket,108861,https://www.npmjs.com/package/fastify-websocket
audio-context-polyfill,108260,https://www.npmjs.com/package/audio-context-polyfill
@novu/node,108129,https://www.npmjs.com/package/@novu/node
apollo-codegen,107786,https://www.npmjs.com/package/apollo-codegen
@turf/inside,107427,https://www.npmjs.com/package/@turf/inside
@react-native-community/cameraroll,107233,https://www.npmjs.com/package/@react-native-community/cameraroll
@inlang/message-lint-rule,107051,https://www.npmjs.com/package/@inlang/message-lint-rule
@types/change-case,106955,https://www.npmjs.com/package/@types/change-case
@types/vue,106898,https://www.npmjs.com/package/@types/vue
storybook-chromatic,106883,https://www.npmjs.com/package/storybook-chromatic
graphql-tools-fork,106835,https://www.npmjs.com/package/graphql-tools-fork
@types/immutable,106637,https://www.npmjs.com/package/@types/immutable
pa11y-reporter-json,106550,https://www.npmjs.com/package/pa11y-reporter-json
@types/http-status-codes,106436,https://www.npmjs.com/package/@types/http-status-codes
tsparticles-basic,106225,https://www.npmjs.com/package/tsparticles-basic
attach-ware,106128,https://www.npmjs.com/package/attach-ware
@metamask/ethjs-util,106108,https://www.npmjs.com/package/@metamask/ethjs-util
@metamask/ethjs-format,106094,https://www.npmjs.com/package/@metamask/ethjs-format
@golevelup/nestjs-testing,106078,https://www.npmjs.com/package/@golevelup/nestjs-testing
@types/chai-http,106053,https://www.npmjs.com/package/@types/chai-http
craco-alias,105848,https://www.npmjs.com/package/craco-alias
@metamask/ethjs-contract,105665,https://www.npmjs.com/package/@metamask/ethjs-contract
pa11y-runner-axe,105547,https://www.npmjs.com/package/pa11y-runner-axe
@types/escape-string-regexp,105499,https://www.npmjs.com/package/@types/escape-string-regexp
@inlang/message,105434,https://www.npmjs.com/package/@inlang/message
@pinata/sdk,105191,https://www.npmjs.com/package/@pinata/sdk
@types/favicons,104811,https://www.npmjs.com/package/@types/favicons
@udecode/plate-styled-components,104735,https://www.npmjs.com/package/@udecode/plate-styled-components
@types/cbor,104657,https://www.npmjs.com/package/@types/cbor
@udecode/plate-juice,104588,https://www.npmjs.com/package/@udecode/plate-juice
@types/structured-source,104491,https://www.npmjs.com/package/@types/structured-source
@udecode/plate-slash-command,104367,https://www.npmjs.com/package/@udecode/plate-slash-command
@edge-csrf/nextjs,104111,https://www.npmjs.com/package/@edge-csrf/nextjs
@aws-cdk/aws-elasticsearch,103888,https://www.npmjs.com/package/@aws-cdk/aws-elasticsearch
@eslint-types/unicorn,103531,https://www.npmjs.com/package/@eslint-types/unicorn
clipboard-js,103502,https://www.npmjs.com/package/clipboard-js
@aws-cdk/aws-appsync,103278,https://www.npmjs.com/package/@aws-cdk/aws-appsync
@types/react-native-calendars,103193,https://www.npmjs.com/package/@types/react-native-calendars
pa11y-reporter-csv,102818,https://www.npmjs.com/package/pa11y-reporter-csv
grunt-usemin,102764,https://www.npmjs.com/package/grunt-usemin
@inlang/json-types,102356,https://www.npmjs.com/package/@inlang/json-types
@types/dd-trace,102158,https://www.npmjs.com/package/@types/dd-trace
react-navigation-tabs,102063,https://www.npmjs.com/package/react-navigation-tabs
tsparticles-updater-rotate,101811,https://www.npmjs.com/package/tsparticles-updater-rotate
point-geometry,101640,https://www.npmjs.com/package/point-geometry
@storybook/vue-vite,101494,https://www.npmjs.com/package/@storybook/vue-vite
@inlang/plugin,101382,https://www.npmjs.com/package/@inlang/plugin
@inlang/module,101260,https://www.npmjs.com/package/@inlang/module
@types/ismobilejs,101132,https://www.npmjs.com/package/@types/ismobilejs
unicode-9.0.0,100923,https://www.npmjs.com/package/unicode-9.0.0
@material/mwc-base,100714,https://www.npmjs.com/package/@material/mwc-base
@udecode/plate-suggestion,100560,https://www.npmjs.com/package/@udecode/plate-suggestion
fontsource-fira-code,100264,https://www.npmjs.com/package/fontsource-fira-code
ts-simple-ast,99811,https://www.npmjs.com/package/ts-simple-ast
@jnwng/walletconnect-solana,99747,https://www.npmjs.com/package/@jnwng/walletconnect-solana
azure-arm-network,99644,https://www.npmjs.com/package/azure-arm-network
@types/jimp,99589,https://www.npmjs.com/package/@types/jimp
tsparticles-updater-wobble,99466,https://www.npmjs.com/package/tsparticles-updater-wobble
@udecode/plate-dnd,99406,https://www.npmjs.com/package/@udecode/plate-dnd
@types/webpack-manifest-plugin,99316,https://www.npmjs.com/package/@types/webpack-manifest-plugin
@aws-cdk/aws-kinesisfirehose-destinations-alpha,99304,https://www.npmjs.com/package/@aws-cdk/aws-kinesisfirehose-destinations-alpha
@octokit/webhooks-definitions,99240,https://www.npmjs.com/package/@octokit/webhooks-definitions
@azure/msal,98974,https://www.npmjs.com/package/@azure/msal
ember-cli-template-lint,98899,https://www.npmjs.com/package/ember-cli-template-lint
s3signed,98844,https://www.npmjs.com/package/s3signed
format-unicorn,98779,https://www.npmjs.com/package/format-unicorn
@shopify/jest-koa-mocks,98576,https://www.npmjs.com/package/@shopify/jest-koa-mocks
@types/write-pkg,98457,https://www.npmjs.com/package/@types/write-pkg
@types/read-pkg,98439,https://www.npmjs.com/package/@types/read-pkg
@opentelemetry/metrics,98325,https://www.npmjs.com/package/@opentelemetry/metrics
@lix-js/client,98226,https://www.npmjs.com/package/@lix-js/client
babel-preset-babili,98140,https://www.npmjs.com/package/babel-preset-babili
@ark-ui/anatomy,97883,https://www.npmjs.com/package/@ark-ui/anatomy
@types/rfdc,97786,https://www.npmjs.com/package/@types/rfdc
@truffle/db-loader,97721,https://www.npmjs.com/package/@truffle/db-loader
@shopify/app,97716,https://www.npmjs.com/package/@shopify/app
@inlang/language-tag,97513,https://www.npmjs.com/package/@inlang/language-tag
@adobe/aio-lib-core-networking,97466,https://www.npmjs.com/package/@adobe/aio-lib-core-networking
@types/kafkajs,97465,https://www.npmjs.com/package/@types/kafkajs
@inlang/translatable,97242,https://www.npmjs.com/package/@inlang/translatable
@types/ckeditor__ckeditor5-utils,96957,https://www.npmjs.com/package/@types/ckeditor__ckeditor5-utils
@types/mri,96954,https://www.npmjs.com/package/@types/mri
prismic-javascript,96892,https://www.npmjs.com/package/prismic-javascript
shikiji-transformers,96852,https://www.npmjs.com/package/shikiji-transformers
@types/p-cancelable,96752,https://www.npmjs.com/package/@types/p-cancelable
utilities,96575,https://www.npmjs.com/package/utilities
grunt-openui5,96409,https://www.npmjs.com/package/grunt-openui5
koa-multer,96327,https://www.npmjs.com/package/koa-multer
@types/intl-relativeformat,95942,https://www.npmjs.com/package/@types/intl-relativeformat
@types/node-zendesk,95805,https://www.npmjs.com/package/@types/node-zendesk
@lix-js/fs,95782,https://www.npmjs.com/package/@lix-js/fs
strapi-utils,95768,https://www.npmjs.com/package/strapi-utils
@types/getopts,95445,https://www.npmjs.com/package/@types/getopts
@types/ledgerhq__hw-transport,95412,https://www.npmjs.com/package/@types/ledgerhq__hw-transport
@intlify/vite-plugin-vue-i18n,95350,https://www.npmjs.com/package/@intlify/vite-plugin-vue-i18n
babel-plugin-webpack-alias,95301,https://www.npmjs.com/package/babel-plugin-webpack-alias
string-raw,95284,https://www.npmjs.com/package/string-raw
i18next-express-middleware,95129,https://www.npmjs.com/package/i18next-express-middleware
defekt,95073,https://www.npmjs.com/package/defekt
postcss-smart-import,95059,https://www.npmjs.com/package/postcss-smart-import
string-tools,94986,https://www.npmjs.com/package/string-tools
npm-registry-mock,94756,https://www.npmjs.com/package/npm-registry-mock
txt-ast-traverse,94651,https://www.npmjs.com/package/txt-ast-traverse
node-opcua-client-crawler,94472,https://www.npmjs.com/package/node-opcua-client-crawler
@shopify/react-testing,94316,https://www.npmjs.com/package/@shopify/react-testing
@types/react-hot-loader,94192,https://www.npmjs.com/package/@types/react-hot-loader
@types/cron-converter,93902,https://www.npmjs.com/package/@types/cron-converter
bugsnag-sourcemaps,93894,https://www.npmjs.com/package/bugsnag-sourcemaps
apollo-upload-server,93674,https://www.npmjs.com/package/apollo-upload-server
hull.js,93625,https://www.npmjs.com/package/hull.js
@types/csvtojson,93458,https://www.npmjs.com/package/@types/csvtojson
j,93414,https://www.npmjs.com/package/j
@eslint-types/jsdoc,93410,https://www.npmjs.com/package/@eslint-types/jsdoc
@google/markerclusterer,93392,https://www.npmjs.com/package/@google/markerclusterer
@types/detox,92936,https://www.npmjs.com/package/@types/detox
@types/node-hid,92806,https://www.npmjs.com/package/@types/node-hid
teamwork,92658,https://www.npmjs.com/package/teamwork
@inlang/result,92509,https://www.npmjs.com/package/@inlang/result
@bufbuild/connect-web,92233,https://www.npmjs.com/package/@bufbuild/connect-web
@studio-freight/lenis,91910,https://www.npmjs.com/package/@studio-freight/lenis
angular-translate-loader-static-files,91904,https://www.npmjs.com/package/angular-translate-loader-static-files
typedoc-plugin-resolve-crossmodule-references,91804,https://www.npmjs.com/package/typedoc-plugin-resolve-crossmodule-references
graphql-typescript-definitions,91576,https://www.npmjs.com/package/graphql-typescript-definitions
tsparticles-plugin-emitters,91171,https://www.npmjs.com/package/tsparticles-plugin-emitters
jointjs,91082,https://www.npmjs.com/package/jointjs
turf-intersect,90711,https://www.npmjs.com/package/turf-intersect
@beemo/core,90690,https://www.npmjs.com/package/@beemo/core
graphql-fixtures,90592,https://www.npmjs.com/package/graphql-fixtures
harb,90534,https://www.npmjs.com/package/harb
tsparticles-updater-tilt,90525,https://www.npmjs.com/package/tsparticles-updater-tilt
@udecode/plate-diff,90316,https://www.npmjs.com/package/@udecode/plate-diff
graphql-config-utilities,90243,https://www.npmjs.com/package/graphql-config-utilities
@types/bech32,90144,https://www.npmjs.com/package/@types/bech32
strapi-plugin-i18n,90129,https://www.npmjs.com/package/strapi-plugin-i18n
@types/get-stdin,90098,https://www.npmjs.com/package/@types/get-stdin
tar.gz,90057,https://www.npmjs.com/package/tar.gz
@types/koa-helmet,89924,https://www.npmjs.com/package/@types/koa-helmet
@web3modal/wagmi,89885,https://www.npmjs.com/package/@web3modal/wagmi
libp2p-crypto-secp256k1,89815,https://www.npmjs.com/package/libp2p-crypto-secp256k1
tsparticles-updater-roll,89742,https://www.npmjs.com/package/tsparticles-updater-roll
@segment/analytics.js-core,89645,https://www.npmjs.com/package/@segment/analytics.js-core
apollo-server-cache-redis,89401,https://www.npmjs.com/package/apollo-server-cache-redis
safe-require,89368,https://www.npmjs.com/package/safe-require
dart-sass,89253,https://www.npmjs.com/package/dart-sass
@asyncapi/generator-hooks,89206,https://www.npmjs.com/package/@asyncapi/generator-hooks
fontsource-roboto,89119,https://www.npmjs.com/package/fontsource-roboto
user-info,89040,https://www.npmjs.com/package/user-info
@types/ckeditor__ckeditor5-core,88924,https://www.npmjs.com/package/@types/ckeditor__ckeditor5-core
exec-file-sync,88816,https://www.npmjs.com/package/exec-file-sync
serverless-layers,88762,https://www.npmjs.com/package/serverless-layers
@types/testing-library__user-event,88606,https://www.npmjs.com/package/@types/testing-library__user-event
fastify-helmet,88418,https://www.npmjs.com/package/fastify-helmet
@fluentui/react-motion-preview,88353,https://www.npmjs.com/package/@fluentui/react-motion-preview
@udecode/plate-markdown,88008,https://www.npmjs.com/package/@udecode/plate-markdown
@cypress/react18,87931,https://www.npmjs.com/package/@cypress/react18
@defi-wonderland/smock,87822,https://www.npmjs.com/package/@defi-wonderland/smock
nx-remotecache-azure,87735,https://www.npmjs.com/package/nx-remotecache-azure
@material/mwc-ripple,87706,https://www.npmjs.com/package/@material/mwc-ripple
@noble/bls12-381,87560,https://www.npmjs.com/package/@noble/bls12-381
asciidoctor.js,87536,https://www.npmjs.com/package/asciidoctor.js
apollo-server-fastify,87422,https://www.npmjs.com/package/apollo-server-fastify
@types/express-list-endpoints,87338,https://www.npmjs.com/package/@types/express-list-endpoints
@ag-grid-community/all-modules,86807,https://www.npmjs.com/package/@ag-grid-community/all-modules
@truffle/spinners,86717,https://www.npmjs.com/package/@truffle/spinners
@shopify/function-runner,86691,https://www.npmjs.com/package/@shopify/function-runner
@11labs/client,86571,https://www.npmjs.com/package/@11labs/client
@xstate/test,86547,https://www.npmjs.com/package/@xstate/test
@web3-js/scrypt-shim,86489,https://www.npmjs.com/package/@web3-js/scrypt-shim
react-instantsearch-native,86465,https://www.npmjs.com/package/react-instantsearch-native
markdown-to-ast,86454,https://www.npmjs.com/package/markdown-to-ast
vitest-environment-miniflare,86449,https://www.npmjs.com/package/vitest-environment-miniflare
@types/react-native-share,86181,https://www.npmjs.com/package/@types/react-native-share
formik-material-ui,86174,https://www.npmjs.com/package/formik-material-ui
eslint-plugin-sort-annotation,86148,https://www.npmjs.com/package/eslint-plugin-sort-annotation
node-sass-chokidar,86142,https://www.npmjs.com/package/node-sass-chokidar
gce-images,86027,https://www.npmjs.com/package/gce-images
@nuxt/static,86026,https://www.npmjs.com/package/@nuxt/static
react-s-alert,85948,https://www.npmjs.com/package/react-s-alert
babel-plugin-dynamic-import-webpack,85435,https://www.npmjs.com/package/babel-plugin-dynamic-import-webpack
@types/write-json-file,84631,https://www.npmjs.com/package/@types/write-json-file
merge-graphql-schemas,84471,https://www.npmjs.com/package/merge-graphql-schemas
tinyurl,84453,https://www.npmjs.com/package/tinyurl
@types/ckeditor__ckeditor5-engine,84420,https://www.npmjs.com/package/@types/ckeditor__ckeditor5-engine
@material-ui/unstyled,83877,https://www.npmjs.com/package/@material-ui/unstyled
@types/victory,83517,https://www.npmjs.com/package/@types/victory
react-native-testing-library,83120,https://www.npmjs.com/package/react-native-testing-library
geojson-area,82928,https://www.npmjs.com/package/geojson-area
@irys/sdk,82882,https://www.npmjs.com/package/@irys/sdk
@types/lingui__core,82764,https://www.npmjs.com/package/@types/lingui__core
clickhouse,82758,https://www.npmjs.com/package/clickhouse
@types/sanitize-filename,82021,https://www.npmjs.com/package/@types/sanitize-filename
eslint-plugin-sonar,81766,https://www.npmjs.com/package/eslint-plugin-sonar
@udecode/plate-caption,81548,https://www.npmjs.com/package/@udecode/plate-caption
get-graphql-from-jsonschema,81521,https://www.npmjs.com/package/get-graphql-from-jsonschema
eslint-plugin-hapi,81169,https://www.npmjs.com/package/eslint-plugin-hapi
@walletconnect/web3wallet,81127,https://www.npmjs.com/package/@walletconnect/web3wallet
remark-mdx-code-meta,80852,https://www.npmjs.com/package/remark-mdx-code-meta
carbon-components-react,80796,https://www.npmjs.com/package/carbon-components-react
@types/cloudflare,80646,https://www.npmjs.com/package/@types/cloudflare
tsparticles-plugin-absorbers,80543,https://www.npmjs.com/package/tsparticles-plugin-absorbers
jsonlang-js,80408,https://www.npmjs.com/package/jsonlang-js
@web3-js/websocket,80321,https://www.npmjs.com/package/@web3-js/websocket
tsparticles-interaction-external-trail,80132,https://www.npmjs.com/package/tsparticles-interaction-external-trail
highcharts-rounded-corners,80093,https://www.npmjs.com/package/highcharts-rounded-corners
tsparticles-updater-twinkle,80009,https://www.npmjs.com/package/tsparticles-updater-twinkle
@types/crc,79844,https://www.npmjs.com/package/@types/crc
why-did-you-update,79815,https://www.npmjs.com/package/why-did-you-update
@tiptap/prosemirror-tables,79808,https://www.npmjs.com/package/@tiptap/prosemirror-tables
@novu/client,79789,https://www.npmjs.com/package/@novu/client
@types/node-mailjet,79528,https://www.npmjs.com/package/@types/node-mailjet
@react-native-community/viewpager,79513,https://www.npmjs.com/package/@react-native-community/viewpager
@types/theme-ui,79503,https://www.npmjs.com/package/@types/theme-ui
stylelint-stylistic,79159,https://www.npmjs.com/package/stylelint-stylistic
@bpmn-io/snarkdown,79050,https://www.npmjs.com/package/@bpmn-io/snarkdown
geographiclib,79039,https://www.npmjs.com/package/geographiclib
weinre,78860,https://www.npmjs.com/package/weinre
@types/svgicons2svgfont,78814,https://www.npmjs.com/package/@types/svgicons2svgfont
hapi-scope-start,78813,https://www.npmjs.com/package/hapi-scope-start
jquery-extend,78785,https://www.npmjs.com/package/jquery-extend
@types/axios-mock-adapter,78677,https://www.npmjs.com/package/@types/axios-mock-adapter
@types/consul,78619,https://www.npmjs.com/package/@types/consul
hapi-capitalize-modules,78578,https://www.npmjs.com/package/hapi-capitalize-modules
@beemo/cli,78445,https://www.npmjs.com/package/@beemo/cli
@syncfusion/ej2-angular-buttons,78390,https://www.npmjs.com/package/@syncfusion/ej2-angular-buttons
agora-access-token,78362,https://www.npmjs.com/package/agora-access-token
bossy,78272,https://www.npmjs.com/package/bossy
turf,78245,https://www.npmjs.com/package/turf
@types/hashids,78115,https://www.npmjs.com/package/@types/hashids
azure-sb,78064,https://www.npmjs.com/package/azure-sb
@types/iconv-lite,77798,https://www.npmjs.com/package/@types/iconv-lite
@sendinblue/client,77339,https://www.npmjs.com/package/@sendinblue/client
D,77158,https://www.npmjs.com/package/D
redux-devtools-dock-monitor,77140,https://www.npmjs.com/package/redux-devtools-dock-monitor
geojson-normalize,77052,https://www.npmjs.com/package/geojson-normalize
@syncfusion/ej2-progressbar,76856,https://www.npmjs.com/package/@syncfusion/ej2-progressbar
array.prototype.flatten,76848,https://www.npmjs.com/package/array.prototype.flatten
koa-views,76821,https://www.npmjs.com/package/koa-views
redux-devtools-log-monitor,76568,https://www.npmjs.com/package/redux-devtools-log-monitor
ansi-style-parser,76498,https://www.npmjs.com/package/ansi-style-parser
vscode-vue-languageservice,76480,https://www.npmjs.com/package/vscode-vue-languageservice
nvm,76468,https://www.npmjs.com/package/nvm
@types/react-sortable-hoc,76447,https://www.npmjs.com/package/@types/react-sortable-hoc
tsparticles-updater-destroy,76439,https://www.npmjs.com/package/tsparticles-updater-destroy
turf-helpers,76377,https://www.npmjs.com/package/turf-helpers
js-managed-css,76327,https://www.npmjs.com/package/js-managed-css
vscode-typescript-languageservice,76321,https://www.npmjs.com/package/vscode-typescript-languageservice
vscode-pug-languageservice,76290,https://www.npmjs.com/package/vscode-pug-languageservice
gen-css-identifier,76253,https://www.npmjs.com/package/gen-css-identifier
hapi-for-you,76157,https://www.npmjs.com/package/hapi-for-you
@volar/html2pug,76122,https://www.npmjs.com/package/@volar/html2pug
eslint-config-es,76043,https://www.npmjs.com/package/eslint-config-es
html-webpack-include-assets-plugin,75987,https://www.npmjs.com/package/html-webpack-include-assets-plugin
@material/mwc-button,75749,https://www.npmjs.com/package/@material/mwc-button
@11labs/react,75530,https://www.npmjs.com/package/@11labs/react
@types/google-cloud__storage,75479,https://www.npmjs.com/package/@types/google-cloud__storage
urlobj,75388,https://www.npmjs.com/package/urlobj
typescript-tslint-plugin,75318,https://www.npmjs.com/package/typescript-tslint-plugin
lodash.now,75317,https://www.npmjs.com/package/lodash.now
@blocto/sdk,74888,https://www.npmjs.com/package/@blocto/sdk
@truffle/dashboard-message-bus-client,74833,https://www.npmjs.com/package/@truffle/dashboard-message-bus-client
nopter,74771,https://www.npmjs.com/package/nopter
@truffle/dashboard-message-bus-common,74714,https://www.npmjs.com/package/@truffle/dashboard-message-bus-common
@aws-cdk/aws-lambda-nodejs,74658,https://www.npmjs.com/package/@aws-cdk/aws-lambda-nodejs
@truffle/promise-tracker,74651,https://www.npmjs.com/package/@truffle/promise-tracker
rdf-dataset-ext,74626,https://www.npmjs.com/package/rdf-dataset-ext
remark-highlight.js,74601,https://www.npmjs.com/package/remark-highlight.js
@types/node-xlsx,74530,https://www.npmjs.com/package/@types/node-xlsx
i18next-node-fs-backend,74528,https://www.npmjs.com/package/i18next-node-fs-backend
@types/bip32,74384,https://www.npmjs.com/package/@types/bip32
@types/antd,74380,https://www.npmjs.com/package/@types/antd
turf-invariant,74082,https://www.npmjs.com/package/turf-invariant
vue-bootstrap-typeahead,73941,https://www.npmjs.com/package/vue-bootstrap-typeahead
no-arrowception,73748,https://www.npmjs.com/package/no-arrowception
react-tools,73412,https://www.npmjs.com/package/react-tools
@types/xml-js,73377,https://www.npmjs.com/package/@types/xml-js
@tsconfig/esm,73287,https://www.npmjs.com/package/@tsconfig/esm
react-geosuggest,73203,https://www.npmjs.com/package/react-geosuggest
ink-box,73139,https://www.npmjs.com/package/ink-box
@types/meow,72970,https://www.npmjs.com/package/@types/meow
acorn5-object-spread,72890,https://www.npmjs.com/package/acorn5-object-spread
react-ansi-style,72823,https://www.npmjs.com/package/react-ansi-style
azure-arm-compute,72805,https://www.npmjs.com/package/azure-arm-compute
@dotlottie/player-component,72735,https://www.npmjs.com/package/@dotlottie/player-component
@types/tween.js,72628,https://www.npmjs.com/package/@types/tween.js
user-event,72482,https://www.npmjs.com/package/user-event
@pythnetwork/price-service-client,72411,https://www.npmjs.com/package/@pythnetwork/price-service-client
@types/load-json-file,72370,https://www.npmjs.com/package/@types/load-json-file
meta-path,72320,https://www.npmjs.com/package/meta-path
grunt-string-replace,72224,https://www.npmjs.com/package/grunt-string-replace
storybook-builder-vite,72133,https://www.npmjs.com/package/storybook-builder-vite
jenkins,72120,https://www.npmjs.com/package/jenkins
@types/react-day-picker,72080,https://www.npmjs.com/package/@types/react-day-picker
stimulus-reveal-controller,71970,https://www.npmjs.com/package/stimulus-reveal-controller
eslint-plugin-readable-tailwind,71960,https://www.npmjs.com/package/eslint-plugin-readable-tailwind
@1stg/remark-config,71944,https://www.npmjs.com/package/@1stg/remark-config
@udecode/plate-image,71927,https://www.npmjs.com/package/@udecode/plate-image
@google/markerclustererplus,71914,https://www.npmjs.com/package/@google/markerclustererplus
turf-distance,71873,https://www.npmjs.com/package/turf-distance
@aws-cdk/aws-location,71818,https://www.npmjs.com/package/@aws-cdk/aws-location
cordova-plugin-whitelist,71793,https://www.npmjs.com/package/cordova-plugin-whitelist
calmcard,71710,https://www.npmjs.com/package/calmcard
vectordb,71589,https://www.npmjs.com/package/vectordb
hapi-no-var,71359,https://www.npmjs.com/package/hapi-no-var
gulp-jscs,71193,https://www.npmjs.com/package/gulp-jscs
react-native-add-calendar-event,71149,https://www.npmjs.com/package/react-native-add-calendar-event
iscroll,70990,https://www.npmjs.com/package/iscroll
@shopify/react-hydrate,70872,https://www.npmjs.com/package/@shopify/react-hydrate
web3modal,70865,https://www.npmjs.com/package/web3modal
@types/react-chartjs-2,70857,https://www.npmjs.com/package/@types/react-chartjs-2
@types/react-dnd-html5-backend,70847,https://www.npmjs.com/package/@types/react-dnd-html5-backend
@storybook/vue-webpack5,70732,https://www.npmjs.com/package/@storybook/vue-webpack5
@types/lingui__macro,70718,https://www.npmjs.com/package/@types/lingui__macro
@cucumber/react,70612,https://www.npmjs.com/package/@cucumber/react
fastify-accepts,70543,https://www.npmjs.com/package/fastify-accepts
rocambole-node-update,70489,https://www.npmjs.com/package/rocambole-node-update
@types/bowser,70467,https://www.npmjs.com/package/@types/bowser
@types/natural,70418,https://www.npmjs.com/package/@types/natural
draft-js-linkify-plugin,70393,https://www.npmjs.com/package/draft-js-linkify-plugin
peer-info,70280,https://www.npmjs.com/package/peer-info
salesforce-alm,70105,https://www.npmjs.com/package/salesforce-alm
flavored-path,70048,https://www.npmjs.com/package/flavored-path
@cordobo/qrcode,70001,https://www.npmjs.com/package/@cordobo/qrcode
@syncfusion/ej2-vue-base,69976,https://www.npmjs.com/package/@syncfusion/ej2-vue-base
@rari-capital/solmate,69960,https://www.npmjs.com/package/@rari-capital/solmate
@types/tunnel-ssh,69945,https://www.npmjs.com/package/@types/tunnel-ssh
leftpad,69707,https://www.npmjs.com/package/leftpad
turf-inside,69703,https://www.npmjs.com/package/turf-inside
@syncfusion/ej2-circulargauge,69645,https://www.npmjs.com/package/@syncfusion/ej2-circulargauge
@tsconfig/node18-strictest-esm,69583,https://www.npmjs.com/package/@tsconfig/node18-strictest-esm
@types/theme-ui__components,69517,https://www.npmjs.com/package/@types/theme-ui__components
@types/react-share,69458,https://www.npmjs.com/package/@types/react-share
jira-connector,69395,https://www.npmjs.com/package/jira-connector
magicbell,69333,https://www.npmjs.com/package/magicbell
eslint-plugin-extended,69304,https://www.npmjs.com/package/eslint-plugin-extended
@kayahr/jest-electron-runner,69192,https://www.npmjs.com/package/@kayahr/jest-electron-runner
code,69144,https://www.npmjs.com/package/code
@firebase/testing,69004,https://www.npmjs.com/package/@firebase/testing
@aws-cdk/aws-eks,68959,https://www.npmjs.com/package/@aws-cdk/aws-eks
swagger-express-middleware,68941,https://www.npmjs.com/package/swagger-express-middleware
@fortawesome/fontawesome,68488,https://www.npmjs.com/package/@fortawesome/fontawesome
not-so-shallow,68434,https://www.npmjs.com/package/not-so-shallow
@types/pg-query-stream,68113,https://www.npmjs.com/package/@types/pg-query-stream
@dabh/colors,67985,https://www.npmjs.com/package/@dabh/colors
@storybook/addon-storyshots-puppeteer,67872,https://www.npmjs.com/package/@storybook/addon-storyshots-puppeteer
@types/open,67741,https://www.npmjs.com/package/@types/open
fastify-jwt,67599,https://www.npmjs.com/package/fastify-jwt
@turf/within,67548,https://www.npmjs.com/package/@turf/within
@types/resolve-from,67486,https://www.npmjs.com/package/@types/resolve-from
@udecode/plate-headless,67416,https://www.npmjs.com/package/@udecode/plate-headless
@types/yeoman-test,67376,https://www.npmjs.com/package/@types/yeoman-test
rollup-plugin-virtual,67291,https://www.npmjs.com/package/rollup-plugin-virtual
eslint-plugin-hydrogen,67199,https://www.npmjs.com/package/eslint-plugin-hydrogen
rocambole-strip-console,67190,https://www.npmjs.com/package/rocambole-strip-console
@magicbell/react-headless,67112,https://www.npmjs.com/package/@magicbell/react-headless
@material/mwc-checkbox,67030,https://www.npmjs.com/package/@material/mwc-checkbox
@arkweid/lefthook,66968,https://www.npmjs.com/package/@arkweid/lefthook
@material/mwc-radio,66782,https://www.npmjs.com/package/@material/mwc-radio
@openzeppelin/defender-admin-client,66713,https://www.npmjs.com/package/@openzeppelin/defender-admin-client
angular-scenario,66696,https://www.npmjs.com/package/angular-scenario
create-svelte,66672,https://www.npmjs.com/package/create-svelte
@types/multicodec,66594,https://www.npmjs.com/package/@types/multicodec
column-layout,66555,https://www.npmjs.com/package/column-layout
grunt-filerev,66404,https://www.npmjs.com/package/grunt-filerev
coverup,66339,https://www.npmjs.com/package/coverup
tslint-sonarts,66251,https://www.npmjs.com/package/tslint-sonarts
draft-js-buttons,66227,https://www.npmjs.com/package/draft-js-buttons
turf-bbox,66024,https://www.npmjs.com/package/turf-bbox
line-numbers,65965,https://www.npmjs.com/package/line-numbers
@udecode/plate-layout,65911,https://www.npmjs.com/package/@udecode/plate-layout
gatsby-plugin-remove-trailing-slashes,65760,https://www.npmjs.com/package/gatsby-plugin-remove-trailing-slashes
lab,65599,https://www.npmjs.com/package/lab
@adobe/aio-lib-env,65589,https://www.npmjs.com/package/@adobe/aio-lib-env
@types/react-native-permissions,65503,https://www.npmjs.com/package/@types/react-native-permissions
@shopify/graphql-testing,65499,https://www.npmjs.com/package/@shopify/graphql-testing
wdio-allure-reporter,65454,https://www.npmjs.com/package/wdio-allure-reporter
turf-explode,65293,https://www.npmjs.com/package/turf-explode
eslint-config-hapi,65263,https://www.npmjs.com/package/eslint-config-hapi
turf-union,65248,https://www.npmjs.com/package/turf-union
gherkin-assembler,65174,https://www.npmjs.com/package/gherkin-assembler
@cloudnative/health,65058,https://www.npmjs.com/package/@cloudnative/health
@charlietango/use-native-lazy-loading,64892,https://www.npmjs.com/package/@charlietango/use-native-lazy-loading
turf-combine,64876,https://www.npmjs.com/package/turf-combine
turf-point-on-surface,64862,https://www.npmjs.com/package/turf-point-on-surface
@types/react-overlays,64790,https://www.npmjs.com/package/@types/react-overlays
@types/react-dnd-multi-backend,64776,https://www.npmjs.com/package/@types/react-dnd-multi-backend
openai-edge,64762,https://www.npmjs.com/package/openai-edge
@rpii/wdio-html-reporter,64758,https://www.npmjs.com/package/@rpii/wdio-html-reporter
kilt,64632,https://www.npmjs.com/package/kilt
@gnosis.pm/safe-deployments,64595,https://www.npmjs.com/package/@gnosis.pm/safe-deployments
turf-bearing,64591,https://www.npmjs.com/package/turf-bearing
incstr,64512,https://www.npmjs.com/package/incstr
turf-buffer,64483,https://www.npmjs.com/package/turf-buffer
@udecode/plate-docx,64463,https://www.npmjs.com/package/@udecode/plate-docx
@kazupon/vue-i18n-loader,64295,https://www.npmjs.com/package/@kazupon/vue-i18n-loader
turf-line-distance,64232,https://www.npmjs.com/package/turf-line-distance
@types/7zip-min,64193,https://www.npmjs.com/package/@types/7zip-min
@mongodb-js/zstd-linux-arm64-musl,64159,https://www.npmjs.com/package/@mongodb-js/zstd-linux-arm64-musl
@asyncapi/generator-filters,64155,https://www.npmjs.com/package/@asyncapi/generator-filters
angular-translate-storage-cookie,64073,https://www.npmjs.com/package/angular-translate-storage-cookie
stormdb,64018,https://www.npmjs.com/package/stormdb
@shopify/react-i18n,63992,https://www.npmjs.com/package/@shopify/react-i18n
prismic-dom,63898,https://www.npmjs.com/package/prismic-dom
turf-along,63665,https://www.npmjs.com/package/turf-along
@udecode/plate-html-serializer,63653,https://www.npmjs.com/package/@udecode/plate-html-serializer
@types/hapi__boom,63490,https://www.npmjs.com/package/@types/hapi__boom
ember-prism,63220,https://www.npmjs.com/package/ember-prism
gatsby-source-storyblok,63101,https://www.npmjs.com/package/gatsby-source-storyblok
@babel/preset-es2015,62964,https://www.npmjs.com/package/@babel/preset-es2015
stylelint-processor-html,62952,https://www.npmjs.com/package/stylelint-processor-html
@types/xmlbuilder,62948,https://www.npmjs.com/package/@types/xmlbuilder
walletlink,62836,https://www.npmjs.com/package/walletlink
fastify-autoload,62814,https://www.npmjs.com/package/fastify-autoload
squel,62812,https://www.npmjs.com/package/squel
turf-area,62649,https://www.npmjs.com/package/turf-area
@types/bl,62369,https://www.npmjs.com/package/@types/bl
@material/mwc-list,62270,https://www.npmjs.com/package/@material/mwc-list
@types/base64-arraybuffer,62245,https://www.npmjs.com/package/@types/base64-arraybuffer
turf-bbox-polygon,62220,https://www.npmjs.com/package/turf-bbox-polygon
@types/depcheck,62209,https://www.npmjs.com/package/@types/depcheck
@shopify/react-idle,62123,https://www.npmjs.com/package/@shopify/react-idle
node-apk-parser,62103,https://www.npmjs.com/package/node-apk-parser
@aws-cdk/lambda-layer-kubectl,62081,https://www.npmjs.com/package/@aws-cdk/lambda-layer-kubectl
turf-center,62061,https://www.npmjs.com/package/turf-center
vuejs-datetimepicker,61657,https://www.npmjs.com/package/vuejs-datetimepicker
turf-centroid,61590,https://www.npmjs.com/package/turf-centroid
turf-convex,61536,https://www.npmjs.com/package/turf-convex
eslint-plugin-ngrx,61517,https://www.npmjs.com/package/eslint-plugin-ngrx
turf-point-on-line,61513,https://www.npmjs.com/package/turf-point-on-line
turf-destination,61458,https://www.npmjs.com/package/turf-destination
cloudant-follow,61339,https://www.npmjs.com/package/cloudant-follow
safer-eval,61300,https://www.npmjs.com/package/safer-eval
web3.storage,61291,https://www.npmjs.com/package/web3.storage
@udecode/plate-serializer,61202,https://www.npmjs.com/package/@udecode/plate-serializer
vscode,61114,https://www.npmjs.com/package/vscode
mongodb-stitch-server-sdk,61095,https://www.npmjs.com/package/mongodb-stitch-server-sdk
mongodb-stitch-server-core,61087,https://www.npmjs.com/package/mongodb-stitch-server-core
mongodb-stitch-browser-sdk,61084,https://www.npmjs.com/package/mongodb-stitch-browser-sdk
turf-bezier,61068,https://www.npmjs.com/package/turf-bezier
mongodb-stitch-browser-core,61042,https://www.npmjs.com/package/mongodb-stitch-browser-core
mongodb-stitch-server-services-mongodb-remote,61038,https://www.npmjs.com/package/mongodb-stitch-server-services-mongodb-remote
@types/flatbush,61007,https://www.npmjs.com/package/@types/flatbush
mongodb-stitch-browser-services-mongodb-remote,60996,https://www.npmjs.com/package/mongodb-stitch-browser-services-mongodb-remote
turf-random,60991,https://www.npmjs.com/package/turf-random
@types/react-native-auth0,60984,https://www.npmjs.com/package/@types/react-native-auth0
turf-point-grid,60982,https://www.npmjs.com/package/turf-point-grid
@snyk/inquirer,60978,https://www.npmjs.com/package/@snyk/inquirer
mocha-typescript,60933,https://www.npmjs.com/package/mocha-typescript
@types/systeminformation,60923,https://www.npmjs.com/package/@types/systeminformation
turf-envelope,60887,https://www.npmjs.com/package/turf-envelope
turf-kinks,60873,https://www.npmjs.com/package/turf-kinks
undefined,60869,https://www.npmjs.com/package/undefined
turf-planepoint,60864,https://www.npmjs.com/package/turf-planepoint
strapi-generate-api,60852,https://www.npmjs.com/package/strapi-generate-api
turf-simplify,60850,https://www.npmjs.com/package/turf-simplify
@types/html-entities,60850,https://www.npmjs.com/package/@types/html-entities
turf-within,60843,https://www.npmjs.com/package/turf-within
turf-isolines,60835,https://www.npmjs.com/package/turf-isolines
turf-square,60833,https://www.npmjs.com/package/turf-square
turf-tin,60833,https://www.npmjs.com/package/turf-tin
turf-concave,60828,https://www.npmjs.com/package/turf-concave
turf-tag,60824,https://www.npmjs.com/package/turf-tag
turf-sample,60820,https://www.npmjs.com/package/turf-sample
turf-flip,60811,https://www.npmjs.com/package/turf-flip
turf-square-grid,60793,https://www.npmjs.com/package/turf-square-grid
turf-hex-grid,60783,https://www.npmjs.com/package/turf-hex-grid
@types/twemoji,60704,https://www.npmjs.com/package/@types/twemoji
@shopify/react-intersection-observer,60638,https://www.npmjs.com/package/@shopify/react-intersection-observer
strapi-generate,60604,https://www.npmjs.com/package/strapi-generate
uglifyjs,60595,https://www.npmjs.com/package/uglifyjs
turf-difference,60427,https://www.npmjs.com/package/turf-difference
@types/openid-client,60263,https://www.npmjs.com/package/@types/openid-client
@types/carbon__icons-react,60249,https://www.npmjs.com/package/@types/carbon__icons-react
@shopify/react-async,60146,https://www.npmjs.com/package/@shopify/react-async
@types/pkijs,59990,https://www.npmjs.com/package/@types/pkijs
@shopify/semaphore,59987,https://www.npmjs.com/package/@shopify/semaphore
angular-elastic,59910,https://www.npmjs.com/package/angular-elastic
clor,59907,https://www.npmjs.com/package/clor
@types/ckeditor__ckeditor5-link,59782,https://www.npmjs.com/package/@types/ckeditor__ckeditor5-link
@types/ckeditor__ckeditor5-image,59705,https://www.npmjs.com/package/@types/ckeditor__ckeditor5-image
@material/mwc-icon-button,59697,https://www.npmjs.com/package/@material/mwc-icon-button
gatsby-plugin-create-client-paths,59667,https://www.npmjs.com/package/gatsby-plugin-create-client-paths
@types/ckeditor__ckeditor5-typing,59664,https://www.npmjs.com/package/@types/ckeditor__ckeditor5-typing
@types/ckeditor__ckeditor5-cloud-services,59642,https://www.npmjs.com/package/@types/ckeditor__ckeditor5-cloud-services
@syncfusion/ej2-barcode-generator,59623,https://www.npmjs.com/package/@syncfusion/ej2-barcode-generator
@types/ckeditor__ckeditor5-heading,59608,https://www.npmjs.com/package/@types/ckeditor__ckeditor5-heading
@types/ckeditor__ckeditor5-indent,59605,https://www.npmjs.com/package/@types/ckeditor__ckeditor5-indent
@types/datatables.net-buttons,59563,https://www.npmjs.com/package/@types/datatables.net-buttons
@types/ckeditor__ckeditor5-table,59538,https://www.npmjs.com/package/@types/ckeditor__ckeditor5-table
axe-puppeteer,59477,https://www.npmjs.com/package/axe-puppeteer
@types/ckeditor__ckeditor5-media-embed,59407,https://www.npmjs.com/package/@types/ckeditor__ckeditor5-media-embed
jvectormap,59399,https://www.npmjs.com/package/jvectormap
ag-grid,59294,https://www.npmjs.com/package/ag-grid
@types/pizzip,59271,https://www.npmjs.com/package/@types/pizzip
eslint-plugin-flow-vars,59170,https://www.npmjs.com/package/eslint-plugin-flow-vars
multi-glob,59130,https://www.npmjs.com/package/multi-glob
@ckeditor/vite-plugin-ckeditor5,59053,https://www.npmjs.com/package/@ckeditor/vite-plugin-ckeditor5
@types/stacktrace-js,59038,https://www.npmjs.com/package/@types/stacktrace-js
acorn-logical-assignment,59035,https://www.npmjs.com/package/acorn-logical-assignment
@web3modal/standalone,59019,https://www.npmjs.com/package/@web3modal/standalone
azure-arm-storage,58906,https://www.npmjs.com/package/azure-arm-storage
@types/nightwatch,58899,https://www.npmjs.com/package/@types/nightwatch
@boost/core,58869,https://www.npmjs.com/package/@boost/core
promisify-es6,58757,https://www.npmjs.com/package/promisify-es6
@types/cuid,58702,https://www.npmjs.com/package/@types/cuid
vue-gtm,58696,https://www.npmjs.com/package/vue-gtm
@shopify/predicates,58685,https://www.npmjs.com/package/@shopify/predicates
fastify-compress,58531,https://www.npmjs.com/package/fastify-compress
aws-amplify-react,58423,https://www.npmjs.com/package/aws-amplify-react
turf-line-slice,58414,https://www.npmjs.com/package/turf-line-slice
ignore-not-found-export-plugin,58413,https://www.npmjs.com/package/ignore-not-found-export-plugin
lezer-tree,58390,https://www.npmjs.com/package/lezer-tree
@types/amqp-connection-manager,58202,https://www.npmjs.com/package/@types/amqp-connection-manager
turf-nearest,58109,https://www.npmjs.com/package/turf-nearest
cspell-dict-fullstack,58043,https://www.npmjs.com/package/cspell-dict-fullstack
turf-triangle-grid,58039,https://www.npmjs.com/package/turf-triangle-grid
fastify-sensible,58021,https://www.npmjs.com/package/fastify-sensible
jasmine-allure-reporter,58013,https://www.npmjs.com/package/jasmine-allure-reporter
@types/hapi__vision,57983,https://www.npmjs.com/package/@types/hapi__vision
@material/mwc-menu,57977,https://www.npmjs.com/package/@material/mwc-menu
peekaboo,57954,https://www.npmjs.com/package/peekaboo
@shopify/react-form,57888,https://www.npmjs.com/package/@shopify/react-form
truffle-hdwallet-provider,57850,https://www.npmjs.com/package/truffle-hdwallet-provider
@shopify/dates,57785,https://www.npmjs.com/package/@shopify/dates
@udecode/plate-ui-toolbar,57773,https://www.npmjs.com/package/@udecode/plate-ui-toolbar
turf-midpoint,57759,https://www.npmjs.com/package/turf-midpoint
lezer,57756,https://www.npmjs.com/package/lezer
@inlang/detect-json-formatting,57690,https://www.npmjs.com/package/@inlang/detect-json-formatting
twilio-client,57688,https://www.npmjs.com/package/twilio-client
@percy/agent,57649,https://www.npmjs.com/package/@percy/agent
turf-tesselate,57648,https://www.npmjs.com/package/turf-tesselate
turf-circle,57638,https://www.npmjs.com/package/turf-circle
turf-collect,57623,https://www.npmjs.com/package/turf-collect
@shopify/react-web-worker,57547,https://www.npmjs.com/package/@shopify/react-web-worker
@types/metro-config,57546,https://www.npmjs.com/package/@types/metro-config
react-particles,57518,https://www.npmjs.com/package/react-particles
@shopify/react-graphql,57490,https://www.npmjs.com/package/@shopify/react-graphql
@types/conventional-recommended-bump,57451,https://www.npmjs.com/package/@types/conventional-recommended-bump
vector-tile,57423,https://www.npmjs.com/package/vector-tile
newman-reporter-xunit,57412,https://www.npmjs.com/package/newman-reporter-xunit
activedirectory2,57295,https://www.npmjs.com/package/activedirectory2
run-time-assertions,57285,https://www.npmjs.com/package/run-time-assertions
@types/ckeditor__ckeditor5-ui,57217,https://www.npmjs.com/package/@types/ckeditor__ckeditor5-ui
@types/ckeditor__ckeditor5-alignment,57140,https://www.npmjs.com/package/@types/ckeditor__ckeditor5-alignment
ember-test-helpers,57113,https://www.npmjs.com/package/ember-test-helpers
@types/nouislider,57005,https://www.npmjs.com/package/@types/nouislider
@types/ckeditor__ckeditor5-font,56950,https://www.npmjs.com/package/@types/ckeditor__ckeditor5-font
@hey-api/client-next,56942,https://www.npmjs.com/package/@hey-api/client-next
@bundlr-network/client,56937,https://www.npmjs.com/package/@bundlr-network/client
@shopify/app-bridge-utils,56893,https://www.npmjs.com/package/@shopify/app-bridge-utils
storyblok-react,56734,https://www.npmjs.com/package/storyblok-react
@types/ckeditor__ckeditor5-ckfinder,56682,https://www.npmjs.com/package/@types/ckeditor__ckeditor5-ckfinder
micro-base,56560,https://www.npmjs.com/package/micro-base
swig-templates,56284,https://www.npmjs.com/package/swig-templates
runjs,56218,https://www.npmjs.com/package/runjs
@types/twilio-video,56204,https://www.npmjs.com/package/@types/twilio-video
pastebin-js,56183,https://www.npmjs.com/package/pastebin-js
@cypress/vue2,56177,https://www.npmjs.com/package/@cypress/vue2
@types/ckeditor__ckeditor5-paragraph,56140,https://www.npmjs.com/package/@types/ckeditor__ckeditor5-paragraph
@types/chartjs-plugin-annotation,56004,https://www.npmjs.com/package/@types/chartjs-plugin-annotation
js-polyfills,55990,https://www.npmjs.com/package/js-polyfills
@types/sqs-consumer,55943,https://www.npmjs.com/package/@types/sqs-consumer
@types/ckeditor__ckeditor5-upload,55828,https://www.npmjs.com/package/@types/ckeditor__ckeditor5-upload
@types/ckeditor__ckeditor5-autosave,55766,https://www.npmjs.com/package/@types/ckeditor__ckeditor5-autosave
@types/ckeditor__ckeditor5-export-pdf,55753,https://www.npmjs.com/package/@types/ckeditor__ckeditor5-export-pdf
@types/ckeditor__ckeditor5-export-word,55751,https://www.npmjs.com/package/@types/ckeditor__ckeditor5-export-word
@types/ckeditor__ckeditor5-track-changes,55726,https://www.npmjs.com/package/@types/ckeditor__ckeditor5-track-changes
@types/ckeditor__ckeditor5-code-block,55717,https://www.npmjs.com/package/@types/ckeditor__ckeditor5-code-block
azure-arm-trafficmanager,55709,https://www.npmjs.com/package/azure-arm-trafficmanager
@types/ckeditor__ckeditor5-word-count,55705,https://www.npmjs.com/package/@types/ckeditor__ckeditor5-word-count
@types/ckeditor__ckeditor5-language,55702,https://www.npmjs.com/package/@types/ckeditor__ckeditor5-language
@types/ckeditor__ckeditor5-highlight,55701,https://www.npmjs.com/package/@types/ckeditor__ckeditor5-highlight
clj-fuzzy,55672,https://www.npmjs.com/package/clj-fuzzy
rocambole-node-remove,55652,https://www.npmjs.com/package/rocambole-node-remove
@types/ckeditor__ckeditor5-pagination,55648,https://www.npmjs.com/package/@types/ckeditor__ckeditor5-pagination
react-intercom,55561,https://www.npmjs.com/package/react-intercom
@types/ckeditor__ckeditor5-real-time-collaboration,55525,https://www.npmjs.com/package/@types/ckeditor__ckeditor5-real-time-collaboration
@types/md5-file,55496,https://www.npmjs.com/package/@types/md5-file
@types/react-native-webrtc,55433,https://www.npmjs.com/package/@types/react-native-webrtc
@types/ckeditor__ckeditor5-restricted-editing,55420,https://www.npmjs.com/package/@types/ckeditor__ckeditor5-restricted-editing
@types/ckeditor__ckeditor5-adapter-ckfinder,55376,https://www.npmjs.com/package/@types/ckeditor__ckeditor5-adapter-ckfinder
@ag-grid-enterprise/all-modules,55310,https://www.npmjs.com/package/@ag-grid-enterprise/all-modules
joi-date-extensions,55249,https://www.npmjs.com/package/joi-date-extensions
azure-arm-authorization,55147,https://www.npmjs.com/package/azure-arm-authorization
@types/ttf2woff2,55093,https://www.npmjs.com/package/@types/ttf2woff2
css-inline,55065,https://www.npmjs.com/package/css-inline
@gnosis.pm/safe-react-gateway-sdk,55061,https://www.npmjs.com/package/@gnosis.pm/safe-react-gateway-sdk
angular-translate-loader-partial,55050,https://www.npmjs.com/package/angular-translate-loader-partial
@material-ui/react-transition-group,55013,https://www.npmjs.com/package/@material-ui/react-transition-group
@types/gapi.client.drive,55010,https://www.npmjs.com/package/@types/gapi.client.drive
realm-web,54991,https://www.npmjs.com/package/realm-web
@types/comment-json,54892,https://www.npmjs.com/package/@types/comment-json
microargs,54704,https://www.npmjs.com/package/microargs
microcli,54617,https://www.npmjs.com/package/microcli
@types/arcgis-js-api,54602,https://www.npmjs.com/package/@types/arcgis-js-api
@types/agent-base,54599,https://www.npmjs.com/package/@types/agent-base
tailwindcss-typography,54472,https://www.npmjs.com/package/tailwindcss-typography
@syncfusion/ej2-angular-layouts,54441,https://www.npmjs.com/package/@syncfusion/ej2-angular-layouts
@nuxt/ufo,54371,https://www.npmjs.com/package/@nuxt/ufo
@zeit/next-sass,54321,https://www.npmjs.com/package/@zeit/next-sass
sillytavern-transformers,54317,https://www.npmjs.com/package/sillytavern-transformers
project-name-generator,54199,https://www.npmjs.com/package/project-name-generator
rocambole-strip-debugger,54175,https://www.npmjs.com/package/rocambole-strip-debugger
@aws-cdk/aws-scheduler-alpha,54141,https://www.npmjs.com/package/@aws-cdk/aws-scheduler-alpha
@types/storybook__addon-knobs,54108,https://www.npmjs.com/package/@types/storybook__addon-knobs
guid,54038,https://www.npmjs.com/package/guid
@types/ckeditor__ckeditor5-mention,54007,https://www.npmjs.com/package/@types/ckeditor__ckeditor5-mention
@types/typescript,53985,https://www.npmjs.com/package/@types/typescript
@udecode/plate-media-embed,53904,https://www.npmjs.com/package/@udecode/plate-media-embed
@aws-cdk/aws-batch-alpha,53811,https://www.npmjs.com/package/@aws-cdk/aws-batch-alpha
azure-arm-website,53753,https://www.npmjs.com/package/azure-arm-website
passport-jwt-cookiecombo,53707,https://www.npmjs.com/package/passport-jwt-cookiecombo
dynamsoft-javascript-barcode,53685,https://www.npmjs.com/package/dynamsoft-javascript-barcode
@gr2m/fetch-mock,53484,https://www.npmjs.com/package/@gr2m/fetch-mock
@types/gl-matrix,53330,https://www.npmjs.com/package/@types/gl-matrix
@syncfusion/ej2-treemap,53297,https://www.npmjs.com/package/@syncfusion/ej2-treemap
ant-design-palettes,53191,https://www.npmjs.com/package/ant-design-palettes
@react-native-community/picker,53167,https://www.npmjs.com/package/@react-native-community/picker
applicationinsights-js,53051,https://www.npmjs.com/package/applicationinsights-js
@types/react-youtube,53004,https://www.npmjs.com/package/@types/react-youtube
strapi-generate-policy,52950,https://www.npmjs.com/package/strapi-generate-policy
@lucia-auth/adapter-drizzle,52947,https://www.npmjs.com/package/@lucia-auth/adapter-drizzle
audio-context,52874,https://www.npmjs.com/package/audio-context
@stomp/ng2-stompjs,52797,https://www.npmjs.com/package/@stomp/ng2-stompjs
mongodb-extended-json,52785,https://www.npmjs.com/package/mongodb-extended-json
@csstools/postcss-image-set-function,52776,https://www.npmjs.com/package/@csstools/postcss-image-set-function
@aws-cdk/aws-scheduler-targets-alpha,52765,https://www.npmjs.com/package/@aws-cdk/aws-scheduler-targets-alpha
nexmo,52667,https://www.npmjs.com/package/nexmo
strapi-generate-new,52666,https://www.npmjs.com/package/strapi-generate-new
@types/workbox-routing,52613,https://www.npmjs.com/package/@types/workbox-routing
graphql-mini-transforms,52504,https://www.npmjs.com/package/graphql-mini-transforms
strapi-generate-service,52480,https://www.npmjs.com/package/strapi-generate-service
azure-asm-compute,52377,https://www.npmjs.com/package/azure-asm-compute
@types/react-cropper,52357,https://www.npmjs.com/package/@types/react-cropper
postcss-short-position,52345,https://www.npmjs.com/package/postcss-short-position
postgresql-client,52283,https://www.npmjs.com/package/postgresql-client
@types/ckeditor__ckeditor5-clipboard,52282,https://www.npmjs.com/package/@types/ckeditor__ckeditor5-clipboard
azure-asm-storage,52280,https://www.npmjs.com/package/azure-asm-storage
@graphql-hive/client,52242,https://www.npmjs.com/package/@graphql-hive/client
@darkroom.engineering/tempus,52241,https://www.npmjs.com/package/@darkroom.engineering/tempus
@types/ckeditor__ckeditor5-widget,52238,https://www.npmjs.com/package/@types/ckeditor__ckeditor5-widget
@types/ckeditor__ckeditor5-enter,52223,https://www.npmjs.com/package/@types/ckeditor__ckeditor5-enter
@bufbuild/protoc-gen-connect-es,52215,https://www.npmjs.com/package/@bufbuild/protoc-gen-connect-es
azure-monitoring,52115,https://www.npmjs.com/package/azure-monitoring
@types/ckeditor__ckeditor5-undo,52096,https://www.npmjs.com/package/@types/ckeditor__ckeditor5-undo
draft-js-custom-styles,52016,https://www.npmjs.com/package/draft-js-custom-styles
azure-arm-dns,51972,https://www.npmjs.com/package/azure-arm-dns
@types/ckeditor__ckeditor5-collaboration-core,51970,https://www.npmjs.com/package/@types/ckeditor__ckeditor5-collaboration-core
react-resizable-box,51963,https://www.npmjs.com/package/react-resizable-box
azure-asm-website,51943,https://www.npmjs.com/package/azure-asm-website
azure-asm-sql,51927,https://www.npmjs.com/package/azure-asm-sql
@types/ziggy-js,51903,https://www.npmjs.com/package/@types/ziggy-js
strapi-generate-controller,51836,https://www.npmjs.com/package/strapi-generate-controller
azure-asm-hdinsight,51803,https://www.npmjs.com/package/azure-asm-hdinsight
azure-asm-network,51803,https://www.npmjs.com/package/azure-asm-network
azure-asm-trafficmanager,51801,https://www.npmjs.com/package/azure-asm-trafficmanager
ytpl,51768,https://www.npmjs.com/package/ytpl
postcss-font-weights,51718,https://www.npmjs.com/package/postcss-font-weights
@syncfusion/ej2-angular-splitbuttons,51697,https://www.npmjs.com/package/@syncfusion/ej2-angular-splitbuttons
postcss-short,51668,https://www.npmjs.com/package/postcss-short
@quasar/app,51651,https://www.npmjs.com/package/@quasar/app
postcss-short-font-size,51626,https://www.npmjs.com/package/postcss-short-font-size
google-maps-api-loader,51567,https://www.npmjs.com/package/google-maps-api-loader
@aws-cdk/aws-stepfunctions-tasks,51454,https://www.npmjs.com/package/@aws-cdk/aws-stepfunctions-tasks
ngx-slider-v2,51416,https://www.npmjs.com/package/ngx-slider-v2
@types/pvutils,51408,https://www.npmjs.com/package/@types/pvutils
strapi-generate-plugin,51383,https://www.npmjs.com/package/strapi-generate-plugin
@syncfusion/ej2-angular-schedule,51289,https://www.npmjs.com/package/@syncfusion/ej2-angular-schedule
strapi-generate-model,51202,https://www.npmjs.com/package/strapi-generate-model
@types/react-toast-notifications,51197,https://www.npmjs.com/package/@types/react-toast-notifications
@types/logform,51194,https://www.npmjs.com/package/@types/logform
@types/rollup-plugin-postcss,51173,https://www.npmjs.com/package/@types/rollup-plugin-postcss
@inlang/paraglide-unplugin,51166,https://www.npmjs.com/package/@inlang/paraglide-unplugin
@types/keytar,51030,https://www.npmjs.com/package/@types/keytar
azure-arm-keyvault,51009,https://www.npmjs.com/package/azure-arm-keyvault
remark-mdx-remove-imports,50947,https://www.npmjs.com/package/remark-mdx-remove-imports
@types/cropperjs,50904,https://www.npmjs.com/package/@types/cropperjs
@inlang/paraglide-vite,50878,https://www.npmjs.com/package/@inlang/paraglide-vite
strapi-database,50878,https://www.npmjs.com/package/strapi-database
@solana/wallet-adapter-backpack,50804,https://www.npmjs.com/package/@solana/wallet-adapter-backpack
@types/bitcoinjs-lib,50790,https://www.npmjs.com/package/@types/bitcoinjs-lib
remark-mdx-remove-exports,50767,https://www.npmjs.com/package/remark-mdx-remove-exports
azure,50582,https://www.npmjs.com/package/azure
good,50567,https://www.npmjs.com/package/good
@material/mwc-floating-label,50365,https://www.npmjs.com/package/@material/mwc-floating-label
@jupyterlab/faq-extension,50283,https://www.npmjs.com/package/@jupyterlab/faq-extension
@truffle/hdwallet,49940,https://www.npmjs.com/package/@truffle/hdwallet
azure-asm-subscription,49826,https://www.npmjs.com/package/azure-asm-subscription
webext-detect-page,49823,https://www.npmjs.com/package/webext-detect-page
@types/mongodb-memory-server,49812,https://www.npmjs.com/package/@types/mongodb-memory-server
@shopify/react-html,49806,https://www.npmjs.com/package/@shopify/react-html
azure-scheduler,49786,https://www.npmjs.com/package/azure-scheduler
@shopify/name,49782,https://www.npmjs.com/package/@shopify/name
stimulus-sortable,49738,https://www.npmjs.com/package/stimulus-sortable
@types/maplibre-gl,49714,https://www.npmjs.com/package/@types/maplibre-gl
netlify-lambda,49659,https://www.npmjs.com/package/netlify-lambda
azure-graph,49640,https://www.npmjs.com/package/azure-graph
gulp-conventional-changelog,49613,https://www.npmjs.com/package/gulp-conventional-changelog
azure-asm-sb,49610,https://www.npmjs.com/package/azure-asm-sb
rdf-graph-abstract,49528,https://www.npmjs.com/package/rdf-graph-abstract
azure-asm-scheduler,49474,https://www.npmjs.com/package/azure-asm-scheduler
azure-asm-store,49471,https://www.npmjs.com/package/azure-asm-store
test-results-reporter,49470,https://www.npmjs.com/package/test-results-reporter
@types/lingui__react,49467,https://www.npmjs.com/package/@types/lingui__react
data.either,49340,https://www.npmjs.com/package/data.either
emailjs-mime-builder,49325,https://www.npmjs.com/package/emailjs-mime-builder
posthog-plugins,49301,https://www.npmjs.com/package/posthog-plugins
azure-arm-rediscache,49258,https://www.npmjs.com/package/azure-arm-rediscache
ytsr,49124,https://www.npmjs.com/package/ytsr
ngx-swiper-wrapper,49053,https://www.npmjs.com/package/ngx-swiper-wrapper
imgix-core-js,49046,https://www.npmjs.com/package/imgix-core-js
azure-arm-cdn,48972,https://www.npmjs.com/package/azure-arm-cdn
@material/mwc-notched-outline,48898,https://www.npmjs.com/package/@material/mwc-notched-outline
@flipt-io/flipt-client-browser,48894,https://www.npmjs.com/package/@flipt-io/flipt-client-browser
sorted-array,48874,https://www.npmjs.com/package/sorted-array
@types/jsonschema,48840,https://www.npmjs.com/package/@types/jsonschema
@types/del,48806,https://www.npmjs.com/package/@types/del
azure-batch,48751,https://www.npmjs.com/package/azure-batch
snekfetch,48739,https://www.npmjs.com/package/snekfetch
azure-arm-commerce,48691,https://www.npmjs.com/package/azure-arm-commerce
rdf-store-inmemory,48658,https://www.npmjs.com/package/rdf-store-inmemory
rdf-store-abstract,48655,https://www.npmjs.com/package/rdf-store-abstract
@material/mwc-line-ripple,48594,https://www.npmjs.com/package/@material/mwc-line-ripple
@types/xmldoc,48554,https://www.npmjs.com/package/@types/xmldoc
ionic,48524,https://www.npmjs.com/package/ionic
@strictsoftware/typedoc-plugin-monorepo,48512,https://www.npmjs.com/package/@strictsoftware/typedoc-plugin-monorepo
azure-arm-powerbiembedded,48429,https://www.npmjs.com/package/azure-arm-powerbiembedded
azure-arm-hdinsight,48328,https://www.npmjs.com/package/azure-arm-hdinsight
azure-arm-batch,48320,https://www.npmjs.com/package/azure-arm-batch
azure-arm-iothub,48287,https://www.npmjs.com/package/azure-arm-iothub
azure-arm-devtestlabs,48249,https://www.npmjs.com/package/azure-arm-devtestlabs
@govuk-prototype-kit/task-list,48197,https://www.npmjs.com/package/@govuk-prototype-kit/task-list
@iconify/json-tools,48168,https://www.npmjs.com/package/@iconify/json-tools
keycloak-admin,48114,https://www.npmjs.com/package/keycloak-admin
@syncfusion/ej2-heatmap,48038,https://www.npmjs.com/package/@syncfusion/ej2-heatmap
max-safe-integer,48038,https://www.npmjs.com/package/max-safe-integer
@material/mwc-formfield,48035,https://www.npmjs.com/package/@material/mwc-formfield
@inlang/recommend-ninja,47841,https://www.npmjs.com/package/@inlang/recommend-ninja
@novu/notification-center,47820,https://www.npmjs.com/package/@novu/notification-center
gulp-open,47809,https://www.npmjs.com/package/gulp-open
@types/turf,47569,https://www.npmjs.com/package/@types/turf
@types/bcp-47,47347,https://www.npmjs.com/package/@types/bcp-47
regenerator-babel,47342,https://www.npmjs.com/package/regenerator-babel
vi-fetch,47329,https://www.npmjs.com/package/vi-fetch
@syncfusion/ej2-react-buttons,47320,https://www.npmjs.com/package/@syncfusion/ej2-react-buttons
@types/log-update,47294,https://www.npmjs.com/package/@types/log-update
unicode-12.1.0,47291,https://www.npmjs.com/package/unicode-12.1.0
@material/mwc-textfield,47266,https://www.npmjs.com/package/@material/mwc-textfield
html-wiring,47222,https://www.npmjs.com/package/html-wiring
tslint-immutable,47218,https://www.npmjs.com/package/tslint-immutable
ng-inline-svg,46911,https://www.npmjs.com/package/ng-inline-svg
highcharts-more,46677,https://www.npmjs.com/package/highcharts-more
@datadog/build-plugin,46633,https://www.npmjs.com/package/@datadog/build-plugin
@types/soap,46599,https://www.npmjs.com/package/@types/soap
wdio,46540,https://www.npmjs.com/package/wdio
azure-arm-sb,46502,https://www.npmjs.com/package/azure-arm-sb
@types/react-leaflet-markercluster,46489,https://www.npmjs.com/package/@types/react-leaflet-markercluster
deep-defaults,46465,https://www.npmjs.com/package/deep-defaults
@types/react-visibility-sensor,46433,https://www.npmjs.com/package/@types/react-visibility-sensor
@joeattardi/emoji-button,46432,https://www.npmjs.com/package/@joeattardi/emoji-button
@adobe/aem-headless-client-js,46353,https://www.npmjs.com/package/@adobe/aem-headless-client-js
react-countdown-now,46305,https://www.npmjs.com/package/react-countdown-now
@soywod/pin-field,46280,https://www.npmjs.com/package/@soywod/pin-field
emailjs-mime-types,46260,https://www.npmjs.com/package/emailjs-mime-types
@fortawesome/fontawesome-free-solid,46250,https://www.npmjs.com/package/@fortawesome/fontawesome-free-solid
caxa,46241,https://www.npmjs.com/package/caxa
azure-arm-eventhub,46136,https://www.npmjs.com/package/azure-arm-eventhub
react-use-bireducer,46089,https://www.npmjs.com/package/react-use-bireducer
raml-typesystem,46080,https://www.npmjs.com/package/raml-typesystem
@cloudnative/health-connect,45935,https://www.npmjs.com/package/@cloudnative/health-connect
azure-arm-notificationhubs,45928,https://www.npmjs.com/package/azure-arm-notificationhubs
azure-arm-servicefabric,45885,https://www.npmjs.com/package/azure-arm-servicefabric
@salesforce/plugin-generator,45876,https://www.npmjs.com/package/@salesforce/plugin-generator
@types/slash,45765,https://www.npmjs.com/package/@types/slash
node-xmpp-core,45757,https://www.npmjs.com/package/node-xmpp-core
@shopify/admin-graphql-api-utilities,45730,https://www.npmjs.com/package/@shopify/admin-graphql-api-utilities
vscode-extension-telemetry,45722,https://www.npmjs.com/package/vscode-extension-telemetry
@types/card-validator,45677,https://www.npmjs.com/package/@types/card-validator
@types/pixi.js,45655,https://www.npmjs.com/package/@types/pixi.js
@types/express-winston,45642,https://www.npmjs.com/package/@types/express-winston
good-squeeze,45605,https://www.npmjs.com/package/good-squeeze
@stencil/state-tunnel,45553,https://www.npmjs.com/package/@stencil/state-tunnel
@immobiliarelabs/fastify-sentry,45540,https://www.npmjs.com/package/@immobiliarelabs/fastify-sentry
node-xmpp-client,45536,https://www.npmjs.com/package/node-xmpp-client
acorn-babel,45514,https://www.npmjs.com/package/acorn-babel
@types/gridstack,45464,https://www.npmjs.com/package/@types/gridstack
rtrim,45305,https://www.npmjs.com/package/rtrim
@bandwidth/messaging,45272,https://www.npmjs.com/package/@bandwidth/messaging
@types/eventemitter3,45175,https://www.npmjs.com/package/@types/eventemitter3
@types/workbox-core,45148,https://www.npmjs.com/package/@types/workbox-core
@types/monday-sdk-js,45089,https://www.npmjs.com/package/@types/monday-sdk-js
@udecode/plate-ast-serializer,45073,https://www.npmjs.com/package/@udecode/plate-ast-serializer
node-xmpp-tls-connect,44931,https://www.npmjs.com/package/node-xmpp-tls-connect
@types/css-minimizer-webpack-plugin,44725,https://www.npmjs.com/package/@types/css-minimizer-webpack-plugin
@types/wordpress__notices,44661,https://www.npmjs.com/package/@types/wordpress__notices
@types/react-infinite-scroll-component,44544,https://www.npmjs.com/package/@types/react-infinite-scroll-component
@manifoldco/swagger-to-ts,44514,https://www.npmjs.com/package/@manifoldco/swagger-to-ts
@web3modal/ethereum,44474,https://www.npmjs.com/package/@web3modal/ethereum
remark-react,44459,https://www.npmjs.com/package/remark-react
babel-plugin-remove-export-keywords,44457,https://www.npmjs.com/package/babel-plugin-remove-export-keywords
rollup-plugin-memory,44354,https://www.npmjs.com/package/rollup-plugin-memory
@syncfusion/ej2-lineargauge,44311,https://www.npmjs.com/package/@syncfusion/ej2-lineargauge
@jsdevtools/karma-config,44296,https://www.npmjs.com/package/@jsdevtools/karma-config
@types/react-time-picker,44277,https://www.npmjs.com/package/@types/react-time-picker
handlebars-array,44259,https://www.npmjs.com/package/handlebars-array
handlebars-string,44258,https://www.npmjs.com/package/handlebars-string
stream-handlebars,44209,https://www.npmjs.com/package/stream-handlebars
soql-parser-js,44197,https://www.npmjs.com/package/soql-parser-js
handlebars-regexp,44160,https://www.npmjs.com/package/handlebars-regexp
handlebars-json,44156,https://www.npmjs.com/package/handlebars-json
@chakra-ui/core,44122,https://www.npmjs.com/package/@chakra-ui/core
@magicbell/magicbell-react,44099,https://www.npmjs.com/package/@magicbell/magicbell-react
@types/react-clock,44038,https://www.npmjs.com/package/@types/react-clock
fastify-reply-from,44002,https://www.npmjs.com/package/fastify-reply-from
@shopify/polyfills,43795,https://www.npmjs.com/package/@shopify/polyfills
@types/log4js,43664,https://www.npmjs.com/package/@types/log4js
momentjs,43608,https://www.npmjs.com/package/momentjs
honeybadger-js,43575,https://www.npmjs.com/package/honeybadger-js
babel-plugin-module-alias,43476,https://www.npmjs.com/package/babel-plugin-module-alias
trezor-connect,43419,https://www.npmjs.com/package/trezor-connect
vis-uuid,43359,https://www.npmjs.com/package/vis-uuid
@material/mwc-dialog,43311,https://www.npmjs.com/package/@material/mwc-dialog
@types/inversify,43300,https://www.npmjs.com/package/@types/inversify
@types/wordpress__components,43279,https://www.npmjs.com/package/@types/wordpress__components
@types/otplib,43278,https://www.npmjs.com/package/@types/otplib
slack-client,43274,https://www.npmjs.com/package/slack-client
@mapbox/gl-matrix,43244,https://www.npmjs.com/package/@mapbox/gl-matrix
now,43185,https://www.npmjs.com/package/now
handlebars-comparison,43181,https://www.npmjs.com/package/handlebars-comparison
request-promise-any,43139,https://www.npmjs.com/package/request-promise-any
@types/http-terminator,43131,https://www.npmjs.com/package/@types/http-terminator
webm-muxer,43107,https://www.npmjs.com/package/webm-muxer
unist,43055,https://www.npmjs.com/package/unist
@types/date-and-time,42906,https://www.npmjs.com/package/@types/date-and-time
ember-mocha,42865,https://www.npmjs.com/package/ember-mocha
tween.js,42855,https://www.npmjs.com/package/tween.js
@enact/analytics,42818,https://www.npmjs.com/package/@enact/analytics
@types/workbox-precaching,42808,https://www.npmjs.com/package/@types/workbox-precaching
unicode-5.2.0,42796,https://www.npmjs.com/package/unicode-5.2.0
ts-optchain,42708,https://www.npmjs.com/package/ts-optchain
@types/mongoose-aggregate-paginate-v2,42706,https://www.npmjs.com/package/@types/mongoose-aggregate-paginate-v2
oppsy,42700,https://www.npmjs.com/package/oppsy
mocha-junit-reporters,42674,https://www.npmjs.com/package/mocha-junit-reporters
@dxatscale/sfp-logger,42608,https://www.npmjs.com/package/@dxatscale/sfp-logger
@types/js-combinatorics,42592,https://www.npmjs.com/package/@types/js-combinatorics
eslint-plugin-no-unsafe-innerhtml,42425,https://www.npmjs.com/package/eslint-plugin-no-unsafe-innerhtml
netlify-plugin-deploy-preview-commenting,42400,https://www.npmjs.com/package/netlify-plugin-deploy-preview-commenting
@whitespace/storybook-addon-code,42397,https://www.npmjs.com/package/@whitespace/storybook-addon-code
vite-plugin-components,42366,https://www.npmjs.com/package/vite-plugin-components
@types/i18next-browser-languagedetector,42355,https://www.npmjs.com/package/@types/i18next-browser-languagedetector
@types/cli-spinners,42302,https://www.npmjs.com/package/@types/cli-spinners
babel-macros,42285,https://www.npmjs.com/package/babel-macros
angular-material-rail-drawer,42231,https://www.npmjs.com/package/angular-material-rail-drawer
rollup-plugin-babel-minify,42173,https://www.npmjs.com/package/rollup-plugin-babel-minify
vuepress-plugin-redirect,42169,https://www.npmjs.com/package/vuepress-plugin-redirect
@leafygreen-ui/syntax,42163,https://www.npmjs.com/package/@leafygreen-ui/syntax
loadsh,42021,https://www.npmjs.com/package/loadsh
hellosign-sdk,42019,https://www.npmjs.com/package/hellosign-sdk
@types/react-sticky-el,42004,https://www.npmjs.com/package/@types/react-sticky-el
forEachAsync,41992,https://www.npmjs.com/package/forEachAsync
react-youtube-lite,41927,https://www.npmjs.com/package/react-youtube-lite
node-mailer,41913,https://www.npmjs.com/package/node-mailer
payment-icons,41900,https://www.npmjs.com/package/payment-icons
tinymath,41879,https://www.npmjs.com/package/tinymath
protomaps-themes-base,41818,https://www.npmjs.com/package/protomaps-themes-base
rollup-plugin-multi-entry,41731,https://www.npmjs.com/package/rollup-plugin-multi-entry
babel-preset-es2015-node4,41724,https://www.npmjs.com/package/babel-preset-es2015-node4
@syncfusion/ej2-angular-treegrid,41715,https://www.npmjs.com/package/@syncfusion/ej2-angular-treegrid
@types/transliteration,41703,https://www.npmjs.com/package/@types/transliteration
vuescroll,41600,https://www.npmjs.com/package/vuescroll
@eslint-types/prettier,41466,https://www.npmjs.com/package/@eslint-types/prettier
@shopify/react-network,41415,https://www.npmjs.com/package/@shopify/react-network
@lucia-auth/adapter-postgresql,41332,https://www.npmjs.com/package/@lucia-auth/adapter-postgresql
@shopify/react-universal-provider,41293,https://www.npmjs.com/package/@shopify/react-universal-provider
strapi,41234,https://www.npmjs.com/package/strapi
@types/keycloak-js,41198,https://www.npmjs.com/package/@types/keycloak-js
@lucia-auth/adapter-prisma,41166,https://www.npmjs.com/package/@lucia-auth/adapter-prisma
handy-redis,41155,https://www.npmjs.com/package/handy-redis
vscode-debugprotocol,41086,https://www.npmjs.com/package/vscode-debugprotocol
fg-ig,41076,https://www.npmjs.com/package/fg-ig
@syncfusion/ej2-angular-lists,41016,https://www.npmjs.com/package/@syncfusion/ej2-angular-lists
@types/credit-card-type,40947,https://www.npmjs.com/package/@types/credit-card-type
optimize-js,40891,https://www.npmjs.com/package/optimize-js
@magicbell/webpush,40884,https://www.npmjs.com/package/@magicbell/webpush
good-console,40811,https://www.npmjs.com/package/good-console
@types/hapi__podium,40779,https://www.npmjs.com/package/@types/hapi__podium
polyline,40703,https://www.npmjs.com/package/polyline
@types/fast-diff,40685,https://www.npmjs.com/package/@types/fast-diff
@types/ansi-colors,40653,https://www.npmjs.com/package/@types/ansi-colors
@toruslabs/torus-embed,40636,https://www.npmjs.com/package/@toruslabs/torus-embed
@types/wordpress__rich-text,40635,https://www.npmjs.com/package/@types/wordpress__rich-text
react-jvectormap,40592,https://www.npmjs.com/package/react-jvectormap
@aws-cdk/aws-synthetics-alpha,40587,https://www.npmjs.com/package/@aws-cdk/aws-synthetics-alpha
clorox,40528,https://www.npmjs.com/package/clorox
@types/serialport,40511,https://www.npmjs.com/package/@types/serialport
@types/image-size,40452,https://www.npmjs.com/package/@types/image-size
@khanacademy/tota11y,40412,https://www.npmjs.com/package/@khanacademy/tota11y
vue2-animate,40401,https://www.npmjs.com/package/vue2-animate
@types/detect-browser,40377,https://www.npmjs.com/package/@types/detect-browser
bugsnag,40338,https://www.npmjs.com/package/bugsnag
@pvtnbr/eslint-config,40284,https://www.npmjs.com/package/@pvtnbr/eslint-config
@types/react-loader-spinner,40277,https://www.npmjs.com/package/@types/react-loader-spinner
dotenv-yaml,40133,https://www.npmjs.com/package/dotenv-yaml
chartist-plugin-tooltips-updated,40115,https://www.npmjs.com/package/chartist-plugin-tooltips-updated
@mixedbread-ai/sdk,40073,https://www.npmjs.com/package/@mixedbread-ai/sdk
@aws-cdk/lambda-layer-node-proxy-agent,40058,https://www.npmjs.com/package/@aws-cdk/lambda-layer-node-proxy-agent
cordova-plugin-globalization,39980,https://www.npmjs.com/package/cordova-plugin-globalization
octicons,39851,https://www.npmjs.com/package/octicons
@bufbuild/connect-node,39832,https://www.npmjs.com/package/@bufbuild/connect-node
node-ses,39827,https://www.npmjs.com/package/node-ses
azure-arm-intune,39820,https://www.npmjs.com/package/azure-arm-intune
@aws-cdk/cli-lib-alpha,39697,https://www.npmjs.com/package/@aws-cdk/cli-lib-alpha
@uiball/loaders,39645,https://www.npmjs.com/package/@uiball/loaders
@yext/answers-core,39583,https://www.npmjs.com/package/@yext/answers-core
@types/p-map,39348,https://www.npmjs.com/package/@types/p-map
sparqlee,39344,https://www.npmjs.com/package/sparqlee
@inlang/paraglide-sveltekit,39333,https://www.npmjs.com/package/@inlang/paraglide-sveltekit
stylelint-config-wordpress,39317,https://www.npmjs.com/package/stylelint-config-wordpress
rollup-plugin-legacy,39293,https://www.npmjs.com/package/rollup-plugin-legacy
vue-radial-progress,39283,https://www.npmjs.com/package/vue-radial-progress
@opentelemetry/plugin-http,39172,https://www.npmjs.com/package/@opentelemetry/plugin-http
immich,39162,https://www.npmjs.com/package/immich
es6-module-loader,39147,https://www.npmjs.com/package/es6-module-loader
@types/prosemirror-collab,39064,https://www.npmjs.com/package/@types/prosemirror-collab
@aws-sdk/region-provider,39036,https://www.npmjs.com/package/@aws-sdk/region-provider
feathers-memory,38944,https://www.npmjs.com/package/feathers-memory
@types/level,38865,https://www.npmjs.com/package/@types/level
angular-tree-component,38802,https://www.npmjs.com/package/angular-tree-component
@types/workbox-expiration,38776,https://www.npmjs.com/package/@types/workbox-expiration
react-with-gesture,38772,https://www.npmjs.com/package/react-with-gesture
@udecode/plate-date,38713,https://www.npmjs.com/package/@udecode/plate-date
xterm-addon-canvas,38659,https://www.npmjs.com/package/xterm-addon-canvas
@types/workbox-strategies,38655,https://www.npmjs.com/package/@types/workbox-strategies
@types/windows-foreground-love,38574,https://www.npmjs.com/package/@types/windows-foreground-love
@eth-optimism/solc,38481,https://www.npmjs.com/package/@eth-optimism/solc
@mui/private-classnames,38443,https://www.npmjs.com/package/@mui/private-classnames
@types/jest-cli,38346,https://www.npmjs.com/package/@types/jest-cli
@etchteam/storybook-addon-css-variables-theme,38194,https://www.npmjs.com/package/@etchteam/storybook-addon-css-variables-theme
eslint-plugin-no-async-array-methods,38120,https://www.npmjs.com/package/eslint-plugin-no-async-array-methods
ng5-slider,38088,https://www.npmjs.com/package/ng5-slider
diff-lines,38076,https://www.npmjs.com/package/diff-lines
@zeit/next-typescript,38061,https://www.npmjs.com/package/@zeit/next-typescript
authorize-ios,38028,https://www.npmjs.com/package/authorize-ios
feathers-commons,37956,https://www.npmjs.com/package/feathers-commons
javy-cli,37913,https://www.npmjs.com/package/javy-cli
rdf-parser-abstract,37893,https://www.npmjs.com/package/rdf-parser-abstract
react-qr-svg,37875,https://www.npmjs.com/package/react-qr-svg
@types/single-spa-react,37867,https://www.npmjs.com/package/@types/single-spa-react
react-loading-overlay-ts,37786,https://www.npmjs.com/package/react-loading-overlay-ts
@types/vue-router,37576,https://www.npmjs.com/package/@types/vue-router
react-block-ui,37558,https://www.npmjs.com/package/react-block-ui
@shopify/css-utilities,37535,https://www.npmjs.com/package/@shopify/css-utilities
@types/sql-formatter,37523,https://www.npmjs.com/package/@types/sql-formatter
@types/workbox-build,37507,https://www.npmjs.com/package/@types/workbox-build
@types/scrypt-js,37475,https://www.npmjs.com/package/@types/scrypt-js
highcharts-draggable-points,37437,https://www.npmjs.com/package/highcharts-draggable-points
vue-test-utils,37436,https://www.npmjs.com/package/vue-test-utils
@types/minimist-options,37392,https://www.npmjs.com/package/@types/minimist-options
storybook-solidjs,37315,https://www.npmjs.com/package/storybook-solidjs
fastify-env,37288,https://www.npmjs.com/package/fastify-env
rdf-parser-dom,37153,https://www.npmjs.com/package/rdf-parser-dom
vite-plugin-icons,37132,https://www.npmjs.com/package/vite-plugin-icons
@truffle/expect,37122,https://www.npmjs.com/package/@truffle/expect
@udecode/plate-toolbar,37114,https://www.npmjs.com/package/@udecode/plate-toolbar
@google/semantic-release-replace-plugin,37035,https://www.npmjs.com/package/@google/semantic-release-replace-plugin
@eth-optimism/smock,37030,https://www.npmjs.com/package/@eth-optimism/smock
yar,37024,https://www.npmjs.com/package/yar
fhir-works-on-aws-interface,36876,https://www.npmjs.com/package/fhir-works-on-aws-interface
@ngneat/transloco-messageformat,36826,https://www.npmjs.com/package/@ngneat/transloco-messageformat
@zeit/next-less,36568,https://www.npmjs.com/package/@zeit/next-less
wikidata-sdk,36560,https://www.npmjs.com/package/wikidata-sdk
@udecode/plate-math,36500,https://www.npmjs.com/package/@udecode/plate-math
gatsby-plugin-exclude,36466,https://www.npmjs.com/package/gatsby-plugin-exclude
@types/prosemirror-schema-basic,36456,https://www.npmjs.com/package/@types/prosemirror-schema-basic
@capacitor/storage,36414,https://www.npmjs.com/package/@capacitor/storage
@types/react-countup,36324,https://www.npmjs.com/package/@types/react-countup
@udecode/plate-ai,36293,https://www.npmjs.com/package/@udecode/plate-ai
arcgis-js-api,36199,https://www.npmjs.com/package/arcgis-js-api
jquery-jcrop,36196,https://www.npmjs.com/package/jquery-jcrop
@types/wordpress__shortcode,36166,https://www.npmjs.com/package/@types/wordpress__shortcode
@stencil/postcss,36156,https://www.npmjs.com/package/@stencil/postcss
to-markdown,36143,https://www.npmjs.com/package/to-markdown
eslint-plugin-ember-best-practices,36094,https://www.npmjs.com/package/eslint-plugin-ember-best-practices
rdf-parser-rdfxml,36013,https://www.npmjs.com/package/rdf-parser-rdfxml
@nguniversal/module-map-ngfactory-loader,35993,https://www.npmjs.com/package/@nguniversal/module-map-ngfactory-loader
@storybook/testing-vue3,35977,https://www.npmjs.com/package/@storybook/testing-vue3
@shopify/decorators,35976,https://www.npmjs.com/package/@shopify/decorators
@web3modal/react,35875,https://www.npmjs.com/package/@web3modal/react
graphql-code-generator,35836,https://www.npmjs.com/package/graphql-code-generator
@types/react-native-uuid,35800,https://www.npmjs.com/package/@types/react-native-uuid
@types/cometd,35740,https://www.npmjs.com/package/@types/cometd
@asymmetrik/ngx-leaflet-markercluster,35720,https://www.npmjs.com/package/@asymmetrik/ngx-leaflet-markercluster
@types/delay,35682,https://www.npmjs.com/package/@types/delay
@udecode/plate-popper,35663,https://www.npmjs.com/package/@udecode/plate-popper
@aws-cdk/aws-elasticache,35652,https://www.npmjs.com/package/@aws-cdk/aws-elasticache
feathers-errors,35610,https://www.npmjs.com/package/feathers-errors
@types/ajv-keywords,35576,https://www.npmjs.com/package/@types/ajv-keywords
@types/moment-range,35517,https://www.npmjs.com/package/@types/moment-range
notevil,35475,https://www.npmjs.com/package/notevil
react-native-matomo-sdk,35458,https://www.npmjs.com/package/react-native-matomo-sdk
jquery.inputmask,35454,https://www.npmjs.com/package/jquery.inputmask
@microsoft.azure/autorest.csharp,35434,https://www.npmjs.com/package/@microsoft.azure/autorest.csharp
angular-translate-interpolation-messageformat,35409,https://www.npmjs.com/package/angular-translate-interpolation-messageformat
interpolate-components,35355,https://www.npmjs.com/package/interpolate-components
sentry,35258,https://www.npmjs.com/package/sentry
cypress-drag-drop,35247,https://www.npmjs.com/package/cypress-drag-drop
@cypress/angular-signals,35147,https://www.npmjs.com/package/@cypress/angular-signals
@rdf-esm/to-ntriples,35083,https://www.npmjs.com/package/@rdf-esm/to-ntriples
@types/electron-packager,35055,https://www.npmjs.com/package/@types/electron-packager
@philippfromme/moddle-helpers,34844,https://www.npmjs.com/package/@philippfromme/moddle-helpers
@types/agenda,34834,https://www.npmjs.com/package/@types/agenda
@types/recoil,34762,https://www.npmjs.com/package/@types/recoil
@types/react-content-loader,34721,https://www.npmjs.com/package/@types/react-content-loader
nuvo-react,34718,https://www.npmjs.com/package/nuvo-react
draft-js-image-plugin,34684,https://www.npmjs.com/package/draft-js-image-plugin
bulma-extensions,34518,https://www.npmjs.com/package/bulma-extensions
es-dirname,34500,https://www.npmjs.com/package/es-dirname
@ui5/tooling-webc,34479,https://www.npmjs.com/package/@ui5/tooling-webc
@udecode/plate-callout,34466,https://www.npmjs.com/package/@udecode/plate-callout
@types/react-instantsearch,34442,https://www.npmjs.com/package/@types/react-instantsearch
apollo-client-preset,34413,https://www.npmjs.com/package/apollo-client-preset
vue-context,34376,https://www.npmjs.com/package/vue-context
@wessberg/ts-clone-node,34367,https://www.npmjs.com/package/@wessberg/ts-clone-node
@lwc/engine,34308,https://www.npmjs.com/package/@lwc/engine
fastify-auth,34263,https://www.npmjs.com/package/fastify-auth
electron-prebuilt,34225,https://www.npmjs.com/package/electron-prebuilt
fortnite-9812,34219,https://www.npmjs.com/package/fortnite-9812
@types/ansi-regex,34202,https://www.npmjs.com/package/@types/ansi-regex
@types/use-deep-compare-effect,34187,https://www.npmjs.com/package/@types/use-deep-compare-effect
@react-native-community/bob,34182,https://www.npmjs.com/package/@react-native-community/bob
jsonesc,34176,https://www.npmjs.com/package/jsonesc
@lingui/babel-plugin-transform-react,33956,https://www.npmjs.com/package/@lingui/babel-plugin-transform-react
corslite,33941,https://www.npmjs.com/package/corslite
react-html5video,33800,https://www.npmjs.com/package/react-html5video
bootstrap-vue-3,33688,https://www.npmjs.com/package/bootstrap-vue-3
@cloudflare/wrangler,33637,https://www.npmjs.com/package/@cloudflare/wrangler
@rnx-kit/dep-check,33626,https://www.npmjs.com/package/@rnx-kit/dep-check
win-spawn,33573,https://www.npmjs.com/package/win-spawn
test-switchbot-devices,33517,https://www.npmjs.com/package/test-switchbot-devices
broccoli-style-manifest,33494,https://www.npmjs.com/package/broccoli-style-manifest
ipfs-core,33461,https://www.npmjs.com/package/ipfs-core
@types/vue-scrollto,33398,https://www.npmjs.com/package/@types/vue-scrollto
@types/workbox-webpack-plugin,33385,https://www.npmjs.com/package/@types/workbox-webpack-plugin
axe-webdriverjs,33290,https://www.npmjs.com/package/axe-webdriverjs
knockout.mapping,33119,https://www.npmjs.com/package/knockout.mapping
graphql-server-express,33077,https://www.npmjs.com/package/graphql-server-express
metalsmith-layouts,33074,https://www.npmjs.com/package/metalsmith-layouts
abstract-socket,33073,https://www.npmjs.com/package/abstract-socket
@types/wordpress__data,33068,https://www.npmjs.com/package/@types/wordpress__data
@types/serialize-error,33028,https://www.npmjs.com/package/@types/serialize-error
@metaplex/js,33009,https://www.npmjs.com/package/@metaplex/js
@types/ffmpeg-static,32999,https://www.npmjs.com/package/@types/ffmpeg-static
@shopify/react-compose,32945,https://www.npmjs.com/package/@shopify/react-compose
@electron-forge/installer-deb,32879,https://www.npmjs.com/package/@electron-forge/installer-deb
@salesforce/plugin-config,32832,https://www.npmjs.com/package/@salesforce/plugin-config
@electron-forge/installer-linux,32754,https://www.npmjs.com/package/@electron-forge/installer-linux
@electron-forge/installer-darwin,32750,https://www.npmjs.com/package/@electron-forge/installer-darwin
@electron-forge/installer-dmg,32748,https://www.npmjs.com/package/@electron-forge/installer-dmg
@electron-forge/installer-rpm,32747,https://www.npmjs.com/package/@electron-forge/installer-rpm
@electron-forge/installer-base,32742,https://www.npmjs.com/package/@electron-forge/installer-base
@electron-forge/installer-exe,32742,https://www.npmjs.com/package/@electron-forge/installer-exe
@electron-forge/installer-zip,32725,https://www.npmjs.com/package/@electron-forge/installer-zip
@solana/wallet-adapter-glow,32720,https://www.npmjs.com/package/@solana/wallet-adapter-glow
@motionone/solid,32718,https://www.npmjs.com/package/@motionone/solid
bugsnag-js,32619,https://www.npmjs.com/package/bugsnag-js
hapi-sentry,32570,https://www.npmjs.com/package/hapi-sentry
lsof,32554,https://www.npmjs.com/package/lsof
@truffle/contract-sources,32528,https://www.npmjs.com/package/@truffle/contract-sources
@types/babel__parser,32512,https://www.npmjs.com/package/@types/babel__parser
fastify-rate-limit,32496,https://www.npmjs.com/package/fastify-rate-limit
angular-translate-handler-log,32477,https://www.npmjs.com/package/angular-translate-handler-log
@truffle/preserve,32458,https://www.npmjs.com/package/@truffle/preserve
@wessberg/browserslist-generator,32447,https://www.npmjs.com/package/@wessberg/browserslist-generator
node-signpdf,32443,https://www.npmjs.com/package/node-signpdf
@types/open-graph-scraper,32436,https://www.npmjs.com/package/@types/open-graph-scraper
@solana/wallet-adapter-slope,32404,https://www.npmjs.com/package/@solana/wallet-adapter-slope
@salesforce/plugin-analytics,32373,https://www.npmjs.com/package/@salesforce/plugin-analytics
react-create-hoc,32323,https://www.npmjs.com/package/react-create-hoc
rdk,32318,https://www.npmjs.com/package/rdk
@o3r/dev-tools,32290,https://www.npmjs.com/package/@o3r/dev-tools
@types/rollup,32271,https://www.npmjs.com/package/@types/rollup
truffle-assertions,32198,https://www.npmjs.com/package/truffle-assertions
@nodefactory/filsnap-adapter,32184,https://www.npmjs.com/package/@nodefactory/filsnap-adapter
@safe-global/safe-core-sdk,32181,https://www.npmjs.com/package/@safe-global/safe-core-sdk
amazon-cognito-auth-js,32173,https://www.npmjs.com/package/amazon-cognito-auth-js
@truffle/preserve-to-filecoin,32146,https://www.npmjs.com/package/@truffle/preserve-to-filecoin
eslint-teamcity,32143,https://www.npmjs.com/package/eslint-teamcity
@types/pretty-ms,32142,https://www.npmjs.com/package/@types/pretty-ms
@types/tiny-secp256k1,32141,https://www.npmjs.com/package/@types/tiny-secp256k1
mdi,32134,https://www.npmjs.com/package/mdi
fastify-express,32128,https://www.npmjs.com/package/fastify-express
@truffle/preserve-fs,32114,https://www.npmjs.com/package/@truffle/preserve-fs
@wmde/wikit-tokens,32096,https://www.npmjs.com/package/@wmde/wikit-tokens
@truffle/preserve-to-buckets,32081,https://www.npmjs.com/package/@truffle/preserve-to-buckets
igv,32077,https://www.npmjs.com/package/igv
@truffle/preserve-to-ipfs,32064,https://www.npmjs.com/package/@truffle/preserve-to-ipfs
react-simple-compat,32061,https://www.npmjs.com/package/react-simple-compat
ag-grid-autocomplete-editor,32060,https://www.npmjs.com/package/ag-grid-autocomplete-editor
@storybook/addon-ie11,32028,https://www.npmjs.com/package/@storybook/addon-ie11
angularx-social-login,32015,https://www.npmjs.com/package/angularx-social-login
@lingui/babel-plugin-transform-js,32001,https://www.npmjs.com/package/@lingui/babel-plugin-transform-js
@types/tesseract.js,31976,https://www.npmjs.com/package/@types/tesseract.js
csp-parse,31966,https://www.npmjs.com/package/csp-parse
testcafe-reporter-teamcity,31956,https://www.npmjs.com/package/testcafe-reporter-teamcity
@expo/traveling-fastlane-linux,31943,https://www.npmjs.com/package/@expo/traveling-fastlane-linux
@salesforce/plugin-alias,31909,https://www.npmjs.com/package/@salesforce/plugin-alias
@applitools/execution-grid-client,31892,https://www.npmjs.com/package/@applitools/execution-grid-client
@types/camelcase-keys,31870,https://www.npmjs.com/package/@types/camelcase-keys
@opentelemetry/exporter-collector-grpc,31839,https://www.npmjs.com/package/@opentelemetry/exporter-collector-grpc
@types/workbox-background-sync,31838,https://www.npmjs.com/package/@types/workbox-background-sync
jazzicon,31799,https://www.npmjs.com/package/jazzicon
simple-react-lightbox,31768,https://www.npmjs.com/package/simple-react-lightbox
@udecode/plate-csv,31704,https://www.npmjs.com/package/@udecode/plate-csv
music-metadata-browser,31692,https://www.npmjs.com/package/music-metadata-browser
@sap-cloud-sdk/core,31669,https://www.npmjs.com/package/@sap-cloud-sdk/core
grunt-contrib-uglify-es,31641,https://www.npmjs.com/package/grunt-contrib-uglify-es
@types/workbox-cacheable-response,31624,https://www.npmjs.com/package/@types/workbox-cacheable-response
@turf/line-distance,31611,https://www.npmjs.com/package/@turf/line-distance
@types/react-custom-scroll,31534,https://www.npmjs.com/package/@types/react-custom-scroll
@types/react-datetime-picker,31513,https://www.npmjs.com/package/@types/react-datetime-picker
@volar/vue-language-service-types,31507,https://www.npmjs.com/package/@volar/vue-language-service-types
@expo-google-fonts/open-sans-condensed,31430,https://www.npmjs.com/package/@expo-google-fonts/open-sans-condensed
minifier,31416,https://www.npmjs.com/package/minifier
ipfs-api,31405,https://www.npmjs.com/package/ipfs-api
@toss/utils,31398,https://www.npmjs.com/package/@toss/utils
@types/gulp-replace,31334,https://www.npmjs.com/package/@types/gulp-replace
@types/workbox-navigation-preload,31306,https://www.npmjs.com/package/@types/workbox-navigation-preload
@rdf-esm/term-map,31292,https://www.npmjs.com/package/@rdf-esm/term-map
rabin,31276,https://www.npmjs.com/package/rabin
@types/workbox-range-requests,31256,https://www.npmjs.com/package/@types/workbox-range-requests
@types/workbox-google-analytics,31153,https://www.npmjs.com/package/@types/workbox-google-analytics
@types/workbox-broadcast-update,31137,https://www.npmjs.com/package/@types/workbox-broadcast-update
noble-secp256k1,31128,https://www.npmjs.com/package/noble-secp256k1
@types/sade,31105,https://www.npmjs.com/package/@types/sade
metalsmith-collections,31092,https://www.npmjs.com/package/metalsmith-collections
gulp-foreach,31091,https://www.npmjs.com/package/gulp-foreach
serverless-plugin-optimize,31063,https://www.npmjs.com/package/serverless-plugin-optimize
@nextcloud/vue-dashboard,31040,https://www.npmjs.com/package/@nextcloud/vue-dashboard
hypernova,30923,https://www.npmjs.com/package/hypernova
stimulus-password-visibility,30899,https://www.npmjs.com/package/stimulus-password-visibility
@types/intl-messageformat,30822,https://www.npmjs.com/package/@types/intl-messageformat
@types/express-graphql,30817,https://www.npmjs.com/package/@types/express-graphql
monaco-page-objects,30796,https://www.npmjs.com/package/monaco-page-objects
vscode-extension-tester-locators,30707,https://www.npmjs.com/package/vscode-extension-tester-locators
@types/react-router-native,30678,https://www.npmjs.com/package/@types/react-router-native
@types/raw-body,30644,https://www.npmjs.com/package/@types/raw-body
@types/hapi__yar,30524,https://www.npmjs.com/package/@types/hapi__yar
@mongodb-js/zstd-darwin-arm64,30505,https://www.npmjs.com/package/@mongodb-js/zstd-darwin-arm64
@types/mqtt,30495,https://www.npmjs.com/package/@types/mqtt
pkg-resolve,30488,https://www.npmjs.com/package/pkg-resolve
@types/string-argv,30459,https://www.npmjs.com/package/@types/string-argv
stimulus-carousel,30458,https://www.npmjs.com/package/stimulus-carousel
react-file-download,30428,https://www.npmjs.com/package/react-file-download
@opentelemetry/resource-detector-docker,30413,https://www.npmjs.com/package/@opentelemetry/resource-detector-docker
@gooddata/typings,30397,https://www.npmjs.com/package/@gooddata/typings
babel-plugin-transform-es2015-constants,30385,https://www.npmjs.com/package/babel-plugin-transform-es2015-constants
@material/mwc-fab,30316,https://www.npmjs.com/package/@material/mwc-fab
@types/fork-ts-checker-webpack-plugin,30307,https://www.npmjs.com/package/@types/fork-ts-checker-webpack-plugin
rollup-plugin-swc,30280,https://www.npmjs.com/package/rollup-plugin-swc
@types/gapi.client.sheets,30141,https://www.npmjs.com/package/@types/gapi.client.sheets
react-fa,30122,https://www.npmjs.com/package/react-fa
@map-colonies/standard-version-update-helm-version,30109,https://www.npmjs.com/package/@map-colonies/standard-version-update-helm-version
browser-nativefs,30032,https://www.npmjs.com/package/browser-nativefs
tsparticles-updater-angle,30012,https://www.npmjs.com/package/tsparticles-updater-angle
dnd-kit,29972,https://www.npmjs.com/package/dnd-kit
@userback/react,29965,https://www.npmjs.com/package/@userback/react
@types/adobe__pdfservices-node-sdk,29959,https://www.npmjs.com/package/@types/adobe__pdfservices-node-sdk
@trpc/react,29920,https://www.npmjs.com/package/@trpc/react
wdio-appium-service,29914,https://www.npmjs.com/package/wdio-appium-service
@aws-cdk/aws-route53resolver,29815,https://www.npmjs.com/package/@aws-cdk/aws-route53resolver
@types/workbox-streams,29716,https://www.npmjs.com/package/@types/workbox-streams
@udecode/plate-code-block-ui,29710,https://www.npmjs.com/package/@udecode/plate-code-block-ui
@udecode/plate-alignment-ui,29680,https://www.npmjs.com/package/@udecode/plate-alignment-ui
@opentelemetry/plugin-https,29678,https://www.npmjs.com/package/@opentelemetry/plugin-https
@wmde/wikit-vue-components,29677,https://www.npmjs.com/package/@wmde/wikit-vue-components
nextjs-node-loader,29668,https://www.npmjs.com/package/nextjs-node-loader
@udecode/plate-block-quote-ui,29663,https://www.npmjs.com/package/@udecode/plate-block-quote-ui
@solana/wallet-adapter-sollet,29662,https://www.npmjs.com/package/@solana/wallet-adapter-sollet
@bull-monitor/root,29656,https://www.npmjs.com/package/@bull-monitor/root
@udecode/plate-mention-ui,29653,https://www.npmjs.com/package/@udecode/plate-mention-ui
@udecode/plate-list-ui,29624,https://www.npmjs.com/package/@udecode/plate-list-ui
@shopify/address,29611,https://www.npmjs.com/package/@shopify/address
@gooddata/gooddata-js,29598,https://www.npmjs.com/package/@gooddata/gooddata-js
@types/uuidv4,29579,https://www.npmjs.com/package/@types/uuidv4
@udecode/plate-ui-popover,29544,https://www.npmjs.com/package/@udecode/plate-ui-popover
@shopify/address-consts,29514,https://www.npmjs.com/package/@shopify/address-consts
@ngneat/transloco-keys-manager,29506,https://www.npmjs.com/package/@ngneat/transloco-keys-manager
node-sparkline,29434,https://www.npmjs.com/package/node-sparkline
image-promise,29429,https://www.npmjs.com/package/image-promise
@jsdevtools/eslint-config,29415,https://www.npmjs.com/package/@jsdevtools/eslint-config
@aws-cdk/aws-elasticloadbalancingv2-targets,29379,https://www.npmjs.com/package/@aws-cdk/aws-elasticloadbalancingv2-targets
emailjs-tcp-socket,29366,https://www.npmjs.com/package/emailjs-tcp-socket
@types/react-medium-image-zoom,29175,https://www.npmjs.com/package/@types/react-medium-image-zoom
@types/workbox-window,29169,https://www.npmjs.com/package/@types/workbox-window
metalsmith-permalinks,29165,https://www.npmjs.com/package/metalsmith-permalinks
@types/hapi__wreck,29144,https://www.npmjs.com/package/@types/hapi__wreck
@udecode/plate-ui-popper,29114,https://www.npmjs.com/package/@udecode/plate-ui-popper
draft-js-static-toolbar-plugin,29109,https://www.npmjs.com/package/draft-js-static-toolbar-plugin
togeojson,29108,https://www.npmjs.com/package/togeojson
inline-chunk-html-plugin,29085,https://www.npmjs.com/package/inline-chunk-html-plugin
@backstage/plugin-github-actions,29083,https://www.npmjs.com/package/@backstage/plugin-github-actions
json-ld-types,29080,https://www.npmjs.com/package/json-ld-types
@types/wordpress__keycodes,29073,https://www.npmjs.com/package/@types/wordpress__keycodes
vite-plugin-vue-markdown,29065,https://www.npmjs.com/package/vite-plugin-vue-markdown
@types/vuedraggable,28935,https://www.npmjs.com/package/@types/vuedraggable
@expo/traveling-fastlane-darwin,28863,https://www.npmjs.com/package/@expo/traveling-fastlane-darwin
@types/rdf-validate-shacl,28839,https://www.npmjs.com/package/@types/rdf-validate-shacl
@types/chartjs,28828,https://www.npmjs.com/package/@types/chartjs
jquery-flot,28811,https://www.npmjs.com/package/jquery-flot
@valkey/valkey-glide-linux-x64,28791,https://www.npmjs.com/package/@valkey/valkey-glide-linux-x64
cpf_cnpj,28755,https://www.npmjs.com/package/cpf_cnpj
@mongodb-js/zstd-win32-x64-msvc,28743,https://www.npmjs.com/package/@mongodb-js/zstd-win32-x64-msvc
@bull-monitor/express,28719,https://www.npmjs.com/package/@bull-monitor/express
web-animation-club,28688,https://www.npmjs.com/package/web-animation-club
@solana/wallet-adapter-exodus,28686,https://www.npmjs.com/package/@solana/wallet-adapter-exodus
icons,28634,https://www.npmjs.com/package/icons
@hashicorp/js-utils,28624,https://www.npmjs.com/package/@hashicorp/js-utils
scandit-sdk,28608,https://www.npmjs.com/package/scandit-sdk
tailwindcss-children,28605,https://www.npmjs.com/package/tailwindcss-children
@material/mwc-switch,28539,https://www.npmjs.com/package/@material/mwc-switch
openapi-schema-to-json-schema,28534,https://www.npmjs.com/package/openapi-schema-to-json-schema
@types/use-resize-observer,28479,https://www.npmjs.com/package/@types/use-resize-observer
@quasar/quasar-app-extension-testing,28473,https://www.npmjs.com/package/@quasar/quasar-app-extension-testing
airbrake-js,28446,https://www.npmjs.com/package/airbrake-js
esformatter-semicolons,28441,https://www.npmjs.com/package/esformatter-semicolons
windows-build-tools,28405,https://www.npmjs.com/package/windows-build-tools
stimulus-rails-autosave,28400,https://www.npmjs.com/package/stimulus-rails-autosave
@sap/cds-odata-v2-adapter-proxy,28343,https://www.npmjs.com/package/@sap/cds-odata-v2-adapter-proxy
@mongodb-js/zstd-darwin-x64,28333,https://www.npmjs.com/package/@mongodb-js/zstd-darwin-x64
wow.js,28318,https://www.npmjs.com/package/wow.js
emojisplosion,28297,https://www.npmjs.com/package/emojisplosion
@solana/wallet-adapter-brave,28285,https://www.npmjs.com/package/@solana/wallet-adapter-brave
@syncfusion/ej2-angular-spreadsheet,28233,https://www.npmjs.com/package/@syncfusion/ej2-angular-spreadsheet
floating-ui-devtools,28194,https://www.npmjs.com/package/floating-ui-devtools
@toss/use-overlay,28185,https://www.npmjs.com/package/@toss/use-overlay
pygmentize-bundled,28114,https://www.npmjs.com/package/pygmentize-bundled
next-iron-session,28071,https://www.npmjs.com/package/next-iron-session
@11ty/eleventy-cache-assets,28046,https://www.npmjs.com/package/@11ty/eleventy-cache-assets
@ngneat/transloco-locale,28045,https://www.npmjs.com/package/@ngneat/transloco-locale
@material/mwc-snackbar,28038,https://www.npmjs.com/package/@material/mwc-snackbar
parcel-plugin-static-files-copy,28007,https://www.npmjs.com/package/parcel-plugin-static-files-copy
@hapi/eslint-plugin-hapi,27999,https://www.npmjs.com/package/@hapi/eslint-plugin-hapi
@types/hasha,27968,https://www.npmjs.com/package/@types/hasha
karma-openui5,27949,https://www.npmjs.com/package/karma-openui5
@safe-global/safe-ethers-lib,27948,https://www.npmjs.com/package/@safe-global/safe-ethers-lib
@solana/wallet-adapter-blocto,27920,https://www.npmjs.com/package/@solana/wallet-adapter-blocto
atlassian-oauth2,27870,https://www.npmjs.com/package/atlassian-oauth2
@types/postcss-preset-env,27699,https://www.npmjs.com/package/@types/postcss-preset-env
@gnosis.pm/safe-core-sdk,27659,https://www.npmjs.com/package/@gnosis.pm/safe-core-sdk
@shopify/csrf-token-fetcher,27606,https://www.npmjs.com/package/@shopify/csrf-token-fetcher
@types/entities,27573,https://www.npmjs.com/package/@types/entities
MD5,27570,https://www.npmjs.com/package/MD5
@types/normalizr,27525,https://www.npmjs.com/package/@types/normalizr
@types/popper.js,27510,https://www.npmjs.com/package/@types/popper.js
@lucia-auth/adapter-sqlite,27488,https://www.npmjs.com/package/@lucia-auth/adapter-sqlite
eslint-plugin-change-detection-strategy,27475,https://www.npmjs.com/package/eslint-plugin-change-detection-strategy
@types/phone,27469,https://www.npmjs.com/package/@types/phone
@syncfusion/ej2-angular-progressbar,27406,https://www.npmjs.com/package/@syncfusion/ej2-angular-progressbar
zigbee-herdsman,27366,https://www.npmjs.com/package/zigbee-herdsman
@skjnldsv/sanitize-svg,27330,https://www.npmjs.com/package/@skjnldsv/sanitize-svg
csswring,27325,https://www.npmjs.com/package/csswring
@studio-freight/tempus,27306,https://www.npmjs.com/package/@studio-freight/tempus
@prisma/ni,27304,https://www.npmjs.com/package/@prisma/ni
image-compressor.js,27299,https://www.npmjs.com/package/image-compressor.js
@syncfusion/ej2-react-splitbuttons,27283,https://www.npmjs.com/package/@syncfusion/ej2-react-splitbuttons
@valkey/valkey-glide-linux-musl-x64,27265,https://www.npmjs.com/package/@valkey/valkey-glide-linux-musl-x64
@types/bull-board,27242,https://www.npmjs.com/package/@types/bull-board
@adobe/aio-lib-runtime,27232,https://www.npmjs.com/package/@adobe/aio-lib-runtime
github-flavored-markdown,27231,https://www.npmjs.com/package/github-flavored-markdown
@hapi/eslint-config-hapi,27222,https://www.npmjs.com/package/@hapi/eslint-config-hapi
neutrino,27217,https://www.npmjs.com/package/neutrino
@udecode/plate-test-utils,27187,https://www.npmjs.com/package/@udecode/plate-test-utils
@std/esm,27177,https://www.npmjs.com/package/@std/esm
ts-transformer-imports,27163,https://www.npmjs.com/package/ts-transformer-imports
@types/tlds,27147,https://www.npmjs.com/package/@types/tlds
postcss-single-charset,27128,https://www.npmjs.com/package/postcss-single-charset
@deriv/api-types,27103,https://www.npmjs.com/package/@deriv/api-types
react-finch-connect,27102,https://www.npmjs.com/package/react-finch-connect
dhttp,27097,https://www.npmjs.com/package/dhttp
vite-plugin-fonts,27016,https://www.npmjs.com/package/vite-plugin-fonts
@udecode/plate-ui-image,26975,https://www.npmjs.com/package/@udecode/plate-ui-image
@types/ckeditor__ckeditor5-minimap,26971,https://www.npmjs.com/package/@types/ckeditor__ckeditor5-minimap
skhema,26956,https://www.npmjs.com/package/skhema
@types/git-revision-webpack-plugin,26947,https://www.npmjs.com/package/@types/git-revision-webpack-plugin
inspect-f,26945,https://www.npmjs.com/package/inspect-f
uv,26938,https://www.npmjs.com/package/uv
capsize,26932,https://www.npmjs.com/package/capsize
@dwtechs/checkhard,26920,https://www.npmjs.com/package/@dwtechs/checkhard
@udecode/plate-ui-media-embed,26897,https://www.npmjs.com/package/@udecode/plate-ui-media-embed
react-use-file-upload,26822,https://www.npmjs.com/package/react-use-file-upload
css-list,26807,https://www.npmjs.com/package/css-list
postcss-minify-font-weight,26764,https://www.npmjs.com/package/postcss-minify-font-weight
postcss-font-family,26746,https://www.npmjs.com/package/postcss-font-family
filesaver.js,26735,https://www.npmjs.com/package/filesaver.js
@types/react-widgets,26712,https://www.npmjs.com/package/@types/react-widgets
edgegrid,26706,https://www.npmjs.com/package/edgegrid
draft-js-focus-plugin,26683,https://www.npmjs.com/package/draft-js-focus-plugin
tailwindcss-filters,26659,https://www.npmjs.com/package/tailwindcss-filters
@scalar/snippetz-core,26618,https://www.npmjs.com/package/@scalar/snippetz-core
@scalar/snippetz-plugin-js-fetch,26580,https://www.npmjs.com/package/@scalar/snippetz-plugin-js-fetch
@nuxt/cli-edge,26567,https://www.npmjs.com/package/@nuxt/cli-edge
@types/get-stream,26551,https://www.npmjs.com/package/@types/get-stream
@volar-plugins/vetur,26540,https://www.npmjs.com/package/@volar-plugins/vetur
esbuild-plugin-glob,26517,https://www.npmjs.com/package/esbuild-plugin-glob
@types/url-safe-base64,26509,https://www.npmjs.com/package/@types/url-safe-base64
opentelemetry-instrumentation-mongoose,26474,https://www.npmjs.com/package/opentelemetry-instrumentation-mongoose
@udecode/plate-excalidraw,26449,https://www.npmjs.com/package/@udecode/plate-excalidraw
angular-translate-storage-local,26439,https://www.npmjs.com/package/angular-translate-storage-local
tokenizer2,26339,https://www.npmjs.com/package/tokenizer2
@openzeppelin/upgrades,26289,https://www.npmjs.com/package/@openzeppelin/upgrades
@udecode/plate-placeholder,26237,https://www.npmjs.com/package/@udecode/plate-placeholder
@shopify/react-bugsnag,26237,https://www.npmjs.com/package/@shopify/react-bugsnag
prex,26152,https://www.npmjs.com/package/prex
@types/flatpickr,26122,https://www.npmjs.com/package/@types/flatpickr
nuxt-simple-sitemap,26120,https://www.npmjs.com/package/nuxt-simple-sitemap
@apollo/query-planner-wasm,26101,https://www.npmjs.com/package/@apollo/query-planner-wasm
@hutson/set-npm-auth-token-for-ci,26081,https://www.npmjs.com/package/@hutson/set-npm-auth-token-for-ci
@grafana/e2e,26034,https://www.npmjs.com/package/@grafana/e2e
@zoomus/websdk,26013,https://www.npmjs.com/package/@zoomus/websdk
metalsmith-in-place,26003,https://www.npmjs.com/package/metalsmith-in-place
@types/ajv-errors,25963,https://www.npmjs.com/package/@types/ajv-errors
@types/tabbable,25916,https://www.npmjs.com/package/@types/tabbable
@shopify/theme-addresses,25910,https://www.npmjs.com/package/@shopify/theme-addresses
is-eu-member,25870,https://www.npmjs.com/package/is-eu-member
@sap-cloud-sdk/analytics,25866,https://www.npmjs.com/package/@sap-cloud-sdk/analytics
grunt-ngdocs,25865,https://www.npmjs.com/package/grunt-ngdocs
@ryoppippi/unplugin-typia,25852,https://www.npmjs.com/package/@ryoppippi/unplugin-typia
@syncfusion/ej2-locale,25791,https://www.npmjs.com/package/@syncfusion/ej2-locale
wdio-cucumber-snippet-reporter,25781,https://www.npmjs.com/package/wdio-cucumber-snippet-reporter
@vkontakte/eslint-config,25781,https://www.npmjs.com/package/@vkontakte/eslint-config
@fluentui/react-nav-preview,25758,https://www.npmjs.com/package/@fluentui/react-nav-preview
@types/wordpress__editor,25720,https://www.npmjs.com/package/@types/wordpress__editor
serverless-kubeless,25720,https://www.npmjs.com/package/serverless-kubeless
@solana/wallet-adapter-censo,25717,https://www.npmjs.com/package/@solana/wallet-adapter-censo
acorn-json-superset,25715,https://www.npmjs.com/package/acorn-json-superset
@material/mwc-linear-progress,25690,https://www.npmjs.com/package/@material/mwc-linear-progress
cypress-testing-library,25687,https://www.npmjs.com/package/cypress-testing-library
brute-knex,25685,https://www.npmjs.com/package/brute-knex
ngx-panzoom,25654,https://www.npmjs.com/package/ngx-panzoom
fluent-schema,25644,https://www.npmjs.com/package/fluent-schema
@udecode/plate-image-ui,25642,https://www.npmjs.com/package/@udecode/plate-image-ui
@types/i18next-xhr-backend,25585,https://www.npmjs.com/package/@types/i18next-xhr-backend
@novu/headless,25579,https://www.npmjs.com/package/@novu/headless
@udecode/plate-font-ui,25554,https://www.npmjs.com/package/@udecode/plate-font-ui
@udecode/plate-table-ui,25548,https://www.npmjs.com/package/@udecode/plate-table-ui
@studio-freight/hamo,25541,https://www.npmjs.com/package/@studio-freight/hamo
@udecode/plate-link-ui,25538,https://www.npmjs.com/package/@udecode/plate-link-ui
@udecode/plate-find-replace-ui,25527,https://www.npmjs.com/package/@udecode/plate-find-replace-ui
@udecode/plate-media-embed-ui,25516,https://www.npmjs.com/package/@udecode/plate-media-embed-ui
paypal-nvp-api,25499,https://www.npmjs.com/package/paypal-nvp-api
angular-translate-loader-url,25461,https://www.npmjs.com/package/angular-translate-loader-url
@nuxt/builder-edge,25427,https://www.npmjs.com/package/@nuxt/builder-edge
webext-additional-permissions,25366,https://www.npmjs.com/package/webext-additional-permissions
pinata-web3,25340,https://www.npmjs.com/package/pinata-web3
@types/socket.io-redis,25292,https://www.npmjs.com/package/@types/socket.io-redis
react-native-firebase,25282,https://www.npmjs.com/package/react-native-firebase
normalize-css,25262,https://www.npmjs.com/package/normalize-css
nuxt-simple-robots,25248,https://www.npmjs.com/package/nuxt-simple-robots
@types/has-yarn,25244,https://www.npmjs.com/package/@types/has-yarn
@nuxt/core-edge,25235,https://www.npmjs.com/package/@nuxt/core-edge
@types/rollup-plugin-sourcemaps,25221,https://www.npmjs.com/package/@types/rollup-plugin-sourcemaps
@solana/wallet-adapter-magiceden,25203,https://www.npmjs.com/package/@solana/wallet-adapter-magiceden
@scalar/snippetz-plugin-node-fetch,25058,https://www.npmjs.com/package/@scalar/snippetz-plugin-node-fetch
@scalar/snippetz-plugin-node-undici,25022,https://www.npmjs.com/package/@scalar/snippetz-plugin-node-undici
@types/nodecredstash,25003,https://www.npmjs.com/package/@types/nodecredstash
jwt,24974,https://www.npmjs.com/package/jwt
@udecode/plate-md-serializer,24957,https://www.npmjs.com/package/@udecode/plate-md-serializer
ipfs-core-config,24942,https://www.npmjs.com/package/ipfs-core-config
@udecode/plate-csv-serializer,24858,https://www.npmjs.com/package/@udecode/plate-csv-serializer
@types/mongoose-paginate-v2,24769,https://www.npmjs.com/package/@types/mongoose-paginate-v2
@solana/wallet-adapter-strike,24763,https://www.npmjs.com/package/@solana/wallet-adapter-strike
@aws-cdk/aws-cloudfront-origins,24690,https://www.npmjs.com/package/@aws-cdk/aws-cloudfront-origins
acorn-optional-catch-binding,24680,https://www.npmjs.com/package/acorn-optional-catch-binding
@spectrum-css/vars,24657,https://www.npmjs.com/package/@spectrum-css/vars
@opentelemetry/exporter-otlp-grpc,24643,https://www.npmjs.com/package/@opentelemetry/exporter-otlp-grpc
ember-link-action,24640,https://www.npmjs.com/package/ember-link-action
@udecode/plate-cursor,24635,https://www.npmjs.com/package/@udecode/plate-cursor
@simplewebauthn/iso-webcrypto,24633,https://www.npmjs.com/package/@simplewebauthn/iso-webcrypto
@tsconfig/node-lts-strictest-esm,24633,https://www.npmjs.com/package/@tsconfig/node-lts-strictest-esm
eslint-plugin-radar,24607,https://www.npmjs.com/package/eslint-plugin-radar
@types/mobile-detect,24601,https://www.npmjs.com/package/@types/mobile-detect
@guardian/source-foundations,24567,https://www.npmjs.com/package/@guardian/source-foundations
es6-collections,24534,https://www.npmjs.com/package/es6-collections
@types/franc,24464,https://www.npmjs.com/package/@types/franc
@shopify/theme-currency,24449,https://www.npmjs.com/package/@shopify/theme-currency
autoprefixer-loader,24364,https://www.npmjs.com/package/autoprefixer-loader
@openzeppelin/truffle-upgrades,24332,https://www.npmjs.com/package/@openzeppelin/truffle-upgrades
gulp-simple-task-loader,24318,https://www.npmjs.com/package/gulp-simple-task-loader
zeebe-node,24308,https://www.npmjs.com/package/zeebe-node
ng-sidebar,24199,https://www.npmjs.com/package/ng-sidebar
adyen-cse-js,24188,https://www.npmjs.com/package/adyen-cse-js
@grafana/toolkit,24186,https://www.npmjs.com/package/@grafana/toolkit
@aws-cdk/aws-codestarconnections,24162,https://www.npmjs.com/package/@aws-cdk/aws-codestarconnections
gulp-add-src,24099,https://www.npmjs.com/package/gulp-add-src
react-native-appboy-sdk,24059,https://www.npmjs.com/package/react-native-appboy-sdk
@opentelemetry/plugin-pg,24032,https://www.npmjs.com/package/@opentelemetry/plugin-pg
@panva/jose,24022,https://www.npmjs.com/package/@panva/jose
@types/boxen,23967,https://www.npmjs.com/package/@types/boxen
closure-builder,23938,https://www.npmjs.com/package/closure-builder
@types/zeromq,23921,https://www.npmjs.com/package/@types/zeromq
sc-emitter,23892,https://www.npmjs.com/package/sc-emitter
@types/prosemirror-markdown,23830,https://www.npmjs.com/package/@types/prosemirror-markdown
ethers-utils,23797,https://www.npmjs.com/package/ethers-utils
@scalar/snippetz-plugin-js-ofetch,23796,https://www.npmjs.com/package/@scalar/snippetz-plugin-js-ofetch
prb-math,23775,https://www.npmjs.com/package/prb-math
aws-cli,23767,https://www.npmjs.com/package/aws-cli
eslint-plugin-class-property,23645,https://www.npmjs.com/package/eslint-plugin-class-property
@airwallex/payouts-web-sdk,23629,https://www.npmjs.com/package/@airwallex/payouts-web-sdk
@nuxtjs/google-tag-manager,23594,https://www.npmjs.com/package/@nuxtjs/google-tag-manager
postcss-unmq,23529,https://www.npmjs.com/package/postcss-unmq
@cliqz/adblocker-playwright,23455,https://www.npmjs.com/package/@cliqz/adblocker-playwright
phonegap-plugin-barcodescanner,23441,https://www.npmjs.com/package/phonegap-plugin-barcodescanner
koa-csrf,23392,https://www.npmjs.com/package/koa-csrf
@microsoft/fast-components,23363,https://www.npmjs.com/package/@microsoft/fast-components
@styled-jsx/plugin-sass,23336,https://www.npmjs.com/package/@styled-jsx/plugin-sass
salesforcedx,23305,https://www.npmjs.com/package/salesforcedx
@types/tus-js-client,23212,https://www.npmjs.com/package/@types/tus-js-client
@types/diff2html,23196,https://www.npmjs.com/package/@types/diff2html
watson-developer-cloud,23173,https://www.npmjs.com/package/watson-developer-cloud
@pawelgalazka/shell,23164,https://www.npmjs.com/package/@pawelgalazka/shell
gulp-ftp,23161,https://www.npmjs.com/package/gulp-ftp
@syncfusion/ej2-vue-buttons,23132,https://www.npmjs.com/package/@syncfusion/ej2-vue-buttons
picmo,23109,https://www.npmjs.com/package/picmo
ldclient-js,23081,https://www.npmjs.com/package/ldclient-js
@charlietango/use-focus-trap,23058,https://www.npmjs.com/package/@charlietango/use-focus-trap
skip-postinstall,23057,https://www.npmjs.com/package/skip-postinstall
ngx-ui-scroll,23049,https://www.npmjs.com/package/ngx-ui-scroll
@types/react-email-editor,23023,https://www.npmjs.com/package/@types/react-email-editor
xml2js-es6-promise,22969,https://www.npmjs.com/package/xml2js-es6-promise
mongoose-double,22962,https://www.npmjs.com/package/mongoose-double
@types/argon2,22958,https://www.npmjs.com/package/@types/argon2
@types/resumablejs,22949,https://www.npmjs.com/package/@types/resumablejs
@fastify/vite,22936,https://www.npmjs.com/package/@fastify/vite
feathers,22921,https://www.npmjs.com/package/feathers
@aws-cdk/aws-opensearchservice,22919,https://www.npmjs.com/package/@aws-cdk/aws-opensearchservice
@atproto/uri,22916,https://www.npmjs.com/package/@atproto/uri
typescript-babel-jest,22905,https://www.npmjs.com/package/typescript-babel-jest
eth-simple-keyring,22891,https://www.npmjs.com/package/eth-simple-keyring
@tsconfig/node16-strictest,22848,https://www.npmjs.com/package/@tsconfig/node16-strictest
@map-colonies/standard-version-update-openapi3-version,22826,https://www.npmjs.com/package/@map-colonies/standard-version-update-openapi3-version
wicg-focus-ring,22807,https://www.npmjs.com/package/wicg-focus-ring
react-pdf-js,22795,https://www.npmjs.com/package/react-pdf-js
@opentelemetry/plugin-pg-pool,22780,https://www.npmjs.com/package/@opentelemetry/plugin-pg-pool
@pawelgalazka/cli,22777,https://www.npmjs.com/package/@pawelgalazka/cli
atlassian-connect-express,22774,https://www.npmjs.com/package/atlassian-connect-express
@pawelgalazka/cli-args,22756,https://www.npmjs.com/package/@pawelgalazka/cli-args
vscode-web-custom-data,22718,https://www.npmjs.com/package/vscode-web-custom-data
@types/pretty-format,22714,https://www.npmjs.com/package/@types/pretty-format
tasksfile,22662,https://www.npmjs.com/package/tasksfile
@types/rollup-plugin-visualizer,22640,https://www.npmjs.com/package/@types/rollup-plugin-visualizer
@types/istextorbinary,22636,https://www.npmjs.com/package/@types/istextorbinary
@pact-foundation/absolute-version,22617,https://www.npmjs.com/package/@pact-foundation/absolute-version
remark-mdx-images,22590,https://www.npmjs.com/package/remark-mdx-images
@types/usb,22570,https://www.npmjs.com/package/@types/usb
rollup-plugin-npm,22567,https://www.npmjs.com/package/rollup-plugin-npm
rubberduck,22564,https://www.npmjs.com/package/rubberduck
@types/react-webcam,22562,https://www.npmjs.com/package/@types/react-webcam
@unts/get-tsconfig,22558,https://www.npmjs.com/package/@unts/get-tsconfig
@fortawesome/fontawesome-free-regular,22532,https://www.npmjs.com/package/@fortawesome/fontawesome-free-regular
@types/react-swipeable,22530,https://www.npmjs.com/package/@types/react-swipeable
isparta-loader,22517,https://www.npmjs.com/package/isparta-loader
@gnosis.pm/safe-core-sdk-types,22476,https://www.npmjs.com/package/@gnosis.pm/safe-core-sdk-types
@types/rrule,22468,https://www.npmjs.com/package/@types/rrule
@types/react-native-modal,22429,https://www.npmjs.com/package/@types/react-native-modal
lodash.createcallback,22402,https://www.npmjs.com/package/lodash.createcallback
@types/applicationinsights,22402,https://www.npmjs.com/package/@types/applicationinsights
vue-owl-carousel,22395,https://www.npmjs.com/package/vue-owl-carousel
eslint-plugin-ecmascript-compat,22384,https://www.npmjs.com/package/eslint-plugin-ecmascript-compat
@types/algoliasearch-helper,22328,https://www.npmjs.com/package/@types/algoliasearch-helper
@types/ip-address,22310,https://www.npmjs.com/package/@types/ip-address
bee-plugin,22301,https://www.npmjs.com/package/bee-plugin
@studio-freight/react-lenis,22282,https://www.npmjs.com/package/@studio-freight/react-lenis
@types/storybook__addon-links,22257,https://www.npmjs.com/package/@types/storybook__addon-links
@comandeer/mocha-lib-tester,22239,https://www.npmjs.com/package/@comandeer/mocha-lib-tester
apollo-server-hapi,22237,https://www.npmjs.com/package/apollo-server-hapi
@types/is-plain-object,22227,https://www.npmjs.com/package/@types/is-plain-object
@scalar/snippetz-plugin-node-ofetch,22209,https://www.npmjs.com/package/@scalar/snippetz-plugin-node-ofetch
eslint-plugin-tslint,22209,https://www.npmjs.com/package/eslint-plugin-tslint
@magic-works/i18n-codegen,22199,https://www.npmjs.com/package/@magic-works/i18n-codegen
vuepress-plugin-typedoc,22193,https://www.npmjs.com/package/vuepress-plugin-typedoc
@material/mwc-circular-progress,22179,https://www.npmjs.com/package/@material/mwc-circular-progress
snowplow-tracker-core,22158,https://www.npmjs.com/package/snowplow-tracker-core
@opentelemetry/plugin-express,22133,https://www.npmjs.com/package/@opentelemetry/plugin-express
@dojo/interfaces,22128,https://www.npmjs.com/package/@dojo/interfaces
deep.clone,22124,https://www.npmjs.com/package/deep.clone
cosmicjs,22103,https://www.npmjs.com/package/cosmicjs
@types/airtable,22093,https://www.npmjs.com/package/@types/airtable
data.task,22081,https://www.npmjs.com/package/data.task
stimulus-timeago,22033,https://www.npmjs.com/package/stimulus-timeago
@material/mwc-select,22022,https://www.npmjs.com/package/@material/mwc-select
vue-stripe-elements-plus,21989,https://www.npmjs.com/package/vue-stripe-elements-plus
flex-plugins-utils-env,21939,https://www.npmjs.com/package/flex-plugins-utils-env
flex-plugins-utils-exception,21936,https://www.npmjs.com/package/flex-plugins-utils-exception
@pawelgalazka/middleware,21934,https://www.npmjs.com/package/@pawelgalazka/middleware
gulp-w3c-html-validator,21919,https://www.npmjs.com/package/gulp-w3c-html-validator
@syncfusion/ej2-react-layouts,21880,https://www.npmjs.com/package/@syncfusion/ej2-react-layouts
pngjs2,21877,https://www.npmjs.com/package/pngjs2
vue-cli,21846,https://www.npmjs.com/package/vue-cli
@types/es-to-primitive,21804,https://www.npmjs.com/package/@types/es-to-primitive
sc-simple-broker,21733,https://www.npmjs.com/package/sc-simple-broker
codecheck,21704,https://www.npmjs.com/package/codecheck
node-tar,21703,https://www.npmjs.com/package/node-tar
@snyk/lodash,21698,https://www.npmjs.com/package/@snyk/lodash
stimulus-checkbox-select-all,21692,https://www.npmjs.com/package/stimulus-checkbox-select-all
@axiomhq/axiom-node,21691,https://www.npmjs.com/package/@axiomhq/axiom-node
@material/mwc-tab-scroller,21646,https://www.npmjs.com/package/@material/mwc-tab-scroller
bulma-tooltip,21622,https://www.npmjs.com/package/bulma-tooltip
unicode-8.0.0,21611,https://www.npmjs.com/package/unicode-8.0.0
openlayers,21608,https://www.npmjs.com/package/openlayers
@types/hcaptcha__react-hcaptcha,21596,https://www.npmjs.com/package/@types/hcaptcha__react-hcaptcha
conformity,21594,https://www.npmjs.com/package/conformity
@types/form-urlencoded,21556,https://www.npmjs.com/package/@types/form-urlencoded
@stencila/configa,21548,https://www.npmjs.com/package/@stencila/configa
remark-mermaidjs,21530,https://www.npmjs.com/package/remark-mermaidjs
@types/simple-icons,21504,https://www.npmjs.com/package/@types/simple-icons
@pixi/canvas-particles,21498,https://www.npmjs.com/package/@pixi/canvas-particles
@types/z-schema,21496,https://www.npmjs.com/package/@types/z-schema
@leafygreen-ui/interaction-ring,21496,https://www.npmjs.com/package/@leafygreen-ui/interaction-ring
@syncfusion/ej2-angular-circulargauge,21492,https://www.npmjs.com/package/@syncfusion/ej2-angular-circulargauge
@department-of-veterans-affairs/formation,21484,https://www.npmjs.com/package/@department-of-veterans-affairs/formation
datatype-expansion,21475,https://www.npmjs.com/package/datatype-expansion
@types/countries-and-timezones,21459,https://www.npmjs.com/package/@types/countries-and-timezones
draft-js-inline-toolbar-plugin,21442,https://www.npmjs.com/package/draft-js-inline-toolbar-plugin
@aws-cdk/aws-ecs-patterns,21442,https://www.npmjs.com/package/@aws-cdk/aws-ecs-patterns
fastify-http-proxy,21440,https://www.npmjs.com/package/fastify-http-proxy
@openzeppelin/contracts-ethereum-package,21428,https://www.npmjs.com/package/@openzeppelin/contracts-ethereum-package
moment-holiday,21415,https://www.npmjs.com/package/moment-holiday
stimulus-character-counter,21403,https://www.npmjs.com/package/stimulus-character-counter
jsonstream,21389,https://www.npmjs.com/package/jsonstream
@types/terser,21341,https://www.npmjs.com/package/@types/terser
stimulus-scroll-to,21316,https://www.npmjs.com/package/stimulus-scroll-to
framer-motion-3d,21225,https://www.npmjs.com/package/framer-motion-3d
flex-plugins-api-client,21175,https://www.npmjs.com/package/flex-plugins-api-client
@types/simplebar,21166,https://www.npmjs.com/package/@types/simplebar
tslint-xo,21128,https://www.npmjs.com/package/tslint-xo
@types/slonik,21118,https://www.npmjs.com/package/@types/slonik
loadable-components,21115,https://www.npmjs.com/package/loadable-components
gfm.css,21087,https://www.npmjs.com/package/gfm.css
@matterlabs/hardhat-zksync-chai-matchers,20942,https://www.npmjs.com/package/@matterlabs/hardhat-zksync-chai-matchers
@types/node-sql-parser,20914,https://www.npmjs.com/package/@types/node-sql-parser
@ionic/react-test-utils,20912,https://www.npmjs.com/package/@ionic/react-test-utils
vscode-debugadapter,20910,https://www.npmjs.com/package/vscode-debugadapter
@nearform/clinic-common,20870,https://www.npmjs.com/package/@nearform/clinic-common
@types/parse5-htmlparser2-tree-adapter,20868,https://www.npmjs.com/package/@types/parse5-htmlparser2-tree-adapter
@types/velocity-animate,20827,https://www.npmjs.com/package/@types/velocity-animate
@types/iobroker,20751,https://www.npmjs.com/package/@types/iobroker
slow-stream,20679,https://www.npmjs.com/package/slow-stream
@types/lowlight,20664,https://www.npmjs.com/package/@types/lowlight
esc-pos-encoder,20656,https://www.npmjs.com/package/esc-pos-encoder
clear-require,20635,https://www.npmjs.com/package/clear-require
@mdn/dinocons,20629,https://www.npmjs.com/package/@mdn/dinocons
feathers-rest,20447,https://www.npmjs.com/package/feathers-rest
@utrecht/components,20437,https://www.npmjs.com/package/@utrecht/components
@material/mwc-tab-bar,20435,https://www.npmjs.com/package/@material/mwc-tab-bar
@types/react-easy-crop,20388,https://www.npmjs.com/package/@types/react-easy-crop
currency-flags,20381,https://www.npmjs.com/package/currency-flags
@material/mwc-tab,20377,https://www.npmjs.com/package/@material/mwc-tab
@kaizen/stylelint-plugin,20344,https://www.npmjs.com/package/@kaizen/stylelint-plugin
base-options,20342,https://www.npmjs.com/package/base-options
base-tasks,20339,https://www.npmjs.com/package/base-tasks
@urql/exchange-multipart-fetch,20330,https://www.npmjs.com/package/@urql/exchange-multipart-fetch
@types/split.js,20326,https://www.npmjs.com/package/@types/split.js
neutrino-middleware-minify,20311,https://www.npmjs.com/package/neutrino-middleware-minify
@types/ink,20293,https://www.npmjs.com/package/@types/ink
@nearform/trace-events-parser,20286,https://www.npmjs.com/package/@nearform/trace-events-parser
fastify-bearer-auth,20275,https://www.npmjs.com/package/fastify-bearer-auth
@material/mwc-tab-indicator,20273,https://www.npmjs.com/package/@material/mwc-tab-indicator
@types/next-redux-wrapper,20263,https://www.npmjs.com/package/@types/next-redux-wrapper
neutrino-middleware-clean,20172,https://www.npmjs.com/package/neutrino-middleware-clean
neutrino-middleware-compile-loader,20170,https://www.npmjs.com/package/neutrino-middleware-compile-loader
neutrino-middleware-loader-merge,20169,https://www.npmjs.com/package/neutrino-middleware-loader-merge
neutrino-middleware-hot,20161,https://www.npmjs.com/package/neutrino-middleware-hot
neutrino-middleware-copy,20156,https://www.npmjs.com/package/neutrino-middleware-copy
@types/browser-image-compression,20156,https://www.npmjs.com/package/@types/browser-image-compression
@types/tinycolor,20145,https://www.npmjs.com/package/@types/tinycolor
wru,20134,https://www.npmjs.com/package/wru
ngmin,20124,https://www.npmjs.com/package/ngmin
react-instantsearch-hooks-server,20091,https://www.npmjs.com/package/react-instantsearch-hooks-server
neutrino-preset-web,20086,https://www.npmjs.com/package/neutrino-preset-web
neutrino-middleware-style-loader,20081,https://www.npmjs.com/package/neutrino-middleware-style-loader
neutrino-middleware-font-loader,20077,https://www.npmjs.com/package/neutrino-middleware-font-loader
javascript-brunch,20053,https://www.npmjs.com/package/javascript-brunch
neutrino-middleware-chunk,20041,https://www.npmjs.com/package/neutrino-middleware-chunk
neutrino-middleware-html-loader,20040,https://www.npmjs.com/package/neutrino-middleware-html-loader
neutrino-middleware-env,20032,https://www.npmjs.com/package/neutrino-middleware-env
neutrino-middleware-image-loader,20030,https://www.npmjs.com/package/neutrino-middleware-image-loader
neutrino-middleware-html-template,20029,https://www.npmjs.com/package/neutrino-middleware-html-template
yaml-convert,20027,https://www.npmjs.com/package/yaml-convert
@openfeature/js-sdk,20026,https://www.npmjs.com/package/@openfeature/js-sdk
@types/videojs-contrib-quality-levels,20018,https://www.npmjs.com/package/@types/videojs-contrib-quality-levels
material-ui-icons,20015,https://www.npmjs.com/package/material-ui-icons
neutrino-middleware-dev-server,20012,https://www.npmjs.com/package/neutrino-middleware-dev-server
@types/http-status,19993,https://www.npmjs.com/package/@types/http-status
@types/email-validator,19972,https://www.npmjs.com/package/@types/email-validator
@types/editorjs__header,19960,https://www.npmjs.com/package/@types/editorjs__header
locize-editor,19953,https://www.npmjs.com/package/locize-editor
sib-api-v3-typescript,19929,https://www.npmjs.com/package/sib-api-v3-typescript
@miraipr0ject/assets,19926,https://www.npmjs.com/package/@miraipr0ject/assets
@jitsu/sdk-js,19916,https://www.npmjs.com/package/@jitsu/sdk-js
ms-rest-js,19875,https://www.npmjs.com/package/ms-rest-js
grid-styled,19840,https://www.npmjs.com/package/grid-styled
nuxt-mq,19839,https://www.npmjs.com/package/nuxt-mq
stimulus-notification,19788,https://www.npmjs.com/package/stimulus-notification
@backstage/plugin-tech-radar,19761,https://www.npmjs.com/package/@backstage/plugin-tech-radar
@nearform/node-trace-log-join,19754,https://www.npmjs.com/package/@nearform/node-trace-log-join
@guardian/consent-management-platform,19736,https://www.npmjs.com/package/@guardian/consent-management-platform
eth-keyring-controller,19718,https://www.npmjs.com/package/eth-keyring-controller
@types/swagger-parser,19612,https://www.npmjs.com/package/@types/swagger-parser
@atproto/nsid,19594,https://www.npmjs.com/package/@atproto/nsid
css-brunch,19593,https://www.npmjs.com/package/css-brunch
npmc,19581,https://www.npmjs.com/package/npmc
ciscospark,19556,https://www.npmjs.com/package/ciscospark
@atproto/identifier,19539,https://www.npmjs.com/package/@atproto/identifier
@moovio/node,19527,https://www.npmjs.com/package/@moovio/node
@tsconfig/node-lts-strictest,19511,https://www.npmjs.com/package/@tsconfig/node-lts-strictest
bulma-checkradio,19495,https://www.npmjs.com/package/bulma-checkradio
@types/xml-formatter,19448,https://www.npmjs.com/package/@types/xml-formatter
bootstrap-4-grid,19442,https://www.npmjs.com/package/bootstrap-4-grid
@adobe/react-native-acpcore,19437,https://www.npmjs.com/package/@adobe/react-native-acpcore
stylelint-bare-webpack-plugin,19425,https://www.npmjs.com/package/stylelint-bare-webpack-plugin
node-bandwidth,19417,https://www.npmjs.com/package/node-bandwidth
@types/inversify-express-utils,19416,https://www.npmjs.com/package/@types/inversify-express-utils
testcafe-vue-selectors,19372,https://www.npmjs.com/package/testcafe-vue-selectors
source-sans-pro,19367,https://www.npmjs.com/package/source-sans-pro
@types/inversify-inject-decorators,19329,https://www.npmjs.com/package/@types/inversify-inject-decorators
@insurgentlab/conventional-changelog-preset,19326,https://www.npmjs.com/package/@insurgentlab/conventional-changelog-preset
@types/get-caller-file,19322,https://www.npmjs.com/package/@types/get-caller-file
@hashicorp/localstorage-polyfill,19319,https://www.npmjs.com/package/@hashicorp/localstorage-polyfill
@types/matrix-js-sdk,19318,https://www.npmjs.com/package/@types/matrix-js-sdk
@types/fullcalendar,19316,https://www.npmjs.com/package/@types/fullcalendar
@types/read-pkg-up,19260,https://www.npmjs.com/package/@types/read-pkg-up
@types/pg-promise,19241,https://www.npmjs.com/package/@types/pg-promise
keyv-memcache,19239,https://www.npmjs.com/package/keyv-memcache
good-http,19233,https://www.npmjs.com/package/good-http
@heroku-cli/plugin-ps,19201,https://www.npmjs.com/package/@heroku-cli/plugin-ps
@types/redux-promise-middleware,19188,https://www.npmjs.com/package/@types/redux-promise-middleware
@sushiswap/core,19186,https://www.npmjs.com/package/@sushiswap/core
@bufbuild/protoc-gen-connect-web,19185,https://www.npmjs.com/package/@bufbuild/protoc-gen-connect-web
@aws-cdk/aws-apigatewayv2-integrations,19171,https://www.npmjs.com/package/@aws-cdk/aws-apigatewayv2-integrations
documentdb,19159,https://www.npmjs.com/package/documentdb
@nolimit/nolimit.js,19127,https://www.npmjs.com/package/@nolimit/nolimit.js
sol-redis-pool,19124,https://www.npmjs.com/package/sol-redis-pool
express-swaggerize-ui,19108,https://www.npmjs.com/package/express-swaggerize-ui
ts-mongoose,19094,https://www.npmjs.com/package/ts-mongoose
@types/webmidi,19087,https://www.npmjs.com/package/@types/webmidi
init-skeleton,19083,https://www.npmjs.com/package/init-skeleton
good-guy-http,19067,https://www.npmjs.com/package/good-guy-http
eslint-config-beemo,19061,https://www.npmjs.com/package/eslint-config-beemo
local-crontab,19055,https://www.npmjs.com/package/local-crontab
@overnightjs/core,19014,https://www.npmjs.com/package/@overnightjs/core
@types/react-split-pane,19012,https://www.npmjs.com/package/@types/react-split-pane
jest-preset-beemo,18974,https://www.npmjs.com/package/jest-preset-beemo
stimulus-content-loader,18962,https://www.npmjs.com/package/stimulus-content-loader
camunda-saas-oauth,18955,https://www.npmjs.com/package/camunda-saas-oauth
angularfire2,18948,https://www.npmjs.com/package/angularfire2
@chromaui/addon-visual-tests,18940,https://www.npmjs.com/package/@chromaui/addon-visual-tests
@types/just-extend,18926,https://www.npmjs.com/package/@types/just-extend
@types/hexo-util,18917,https://www.npmjs.com/package/@types/hexo-util
@shopify/performance,18887,https://www.npmjs.com/package/@shopify/performance
nuxt-vitest,18885,https://www.npmjs.com/package/nuxt-vitest
@prismicio/slice-simulator-react,18878,https://www.npmjs.com/package/@prismicio/slice-simulator-react
@nexes/nql-lang,18861,https://www.npmjs.com/package/@nexes/nql-lang
set-immediate,18855,https://www.npmjs.com/package/set-immediate
@signal-noise/stylelint-scales,18838,https://www.npmjs.com/package/@signal-noise/stylelint-scales
vscode-dts,18811,https://www.npmjs.com/package/vscode-dts
@types/react-native-maps,18727,https://www.npmjs.com/package/@types/react-native-maps
mapbox-gl-controls,18707,https://www.npmjs.com/package/mapbox-gl-controls
link-parent-bin,18700,https://www.npmjs.com/package/link-parent-bin
@types/base64url,18687,https://www.npmjs.com/package/@types/base64url
@types/postmark,18654,https://www.npmjs.com/package/@types/postmark
@poool/eslint-plugin,18643,https://www.npmjs.com/package/@poool/eslint-plugin
measured,18633,https://www.npmjs.com/package/measured
ipfs-block-service,18569,https://www.npmjs.com/package/ipfs-block-service
@types/clean-webpack-plugin,18568,https://www.npmjs.com/package/@types/clean-webpack-plugin
feathers-query-filters,18562,https://www.npmjs.com/package/feathers-query-filters
@types/superstruct,18486,https://www.npmjs.com/package/@types/superstruct
conventional-changelog-lint,18483,https://www.npmjs.com/package/conventional-changelog-lint
ipld,18417,https://www.npmjs.com/package/ipld
bootstrap-filestyle,18385,https://www.npmjs.com/package/bootstrap-filestyle
mermaid.cli,18381,https://www.npmjs.com/package/mermaid.cli
libp2p-noise,18381,https://www.npmjs.com/package/libp2p-noise
@shopify/javascript-utilities,18380,https://www.npmjs.com/package/@shopify/javascript-utilities
vscode-codicons,18359,https://www.npmjs.com/package/vscode-codicons
brunch-skeletons,18343,https://www.npmjs.com/package/brunch-skeletons
conventional-changelog-lint-config-angular,18330,https://www.npmjs.com/package/conventional-changelog-lint-config-angular
platform-deploy-client,18330,https://www.npmjs.com/package/platform-deploy-client
fontawesome-iconpicker,18304,https://www.npmjs.com/package/fontawesome-iconpicker
express-swagger-generator,18302,https://www.npmjs.com/package/express-swagger-generator
@nearform/doctor,18296,https://www.npmjs.com/package/@nearform/doctor
@types/rc-time-picker,18257,https://www.npmjs.com/package/@types/rc-time-picker
@ably-labs/react-hooks,18247,https://www.npmjs.com/package/@ably-labs/react-hooks
@aws-sdk/client-honeycode,18230,https://www.npmjs.com/package/@aws-sdk/client-honeycode
@types/react-joyride,18226,https://www.npmjs.com/package/@types/react-joyride
lightpick,18193,https://www.npmjs.com/package/lightpick
@aws-sdk/client-mobile,18108,https://www.npmjs.com/package/@aws-sdk/client-mobile
@postlight/mercury-parser,18106,https://www.npmjs.com/package/@postlight/mercury-parser
shp-write,18060,https://www.npmjs.com/package/shp-write
camunda-8-credentials-from-env,18056,https://www.npmjs.com/package/camunda-8-credentials-from-env
@types/react-circular-progressbar,18018,https://www.npmjs.com/package/@types/react-circular-progressbar
@types/bingmaps,17989,https://www.npmjs.com/package/@types/bingmaps
async-iterator-to-array,17986,https://www.npmjs.com/package/async-iterator-to-array
react-handsontable,17977,https://www.npmjs.com/package/react-handsontable
@types/wordpress__media-utils,17972,https://www.npmjs.com/package/@types/wordpress__media-utils
@adobe/react-native-acpanalytics,17960,https://www.npmjs.com/package/@adobe/react-native-acpanalytics
@turf/point-on-surface,17942,https://www.npmjs.com/package/@turf/point-on-surface
@types/aphrodite,17918,https://www.npmjs.com/package/@types/aphrodite
@open-wc/prettier-config,17917,https://www.npmjs.com/package/@open-wc/prettier-config
graphql-server-core,17915,https://www.npmjs.com/package/graphql-server-core
@types/chardet,17908,https://www.npmjs.com/package/@types/chardet
mocha-testdata,17903,https://www.npmjs.com/package/mocha-testdata
@conqa/serverless-openapi-documentation,17849,https://www.npmjs.com/package/@conqa/serverless-openapi-documentation
@types/react-rnd,17827,https://www.npmjs.com/package/@types/react-rnd
@aws-sdk/client-codestar,17820,https://www.npmjs.com/package/@aws-sdk/client-codestar
@types/stylelint-webpack-plugin,17795,https://www.npmjs.com/package/@types/stylelint-webpack-plugin
@types/nookies,17739,https://www.npmjs.com/package/@types/nookies
@zeit/git-hooks,17711,https://www.npmjs.com/package/@zeit/git-hooks
react-multi-split-pane,17692,https://www.npmjs.com/package/react-multi-split-pane
array.prototype.group,17691,https://www.npmjs.com/package/array.prototype.group
boostrap,17685,https://www.npmjs.com/package/boostrap
particles.vue,17684,https://www.npmjs.com/package/particles.vue
@sweetalert2/theme-dark,17681,https://www.npmjs.com/package/@sweetalert2/theme-dark
photo-sphere-viewer,17646,https://www.npmjs.com/package/photo-sphere-viewer
@types/p-throttle,17639,https://www.npmjs.com/package/@types/p-throttle
@nearform/flame,17636,https://www.npmjs.com/package/@nearform/flame
noble-ed25519,17634,https://www.npmjs.com/package/noble-ed25519
@webex/plugin-phone,17629,https://www.npmjs.com/package/@webex/plugin-phone
@pvtnbr/eslint-config-base,17591,https://www.npmjs.com/package/@pvtnbr/eslint-config-base
@opentelemetry/plugin-dns,17584,https://www.npmjs.com/package/@opentelemetry/plugin-dns
jade-runtime,17583,https://www.npmjs.com/package/jade-runtime
@magicbell/core,17582,https://www.npmjs.com/package/@magicbell/core
@material/mwc-textarea,17579,https://www.npmjs.com/package/@material/mwc-textarea
edge-csrf,17575,https://www.npmjs.com/package/edge-csrf
oas-tools,17567,https://www.npmjs.com/package/oas-tools
@types/react-jss,17564,https://www.npmjs.com/package/@types/react-jss
@webex/media-engine-webrtc,17552,https://www.npmjs.com/package/@webex/media-engine-webrtc
@aws-sdk/client-iot-roborunner,17551,https://www.npmjs.com/package/@aws-sdk/client-iot-roborunner
dom-delegate,17516,https://www.npmjs.com/package/dom-delegate
ovh-api-services,17499,https://www.npmjs.com/package/ovh-api-services
hapi-auth-basic,17470,https://www.npmjs.com/package/hapi-auth-basic
@prismicio/slice-simulator-vue,17462,https://www.npmjs.com/package/@prismicio/slice-simulator-vue
@types/webpack-virtual-modules,17389,https://www.npmjs.com/package/@types/webpack-virtual-modules
@types/pretty-bytes,17381,https://www.npmjs.com/package/@types/pretty-bytes
@syncfusion/ej2-angular-barcode-generator,17369,https://www.npmjs.com/package/@syncfusion/ej2-angular-barcode-generator
@hookdeck/sdk,17368,https://www.npmjs.com/package/@hookdeck/sdk
babel-preset-beemo,17365,https://www.npmjs.com/package/babel-preset-beemo
xterm-addon-serialize,17350,https://www.npmjs.com/package/xterm-addon-serialize
opentelemetry-instrumentation-undici,17337,https://www.npmjs.com/package/opentelemetry-instrumentation-undici
@aws-sdk/client-backupstorage,17332,https://www.npmjs.com/package/@aws-sdk/client-backupstorage
prettier-config-beemo,17326,https://www.npmjs.com/package/prettier-config-beemo
tsconfig-beemo,17321,https://www.npmjs.com/package/tsconfig-beemo
@octokit/auth,17313,https://www.npmjs.com/package/@octokit/auth
@types/striptags,17307,https://www.npmjs.com/package/@types/striptags
@polymathnetwork/polymesh-sdk,17305,https://www.npmjs.com/package/@polymathnetwork/polymesh-sdk
@types/csrf,17282,https://www.npmjs.com/package/@types/csrf
@manahippo/aptos-wallet-adapter,17270,https://www.npmjs.com/package/@manahippo/aptos-wallet-adapter
grunt-ngmin,17267,https://www.npmjs.com/package/grunt-ngmin
imagemin-webpack,17179,https://www.npmjs.com/package/imagemin-webpack
vue3-grid-layout,17162,https://www.npmjs.com/package/vue3-grid-layout
gulp-karma,17161,https://www.npmjs.com/package/gulp-karma
@types/just-pick,17141,https://www.npmjs.com/package/@types/just-pick
@aws-sdk/client-gamesparks,17140,https://www.npmjs.com/package/@aws-sdk/client-gamesparks
pace-progress,17095,https://www.npmjs.com/package/pace-progress
node-xmpp-server,17079,https://www.npmjs.com/package/node-xmpp-server
lucide-vue,17077,https://www.npmjs.com/package/lucide-vue
@types/generate-password,17029,https://www.npmjs.com/package/@types/generate-password
@types/pollyjs__persister-fs,16985,https://www.npmjs.com/package/@types/pollyjs__persister-fs
@types/jsonata,16975,https://www.npmjs.com/package/@types/jsonata
@turf/point-on-line,16960,https://www.npmjs.com/package/@turf/point-on-line
react-linkedin-insight,16948,https://www.npmjs.com/package/react-linkedin-insight
circom,16940,https://www.npmjs.com/package/circom
tailwindcss-gradients,16933,https://www.npmjs.com/package/tailwindcss-gradients
@google-cloud/functions-emulator,16930,https://www.npmjs.com/package/@google-cloud/functions-emulator
ophan-tracker-js,16910,https://www.npmjs.com/package/ophan-tracker-js
@prisma/cli,16905,https://www.npmjs.com/package/@prisma/cli
ngx-take-until-destroy,16894,https://www.npmjs.com/package/ngx-take-until-destroy
vatrates,16893,https://www.npmjs.com/package/vatrates
@nearform/bubbleprof,16887,https://www.npmjs.com/package/@nearform/bubbleprof
cachified,16866,https://www.npmjs.com/package/cachified
@measured/dnd,16862,https://www.npmjs.com/package/@measured/dnd
@types/markdown-it-highlightjs,16855,https://www.npmjs.com/package/@types/markdown-it-highlightjs
langchainplus-sdk,16853,https://www.npmjs.com/package/langchainplus-sdk
multihashing,16853,https://www.npmjs.com/package/multihashing
@turf/nearest,16852,https://www.npmjs.com/package/@turf/nearest
agent-twitter-client,16792,https://www.npmjs.com/package/agent-twitter-client
@types/parse-numeric-range,16776,https://www.npmjs.com/package/@types/parse-numeric-range
dynamodb-marshaler,16771,https://www.npmjs.com/package/dynamodb-marshaler
ldclient-js-common,16765,https://www.npmjs.com/package/ldclient-js-common
@types/plugin-error,16749,https://www.npmjs.com/package/@types/plugin-error
@heroku-cli/plugin-run,16739,https://www.npmjs.com/package/@heroku-cli/plugin-run
@types/react-ga,16737,https://www.npmjs.com/package/@types/react-ga
eslint-plugin-xo,16729,https://www.npmjs.com/package/eslint-plugin-xo
@types/sendgrid,16706,https://www.npmjs.com/package/@types/sendgrid
@orca-so/whirlpool-client-sdk,16664,https://www.npmjs.com/package/@orca-so/whirlpool-client-sdk
@types/snakecase-keys,16588,https://www.npmjs.com/package/@types/snakecase-keys
vue-google-login,16574,https://www.npmjs.com/package/vue-google-login
static-favicon,16564,https://www.npmjs.com/package/static-favicon
fiori-fundamentals,16560,https://www.npmjs.com/package/fiori-fundamentals
react-shallow-testutils,16536,https://www.npmjs.com/package/react-shallow-testutils
@types/express-slow-down,16531,https://www.npmjs.com/package/@types/express-slow-down
serve-brunch,16529,https://www.npmjs.com/package/serve-brunch
@azure-tools/autorest-extension-base,16480,https://www.npmjs.com/package/@azure-tools/autorest-extension-base
@paraswap/sdk,16452,https://www.npmjs.com/package/@paraswap/sdk
@web3modal/ethers,16448,https://www.npmjs.com/package/@web3modal/ethers
wappalyzer-core,16421,https://www.npmjs.com/package/wappalyzer-core
bel,16417,https://www.npmjs.com/package/bel
@ngx-progressbar/core,16336,https://www.npmjs.com/package/@ngx-progressbar/core
ember-cli-jshint,16327,https://www.npmjs.com/package/ember-cli-jshint
@types/ansi-escapes,16325,https://www.npmjs.com/package/@types/ansi-escapes
@fortawesome/fontawesome-free-webfonts,16318,https://www.npmjs.com/package/@fortawesome/fontawesome-free-webfonts
apollo-server-cloud-functions,16280,https://www.npmjs.com/package/apollo-server-cloud-functions
@types/gapi.client.gmail,16273,https://www.npmjs.com/package/@types/gapi.client.gmail
@types/datatables.net-select,16258,https://www.npmjs.com/package/@types/datatables.net-select
@shopify/theme-product,16254,https://www.npmjs.com/package/@shopify/theme-product
@types/ckeditor__ckeditor5-list,16253,https://www.npmjs.com/package/@types/ckeditor__ckeditor5-list
@kingshott/iodine,16251,https://www.npmjs.com/package/@kingshott/iodine
protractor-multiple-cucumber-html-reporter-plugin,16227,https://www.npmjs.com/package/protractor-multiple-cucumber-html-reporter-plugin
tsparticles-plugin-motion,16216,https://www.npmjs.com/package/tsparticles-plugin-motion
ethers-contracts,16196,https://www.npmjs.com/package/ethers-contracts
go-ipfs,16179,https://www.npmjs.com/package/go-ipfs
@types/ckeditor__ckeditor5-basic-styles,16165,https://www.npmjs.com/package/@types/ckeditor__ckeditor5-basic-styles
datapack-json,16164,https://www.npmjs.com/package/datapack-json
@types/react-native-fs,16153,https://www.npmjs.com/package/@types/react-native-fs
@gnosis.pm/safe-react-components,16130,https://www.npmjs.com/package/@gnosis.pm/safe-react-components
@syncfusion/ej2-vue-splitbuttons,16124,https://www.npmjs.com/package/@syncfusion/ej2-vue-splitbuttons
truffle-interface-adapter,16093,https://www.npmjs.com/package/truffle-interface-adapter
stimulus-clipboard,16073,https://www.npmjs.com/package/stimulus-clipboard
lord-icon-element,16069,https://www.npmjs.com/package/lord-icon-element
@leafygreen-ui/theme,16052,https://www.npmjs.com/package/@leafygreen-ui/theme
escape-json-node,16017,https://www.npmjs.com/package/escape-json-node
@types/stream-to-string,15997,https://www.npmjs.com/package/@types/stream-to-string
promiscuous,15981,https://www.npmjs.com/package/promiscuous
highcharts-exporting,15952,https://www.npmjs.com/package/highcharts-exporting
humio,15928,https://www.npmjs.com/package/humio
xterm-addon-unicode11,15892,https://www.npmjs.com/package/xterm-addon-unicode11
@types/react-div-100vh,15818,https://www.npmjs.com/package/@types/react-div-100vh
@apidevtools/swagger-express-middleware,15788,https://www.npmjs.com/package/@apidevtools/swagger-express-middleware
@shopify/theme-product-form,15779,https://www.npmjs.com/package/@shopify/theme-product-form
@cloudant/cloudant,15756,https://www.npmjs.com/package/@cloudant/cloudant
@shopify/react-performance,15756,https://www.npmjs.com/package/@shopify/react-performance
@types/interface-datastore,15748,https://www.npmjs.com/package/@types/interface-datastore
stringformat,15728,https://www.npmjs.com/package/stringformat
passport.socketio,15728,https://www.npmjs.com/package/passport.socketio
jayschema,15699,https://www.npmjs.com/package/jayschema
@jsreport/reap,15694,https://www.npmjs.com/package/@jsreport/reap
babel-plugin-transform-unicode-property-regex,15668,https://www.npmjs.com/package/babel-plugin-transform-unicode-property-regex
@types/hapi__iron,15652,https://www.npmjs.com/package/@types/hapi__iron
@metamask/types,15639,https://www.npmjs.com/package/@metamask/types
@types/geolib,15636,https://www.npmjs.com/package/@types/geolib
@types/screenfull,15631,https://www.npmjs.com/package/@types/screenfull
@types/paper,15617,https://www.npmjs.com/package/@types/paper
spfx-uifabric-themes,15595,https://www.npmjs.com/package/spfx-uifabric-themes
lingo,15592,https://www.npmjs.com/package/lingo
@types/express-promise-router,15577,https://www.npmjs.com/package/@types/express-promise-router
draft-js-drag-n-drop-plugin,15568,https://www.npmjs.com/package/draft-js-drag-n-drop-plugin
is-hex,15516,https://www.npmjs.com/package/is-hex
augment,15472,https://www.npmjs.com/package/augment
@types/chosen,15466,https://www.npmjs.com/package/@types/chosen
@urql/exchange-persisted-fetch,15459,https://www.npmjs.com/package/@urql/exchange-persisted-fetch
@aws-cdk/aws-wafv2,15449,https://www.npmjs.com/package/@aws-cdk/aws-wafv2
ember-cli-mocha,15447,https://www.npmjs.com/package/ember-cli-mocha
canonicaljson,15440,https://www.npmjs.com/package/canonicaljson
@types/react-inlinesvg,15440,https://www.npmjs.com/package/@types/react-inlinesvg
vanilla-modal,15437,https://www.npmjs.com/package/vanilla-modal
@hutson/npm-deploy-git-tag,15434,https://www.npmjs.com/package/@hutson/npm-deploy-git-tag
fastify-caching,15433,https://www.npmjs.com/package/fastify-caching
@turf/polygon-to-linestring,15427,https://www.npmjs.com/package/@turf/polygon-to-linestring
@dicebear/avatars,15407,https://www.npmjs.com/package/@dicebear/avatars
ts-nats,15391,https://www.npmjs.com/package/ts-nats
to-js-identifier,15376,https://www.npmjs.com/package/to-js-identifier
@types/eventemitter2,15374,https://www.npmjs.com/package/@types/eventemitter2
@types/pg-connection-string,15368,https://www.npmjs.com/package/@types/pg-connection-string
@opentelemetry/plugin-ioredis,15357,https://www.npmjs.com/package/@opentelemetry/plugin-ioredis
@truffle/compile-solidity,15356,https://www.npmjs.com/package/@truffle/compile-solidity
@nexes/nql,15348,https://www.npmjs.com/package/@nexes/nql
ts-xlsx,15332,https://www.npmjs.com/package/ts-xlsx
@nexes/mongo-knex,15296,https://www.npmjs.com/package/@nexes/mongo-knex
hbsfy,15285,https://www.npmjs.com/package/hbsfy
@webqit/subscript,15275,https://www.npmjs.com/package/@webqit/subscript
@aws-cdk/aws-docdb,15256,https://www.npmjs.com/package/@aws-cdk/aws-docdb
@types/storybook__addon-storyshots,15252,https://www.npmjs.com/package/@types/storybook__addon-storyshots
@nexes/mongo-utils,15223,https://www.npmjs.com/package/@nexes/mongo-utils
remark-prettier,15214,https://www.npmjs.com/package/remark-prettier
@turf/bezier,15212,https://www.npmjs.com/package/@turf/bezier
@types/is-my-json-valid,15209,https://www.npmjs.com/package/@types/is-my-json-valid
@types/node-vault,15188,https://www.npmjs.com/package/@types/node-vault
@syncfusion/ej2-react-lists,15186,https://www.npmjs.com/package/@syncfusion/ej2-react-lists
@types/react-native-material-menu,15152,https://www.npmjs.com/package/@types/react-native-material-menu
@types/git-up,15134,https://www.npmjs.com/package/@types/git-up
feathers-socketio,15127,https://www.npmjs.com/package/feathers-socketio
@shopify/themekit,15106,https://www.npmjs.com/package/@shopify/themekit
find-file,15099,https://www.npmjs.com/package/find-file
@eslint-types/deprecation,15036,https://www.npmjs.com/package/@eslint-types/deprecation
vue-i18n-extensions,15017,https://www.npmjs.com/package/vue-i18n-extensions
user-agent-parser,15009,https://www.npmjs.com/package/user-agent-parser
@types/electron-store,14993,https://www.npmjs.com/package/@types/electron-store
@balkangraph/orgchart.js,14987,https://www.npmjs.com/package/@balkangraph/orgchart.js
@types/fkill,14971,https://www.npmjs.com/package/@types/fkill
formdata-to-string,14956,https://www.npmjs.com/package/formdata-to-string
@recordreplay/sourcemap-upload,14955,https://www.npmjs.com/package/@recordreplay/sourcemap-upload
@types/urlencode,14943,https://www.npmjs.com/package/@types/urlencode
wavesurfer,14938,https://www.npmjs.com/package/wavesurfer
@types/ckeditor__ckeditor5-block-quote,14927,https://www.npmjs.com/package/@types/ckeditor__ckeditor5-block-quote
@element-plus/icons,14907,https://www.npmjs.com/package/@element-plus/icons
@types/wordpress__data-controls,14869,https://www.npmjs.com/package/@types/wordpress__data-controls
highlight,14862,https://www.npmjs.com/package/highlight
@jscad/csg,14858,https://www.npmjs.com/package/@jscad/csg
gitbook,14855,https://www.npmjs.com/package/gitbook
node-opus,14843,https://www.npmjs.com/package/node-opus
@shopify/react-shortcuts,14831,https://www.npmjs.com/package/@shopify/react-shortcuts
stimulus-dropdown,14822,https://www.npmjs.com/package/stimulus-dropdown
@types/react-notifications-component,14794,https://www.npmjs.com/package/@types/react-notifications-component
prerender-spa-plugin,14787,https://www.npmjs.com/package/prerender-spa-plugin
strapi-provider-upload-aws-s3,14780,https://www.npmjs.com/package/strapi-provider-upload-aws-s3
interact.js,14780,https://www.npmjs.com/package/interact.js
@types/complex.js,14768,https://www.npmjs.com/package/@types/complex.js
@magic-ext/connect,14763,https://www.npmjs.com/package/@magic-ext/connect
route-pattern,14762,https://www.npmjs.com/package/route-pattern
@asymmetrik/ngx-leaflet-draw,14735,https://www.npmjs.com/package/@asymmetrik/ngx-leaflet-draw
eslint-plugin-import-order,14732,https://www.npmjs.com/package/eslint-plugin-import-order
@azure-tools/codemodel,14674,https://www.npmjs.com/package/@azure-tools/codemodel
oe-cqm-service,14672,https://www.npmjs.com/package/oe-cqm-service
range,14667,https://www.npmjs.com/package/range
angular-qrcode,14662,https://www.npmjs.com/package/angular-qrcode
@agoric/make-hardener,14649,https://www.npmjs.com/package/@agoric/make-hardener
google-translate,14648,https://www.npmjs.com/package/google-translate
get-proxy-settings,14630,https://www.npmjs.com/package/get-proxy-settings
@types/react-native-loading-spinner-overlay,14624,https://www.npmjs.com/package/@types/react-native-loading-spinner-overlay
@syncfusion/ej2-cldr-data,14619,https://www.npmjs.com/package/@syncfusion/ej2-cldr-data
system-sleep,14614,https://www.npmjs.com/package/system-sleep
ucans,14611,https://www.npmjs.com/package/ucans
@types/metascraper,14604,https://www.npmjs.com/package/@types/metascraper
@teamleader/ui-illustrations,14593,https://www.npmjs.com/package/@teamleader/ui-illustrations
geojsonhint,14586,https://www.npmjs.com/package/geojsonhint
@teamleader/ui-utilities,14584,https://www.npmjs.com/package/@teamleader/ui-utilities
minify-json,14582,https://www.npmjs.com/package/minify-json
@teamleader/ui-colors,14575,https://www.npmjs.com/package/@teamleader/ui-colors
@teamleader/ui-typography,14571,https://www.npmjs.com/package/@teamleader/ui-typography
@esss-swap/duo-validation,14562,https://www.npmjs.com/package/@esss-swap/duo-validation
@types/axe-core,14560,https://www.npmjs.com/package/@types/axe-core
@types/webpackbar,14559,https://www.npmjs.com/package/@types/webpackbar
fastify-postgres,14558,https://www.npmjs.com/package/fastify-postgres
@solana/rpc-subscriptions-transport-websocket,14532,https://www.npmjs.com/package/@solana/rpc-subscriptions-transport-websocket
node-markdown,14519,https://www.npmjs.com/package/node-markdown
@truffle/resolver,14506,https://www.npmjs.com/package/@truffle/resolver
@types/filenamify,14506,https://www.npmjs.com/package/@types/filenamify
sexagesimal,14488,https://www.npmjs.com/package/sexagesimal
@safe-global/safe-ethers-adapters,14479,https://www.npmjs.com/package/@safe-global/safe-ethers-adapters
@types/fast-json-patch,14478,https://www.npmjs.com/package/@types/fast-json-patch
wappalyzer,14470,https://www.npmjs.com/package/wappalyzer
cem-plugin-expanded-types,14461,https://www.npmjs.com/package/cem-plugin-expanded-types
@syncfusion/ej2-angular-inplace-editor,14438,https://www.npmjs.com/package/@syncfusion/ej2-angular-inplace-editor
@teamleader/ui-icons,14426,https://www.npmjs.com/package/@teamleader/ui-icons
@primer/components,14405,https://www.npmjs.com/package/@primer/components
@types/ckeditor__ckeditor5-autoformat,14378,https://www.npmjs.com/package/@types/ckeditor__ckeditor5-autoformat
@teamleader/ui-animations,14356,https://www.npmjs.com/package/@teamleader/ui-animations
aws-amplify-angular,14337,https://www.npmjs.com/package/aws-amplify-angular
@esss-swap/duo-message-broker,14324,https://www.npmjs.com/package/@esss-swap/duo-message-broker
browser-info,14323,https://www.npmjs.com/package/browser-info
@dxatscale/sfdx-process-wrapper,14315,https://www.npmjs.com/package/@dxatscale/sfdx-process-wrapper
@dxatscale/apexlink,14313,https://www.npmjs.com/package/@dxatscale/apexlink
coinbase-commerce-node,14300,https://www.npmjs.com/package/coinbase-commerce-node
uri-to-multiaddr,14288,https://www.npmjs.com/package/uri-to-multiaddr
openssl,14287,https://www.npmjs.com/package/openssl
nativescript-permissions,14286,https://www.npmjs.com/package/nativescript-permissions
@types/ckeditor__ckeditor5-essentials,14275,https://www.npmjs.com/package/@types/ckeditor__ckeditor5-essentials
tailwindcss-interaction-variants,14268,https://www.npmjs.com/package/tailwindcss-interaction-variants
scijs-window-functions,14266,https://www.npmjs.com/package/scijs-window-functions
@types/just-map-values,14261,https://www.npmjs.com/package/@types/just-map-values
@1password/front-end-style,14258,https://www.npmjs.com/package/@1password/front-end-style
discord-buttons,14255,https://www.npmjs.com/package/discord-buttons
draft-js-anchor-plugin,14241,https://www.npmjs.com/package/draft-js-anchor-plugin
statemachines,14241,https://www.npmjs.com/package/statemachines
@kyleshockey/js-yaml,14216,https://www.npmjs.com/package/@kyleshockey/js-yaml
fluent-langneg,14213,https://www.npmjs.com/package/fluent-langneg
@types/solidity-parser-antlr,14208,https://www.npmjs.com/package/@types/solidity-parser-antlr
ejson-shell-parser,14188,https://www.npmjs.com/package/ejson-shell-parser
@mui/material-next,14175,https://www.npmjs.com/package/@mui/material-next
sty,14149,https://www.npmjs.com/package/sty
@recordreplay/sourcemap-upload-webpack-plugin,14136,https://www.npmjs.com/package/@recordreplay/sourcemap-upload-webpack-plugin
ng-simple-slideshow,14113,https://www.npmjs.com/package/ng-simple-slideshow
@cloudflare/ai,14069,https://www.npmjs.com/package/@cloudflare/ai
fastify-request-context,14051,https://www.npmjs.com/package/fastify-request-context
react-toggle-switch,14026,https://www.npmjs.com/package/react-toggle-switch
@parse/simple-mailgun-adapter,14020,https://www.npmjs.com/package/@parse/simple-mailgun-adapter
@types/react-native-draggable-flatlist,14015,https://www.npmjs.com/package/@types/react-native-draggable-flatlist
@scalar/use-modal,14002,https://www.npmjs.com/package/@scalar/use-modal
@types/ethereumjs-tx,13997,https://www.npmjs.com/package/@types/ethereumjs-tx
@types/ckeditor__ckeditor5-paste-from-office,13984,https://www.npmjs.com/package/@types/ckeditor__ckeditor5-paste-from-office
@types/braintree__sanitize-url,13973,https://www.npmjs.com/package/@types/braintree__sanitize-url
@aws-cdk/assertions,13950,https://www.npmjs.com/package/@aws-cdk/assertions
@fortawesome/fontawesome-free-brands,13943,https://www.npmjs.com/package/@fortawesome/fontawesome-free-brands
@financial-times/n-logger,13943,https://www.npmjs.com/package/@financial-times/n-logger
@yfuks/react-native-action-sheet,13930,https://www.npmjs.com/package/@yfuks/react-native-action-sheet
fastify-url-data,13928,https://www.npmjs.com/package/fastify-url-data
hexo-bunyan,13922,https://www.npmjs.com/package/hexo-bunyan
prettier-edgejs,13917,https://www.npmjs.com/package/prettier-edgejs
@adiwajshing/baileys,13909,https://www.npmjs.com/package/@adiwajshing/baileys
@truffle/provisioner,13883,https://www.npmjs.com/package/@truffle/provisioner
@backstage/plugin-pagerduty,13874,https://www.npmjs.com/package/@backstage/plugin-pagerduty
@github/time-elements,13872,https://www.npmjs.com/package/@github/time-elements
vast-client,13869,https://www.npmjs.com/package/vast-client
sms77-client,13823,https://www.npmjs.com/package/sms77-client
ipfs,13821,https://www.npmjs.com/package/ipfs
@types/react-svg,13807,https://www.npmjs.com/package/@types/react-svg
@esss-swap/duo-localisation,13806,https://www.npmjs.com/package/@esss-swap/duo-localisation
@types/hexo,13798,https://www.npmjs.com/package/@types/hexo
feathers-logger,13756,https://www.npmjs.com/package/feathers-logger
@navikt/nav-dekoratoren-moduler,13734,https://www.npmjs.com/package/@navikt/nav-dekoratoren-moduler
@esss-swap/duo-logger,13717,https://www.npmjs.com/package/@esss-swap/duo-logger
@types/webspeechapi,13677,https://www.npmjs.com/package/@types/webspeechapi
@jup-ag/core,13672,https://www.npmjs.com/package/@jup-ag/core
tailwindcss-transitions,13665,https://www.npmjs.com/package/tailwindcss-transitions
@inrupt/solid-ui-react,13654,https://www.npmjs.com/package/@inrupt/solid-ui-react
@ckeditor/ckeditor-cloud-services-core,13643,https://www.npmjs.com/package/@ckeditor/ckeditor-cloud-services-core
exists-file,13621,https://www.npmjs.com/package/exists-file
@types/datatables.net-scroller,13608,https://www.npmjs.com/package/@types/datatables.net-scroller
msbuild,13603,https://www.npmjs.com/package/msbuild
@types/aggregate-error,13599,https://www.npmjs.com/package/@types/aggregate-error
codepage-encoder,13596,https://www.npmjs.com/package/codepage-encoder
mapbox-gl-supported,13589,https://www.npmjs.com/package/mapbox-gl-supported
aud,13589,https://www.npmjs.com/package/aud
@material/mwc-drawer,13585,https://www.npmjs.com/package/@material/mwc-drawer
@types/ckeditor__ckeditor5-editor-classic,13563,https://www.npmjs.com/package/@types/ckeditor__ckeditor5-editor-classic
ipfs-http-response,13557,https://www.npmjs.com/package/ipfs-http-response
@certusone/wormhole-sdk,13535,https://www.npmjs.com/package/@certusone/wormhole-sdk
data.maybe,13520,https://www.npmjs.com/package/data.maybe
@types/package-json-validator,13488,https://www.npmjs.com/package/@types/package-json-validator
@types/random-words,13481,https://www.npmjs.com/package/@types/random-words
@types/fastify-multipart,13473,https://www.npmjs.com/package/@types/fastify-multipart
tether-shepherd,13463,https://www.npmjs.com/package/tether-shepherd
@bradgarropy/eslint-config-typescript,13432,https://www.npmjs.com/package/@bradgarropy/eslint-config-typescript
d3fc-rebind,13403,https://www.npmjs.com/package/d3fc-rebind
@types/wordpress__plugins,13386,https://www.npmjs.com/package/@types/wordpress__plugins
@gitbeaker/browser,13371,https://www.npmjs.com/package/@gitbeaker/browser
gatsby-plugin-graphql-config,13340,https://www.npmjs.com/package/gatsby-plugin-graphql-config
discord.js-commando,13329,https://www.npmjs.com/package/discord.js-commando
@types/array-move,13329,https://www.npmjs.com/package/@types/array-move
@types/ckeditor__ckeditor5-easy-image,13324,https://www.npmjs.com/package/@types/ckeditor__ckeditor5-easy-image
node-mime-types,13319,https://www.npmjs.com/package/node-mime-types
heroicons-react,13297,https://www.npmjs.com/package/heroicons-react
i18next-client,13296,https://www.npmjs.com/package/i18next-client
@insurgentlab/commitlint-config,13283,https://www.npmjs.com/package/@insurgentlab/commitlint-config
rollup-plugin-sucrase,13271,https://www.npmjs.com/package/rollup-plugin-sucrase
@types/markdown-it-anchor,13249,https://www.npmjs.com/package/@types/markdown-it-anchor
Faker,13231,https://www.npmjs.com/package/Faker
@types/correlation-id,13214,https://www.npmjs.com/package/@types/correlation-id
@formatjs/swc-plugin,13205,https://www.npmjs.com/package/@formatjs/swc-plugin
@dudigital/react-native-zoomable-view,13202,https://www.npmjs.com/package/@dudigital/react-native-zoomable-view
@types/wordpress__core-data,13192,https://www.npmjs.com/package/@types/wordpress__core-data
truffle-config,13180,https://www.npmjs.com/package/truffle-config
@syncfusion/ej2-angular-image-editor,13177,https://www.npmjs.com/package/@syncfusion/ej2-angular-image-editor
@types/ag-grid,13158,https://www.npmjs.com/package/@types/ag-grid
@types/ckeditor__ckeditor5-build-classic,13146,https://www.npmjs.com/package/@types/ckeditor__ckeditor5-build-classic
@sanity/hot-loader-react-dom,13129,https://www.npmjs.com/package/@sanity/hot-loader-react-dom
imagemin-keep-folder,13121,https://www.npmjs.com/package/imagemin-keep-folder
gulp-group-css-media-queries,13108,https://www.npmjs.com/package/gulp-group-css-media-queries
@web3modal/ethers5,13106,https://www.npmjs.com/package/@web3modal/ethers5
@supabase/auth-helpers-sveltekit,13102,https://www.npmjs.com/package/@supabase/auth-helpers-sveltekit
@types/pkg-dir,13056,https://www.npmjs.com/package/@types/pkg-dir
ffmpeg-kit-react-native,13034,https://www.npmjs.com/package/ffmpeg-kit-react-native
stylelint-codeguide,13023,https://www.npmjs.com/package/stylelint-codeguide
angular2,13016,https://www.npmjs.com/package/angular2
previous-index-of,13006,https://www.npmjs.com/package/previous-index-of
decentraland-ad,13000,https://www.npmjs.com/package/decentraland-ad
@syncfusion/ej2-angular-filemanager,12982,https://www.npmjs.com/package/@syncfusion/ej2-angular-filemanager
travis-after-all,12982,https://www.npmjs.com/package/travis-after-all
@magicbell/embeddable,12969,https://www.npmjs.com/package/@magicbell/embeddable
canvg-browser,12961,https://www.npmjs.com/package/canvg-browser
feathers-hooks,12948,https://www.npmjs.com/package/feathers-hooks
less-brunch,12945,https://www.npmjs.com/package/less-brunch
fork-awesome,12940,https://www.npmjs.com/package/fork-awesome
@truffle/profiler,12933,https://www.npmjs.com/package/@truffle/profiler
sanitize-caja,12927,https://www.npmjs.com/package/sanitize-caja
grunt-lodash,12908,https://www.npmjs.com/package/grunt-lodash
@types/dexie,12906,https://www.npmjs.com/package/@types/dexie
@stencil/redux,12905,https://www.npmjs.com/package/@stencil/redux
noble-hashes,12904,https://www.npmjs.com/package/noble-hashes
@codingame/monaco-jsonrpc,12888,https://www.npmjs.com/package/@codingame/monaco-jsonrpc
caterpillar-filter,12881,https://www.npmjs.com/package/caterpillar-filter
caterpillar-human,12879,https://www.npmjs.com/package/caterpillar-human
@material/mwc-top-app-bar,12869,https://www.npmjs.com/package/@material/mwc-top-app-bar
truffle-provider,12869,https://www.npmjs.com/package/truffle-provider
prosemirror,12857,https://www.npmjs.com/package/prosemirror
@esri/react-arcgis,12855,https://www.npmjs.com/package/@esri/react-arcgis
@config-plugins/react-native-ble-plx,12846,https://www.npmjs.com/package/@config-plugins/react-native-ble-plx
cardinal-spline-js,12823,https://www.npmjs.com/package/cardinal-spline-js
ava-fast-check,12801,https://www.npmjs.com/package/ava-fast-check
d3plus-common,12799,https://www.npmjs.com/package/d3plus-common
@turf/linestring-to-polygon,12796,https://www.npmjs.com/package/@turf/linestring-to-polygon
@jazzer.js/instrumentor,12772,https://www.npmjs.com/package/@jazzer.js/instrumentor
@types/xdg-basedir,12771,https://www.npmjs.com/package/@types/xdg-basedir
then-read-stream,12752,https://www.npmjs.com/package/then-read-stream
@sanity/scheduled-publishing,12749,https://www.npmjs.com/package/@sanity/scheduled-publishing
@greencoast/logger,12734,https://www.npmjs.com/package/@greencoast/logger
@jazzer.js/fuzzer,12732,https://www.npmjs.com/package/@jazzer.js/fuzzer
@types/fusioncharts,12717,https://www.npmjs.com/package/@types/fusioncharts
@types/jest-each,12715,https://www.npmjs.com/package/@types/jest-each
@usefultools/monads,12712,https://www.npmjs.com/package/@usefultools/monads
@types/connect-mongo,12708,https://www.npmjs.com/package/@types/connect-mongo
es6-tween,12707,https://www.npmjs.com/package/es6-tween
@types/metascraper-title,12706,https://www.npmjs.com/package/@types/metascraper-title
@types/reduce-reducers,12698,https://www.npmjs.com/package/@types/reduce-reducers
@poool/eslint-config-react-native,12649,https://www.npmjs.com/package/@poool/eslint-config-react-native
@jazzer.js/bug-detectors,12644,https://www.npmjs.com/package/@jazzer.js/bug-detectors
d3plus-text,12643,https://www.npmjs.com/package/d3plus-text
rollup-plugin-index-html,12643,https://www.npmjs.com/package/rollup-plugin-index-html
argon2-cli,12612,https://www.npmjs.com/package/argon2-cli
react-barcodes,12580,https://www.npmjs.com/package/react-barcodes
@jazzer.js/core,12577,https://www.npmjs.com/package/@jazzer.js/core
cem-plugin-vs-code-custom-data-generator,12574,https://www.npmjs.com/package/cem-plugin-vs-code-custom-data-generator
@shopify/koa-shopify-webhooks,12549,https://www.npmjs.com/package/@shopify/koa-shopify-webhooks
npm-ci,12542,https://www.npmjs.com/package/npm-ci
tailwindcss-transforms,12537,https://www.npmjs.com/package/tailwindcss-transforms
@picmo/popup-picker,12535,https://www.npmjs.com/package/@picmo/popup-picker
@types/nanoevents,12502,https://www.npmjs.com/package/@types/nanoevents
rdf-graph-array,12480,https://www.npmjs.com/package/rdf-graph-array
@elrondnetwork/bls-wasm,12455,https://www.npmjs.com/package/@elrondnetwork/bls-wasm
@jazzer.js/hooking,12445,https://www.npmjs.com/package/@jazzer.js/hooking
@sei-js/proto,12443,https://www.npmjs.com/package/@sei-js/proto
kopy,12438,https://www.npmjs.com/package/kopy
atlaspack,12407,https://www.npmjs.com/package/atlaspack
@google-cloud/connect-firestore,12393,https://www.npmjs.com/package/@google-cloud/connect-firestore
hash-source,12377,https://www.npmjs.com/package/hash-source
reportportal-client,12376,https://www.npmjs.com/package/reportportal-client
dictionary-en-us,12375,https://www.npmjs.com/package/dictionary-en-us
@types/make-dir,12336,https://www.npmjs.com/package/@types/make-dir
watchman,12333,https://www.npmjs.com/package/watchman
@fengyuanchen/tooltip,12323,https://www.npmjs.com/package/@fengyuanchen/tooltip
eslint-config-greencoast,12311,https://www.npmjs.com/package/eslint-config-greencoast
githubauthquerystring,12304,https://www.npmjs.com/package/githubauthquerystring
@rspack/plugin-html,12302,https://www.npmjs.com/package/@rspack/plugin-html
@types/testing-library__vue,12298,https://www.npmjs.com/package/@types/testing-library__vue
@qlik/sdk,12295,https://www.npmjs.com/package/@qlik/sdk
@sushiswap/sdk,12281,https://www.npmjs.com/package/@sushiswap/sdk
nx-remotecache-minio,12280,https://www.npmjs.com/package/nx-remotecache-minio
remark-vdom,12267,https://www.npmjs.com/package/remark-vdom
cordova-plugin-filepath,12256,https://www.npmjs.com/package/cordova-plugin-filepath
roboto-font,12256,https://www.npmjs.com/package/roboto-font
@trigger.dev/nextjs,12242,https://www.npmjs.com/package/@trigger.dev/nextjs
@brazilian-utils/is-valid-cpf,12229,https://www.npmjs.com/package/@brazilian-utils/is-valid-cpf
react-navigation-hooks,12189,https://www.npmjs.com/package/react-navigation-hooks
@appthreat/cdxgen,12182,https://www.npmjs.com/package/@appthreat/cdxgen
@tsconfig/node16-strictest-esm,12167,https://www.npmjs.com/package/@tsconfig/node16-strictest-esm
@types/next-seo,12147,https://www.npmjs.com/package/@types/next-seo
@ngx-progressbar/http,12142,https://www.npmjs.com/package/@ngx-progressbar/http
protractor-image-comparison,12135,https://www.npmjs.com/package/protractor-image-comparison
@types/leaflet-geosearch,12135,https://www.npmjs.com/package/@types/leaflet-geosearch
@emotion/style,12106,https://www.npmjs.com/package/@emotion/style
@bahmutov/parse-github-repo-url,12106,https://www.npmjs.com/package/@bahmutov/parse-github-repo-url
automerge,12102,https://www.npmjs.com/package/automerge
gulp-vulcanize,12097,https://www.npmjs.com/package/gulp-vulcanize
experimental-allure-playwright,12093,https://www.npmjs.com/package/experimental-allure-playwright
storm-react-diagrams,12082,https://www.npmjs.com/package/storm-react-diagrams
hdb-pool,12071,https://www.npmjs.com/package/hdb-pool
waterline-sequel,12062,https://www.npmjs.com/package/waterline-sequel
gatsby-plugin-netlify-cms,12054,https://www.npmjs.com/package/gatsby-plugin-netlify-cms
milstd,12047,https://www.npmjs.com/package/milstd
engine-check,12043,https://www.npmjs.com/package/engine-check
@aws-cdk/aws-glue,12037,https://www.npmjs.com/package/@aws-cdk/aws-glue
@probot/serverless-lambda,12035,https://www.npmjs.com/package/@probot/serverless-lambda
jpm,12022,https://www.npmjs.com/package/jpm
react-native-hash,11995,https://www.npmjs.com/package/react-native-hash
bane,11963,https://www.npmjs.com/package/bane
@syncfusion/ej2-angular-treemap,11961,https://www.npmjs.com/package/@syncfusion/ej2-angular-treemap
@types/metascraper-image,11959,https://www.npmjs.com/package/@types/metascraper-image
bcrypt-edge,11957,https://www.npmjs.com/package/bcrypt-edge
@types/rc-progress,11956,https://www.npmjs.com/package/@types/rc-progress
jpm-core,11941,https://www.npmjs.com/package/jpm-core
jetpack-validation,11939,https://www.npmjs.com/package/jetpack-validation
@types/wordpress__compose,11933,https://www.npmjs.com/package/@types/wordpress__compose
@stencil/router,11930,https://www.npmjs.com/package/@stencil/router
bulma-timeline,11927,https://www.npmjs.com/package/bulma-timeline
babili,11864,https://www.npmjs.com/package/babili
scalingo-review-app-manager,11861,https://www.npmjs.com/package/scalingo-review-app-manager
@ota-meshi/eslint-plugin-svelte,11857,https://www.npmjs.com/package/@ota-meshi/eslint-plugin-svelte
@types/expo,11857,https://www.npmjs.com/package/@types/expo
@guardian/node-riffraff-artifact,11853,https://www.npmjs.com/package/@guardian/node-riffraff-artifact
@material/mwc-slider,11836,https://www.npmjs.com/package/@material/mwc-slider
@types/elastic-apm-node,11804,https://www.npmjs.com/package/@types/elastic-apm-node
uglify-js-brunch,11799,https://www.npmjs.com/package/uglify-js-brunch
parse-server-simple-mailgun-adapter,11797,https://www.npmjs.com/package/parse-server-simple-mailgun-adapter
@inlet/react-pixi,11780,https://www.npmjs.com/package/@inlet/react-pixi
eyes.selenium,11771,https://www.npmjs.com/package/eyes.selenium
cordova-plugin-appavailability,11763,https://www.npmjs.com/package/cordova-plugin-appavailability
@sniptt/monads,11733,https://www.npmjs.com/package/@sniptt/monads
@vrbo/pino-rotating-file,11728,https://www.npmjs.com/package/@vrbo/pino-rotating-file
js-joda-timezone,11719,https://www.npmjs.com/package/js-joda-timezone
@types/dom-helpers,11717,https://www.npmjs.com/package/@types/dom-helpers
bulma-steps,11700,https://www.npmjs.com/package/bulma-steps
@material/mwc-top-app-bar-fixed,11631,https://www.npmjs.com/package/@material/mwc-top-app-bar-fixed
statsig-js-lite,11630,https://www.npmjs.com/package/statsig-js-lite
@zeit/next-mdx,11624,https://www.npmjs.com/package/@zeit/next-mdx
@types/sugar,11623,https://www.npmjs.com/package/@types/sugar
@types/pulsar-client,11610,https://www.npmjs.com/package/@types/pulsar-client
@types/find-process,11603,https://www.npmjs.com/package/@types/find-process
@cloudflare/pages-plugin-sentry,11570,https://www.npmjs.com/package/@cloudflare/pages-plugin-sentry
@types/prosemirror-menu,11570,https://www.npmjs.com/package/@types/prosemirror-menu
karma-ng-json2js-preprocessor,11570,https://www.npmjs.com/package/karma-ng-json2js-preprocessor
@replayio/replay,11567,https://www.npmjs.com/package/@replayio/replay
system-components,11564,https://www.npmjs.com/package/system-components
clean-css-brunch,11561,https://www.npmjs.com/package/clean-css-brunch
@types/rc-tree,11550,https://www.npmjs.com/package/@types/rc-tree
@perawallet/onramp,11536,https://www.npmjs.com/package/@perawallet/onramp
@esotericsoftware/spine-pixi,11521,https://www.npmjs.com/package/@esotericsoftware/spine-pixi
svgr,11500,https://www.npmjs.com/package/svgr
videojs,11494,https://www.npmjs.com/package/videojs
@syncfusion/ej2-vue-lists,11493,https://www.npmjs.com/package/@syncfusion/ej2-vue-lists
keythereum,11488,https://www.npmjs.com/package/keythereum
@opensystemslab/map,11488,https://www.npmjs.com/package/@opensystemslab/map
@brightlayer-ui/types,11487,https://www.npmjs.com/package/@brightlayer-ui/types
purifycss-webpack,11484,https://www.npmjs.com/package/purifycss-webpack
@types/express-openapi,11467,https://www.npmjs.com/package/@types/express-openapi
handlebars-brunch,11435,https://www.npmjs.com/package/handlebars-brunch
@types/parse5-sax-parser,11434,https://www.npmjs.com/package/@types/parse5-sax-parser
@cliqz/url-parser,11428,https://www.npmjs.com/package/@cliqz/url-parser
tsparticles-plugin-polygon-mask,11425,https://www.npmjs.com/package/tsparticles-plugin-polygon-mask
@bradgarropy/eslint-config-react,11412,https://www.npmjs.com/package/@bradgarropy/eslint-config-react
@lingui/babel-preset-react,11405,https://www.npmjs.com/package/@lingui/babel-preset-react
react-coordinate-input,11399,https://www.npmjs.com/package/react-coordinate-input
@nx-tools/nx-docker,11397,https://www.npmjs.com/package/@nx-tools/nx-docker
@ngui/map,11375,https://www.npmjs.com/package/@ngui/map
opencv.js,11365,https://www.npmjs.com/package/opencv.js
gulp-webpack,11364,https://www.npmjs.com/package/gulp-webpack
@types/gapi.client.classroom,11352,https://www.npmjs.com/package/@types/gapi.client.classroom
@sozialhelden/ietf-language-tags,11335,https://www.npmjs.com/package/@sozialhelden/ietf-language-tags
npm-publish-git-tag,11331,https://www.npmjs.com/package/npm-publish-git-tag
@evalite/core,11324,https://www.npmjs.com/package/@evalite/core
nuxt-time,11317,https://www.npmjs.com/package/nuxt-time
@types/mem,11315,https://www.npmjs.com/package/@types/mem
@aws-cdk/pipelines,11291,https://www.npmjs.com/package/@aws-cdk/pipelines
@xmtp/frames-validator,11284,https://www.npmjs.com/package/@xmtp/frames-validator
@nx-tools/docker-metadata,11247,https://www.npmjs.com/package/@nx-tools/docker-metadata
public,11240,https://www.npmjs.com/package/public
@types/ably,11239,https://www.npmjs.com/package/@types/ably
@openzeppelin/hardhat-defender,11237,https://www.npmjs.com/package/@openzeppelin/hardhat-defender
@types/crypto-random-string,11218,https://www.npmjs.com/package/@types/crypto-random-string
@checkly/cli,11211,https://www.npmjs.com/package/@checkly/cli
@types/webpack-chain,11207,https://www.npmjs.com/package/@types/webpack-chain
@react-native-mapbox-gl/maps,11158,https://www.npmjs.com/package/@react-native-mapbox-gl/maps
@devil7softwares/pos,11140,https://www.npmjs.com/package/@devil7softwares/pos
draft-js-resizeable-plugin,11126,https://www.npmjs.com/package/draft-js-resizeable-plugin
zeppelin-solidity,11121,https://www.npmjs.com/package/zeppelin-solidity
@woocommerce/api,11114,https://www.npmjs.com/package/@woocommerce/api
simple-bufferstream,11102,https://www.npmjs.com/package/simple-bufferstream
@types/ckeditor__ckeditor5-select-all,11072,https://www.npmjs.com/package/@types/ckeditor__ckeditor5-select-all
@backstage/plugin-circleci,11058,https://www.npmjs.com/package/@backstage/plugin-circleci
vite-plugin-pretty-module-classnames,11041,https://www.npmjs.com/package/vite-plugin-pretty-module-classnames
jquery.dotdotdot,11030,https://www.npmjs.com/package/jquery.dotdotdot
@basementuniverse/commonjs,11015,https://www.npmjs.com/package/@basementuniverse/commonjs
post-message-stream,11001,https://www.npmjs.com/package/post-message-stream
jest-babel,10987,https://www.npmjs.com/package/jest-babel
@types/package-json,10979,https://www.npmjs.com/package/@types/package-json
@shopify/react-utilities,10970,https://www.npmjs.com/package/@shopify/react-utilities
@types/promises-a-plus,10968,https://www.npmjs.com/package/@types/promises-a-plus
@liquid-labs/liq-defaults,10940,https://www.npmjs.com/package/@liquid-labs/liq-defaults
broccoli-symbolizer,10938,https://www.npmjs.com/package/broccoli-symbolizer
@graphiql/create-fetcher,10906,https://www.npmjs.com/package/@graphiql/create-fetcher
node-ainzfb-new,10903,https://www.npmjs.com/package/node-ainzfb-new
@syncfusion/ej2-react-progressbar,10902,https://www.npmjs.com/package/@syncfusion/ej2-react-progressbar
@types/figures,10889,https://www.npmjs.com/package/@types/figures
@types/google-cloud__pubsub,10881,https://www.npmjs.com/package/@types/google-cloud__pubsub
@types/storybook__addon-viewport,10879,https://www.npmjs.com/package/@types/storybook__addon-viewport
statsig-react-native,10861,https://www.npmjs.com/package/statsig-react-native
firebase-server,10859,https://www.npmjs.com/package/firebase-server
@elrondnetwork/transaction-decoder,10841,https://www.npmjs.com/package/@elrondnetwork/transaction-decoder
@shopify/theme-predictive-search,10836,https://www.npmjs.com/package/@shopify/theme-predictive-search
i18next-electron-language-detector,10830,https://www.npmjs.com/package/i18next-electron-language-detector
@types/compare-versions,10820,https://www.npmjs.com/package/@types/compare-versions
@pvtnbr/eslint-config-typescript,10808,https://www.npmjs.com/package/@pvtnbr/eslint-config-typescript
@types/react-native-linear-gradient,10796,https://www.npmjs.com/package/@types/react-native-linear-gradient
@types/rollup-plugin-commonjs,10789,https://www.npmjs.com/package/@types/rollup-plugin-commonjs
moment-mini-ts,10783,https://www.npmjs.com/package/moment-mini-ts
component-flatten,10749,https://www.npmjs.com/package/component-flatten
dts-for-context-bridge,10739,https://www.npmjs.com/package/dts-for-context-bridge
highcharts-drilldown,10716,https://www.npmjs.com/package/highcharts-drilldown
@types/better-scroll,10705,https://www.npmjs.com/package/@types/better-scroll
basichtml,10703,https://www.npmjs.com/package/basichtml
@types/minizlib,10700,https://www.npmjs.com/package/@types/minizlib
@shopify/theme-images,10687,https://www.npmjs.com/package/@shopify/theme-images
graphql-server-module-graphiql,10676,https://www.npmjs.com/package/graphql-server-module-graphiql
@temporalio/internal-non-workflow-common,10671,https://www.npmjs.com/package/@temporalio/internal-non-workflow-common
@temporalio/internal-workflow-common,10666,https://www.npmjs.com/package/@temporalio/internal-workflow-common
@ngneat/transloco-persist-lang,10657,https://www.npmjs.com/package/@ngneat/transloco-persist-lang
amiruldev,10656,https://www.npmjs.com/package/amiruldev
@udacity/types-service-worker-mock,10638,https://www.npmjs.com/package/@udacity/types-service-worker-mock
unicode-10.0.0,10636,https://www.npmjs.com/package/unicode-10.0.0
sanity-algolia,10636,https://www.npmjs.com/package/sanity-algolia
@zestia/ember-auto-focus,10631,https://www.npmjs.com/package/@zestia/ember-auto-focus
roadrunner,10630,https://www.npmjs.com/package/roadrunner
preconstruct,10624,https://www.npmjs.com/package/preconstruct
eslint-plugin-shopify,10621,https://www.npmjs.com/package/eslint-plugin-shopify
highcharts-accessibility,10620,https://www.npmjs.com/package/highcharts-accessibility
@types/random-js,10611,https://www.npmjs.com/package/@types/random-js
@types/keycloak-connect,10589,https://www.npmjs.com/package/@types/keycloak-connect
stryker-api,10585,https://www.npmjs.com/package/stryker-api
ng-particles,10547,https://www.npmjs.com/package/ng-particles
cypress-react-unit-test,10541,https://www.npmjs.com/package/cypress-react-unit-test
@types/untildify,10528,https://www.npmjs.com/package/@types/untildify
truffle-plugin-verify,10523,https://www.npmjs.com/package/truffle-plugin-verify
@types/lightship,10515,https://www.npmjs.com/package/@types/lightship
ngx-cacheable,10514,https://www.npmjs.com/package/ngx-cacheable
denormalizr,10510,https://www.npmjs.com/package/denormalizr
ui-router-core,10503,https://www.npmjs.com/package/ui-router-core
@azure/identity-vscode,10495,https://www.npmjs.com/package/@azure/identity-vscode
@types/react-otp-input,10472,https://www.npmjs.com/package/@types/react-otp-input
jest-native,10467,https://www.npmjs.com/package/jest-native
bazels3cache,10454,https://www.npmjs.com/package/bazels3cache
@sap/cds-runtime,10454,https://www.npmjs.com/package/@sap/cds-runtime
@types/sweetalert,10419,https://www.npmjs.com/package/@types/sweetalert
three-orbitcontrols,10416,https://www.npmjs.com/package/three-orbitcontrols
react-p5,10408,https://www.npmjs.com/package/react-p5
@atlas-engine/fullstack_server,10403,https://www.npmjs.com/package/@atlas-engine/fullstack_server
node-redis,10401,https://www.npmjs.com/package/node-redis
babel-preset-docz,10391,https://www.npmjs.com/package/babel-preset-docz
feathers-mongodb,10391,https://www.npmjs.com/package/feathers-mongodb
@hookydev/babel-plugin-styled-components,10385,https://www.npmjs.com/package/@hookydev/babel-plugin-styled-components
bugsnag-react,10384,https://www.npmjs.com/package/bugsnag-react
@types/hapi__catbox-redis,10382,https://www.npmjs.com/package/@types/hapi__catbox-redis
tus-node-server,10380,https://www.npmjs.com/package/tus-node-server
eslint-brunch,10374,https://www.npmjs.com/package/eslint-brunch
react-particles-js,10373,https://www.npmjs.com/package/react-particles-js
@knodes/typedoc-plugin-monorepo-readmes,10361,https://www.npmjs.com/package/@knodes/typedoc-plugin-monorepo-readmes
@nodesecure/vuln,10344,https://www.npmjs.com/package/@nodesecure/vuln
gn-api-sdk-typescript,10341,https://www.npmjs.com/package/gn-api-sdk-typescript
@tcn/tcnapi-grpc-web,10326,https://www.npmjs.com/package/@tcn/tcnapi-grpc-web
rollup-plugin-minification,10320,https://www.npmjs.com/package/rollup-plugin-minification
@types/string-strip-html,10288,https://www.npmjs.com/package/@types/string-strip-html
@opentelemetry/plugin-mysql,10288,https://www.npmjs.com/package/@opentelemetry/plugin-mysql
svelte-materialify,10287,https://www.npmjs.com/package/svelte-materialify
gatsby-admin,10276,https://www.npmjs.com/package/gatsby-admin
@ionic/cli-utils,10273,https://www.npmjs.com/package/@ionic/cli-utils
@types/fb,10273,https://www.npmjs.com/package/@types/fb
node-webcrypto-ossl,10270,https://www.npmjs.com/package/node-webcrypto-ossl
@types/country-code-lookup,10267,https://www.npmjs.com/package/@types/country-code-lookup
expo-google-sign-in,10266,https://www.npmjs.com/package/expo-google-sign-in
fastify-secure-session,10257,https://www.npmjs.com/package/fastify-secure-session
folio,10256,https://www.npmjs.com/package/folio
@khanacademy/wonder-blocks-spacing,10242,https://www.npmjs.com/package/@khanacademy/wonder-blocks-spacing
@rdf-esm/term-set,10231,https://www.npmjs.com/package/@rdf-esm/term-set
@dr.pogodin/css-modules-require-hook,10227,https://www.npmjs.com/package/@dr.pogodin/css-modules-require-hook
solid-testing-library,10227,https://www.npmjs.com/package/solid-testing-library
scroll-js,10219,https://www.npmjs.com/package/scroll-js
@effect/stream,10190,https://www.npmjs.com/package/@effect/stream
@types/react-native-keychain,10189,https://www.npmjs.com/package/@types/react-native-keychain
quadprog-js,10180,https://www.npmjs.com/package/quadprog-js
@pankod/refine-core,10176,https://www.npmjs.com/package/@pankod/refine-core
@shopify/react-router,10173,https://www.npmjs.com/package/@shopify/react-router
@dr.pogodin/postcss-modules-resolve-imports,10172,https://www.npmjs.com/package/@dr.pogodin/postcss-modules-resolve-imports
@directus/shared,10163,https://www.npmjs.com/package/@directus/shared
@aws-cdk/aws-cloudtrail,10159,https://www.npmjs.com/package/@aws-cdk/aws-cloudtrail
@azure/graph,10158,https://www.npmjs.com/package/@azure/graph
signalr-client,10153,https://www.npmjs.com/package/signalr-client
nest-morgan,10145,https://www.npmjs.com/package/nest-morgan
currencyjs,10144,https://www.npmjs.com/package/currencyjs
@woocommerce/settings,10131,https://www.npmjs.com/package/@woocommerce/settings
dedent-tabs,10105,https://www.npmjs.com/package/dedent-tabs
casl,10097,https://www.npmjs.com/package/casl
@tosspayments/sdk,10096,https://www.npmjs.com/package/@tosspayments/sdk
mysql-import,10091,https://www.npmjs.com/package/mysql-import
grunt-check-dependencies,10088,https://www.npmjs.com/package/grunt-check-dependencies
wp-pot,10087,https://www.npmjs.com/package/wp-pot
bulma-calendar,10086,https://www.npmjs.com/package/bulma-calendar
strapi-connector-mongoose,10078,https://www.npmjs.com/package/strapi-connector-mongoose
@types/rsmq,10070,https://www.npmjs.com/package/@types/rsmq
@charlietango/use-client-hydrated,10031,https://www.npmjs.com/package/@charlietango/use-client-hydrated
claude,10020,https://www.npmjs.com/package/claude
