package_name,deprecation_date,github_url,win_-12_issue_created,win_-12_pr_created,win_-11_issue_created,win_-11_pr_created,win_-10_issue_created,win_-10_pr_created,win_-9_issue_created,win_-9_pr_created,win_-8_issue_created,win_-8_pr_created,win_-7_issue_created,win_-7_pr_created,win_-6_issue_created,win_-6_pr_created,win_-5_issue_created,win_-5_pr_created,win_-4_issue_created,win_-4_pr_created,win_-3_issue_created,win_-3_pr_created,win_-2_issue_created,win_-2_pr_created,win_-1_issue_created,win_-1_pr_created,win_1_issue_created,win_1_pr_created,win_2_issue_created,win_2_pr_created,win_3_issue_created,win_3_pr_created,win_4_issue_created,win_4_pr_created,win_5_issue_created,win_5_pr_created,win_6_issue_created,win_6_pr_created,win_7_issue_created,win_7_pr_created,win_8_issue_created,win_8_pr_created,win_9_issue_created,win_9_pr_created,win_10_issue_created,win_10_pr_created,win_11_issue_created,win_11_pr_created,win_12_issue_created,win_12_pr_created,download_win_-12,download_win_-11,download_win_-10,download_win_-9,download_win_-8,download_win_-7,download_win_-6,download_win_-5,download_win_-4,download_win_-3,download_win_-2,download_win_-1,download_win_1,download_win_2,download_win_3,download_win_4,download_win_5,download_win_6,download_win_7,download_win_8,download_win_9,download_win_10,download_win_11,download_win_12,star_win_-12,star_win_-11,star_win_-10,star_win_-9,star_win_-8,star_win_-7,star_win_-6,star_win_-5,star_win_-4,star_win_-3,star_win_-2,star_win_-1,star_win_1,star_win_2,star_win_3,star_win_4,star_win_5,star_win_6,star_win_7,star_win_8,star_win_9,star_win_10,star_win_11,star_win_12,fork_win_-12,fork_win_-11,fork_win_-10,fork_win_-9,fork_win_-8,fork_win_-7,fork_win_-6,fork_win_-5,fork_win_-4,fork_win_-3,fork_win_-2,fork_win_-1,fork_win_1,fork_win_2,fork_win_3,fork_win_4,fork_win_5,fork_win_6,fork_win_7,fork_win_8,fork_win_9,fork_win_10,fork_win_11,fork_win_12,Package Age,Contributors Count,Total Releases,Dependency count
inflight,2024-05-23,https://github.com/npm/inflight,0,0,0,0,0,0,0,0,0,0,0,0,0,0,0,0,0,0,0,0,0,0,0,0,0,0,0,0,0,0,0,0,0,0,0,0,0,0,0,0,0,0,0,0,0,0,0,0,177480263,176150813,173443527,189494791,182105286,191507100,176830300,161602242,186311890,186043124,192764192,194663717,186169622,201739199,193552510,194124334,214111020,213864789,176870669,199260633,201040841,217523669,229851222,237079549,0,0,0,1,1,2,0,0,0,0,0,1,1,0,0,0,0,1,0,0,0,0,0,0,0,0,0,0,0,0,1,1,1,1,0,1,1,0,0,0,0,1,0,0,0,0,0,0,10.05,9,7,3194
mimic-fn,2023-11-05,https://github.com/sindresorhus/mimic-fn,0,0,0,0,0,0,0,0,0,0,0,0,0,0,0,0,0,0,0,0,0,0,0,0,0,0,0,0,0,0,0,0,0,0,0,0,0,0,0,0,0,0,0,0,0,0,0,0,192903908,169520882,189038766,191750151,221462884,192382577,217477576,220712066,220602418,240234711,227381626,247457471,214129495,250155639,252065881,263184515,267374046,268266728,256990326,285428787,274850056,275918563,296856377,286827497,1,1,0,0,0,2,0,0,0,0,2,0,0,1,1,1,2,0,0,0,0,1,0,0,0,0,0,0,0,0,0,0,0,0,0,0,0,0,0,1,0,0,0,0,0,0,0,0,7.04,11,9,2544
path-is-absolute,2023-07-21,https://github.com/sindresorhus/path-is-absolute,0,0,0,0,0,0,0,0,0,0,0,0,0,0,0,0,0,0,0,0,0,0,0,0,0,0,0,0,0,0,0,0,0,0,0,0,0,0,0,0,0,0,0,0,0,0,0,0,144579679,169034147,156175391,155056124,162286992,146443278,158391494,161560253,184998349,162969866,176440317,174841575,187577098,179790544,190097771,175995412,160950472,185598974,185183815,190797371,191724317,193997109,183598606,198919797,1,0,0,0,1,0,0,0,0,0,0,0,1,0,0,0,0,0,0,0,0,0,0,0,1,0,0,1,0,0,0,0,0,0,0,0,0,0,0,0,0,1,0,0,0,0,0,0,8.42,2,3,4415
lower-case,2023-09-30,https://github.com/blakeembrey/change-case,1,0,1,0,1,0,0,0,0,0,1,0,1,0,0,1,1,0,2,0,2,0,0,0,7,1,6,0,5,2,1,3,0,1,1,1,3,1,0,1,1,0,1,0,0,1,2,1,74731564,74592787,78274676,68649426,76298631,77168462,88955649,75734532,84447470,83844349,82703208,88160145,86309216,78075327,70093469,83299971,84721999,87858190,89015260,89015467,83815094,92317493,88180472,88665901,21,20,22,19,17,23,14,7,24,11,11,20,12,21,11,18,16,13,20,29,18,13,29,16,1,1,1,0,1,3,0,0,3,1,0,0,1,2,3,3,2,1,1,1,0,0,2,1,9.59,25,14,516
@babel/plugin-proposal-private-property-in-object,2023-09-02,https://github.com/babel/babel-plugin-proposal-private-property-in-object,0,0,0,0,0,0,0,0,0,0,0,0,0,0,0,0,0,0,2,1,1,0,0,0,0,1,0,0,0,0,0,2,0,0,0,1,0,0,0,0,0,0,0,0,0,0,0,0,66132998,66392449,71065096,63079468,70493088,72185149,84167144,71612528,79112995,84910568,86055151,92312196,92806909,85237277,76150672,91283602,91979049,95831197,96927952,96803267,90191100,98080568,94136630,95126027,0,0,0,0,0,0,0,0,0,1,1,1,1,0,0,0,1,0,2,0,0,0,0,0,0,0,0,0,0,0,0,0,0,1,0,1,1,0,0,2,1,1,0,0,0,0,0,0,3.27,1,26,2102
no-case,2023-09-30,https://github.com/blakeembrey/change-case,1,0,1,0,1,0,0,0,0,0,1,0,1,0,0,1,1,0,2,0,2,0,0,0,7,1,6,0,5,2,1,3,0,1,1,1,3,1,0,1,1,0,1,0,0,1,2,1,72010898,71731909,75159039,65785599,72965199,73732609,84769421,72269038,80394569,79861954,78719756,84208965,82792088,75144282,67323522,80119573,81778153,84896889,86071804,86194173,81395480,89832946,85908154,86564115,21,20,22,19,17,23,14,7,24,11,11,20,12,21,11,18,16,13,20,29,18,13,29,16,1,1,1,0,1,3,0,0,3,1,0,0,1,2,3,3,2,1,1,1,0,0,2,1,7.3,25,12,635
camel-case,2023-09-30,https://github.com/blakeembrey/change-case,1,0,1,0,1,0,0,0,0,0,1,0,1,0,0,1,1,0,2,0,2,0,0,0,7,1,6,0,5,2,1,3,0,1,1,1,3,1,0,1,1,0,1,0,0,1,2,1,70352725,69887577,73030378,63507016,70471926,70941392,81066674,68750171,75446369,74373626,72423180,77273080,75409387,68412881,61353799,72572378,73808259,76045223,76479470,75867614,70919717,77857226,73332736,73879867,21,20,22,19,17,23,14,7,24,11,11,20,12,21,11,18,16,13,20,29,18,13,29,16,1,1,1,0,1,3,0,0,3,1,0,0,1,2,3,3,2,1,1,1,0,0,2,1,9.52,25,21,1409
param-case,2023-09-30,https://github.com/blakeembrey/change-case,1,0,1,0,1,0,0,0,0,0,1,0,1,0,0,1,1,0,2,0,2,0,0,0,7,1,6,0,5,2,1,3,0,1,1,1,3,1,0,1,1,0,1,0,0,1,2,1,64218904,64209173,67702451,59078339,65649320,66293939,76093292,64758725,71260288,70525679,68874159,73575953,71855089,65198814,58400332,69043164,70034580,72069549,72428269,71807560,67121655,73685164,69410249,70090225,21,20,22,19,17,23,14,7,24,11,11,20,12,21,11,18,16,13,20,29,18,13,29,16,1,1,1,0,1,3,0,0,3,1,0,0,1,2,3,3,2,1,1,1,0,0,2,1,9.52,25,17,881
dot-case,2023-09-30,https://github.com/blakeembrey/change-case,1,0,1,0,1,0,0,0,0,0,1,0,1,0,0,1,1,0,2,0,2,0,0,0,7,1,6,0,5,2,1,3,0,1,1,1,3,1,0,1,1,0,1,0,0,1,2,1,50868525,50965307,54346911,47285128,53266794,54057919,62474525,53426804,59280747,59014587,57974983,62588852,62625750,57067908,51561118,61963804,63362326,65976064,66748545,66694051,62793659,69430599,66415334,67264979,21,20,22,19,17,23,14,7,24,11,11,20,12,21,11,18,16,13,20,29,18,13,29,16,1,1,1,0,1,3,0,0,3,1,0,0,1,2,3,3,2,1,1,1,0,0,2,1,9.52,25,17,409
pascal-case,2023-09-30,https://github.com/blakeembrey/change-case,1,0,1,0,1,0,0,0,0,0,1,0,1,0,0,1,1,0,2,0,2,0,0,0,7,1,6,0,5,2,1,3,0,1,1,1,3,1,0,1,1,0,1,0,0,1,2,1,53574546,53457474,56333697,48910490,55020120,55698784,64203018,54934284,60491582,59842587,58604134,62839723,61966630,56293780,50764296,60507492,61659480,63787080,64302350,63902955,60077566,66037165,62549135,63054299,21,20,22,19,17,23,14,7,24,11,11,20,12,21,11,18,16,13,20,29,18,13,29,16,1,1,1,0,1,3,0,0,3,1,0,0,1,2,3,3,2,1,1,1,0,0,2,1,9.52,25,16,1487
snake-case,2023-09-30,https://github.com/blakeembrey/change-case,1,0,1,0,1,0,0,0,0,0,1,0,1,0,0,1,1,0,2,0,2,0,0,0,7,1,6,0,5,2,1,3,0,1,1,1,3,1,0,1,1,0,1,0,0,1,2,1,21659218,21723877,22633962,19986132,22966197,23769837,27314213,23509769,26619475,26569520,26521357,29940150,31393777,28675734,26404050,32413895,34138853,36705306,37295779,37801053,36334893,40556390,39271276,39791157,21,20,22,19,17,23,14,7,24,11,11,20,12,21,11,18,16,13,20,29,18,13,29,16,1,1,1,0,1,3,0,0,3,1,0,0,1,2,3,3,2,1,1,1,0,0,2,1,9.52,25,17,488
pkg-up,2023-11-04,https://github.com/sindresorhus/pkg-up,0,0,0,0,0,0,0,0,0,0,0,0,0,0,0,0,0,0,0,0,0,0,0,0,0,0,0,0,0,0,0,0,0,0,0,0,0,0,0,0,0,0,0,0,0,0,0,0,41817050,36047720,39387654,38750525,44069345,36983046,40217133,39088827,37603586,39337485,36833911,38161733,30662349,36480182,36171105,38270203,36941386,36759597,34033909,37201086,35242383,35013524,37386712,36843789,1,0,1,1,4,2,3,1,0,0,0,0,2,0,0,2,0,1,2,2,2,0,1,0,1,0,0,0,0,0,0,0,0,0,0,0,1,0,1,0,0,0,0,0,0,0,0,0,8.12,5,7,1313
upper-case,2023-09-30,https://github.com/blakeembrey/change-case,1,0,1,0,1,0,0,0,0,0,1,0,1,0,0,1,1,0,2,0,2,0,0,0,7,1,6,0,5,2,1,3,0,1,1,1,3,1,0,1,1,0,1,0,0,1,2,1,37249840,37318992,38270473,33659826,37259669,37949343,43060461,36632656,40190625,39352393,38451431,41592453,40433529,36570302,33056313,38826016,39777050,41639301,41469293,40926905,38256266,42231894,39429219,39733636,21,20,22,19,17,23,14,7,24,11,11,20,12,21,11,18,16,13,20,29,18,13,29,16,1,1,1,0,1,3,0,0,3,1,0,0,1,2,3,3,2,1,1,1,0,0,2,1,9.57,25,13,541
@types/mime,2024-03-31,https://github.com/DefinitelyTyped/DefinitelyTyped,11,317,7,258,10,197,7,225,12,240,11,248,13,307,19,273,7,405,14,232,17,348,10,292,10,187,5,140,5,180,7,177,6,193,4,303,10,214,7,214,3,173,13,240,3,218,0,251,73854941,65126449,84567319,88987122,88802982,97490542,96046622,107003874,102364410,89904697,107729729,109863693,112175278,110593308,105575310,115484973,107479411,107722645,119239724,110612947,95593114,108862596,111413961,119128735,481,387,319,336,325,302,319,285,284,291,287,288,258,228,282,245,255,211,215,289,200,165,269,205,184,143,124,140,137,113,132,128,114,91,135,152,101,94,114,106,96,111,93,116,77,95,94,79,7.87,30,27,1622
upper-case-first,2023-09-30,https://github.com/blakeembrey/change-case,1,0,1,0,1,0,0,0,0,0,1,0,1,0,0,1,1,0,2,0,2,0,0,0,7,1,6,0,5,2,1,3,0,1,1,1,3,1,0,1,1,0,1,0,0,1,2,1,21475599,21682122,22542039,19942352,22908613,23656996,27341280,23603611,26279450,25766520,25552868,28219750,28375938,25933909,23637078,28437951,29553769,31499695,31777667,31376120,29677750,33130880,31393431,31813454,21,20,22,19,17,23,14,7,24,11,11,20,12,21,11,18,16,13,20,29,18,13,29,16,1,1,1,0,1,3,0,0,3,1,0,0,1,2,3,3,2,1,1,1,0,0,2,1,9.43,25,10,176
constant-case,2023-09-30,https://github.com/blakeembrey/change-case,1,0,1,0,1,0,0,0,0,0,1,0,1,0,0,1,1,0,2,0,2,0,0,0,7,1,6,0,5,2,1,3,0,1,1,1,3,1,0,1,1,0,1,0,0,1,2,1,20397163,20571021,21332056,18835501,21689483,22484620,25900579,22295816,24525888,23921644,23561808,26002347,25827429,23386580,21412270,25632454,26760060,28521415,28397086,27927056,26294005,29223294,27490614,27775755,21,20,22,19,17,23,14,7,24,11,11,20,12,21,11,18,16,13,20,29,18,13,29,16,1,1,1,0,1,3,0,0,3,1,0,0,1,2,3,3,2,1,1,1,0,0,2,1,9.52,25,14,149
sentence-case,2023-09-30,https://github.com/blakeembrey/change-case,1,0,1,0,1,0,0,0,0,0,1,0,1,0,0,1,1,0,2,0,2,0,0,0,7,1,6,0,5,2,1,3,0,1,1,1,3,1,0,1,1,0,1,0,0,1,2,1,19926065,20049585,20816041,18398104,21227937,22010440,25428880,21911511,24189857,23632778,23290837,25795892,25669399,23249624,21184973,25416170,26550893,28302444,28193646,27729511,26193356,29148966,27390587,27678518,21,20,22,19,17,23,14,7,24,11,11,20,12,21,11,18,16,13,20,29,18,13,29,16,1,1,1,0,1,3,0,0,3,1,0,0,1,2,3,3,2,1,1,1,0,0,2,1,9.52,25,22,135
path-case,2023-09-30,https://github.com/blakeembrey/change-case,1,0,1,0,1,0,0,0,0,0,1,0,1,0,0,1,1,0,2,0,2,0,0,0,7,1,6,0,5,2,1,3,0,1,1,1,3,1,0,1,1,0,1,0,0,1,2,1,19589776,19755389,20531668,18170454,20961970,21749787,25129968,21657058,23925471,23325822,23031679,25495282,25336103,22965135,20926496,25124983,26250612,27980533,27874980,27419878,25929196,28860128,27120399,27399151,21,20,22,19,17,23,14,7,24,11,11,20,12,21,11,18,16,13,20,29,18,13,29,16,1,1,1,0,1,3,0,0,3,1,0,0,1,2,3,3,2,1,1,1,0,0,2,1,9.52,25,17,53
header-case,2023-09-30,https://github.com/blakeembrey/change-case,1,0,1,0,1,0,0,0,0,0,1,0,1,0,0,1,1,0,2,0,2,0,0,0,7,1,6,0,5,2,1,3,0,1,1,1,3,1,0,1,1,0,1,0,0,1,2,1,18397467,18526526,19226785,16993177,19595800,20394554,23452653,20205400,22328931,21759710,21467771,23716872,23522839,21473490,19607684,23570267,24816141,26505489,26376330,26011340,24737683,27632333,26004338,26257234,21,20,22,19,17,23,14,7,24,11,11,20,12,21,11,18,16,13,20,29,18,13,29,16,1,1,1,0,1,3,0,0,3,1,0,0,1,2,3,3,2,1,1,1,0,0,2,1,7.3,25,8,61
capital-case,2023-09-30,https://github.com/blakeembrey/change-case,1,0,1,0,1,0,0,0,0,0,1,0,1,0,0,1,1,0,2,0,2,0,0,0,7,1,6,0,5,2,1,3,0,1,1,1,3,1,0,1,1,0,1,0,0,1,2,1,14949749,15355222,16054394,14257788,16543966,17145375,19941629,17214009,19310726,19179098,18981040,21156435,21280517,19613137,17859599,21294749,22412810,24140825,24187207,23874820,22711978,25427392,24003805,24546883,21,20,22,19,17,23,14,7,24,11,11,20,12,21,11,18,16,13,20,29,18,13,29,16,1,1,1,0,1,3,0,0,3,1,0,0,1,2,3,3,2,1,1,1,0,0,2,1,3.83,25,6,56
is-upper-case,2023-09-30,https://github.com/blakeembrey/change-case,1,0,1,0,1,0,0,0,0,0,1,0,1,0,0,1,1,0,2,0,2,0,0,0,7,1,6,0,5,2,1,3,0,1,1,1,3,1,0,1,1,0,1,0,0,1,2,1,12514591,12732983,13061341,11617809,13459949,14218738,16381382,14116671,15617354,15151433,14889385,16262549,16584342,15077584,13787141,16996247,17715926,19242515,19394916,19302661,17833914,19539710,19017606,19285057,21,20,22,19,17,23,14,7,24,11,11,20,12,21,11,18,16,13,20,29,18,13,29,16,1,1,1,0,1,3,0,0,3,1,0,0,1,2,3,3,2,1,1,1,0,0,2,1,9.43,25,10,47
is-lower-case,2023-09-30,https://github.com/blakeembrey/change-case,1,0,1,0,1,0,0,0,0,0,1,0,1,0,0,1,1,0,2,0,2,0,0,0,7,1,6,0,5,2,1,3,0,1,1,1,3,1,0,1,1,0,1,0,0,1,2,1,12510401,12731080,13059319,11615210,13457464,14216767,16379925,14115290,15616219,15149981,14887331,16261685,16583275,15076841,13786235,16995252,17715113,19242585,19395230,19302767,17833251,19539399,19020632,19285978,21,20,22,19,17,23,14,7,24,11,11,20,12,21,11,18,16,13,20,29,18,13,29,16,1,1,1,0,1,3,0,0,3,1,0,0,1,2,3,3,2,1,1,1,0,0,2,1,9.43,25,10,41
lower-case-first,2023-09-30,https://github.com/blakeembrey/change-case,1,0,1,0,1,0,0,0,0,0,1,0,1,0,0,1,1,0,2,0,2,0,0,0,7,1,6,0,5,2,1,3,0,1,1,1,3,1,0,1,1,0,1,0,0,1,2,1,12501372,12721389,13051015,11537846,13374445,14142674,16289719,14030217,15489304,14979166,14632103,15952325,16118933,14594409,13334885,16356715,16998660,18423643,18511103,18112589,16749555,18552265,18046278,18212520,21,20,22,19,17,23,14,7,24,11,11,20,12,21,11,18,16,13,20,29,18,13,29,16,1,1,1,0,1,3,0,0,3,1,0,0,1,2,3,3,2,1,1,1,0,0,2,1,8.51,25,7,86
pkg-conf,2023-11-05,https://github.com/sindresorhus/pkg-conf,0,0,0,0,0,0,0,0,0,0,0,0,0,0,0,0,0,0,0,0,0,0,0,0,0,0,0,0,0,0,0,0,0,0,0,0,0,0,0,0,0,0,0,0,0,0,0,0,7941584,7252005,8305487,8266895,9804639,8333350,9358373,9404141,9525511,9945245,9416957,9427037,7847103,9071446,9023262,9281606,9509017,9603256,9182169,10067498,9828091,10239776,11122574,12716132,0,0,0,0,0,0,0,0,0,0,0,0,0,0,0,1,2,0,0,1,1,1,0,0,1,0,0,0,0,0,0,0,0,0,0,0,0,0,0,0,0,0,0,0,0,0,0,0,8.18,6,12,316
trim-right,2022-06-27,https://github.com/sindresorhus/trim-right,0,0,0,0,0,0,0,0,0,0,0,0,0,0,0,0,0,0,0,0,0,0,0,0,0,0,0,0,0,0,0,0,0,0,0,0,0,0,0,0,0,0,0,0,0,0,0,0,18181800,17076798,16863249,16722498,16551129,16305994,18330746,21441924,21596014,24261650,16944050,15324876,14773506,16834592,15153862,14545021,14630844,12634803,13277724,12871571,14703940,12073915,12994915,12659710,1,0,0,0,0,1,0,1,0,0,0,0,0,0,0,0,0,0,0,0,0,0,0,0,0,0,0,0,0,0,0,0,0,0,0,0,0,0,0,1,0,0,0,0,0,0,0,0,7.36,4,3,359
lolex,2022-06-19,https://github.com/sinonjs/lolex,0,0,0,0,0,0,0,0,0,0,0,0,0,0,0,0,0,0,0,0,0,0,0,0,0,0,0,0,0,0,0,0,0,0,0,0,0,0,0,0,0,0,0,0,0,0,0,0,17836162,16805637,16852149,16599282,16859067,16648228,14765039,16496041,17797051,19820526,17356429,18198272,15186100,16724726,15588131,15218766,15483405,12509250,13903605,13562850,14689948,12371262,13694450,13490893,5,3,10,3,10,4,3,6,8,7,6,7,1,5,3,3,2,3,5,4,6,5,10,5,1,2,0,1,2,0,0,3,1,0,2,0,1,0,0,0,1,1,1,1,2,0,1,0,7.6,30,44,3316
bin-version-check,2024-04-03,https://github.com/sindresorhus/bin-version-check,0,0,0,0,0,0,0,0,0,0,0,0,0,0,0,0,0,0,0,0,0,0,0,0,0,0,0,0,0,0,0,0,0,0,0,0,0,0,0,0,0,0,0,0,0,0,0,0,5537052,5933236,5834495,5930662,6722272,6414792,6927645,6360003,5605663,6957308,7071938,7211585,7994129,7462637,8626063,8750049,8925110,9477214,9099366,7694576,8890418,9330461,10522849,10984920,0,0,1,4,0,1,0,0,0,0,0,0,0,0,0,0,0,0,0,0,0,0,0,0,0,0,0,0,0,0,0,0,0,0,0,0,0,0,0,0,0,0,0,0,0,0,0,0,9.8,5,9,74
@babel/polyfill,2022-06-12,https://github.com/babel/babel,31,59,30,50,18,46,33,46,29,52,40,46,26,33,44,51,41,48,33,46,38,45,35,59,30,58,29,33,27,54,34,38,74,67,27,46,20,15,30,53,20,33,18,44,22,35,26,39,10170436,9594335,9626791,10074757,9820639,9715095,8407697,9385982,9595661,11369799,10127710,9738047,8999901,9947982,9780247,9712311,9490099,7891468,8719109,9166574,9739211,8231937,8858371,8457107,202,196,170,193,153,169,175,201,187,185,154,176,166,151,169,151,139,120,118,153,148,136,104,131,43,42,33,44,42,39,42,38,35,40,41,26,45,35,29,33,22,28,28,31,30,33,16,17,4.62,30,48,18990
string-similarity,2023-05-01,https://github.com/aceakash/string-similarity,0,1,1,0,2,0,0,0,0,0,0,0,0,0,0,0,1,0,0,0,0,0,0,0,0,0,0,0,0,0,0,0,0,0,0,0,0,0,0,0,0,0,0,0,0,0,0,0,7998801,8959528,7092221,7723022,7665023,8482224,8931512,7486131,8163852,8840131,9394217,8203431,8583932,8229856,8796162,7990527,8248516,6941846,5972931,7034889,7093212,6960826,6827063,6809173,14,15,13,18,22,19,16,8,11,10,12,10,3,4,8,4,4,7,3,4,2,2,6,1,2,1,1,2,1,0,2,2,0,0,1,2,2,1,3,1,2,3,1,0,1,0,1,0,8.42,9,12,638
multibase,2022-06-20,https://github.com/multiformats/js-multibase,1,2,0,3,0,0,0,0,0,0,0,0,0,0,0,0,0,0,0,0,0,0,0,0,0,0,0,0,0,0,0,0,0,0,0,0,0,0,0,0,0,0,0,0,0,0,0,0,1753054,1802180,1965705,2197889,2435952,2757653,2923454,3107167,3289398,4403857,3828980,4147729,3634737,4137667,3874942,3948228,4030296,3377674,3503894,3836692,4131267,3692811,3785991,3419923,1,1,0,0,0,0,0,0,0,0,0,0,0,0,0,0,0,0,0,0,0,0,0,0,0,0,1,0,0,0,0,0,0,0,0,0,0,0,0,0,0,0,0,0,0,0,0,0,5.8,18,26,199
crypto,2022-06-14,https://github.com/npm/deprecate-holder,0,0,0,0,0,0,0,0,0,0,0,0,0,0,0,0,0,0,0,0,0,0,0,0,0,0,0,0,0,0,0,2,0,0,0,0,0,0,0,0,0,0,0,0,0,0,0,0,1724090,2007433,1949334,2055698,2326804,2524546,2334663,2784829,3002289,3265457,2971723,2939022,2520867,3053654,3127397,2825807,3039393,2712462,2736678,2795959,3118802,2886739,3191158,2976549,0,1,0,0,0,0,1,1,0,2,0,0,0,0,0,1,0,0,0,0,0,0,0,0,0,1,0,0,0,0,0,0,0,0,0,0,0,1,0,1,0,0,0,0,0,0,0,0,11.17,1,4,6246
emitter-component,2023-11-17,https://github.com/sindresorhus/component-emitter,0,0,0,0,0,0,0,0,0,0,0,0,0,0,0,0,0,0,0,0,0,0,0,0,1,0,0,0,0,0,0,0,0,0,0,0,0,0,0,0,1,0,0,0,0,0,0,0,1700031,1409043,1726200,1636362,1816809,1544731,1744059,1735110,1685466,1740091,1648095,1795683,1691877,2172294,2355295,2493183,2643786,2819972,2726671,2943635,2881450,2931981,3125940,3016519,0,13,0,4,11,1,1,0,1,0,0,0,1,2,7,1,4,0,0,1,1,1,0,1,0,0,0,0,0,0,0,1,0,0,0,0,0,0,0,0,1,0,0,0,0,0,0,0,11.54,23,12,183
text-encoding,2022-06-27,https://github.com/inexorabletash/text-encoding,0,0,0,0,0,0,0,0,0,0,0,0,0,0,0,0,0,0,0,0,0,0,0,0,0,0,0,0,0,0,0,0,0,0,0,0,0,0,0,0,0,0,0,0,0,0,0,0,2516622,2381526,2714292,2742032,2618937,2524876,2264576,2413355,2430084,2937819,2742605,3100175,2862854,3297588,3156199,3291692,3436995,2903871,3106053,3182643,3345994,2925660,3099661,3021019,1,4,2,4,2,3,4,4,5,5,4,1,3,0,2,4,4,1,2,6,3,2,3,5,1,1,1,3,1,2,2,4,3,0,0,1,2,1,4,1,0,2,0,5,8,1,0,1,8.24,12,11,1156
coffee-script,2023-08-27,https://github.com/jashkenas/coffeescript,2,0,3,2,4,0,6,2,0,0,1,0,1,0,0,0,2,2,0,0,0,0,0,1,4,1,0,0,1,0,2,0,1,0,0,1,0,1,0,0,0,0,1,0,1,0,1,0,3549974,3576978,3537856,3789009,3201809,3504990,3386772,3826270,3222468,3504415,3529064,3444911,3326930,3291463,2945274,2759783,3185041,3255061,3286913,3199742,3205437,3078958,3408751,3058817,28,25,19,36,23,37,37,21,22,24,19,17,24,17,12,19,14,16,22,26,21,15,20,23,2,2,0,5,1,3,0,2,1,1,2,3,4,1,1,2,2,1,3,1,1,1,1,2,12.67,30,47,17264
cids,2022-06-13,https://github.com/multiformats/js-cid,1,1,1,0,1,1,0,0,0,0,0,0,0,0,0,0,0,0,0,0,0,0,0,0,0,0,0,0,0,0,0,0,0,0,0,0,0,0,0,0,0,0,0,0,0,0,0,0,923867,957395,1039699,1163928,1240448,1385333,1477331,1565187,1656238,2136909,1949344,2087197,1875742,2128091,2002019,2031837,2073999,1754205,1823498,2010927,2173405,1949113,2033718,1840412,4,2,1,1,0,0,1,0,1,0,0,0,0,0,0,0,0,1,0,1,0,0,0,0,2,0,1,0,0,0,0,0,0,0,0,0,0,0,0,0,0,0,0,0,0,0,0,0,5.76,23,44,621
rollup-plugin-commonjs,2022-06-26,https://github.com/rollup/rollup-plugin-commonjs,0,0,0,0,0,0,0,0,0,0,0,0,0,0,0,0,0,0,0,0,0,0,0,0,0,0,0,0,0,0,0,0,0,0,0,0,0,0,0,0,0,0,0,0,0,0,0,0,1655299,1408522,1403333,1406383,1429460,1424382,1236443,1319065,1357249,1498427,1322801,1367959,1262534,1419548,1410131,1474473,1468330,1206193,1300060,1290466,1430658,1180931,1401588,1395334,1,0,3,2,1,2,0,0,1,0,2,1,0,0,2,4,1,0,0,0,0,0,0,0,0,0,0,0,1,0,0,1,0,0,0,0,1,1,0,0,0,0,0,0,0,0,0,0,6.68,30,70,43323
ecstatic,2022-11-08,https://github.com/jfhbrook/node-ecstatic,0,0,0,0,0,0,0,0,0,0,0,1,0,0,0,0,0,0,0,0,1,0,0,0,0,2,0,0,0,0,0,0,1,0,0,0,0,0,0,0,0,0,0,0,1,0,0,0,3648722,3175572,3064678,2827691,3000314,3765547,2278718,2069645,1790159,1943271,1917111,1516339,1369497,1511863,1481183,1546254,1318166,1498282,1499513,1360410,1399256,1252209,1273883,1162037,0,1,2,1,0,2,1,1,1,0,0,0,0,0,0,0,2,1,0,0,0,1,1,0,0,0,0,0,0,0,1,0,0,0,0,0,0,0,0,1,0,1,0,0,0,0,0,0,10.96,30,80,732
@types/keyv,2022-10-18,https://github.com/DefinitelyTyped/DefinitelyTyped,16,516,16,444,17,313,27,461,19,430,20,439,21,384,15,352,23,317,17,377,23,429,20,335,13,330,11,242,6,306,15,299,13,342,7,317,8,225,9,221,10,216,10,232,14,283,15,302,16941082,17595674,16170984,18026650,18937266,22651287,22371042,21531861,21622179,20810637,25114742,24640360,27319215,23583640,26679056,28075885,33357475,28788168,31172942,29985312,29351256,31615116,30527006,31663334,433,416,362,421,369,441,441,513,433,418,420,444,393,370,454,450,450,420,335,347,327,312,346,283,255,237,199,240,224,228,232,206,218,210,193,225,188,167,184,210,191,166,129,146,120,131,129,127,4.57,30,8,150
vis,2022-06-28,https://github.com/almende/vis,0,0,0,0,0,0,0,0,0,0,0,0,0,0,0,0,0,0,0,0,0,0,0,0,0,0,0,0,0,0,0,0,0,0,0,0,0,0,0,0,0,0,0,0,0,0,0,0,153063,138024,132463,131149,131418,135205,111113,116715,123716,145873,217352,125686,138670,151636,146554,140631,125612,107986,121335,121735,148007,129145,135684,148009,9,6,8,3,7,5,9,1,5,5,6,8,4,2,2,2,3,5,0,5,3,2,2,4,2,1,0,0,1,2,2,0,1,2,2,1,1,0,0,0,2,0,0,2,1,1,1,0,9.17,30,78,134
cypress-xpath,2022-10-13,https://github.com/cypress-io/cypress-xpath,1,1,0,1,0,0,0,0,0,1,0,0,0,0,1,0,0,6,1,1,0,2,1,4,0,0,0,0,0,0,0,0,0,0,0,0,0,0,0,0,0,0,0,0,0,0,0,0,662588,602666,544799,560769,609526,740556,689782,780130,853206,826419,1000324,1014325,999775,929718,985469,981089,1127999,970746,1133840,1108678,1129414,1163554,1065088,1125765,4,3,4,2,2,6,0,4,1,2,1,2,1,1,2,0,0,0,0,0,1,0,1,1,0,0,0,1,0,0,0,0,1,2,0,1,0,0,1,0,0,0,0,0,2,0,0,0,3.85,11,15,50
expression-eval,2023-06-19,https://github.com/donmccurdy/expression-eval,0,0,0,2,0,0,1,0,0,0,0,4,0,1,0,1,0,0,0,0,0,0,0,0,0,0,0,0,0,0,0,0,0,0,0,0,0,0,0,0,0,0,0,0,0,0,0,0,596054,560152,756667,789918,822159,840014,694073,784535,763033,881448,750504,827590,817238,877649,848288,905074,777514,666662,800254,776152,757716,770993,802573,755912,3,3,1,1,0,2,0,2,1,3,1,3,0,1,0,0,0,0,1,0,0,1,1,0,0,0,0,0,0,0,0,0,0,0,0,0,0,0,0,0,0,0,0,0,0,0,0,0,6.18,15,22,60
ldapjs,2024-05-14,https://github.com/ldapjs/node-ldapjs,10,7,10,9,6,3,12,5,4,1,3,1,6,1,2,0,5,0,4,0,1,1,7,0,0,0,0,0,0,0,0,0,0,0,0,0,0,0,0,0,0,0,0,0,0,0,0,0,734236,649703,639897,670783,636224,694740,646188,586218,755407,769645,787089,809053,777869,834019,851938,807235,871509,794643,779176,973957,952276,1024809,1038178,1108061,12,8,6,7,2,7,7,8,6,11,3,3,4,3,3,8,4,2,3,3,4,1,1,5,2,2,0,2,1,1,2,1,2,1,1,1,13,5,8,11,3,8,5,3,4,2,4,3,12.72,30,79,425
req-all,2023-06-17,https://github.com/sindresorhus/req-all,0,0,0,0,0,0,0,0,0,0,0,0,0,0,0,0,0,0,0,0,0,0,0,0,0,0,0,0,0,0,0,0,0,0,0,0,0,0,0,0,0,0,0,0,0,0,0,0,510943,455032,559533,561960,544311,544512,462011,541925,518614,648791,568690,615279,515607,535372,570370,666098,549345,480226,592242,598350,697367,752526,742707,657434,0,0,0,1,2,0,1,6,0,0,0,0,2,1,1,0,0,0,1,0,1,0,0,0,0,0,0,0,0,0,1,1,0,0,0,0,0,0,0,0,0,0,0,0,0,0,0,0,6.95,7,3,26
xterm-addon-fit,2024-04-05,https://github.com/xtermjs/xterm.js,23,14,19,14,16,13,16,11,46,57,52,39,12,18,13,14,22,8,6,12,11,4,22,23,7,9,4,6,5,28,14,5,7,11,17,6,12,7,16,10,17,21,4,4,8,5,2,0,710957,693544,703955,714698,798891,803235,838150,695066,625301,797568,810607,709959,677190,641450,684343,675715,716061,739763,721218,630850,753868,793872,915465,981206,159,145,170,147,163,178,133,152,168,139,135,168,144,161,147,240,170,153,129,164,142,144,151,171,18,12,17,21,14,13,13,7,15,6,5,14,18,12,8,14,13,5,14,8,12,15,13,12,4.84,30,119,277
viewport-mercator-project,2024-04-25,https://github.com/uber-web/math.gl,0,2,0,1,0,1,0,1,0,0,0,0,0,1,0,0,0,1,0,4,0,0,0,3,0,0,0,0,0,0,0,0,0,0,0,0,0,0,0,0,0,0,0,0,0,0,0,0,925344,869086,976420,829302,881952,850124,937783,764802,686680,853073,897877,844329,826434,750340,861871,842087,855660,894980,797883,666424,802082,781326,893501,852031,2,5,5,8,7,5,1,4,1,2,2,4,0,3,3,0,0,1,0,1,1,1,0,0,0,0,0,0,0,1,1,0,0,0,0,0,0,0,0,1,0,0,0,0,1,0,0,0,8.5,30,48,112
@ldapjs/asn1,2024-05-14,https://github.com/ldapjs/asn1,0,0,0,0,0,0,0,0,0,0,0,0,0,0,0,0,0,0,0,0,0,0,0,0,0,0,0,0,0,0,0,0,0,0,0,0,0,0,0,0,0,0,0,0,0,0,0,0,139447,146979,146994,143647,158034,195621,185493,146040,260030,274639,343148,431263,474328,455956,511401,466379,493201,467592,472631,608211,674476,779322,831455,831556,0,0,0,0,0,0,0,0,0,0,0,0,0,0,0,0,0,0,0,0,0,0,0,0,0,0,0,0,0,0,0,0,0,0,0,0,1,1,1,0,0,0,1,0,0,0,0,0,2.13,13,12,12
azure-storage,2022-06-13,https://github.com/Azure/azure-storage-node,0,2,0,0,2,1,1,1,2,1,2,1,1,4,1,9,0,2,0,1,0,2,0,2,0,1,1,0,0,0,0,0,0,1,0,2,1,0,1,2,0,0,3,1,0,0,0,0,912872,836627,802083,793893,778705,787457,687547,712141,726095,832412,735205,763681,672521,710448,668613,665168,719565,664181,708944,708198,808589,668298,655049,588960,2,4,0,3,1,0,3,2,3,2,2,0,0,1,0,0,1,1,0,0,0,1,1,1,5,0,0,2,0,1,1,0,0,0,0,0,0,0,0,0,0,0,0,0,1,0,0,0,8.0,30,50,609
tslint-react,2022-06-27,https://github.com/palantir/tslint-react,0,0,0,0,0,0,0,0,0,0,0,0,0,0,0,0,0,0,0,0,0,0,0,0,0,0,0,0,0,0,0,0,0,0,0,0,0,0,0,0,0,0,0,0,0,0,0,0,1033247,968938,969712,946981,904621,901132,761209,802692,794671,902170,781807,756808,655069,751805,687092,676821,696235,696412,640527,625136,704641,596108,663223,644968,1,0,0,3,2,0,0,1,2,1,2,0,0,0,0,1,0,0,0,0,1,2,0,0,0,0,0,0,1,1,0,0,0,0,0,0,1,0,0,0,0,0,0,0,0,0,0,0,6.03,30,29,4812
@types/pino-pretty,2022-11-09,https://github.com/DefinitelyTyped/DefinitelyTyped,17,400,18,368,25,450,21,407,17,417,17,453,24,341,17,336,22,379,18,383,21,350,25,375,13,267,5,246,12,325,15,342,10,314,7,253,10,201,11,228,8,232,11,253,17,318,15,249,1923606,1641312,1828055,1955852,2392436,2600210,4486190,4602672,4255695,3227314,3098185,2877018,1724403,1900306,1880154,2058368,1683850,1955292,1754382,1651677,1773509,1600639,1704862,1552903,409,378,421,372,404,461,516,420,413,428,433,407,380,426,441,405,475,380,334,319,315,311,321,289,245,205,235,236,218,233,213,220,203,208,197,213,187,159,206,188,185,141,131,136,136,114,132,121,1.59,30,7,40
multiaddr,2022-11-28,https://github.com/multiformats/js-multiaddr,0,1,0,11,0,4,2,4,0,6,1,3,0,8,0,10,1,2,0,9,1,7,1,5,0,6,1,6,1,5,0,3,1,8,0,1,0,1,0,6,0,5,0,4,0,11,0,5,558631,505747,533206,540110,682834,615104,640230,642214,521035,592578,572374,609320,517867,533275,584660,578490,533328,590823,518878,478353,408263,388553,398588,329474,1,0,0,1,1,2,0,2,1,1,0,1,3,2,0,1,1,1,1,0,0,0,0,0,0,0,0,1,1,0,1,0,1,0,2,3,0,1,2,1,0,0,0,0,1,0,1,0,8.47,30,62,313
electron-packager,2024-03-06,https://github.com/electron/electron-packager,0,0,0,0,0,0,0,0,0,0,0,0,0,0,0,0,0,0,0,0,0,0,0,0,0,0,0,0,0,0,0,0,0,0,0,0,0,0,0,0,0,0,0,0,0,0,0,0,447289,436376,448841,498438,599513,659382,1130447,974134,891230,704147,844948,758637,434435,417694,360085,380347,356805,371526,440744,594835,484895,519362,519487,628210,0,0,0,0,0,0,0,0,12,18,12,13,8,20,18,13,10,7,17,10,15,6,13,8,0,0,0,0,0,0,0,0,0,1,1,3,2,0,2,2,4,0,1,0,2,1,0,3,8.86,30,96,787
@simplewebauthn/typescript-types,2024-01-21,https://github.com/MasterKale/SimpleWebAuthn,13,4,5,5,1,2,1,2,5,1,6,4,4,3,4,5,6,10,9,5,11,0,5,2,10,9,2,3,7,5,5,1,2,1,3,1,1,0,3,3,4,12,8,6,5,6,9,3,22216,26376,39619,47159,56040,69585,73548,95039,109479,149226,255676,286578,506262,489667,410133,430477,411803,509403,615807,444777,1847319,1491451,1394978,2132462,48,51,45,44,39,57,50,50,53,64,44,43,61,51,48,58,43,40,61,45,56,48,48,45,5,5,4,4,2,6,2,4,8,2,4,1,4,4,1,7,2,2,5,2,4,4,4,3,3.66,23,35,90
release-it-lerna-changelog,2022-07-20,https://github.com/rwjblue/release-it-lerna-changelog,0,0,0,0,0,0,0,0,0,0,0,0,0,0,0,0,0,0,0,0,0,0,0,0,0,0,0,0,0,0,0,0,0,0,0,0,0,0,0,0,0,0,0,0,0,0,0,0,44525,54961,56836,71081,64783,63900,59588,48059,45629,52313,57061,45720,47030,44471,51509,50838,45880,51360,39420,49142,34829,49048,44690,42460,0,2,0,2,0,1,0,2,0,0,0,0,0,0,1,0,1,0,0,1,0,0,0,0,0,0,0,1,0,0,0,0,0,0,0,0,0,1,1,1,1,0,0,0,0,0,0,2,3.21,14,16,396
@ldapjs/filter,2024-05-14,https://github.com/ldapjs/filter,0,0,1,1,0,0,1,1,0,0,0,0,1,1,0,0,0,1,0,0,0,0,0,0,0,0,0,0,0,0,0,0,0,0,0,0,0,0,0,0,0,0,0,0,0,0,0,0,67685,72303,86917,85339,82204,98137,91977,73943,131373,140467,177261,244606,241966,232728,259422,236384,249250,235963,238823,306845,338660,391044,417917,417631,0,0,0,0,0,0,0,0,0,0,0,0,0,0,0,0,0,0,0,0,0,0,0,0,0,0,0,0,0,0,1,0,1,0,0,0,1,1,1,0,0,0,1,0,0,0,0,1,1.93,4,18,6
@ldapjs/controls,2024-05-14,https://github.com/ldapjs/controls,0,0,0,0,1,0,0,0,0,0,0,1,0,0,0,0,0,0,0,1,1,0,0,0,0,0,0,0,0,0,0,0,0,0,0,0,0,0,0,0,0,0,0,0,0,0,0,0,67592,72252,72301,70737,78038,96680,98074,75455,132862,141492,179399,246350,242345,233555,260581,237148,249690,236029,238829,306992,338758,391081,417776,417737,0,0,0,0,0,0,0,0,0,0,0,0,0,0,0,0,0,0,0,0,0,0,0,0,0,0,0,0,0,1,0,0,1,1,0,0,1,0,1,0,0,0,1,0,0,1,0,0,2.13,2,12,6
@ldapjs/messages,2024-05-14,https://github.com/ldapjs/messages,0,0,0,2,0,0,0,1,0,0,0,0,0,2,0,0,0,0,0,0,0,0,0,0,0,0,0,0,0,0,0,0,0,0,0,0,0,0,0,0,0,0,0,0,0,0,0,0,73015,75868,89720,87563,84440,100759,95751,76560,134834,144774,183445,248579,246794,237336,263845,240015,251931,237623,240918,309325,339373,391851,418353,418593,0,0,0,0,0,0,0,0,0,0,0,0,0,0,0,0,0,0,0,0,0,0,0,0,0,0,0,0,0,0,2,0,0,0,0,0,1,0,2,0,0,0,1,0,0,1,0,0,1.23,5,11,3
@ldapjs/dn,2024-05-14,https://github.com/ldapjs/dn,0,0,0,0,0,0,0,0,0,0,0,0,0,0,0,1,0,0,0,0,1,0,0,1,0,0,0,0,0,0,0,0,0,0,0,0,0,0,0,0,0,0,0,0,0,0,0,0,67890,72397,86705,75180,78576,97264,91405,73562,130880,139828,176587,243854,241314,232156,259017,236265,249174,235596,238612,306619,338426,390795,417520,417436,0,0,0,0,0,0,0,0,0,0,0,1,0,0,0,0,0,0,0,0,0,0,0,0,0,0,0,0,0,0,0,0,0,0,0,1,1,1,1,0,0,0,1,0,0,0,0,0,1.25,1,3,4
@ldapjs/protocol,2024-05-14,https://github.com/ldapjs/protocol,0,0,0,0,0,0,0,0,0,0,0,0,0,0,0,0,0,0,0,0,0,0,0,0,0,0,0,0,0,0,0,0,0,0,0,0,0,0,0,0,0,0,0,0,0,0,0,0,67613,72396,72404,70718,78030,96638,90561,72530,129443,137022,171388,215262,236689,227564,255275,232814,246337,233383,236030,303883,336995,389331,415539,415481,0,0,0,0,0,0,0,1,0,0,0,0,0,0,0,0,0,0,0,0,0,0,0,0,0,0,0,0,0,0,0,0,0,0,0,0,1,0,1,0,0,0,1,0,0,0,0,0,1.94,1,5,9
@ldapjs/attribute,2024-05-14,https://github.com/ldapjs/attribute,0,0,0,0,0,0,0,0,0,0,0,0,0,0,0,0,0,0,0,0,0,0,0,0,0,0,0,0,0,0,0,0,0,0,0,0,0,0,0,0,0,0,0,0,0,0,0,0,67552,72283,72326,70784,78080,96733,90734,72650,129523,137106,171436,215323,236678,227552,255377,232918,246373,233478,236120,303924,337119,389402,415598,415509,0,0,0,0,0,0,0,0,0,0,0,0,0,0,0,0,0,0,0,0,0,0,0,0,0,0,0,0,0,0,0,0,0,0,0,0,1,1,1,0,0,0,1,0,0,0,0,0,1.43,1,6,8
@ldapjs/change,2024-05-14,https://github.com/ldapjs/change,0,0,0,0,0,0,0,0,0,0,0,0,0,0,0,0,0,0,0,0,0,0,0,0,0,0,0,0,0,0,0,0,0,0,0,0,0,0,0,0,0,0,0,0,0,0,0,0,67512,72245,72301,70719,78021,96633,90650,72593,129487,137011,171416,215250,236651,227485,255239,232771,246296,233399,236029,303876,337040,389341,415562,415446,0,0,0,0,0,0,0,0,0,0,0,0,0,0,0,0,0,0,0,0,0,0,0,0,0,0,0,0,0,0,0,0,0,0,0,0,1,0,1,0,0,0,1,0,0,0,0,0,1.38,1,4,6
http2,2022-06-18,https://github.com/molnarg/node-http2,0,0,0,0,0,0,0,0,0,0,0,0,0,0,0,0,0,0,0,0,0,0,0,0,0,0,0,0,0,0,0,0,0,0,0,0,0,0,0,0,0,0,0,0,0,0,0,0,180974,175636,171931,177249,180660,186683,166847,148417,140898,171760,152021,151241,160317,162883,149848,152809,156061,137236,147322,148275,176318,143958,170633,173221,0,1,1,1,3,3,1,1,1,0,4,0,2,0,0,1,1,0,0,0,3,1,0,2,0,0,0,2,0,0,0,0,0,0,0,0,0,0,1,0,0,0,0,0,1,0,0,0,9.05,28,44,262
mdast,2023-04-29,https://github.com/wooorm/mdast,0,0,0,0,0,0,0,0,0,0,0,0,0,0,0,0,0,0,0,0,0,0,0,0,0,0,0,0,0,0,0,0,0,0,0,0,0,0,0,0,0,0,0,0,0,0,0,0,55291,50065,58833,53532,87380,99680,117485,102041,184556,114396,143454,123774,125215,135917,104842,127008,100517,102656,79842,80477,106425,146597,183358,179907,12,14,11,17,11,10,6,12,7,18,17,13,12,25,14,11,13,17,11,11,12,18,17,13,0,0,0,0,0,0,0,0,0,1,1,0,0,0,1,0,0,1,0,0,1,0,0,0,8.74,8,81,372
bootstrap-colorpicker,2023-08-01,https://github.com/itsjavi/bootstrap-colorpicker,0,0,0,0,0,0,0,0,0,0,0,0,0,0,0,0,0,0,0,0,0,0,0,0,0,0,0,0,0,0,0,0,0,0,0,0,0,0,0,0,0,0,0,0,0,0,0,0,261566,253724,278855,289258,246676,259575,250196,279785,241249,266828,275921,241582,257517,269863,251842,239012,272589,272962,283552,282594,291440,289471,327427,277056,1,2,3,1,0,1,2,2,0,2,0,0,1,2,2,1,0,2,0,1,0,0,1,0,3,0,2,2,0,4,3,1,2,0,0,1,0,2,1,0,0,0,0,1,0,0,0,0,8.11,30,29,50
xterm-addon-search,2024-04-05,https://github.com/xtermjs/xterm.js,23,14,19,14,16,13,16,11,46,57,52,39,12,18,13,14,22,8,6,12,11,4,22,23,7,9,4,6,5,28,14,5,7,11,17,6,12,7,16,10,17,21,4,4,8,5,2,0,388184,339814,343217,363976,380057,383549,343492,317284,281172,316866,337833,228666,230918,220127,236950,240527,245930,270191,270413,210110,259771,277673,314367,321055,159,145,170,147,163,178,133,152,168,139,135,168,144,161,147,240,170,153,129,164,142,144,151,171,18,12,17,21,14,13,13,7,15,6,5,14,18,12,8,14,13,5,14,8,12,15,13,12,4.9,30,184,63
eslint-plugin-typescript,2022-06-17,https://github.com/bradzacher/eslint-plugin-typescript,0,0,0,0,0,0,0,0,0,0,0,0,0,0,0,0,0,0,0,0,0,0,0,0,0,0,0,0,0,0,0,0,0,0,0,0,0,0,0,0,0,0,0,0,0,0,0,0,271236,251674,246989,237305,255809,249248,203583,223323,213638,232008,219452,232810,215718,239191,232892,227925,233142,205369,263129,274856,333831,289613,317255,284136,0,0,0,1,0,0,0,2,0,0,2,0,1,0,0,0,0,1,0,1,0,0,1,0,0,0,1,1,0,0,0,0,0,0,1,2,0,0,0,0,0,0,0,0,1,1,0,0,5.82,26,20,1990
rollup-plugin-typescript,2022-06-26,https://github.com/rollup/rollup-plugin-typescript,0,0,0,0,0,0,0,0,0,0,0,0,0,0,0,0,0,0,0,0,0,0,0,0,0,0,0,0,0,0,0,0,0,0,0,0,0,0,0,0,0,0,0,0,0,0,0,0,192372,163778,168709,144354,204492,263194,218864,234018,243354,260400,212072,219125,184451,235002,230714,236752,187010,105963,113954,128485,138459,119730,142532,123774,0,1,0,0,0,0,2,0,0,0,0,0,0,0,0,0,1,0,0,0,1,0,2,0,0,0,0,0,0,0,0,0,1,0,0,0,0,0,0,0,0,0,0,0,0,0,0,0,6.63,21,20,4459
babel-preset-latest,2022-06-13,https://github.com/babel/babel,31,55,29,50,18,46,33,47,32,53,39,44,25,33,43,50,41,49,37,46,36,45,34,60,30,56,32,36,24,48,36,41,73,64,26,46,21,15,33,54,16,35,19,41,21,35,26,39,141698,129672,129216,132702,145303,146114,159926,168400,112527,124693,111180,119329,106402,114835,106939,109991,104813,89739,99531,99368,114266,96591,105311,104919,198,192,174,192,152,172,172,202,189,187,152,179,177,148,165,149,140,117,117,155,151,132,107,129,41,40,34,46,44,34,46,34,37,40,41,25,46,34,29,32,25,26,28,31,31,32,17,15,5.88,30,9,7035
esri-loader,2024-02-26,https://github.com/Esri/esri-loader,1,1,0,0,0,0,0,0,0,1,0,0,0,1,0,0,0,0,1,0,0,0,0,0,0,1,0,0,0,0,0,0,0,0,0,0,0,0,0,0,0,0,0,0,0,0,0,0,103198,115515,92429,116739,101893,103626,109753,104366,108979,96332,80672,89229,111462,110845,120018,143498,363325,308257,214267,257786,243495,199223,240868,225264,0,1,1,1,3,2,1,1,1,1,0,0,2,1,1,0,1,2,1,2,0,0,0,1,0,0,0,0,1,0,0,0,0,0,0,0,0,0,0,0,0,0,0,0,0,0,0,1,7.27,30,50,249
@types/jest-expect-message,2022-09-24,https://github.com/DefinitelyTyped/DefinitelyTyped,18,623,18,492,17,431,14,342,28,430,20,428,22,463,20,355,15,362,19,322,20,356,22,430,22,430,13,296,7,232,7,309,15,308,17,340,4,316,10,197,6,226,12,242,8,244,14,262,119166,131292,140101,110376,139786,139144,165807,157700,164170,161488,200811,224085,212882,205216,142962,160263,217395,270390,280205,311568,271833,219268,277838,255045,531,435,388,391,403,393,428,447,521,407,411,429,409,390,378,451,428,484,399,307,348,336,310,357,271,273,211,212,243,216,236,225,214,212,193,209,213,200,151,193,210,185,168,113,140,140,121,119,3.4,30,6,142
avalanche,2023-02-20,https://github.com/ava-labs/avalanchejs,1,19,1,22,1,27,0,31,2,23,2,11,1,13,2,8,1,12,0,7,4,10,1,7,2,10,1,10,3,8,1,9,1,19,0,6,0,0,0,0,0,0,0,0,0,0,0,25,7355,7706,7869,11014,23852,29462,23239,30096,41311,41117,34241,32017,87154,86391,78532,82897,106001,57382,38684,40526,31016,26412,29888,31546,7,10,7,12,8,7,4,3,5,7,2,5,1,1,1,1,3,3,1,2,3,5,1,8,5,5,2,4,4,6,0,5,2,3,1,1,0,2,0,0,4,0,3,1,1,3,1,5,9.73,30,81,48
lex,2022-07-09,https://github.com/aaditmshah/lexer,0,0,0,0,0,0,0,0,0,0,0,0,0,0,0,0,0,0,0,0,0,0,0,0,0,0,0,0,0,0,0,0,0,0,0,0,0,0,0,0,0,0,0,0,0,0,0,0,76559,89467,93022,100920,96114,89833,89203,89430,102462,87593,93043,90506,121324,132597,122398,129429,111656,152099,143435,159077,146629,177683,168358,176319,2,4,1,1,1,7,2,4,2,1,3,1,2,1,1,1,0,0,1,3,2,0,0,0,0,0,1,0,0,0,0,0,0,0,0,0,0,0,0,0,0,0,0,0,0,0,0,0,9.8,6,21,63
tilebelt,2022-09-20,https://github.com/mapbox/tilebelt,0,0,1,1,0,0,0,0,0,0,0,0,1,0,0,0,0,0,0,0,0,0,0,0,0,0,0,0,0,0,0,0,0,0,1,0,0,0,0,0,0,0,0,0,0,0,0,0,8806,8406,7196,6641,6577,8404,10241,9685,11952,17727,18474,20201,21154,22459,16612,20844,27550,29254,32383,58306,78048,86608,98001,115328,2,4,4,0,3,0,2,4,2,4,1,7,5,3,1,2,3,6,3,2,3,1,1,1,0,1,0,1,0,0,0,2,0,1,0,1,0,0,0,0,0,0,0,0,0,0,0,0,8.1,12,15,41
@types/prosemirror-commands,2022-10-26,https://github.com/DefinitelyTyped/DefinitelyTyped,16,460,20,444,13,341,25,439,20,427,25,459,21,338,12,358,21,349,21,349,21,425,22,346,13,291,7,222,12,319,11,308,17,321,4,329,10,186,5,238,12,234,9,242,15,274,17,305,611879,690853,648434,769176,880705,1102547,1034294,1293419,1189936,946792,873966,644992,669784,508443,534497,497327,512917,401672,402271,402284,418827,496302,297846,259706,414,406,396,387,397,445,440,502,411,424,428,441,392,375,468,413,487,396,328,321,330,324,344,273,259,221,214,235,217,237,229,208,219,188,206,213,197,146,199,211,178,174,107,149,127,122,124,136,5.63,30,11,230
@material/mwc-icon,2024-04-04,https://github.com/material-components/material-components-web-components,0,0,0,0,0,0,0,0,0,0,0,0,0,0,0,0,0,0,0,0,0,0,0,0,0,0,0,0,0,0,0,0,0,0,0,0,0,0,0,0,0,0,0,0,0,0,0,0,152223,175160,215427,223559,232735,233986,256134,199566,188206,231379,213604,175238,182156,156291,175103,226556,228300,245581,226157,192994,228217,210876,213783,222478,231,289,257,344,299,302,341,266,159,167,168,216,140,150,144,102,151,88,97,100,78,79,127,93,15,23,13,15,14,15,23,15,17,20,12,14,15,15,13,10,18,15,11,9,9,11,11,11,5.91,30,722,210
xterm-headless,2024-04-05,https://github.com/xtermjs/xterm.js,23,14,19,14,16,13,16,11,46,57,52,39,12,18,13,14,22,8,6,12,11,4,22,23,7,9,4,6,5,28,14,5,7,11,17,6,12,7,16,10,17,21,4,4,8,5,2,0,48441,66361,63628,46305,50399,69641,66558,71902,50398,41608,17419,85038,159844,203124,218901,233893,179005,162180,243167,233336,285152,269001,339743,254156,159,145,170,147,163,178,133,152,168,139,135,168,144,161,147,240,170,153,129,164,142,144,151,171,18,12,17,21,14,13,13,7,15,6,5,14,18,12,8,14,13,5,14,8,12,15,13,12,2.65,30,497,17
slack,2022-06-26,https://github.com/smallwins/slack,0,0,0,0,0,0,0,0,0,0,0,0,0,0,0,0,0,0,0,0,0,0,0,0,0,0,0,0,0,0,0,0,0,0,0,0,0,0,0,0,0,0,0,0,0,0,0,0,184864,131328,147809,168017,166687,164440,152618,159406,156006,186811,167037,173737,166429,185392,156203,151139,150089,139851,143606,136150,144410,125563,137472,145383,2,1,2,1,3,1,1,2,2,2,0,1,0,0,0,0,0,0,0,0,2,2,3,1,0,0,1,0,1,0,2,0,0,1,0,0,0,0,0,0,0,1,0,0,0,0,0,0,10.11,18,93,93
@mattiasbuelens/web-streams-polyfill,2022-04-06,https://github.com/MattiasBuelens/web-streams-polyfill,0,3,1,1,1,3,2,2,0,1,5,4,3,1,0,10,0,0,0,0,2,1,1,0,2,1,1,2,0,0,0,1,0,0,0,0,0,1,0,1,1,0,0,0,1,0,0,0,110007,188126,267396,282975,158291,244461,181047,135648,119498,106969,106270,108609,111916,107959,90202,100741,87951,97617,108858,115763,107777,100495,113168,89308,6,3,2,2,2,3,6,2,8,8,7,1,2,4,3,4,2,3,2,1,0,2,1,1,0,0,0,1,0,0,1,0,1,1,1,1,0,0,0,0,0,1,0,0,0,0,0,0,3.96,7,11,41
json-schema-to-openapi-schema,2024-04-01,https://github.com/openapi-js/json-schema-to-openapi-schema,0,0,0,0,0,0,0,0,0,0,0,0,0,0,0,0,0,0,0,0,0,0,0,0,0,0,0,0,0,0,0,0,0,0,0,0,0,0,0,0,0,0,0,0,0,0,0,0,189332,219402,217609,211621,181523,177024,178229,150426,149578,169837,192510,174686,173248,160385,184848,159191,193085,201311,192097,170526,197157,189839,212297,197015,1,1,3,1,1,1,1,0,1,2,0,1,0,4,0,1,1,0,0,2,0,1,0,4,0,1,0,1,0,0,0,1,0,0,0,0,0,1,0,0,0,0,0,1,0,0,0,0,5.99,0,5,27
validate-commit-msg,2023-06-09,https://github.com/conventional-changelog/validate-commit-msg,0,0,0,0,0,0,0,0,0,0,0,0,0,0,0,0,0,0,0,0,0,0,0,0,0,0,0,0,0,0,0,0,0,0,0,0,0,0,0,0,0,0,0,0,0,0,0,0,88095,80664,93188,99752,105915,89507,75218,87848,90413,97548,74166,78721,82567,101139,109807,94767,76755,57570,81955,97391,91497,84659,97575,77604,0,1,1,2,1,1,1,1,1,0,1,0,0,2,3,1,0,0,0,0,0,0,0,1,0,0,0,0,0,0,1,0,0,0,0,0,0,0,0,0,0,0,0,0,0,0,0,0,7.76,30,34,3386
xterm-addon-attach,2024-04-05,https://github.com/xtermjs/xterm.js,23,14,19,14,16,13,16,11,46,57,52,39,12,18,13,14,22,8,6,12,11,4,22,23,7,9,4,6,5,28,14,5,7,11,17,6,12,7,16,10,17,21,4,4,8,5,2,0,48276,56134,52180,50735,47821,61551,94390,97431,88710,136035,143051,141333,135723,141492,158912,159242,177536,177230,170414,165469,201690,202418,223319,236946,159,145,170,147,163,178,133,152,168,139,135,168,144,161,147,240,170,153,129,164,142,144,151,171,18,12,17,21,14,13,13,7,15,6,5,14,18,12,8,14,13,5,14,8,12,15,13,12,5.25,30,125,79
hast,2023-04-29,https://github.com/wooorm/rehype,0,0,0,0,0,0,0,0,0,0,0,0,0,0,0,0,0,0,0,0,0,0,0,0,0,0,0,0,0,0,0,0,0,0,0,0,0,0,0,0,0,0,0,0,0,0,0,0,36906,28929,36330,43219,57614,53720,69952,67739,72883,65195,51730,66924,61391,73281,75784,75286,64727,64255,60551,56176,49425,59110,60952,55144,17,20,25,21,27,35,22,26,27,30,36,40,22,28,30,36,19,24,23,32,28,30,30,31,4,0,2,1,0,3,1,1,3,5,2,0,1,0,2,1,1,0,0,0,1,1,0,0,7.55,30,3,119
nodeunit,2022-06-22,https://github.com/caolan/nodeunit,0,0,0,0,0,0,0,0,0,0,0,0,0,0,0,0,0,0,0,0,0,1,0,0,0,0,0,0,0,0,0,2,0,0,0,0,0,0,0,0,0,0,0,0,0,0,0,0,170083,171552,170176,207524,211129,209143,204539,193342,181173,202963,184843,184919,208236,313985,214334,231481,210911,149717,172443,148195,175888,131443,147401,152077,0,0,1,3,4,0,0,1,1,0,2,0,0,0,0,0,1,1,0,0,2,1,0,0,0,0,0,2,1,0,1,1,0,0,1,0,0,0,1,0,1,0,0,0,1,1,0,0,11.3,30,48,4326
xlsjs,2022-06-29,https://github.com/SheetJS/js-xlsx,0,0,0,0,0,0,0,0,0,0,0,0,0,0,0,0,0,0,0,0,0,0,0,0,0,0,0,0,0,0,0,0,0,0,0,0,0,0,0,0,0,0,0,0,0,0,0,0,667910,670705,699232,907732,969824,1007556,108113,85676,89730,110635,87352,97001,90025,97365,96971,89442,98970,96449,107346,99387,132934,112081,117673,112419,320,779,261,287,548,368,282,312,349,437,378,260,307,247,231,200,248,184,179,238,236,223,186,159,82,103,94,76,61,91,80,50,84,103,68,45,43,30,33,31,38,18,22,39,33,32,14,14,8.56,30,42,46
noble-bls12-381,2023-03-27,https://github.com/paulmillr/noble-bls12-381,0,0,0,0,1,2,0,0,2,0,0,0,1,1,1,0,0,0,0,0,0,0,0,1,1,0,0,0,1,0,0,0,0,0,1,0,0,0,0,0,0,0,0,0,0,0,0,0,18190,19486,20346,25312,44436,49188,59603,74147,83733,65499,57816,79383,85137,83881,98647,131673,81870,67731,67360,53255,45507,51937,53360,40553,1,1,5,5,6,5,2,4,3,3,7,9,1,3,2,0,3,2,0,1,1,0,0,0,0,0,2,0,0,0,1,0,1,2,0,1,0,1,1,0,0,0,0,0,0,0,0,0,3.59,9,30,25
xss-clean,2023-06-02,https://github.com/jsonmaur/xss-clean,0,0,0,0,0,0,0,0,1,0,0,0,0,0,0,0,0,1,0,1,0,0,0,0,0,0,0,0,0,0,0,0,0,0,0,0,0,0,0,0,0,0,0,0,0,0,0,0,85994,77828,84525,85187,86338,95098,96291,105893,109908,132724,139712,130395,134064,132048,122534,122517,114844,115894,124523,130643,137213,144444,140748,143788,1,0,0,0,4,0,2,2,1,1,1,1,0,0,1,0,0,0,0,1,0,3,0,0,0,0,0,0,0,0,0,0,1,1,0,0,0,0,0,0,0,0,0,0,0,0,0,0,7.26,3,5,101
electron-releases,2023-04-21,https://github.com/electron/electron-releases,0,0,0,0,0,0,0,0,0,0,0,0,0,0,0,0,0,0,0,0,0,0,0,0,0,0,0,0,0,0,0,0,0,0,0,0,0,0,0,0,0,0,0,0,0,0,0,0,103761,115773,111316,115903,132851,135290,170117,699780,139329,135490,112704,121761,117772,128631,136998,124762,116971,135365,113811,93699,102967,101952,100098,99029,3,4,7,3,1,5,5,4,3,2,2,0,0,0,0,0,0,0,0,0,0,0,0,0,0,1,0,0,0,0,0,2,0,0,0,0,0,0,0,0,0,0,0,0,1,0,0,0,5.34,15,1273,6
emailjs-com,2022-06-16,https://github.com/emailjs-com/emailjs-sdk,8,1,4,0,0,0,0,1,1,0,0,0,0,0,1,0,0,0,1,1,0,0,0,0,1,2,0,0,0,0,0,0,1,0,0,0,1,1,1,0,1,1,0,0,0,0,1,0,54908,56270,56923,60107,63771,67426,63393,67770,61758,64698,63482,65626,58302,62807,58203,54542,55375,57145,62296,57067,65569,56786,59187,61124,2,1,1,2,1,1,2,0,2,2,2,0,2,0,3,4,0,3,1,2,5,2,0,2,2,1,1,1,0,0,0,0,0,0,0,0,1,0,0,0,0,0,0,0,0,1,0,0,6.02,1,45,32
dgram,2022-06-15,https://github.com/npm/security-holder,0,0,0,0,0,0,0,0,0,1,0,0,0,0,0,0,0,0,0,0,0,0,0,0,0,1,0,0,0,0,0,0,0,0,0,0,0,0,0,0,0,0,0,0,0,0,0,0,115332,95172,156656,66095,33280,45439,155602,44712,99818,101741,96517,55305,83213,68039,101030,149333,83043,55900,72958,62254,113682,163432,103760,71191,1,3,0,2,3,0,3,3,0,1,2,3,6,1,0,3,2,1,2,3,3,1,0,1,0,0,1,1,2,0,4,0,1,3,1,0,2,1,0,1,1,0,1,0,1,1,0,0,5.81,5,1,168
react-tsparticles,2023-12-07,https://github.com/tsparticles/react,0,0,1,5,0,5,0,9,2,2,1,6,2,1,2,2,1,6,4,2,1,1,0,4,2,4,3,3,4,9,1,7,1,0,1,0,1,0,1,0,0,0,1,0,4,1,0,9,75053,89204,94618,112618,99854,119241,134164,135019,137412,112941,115637,89362,95976,93567,87553,86063,78661,74469,86423,78801,82605,85935,85568,91432,0,6,7,13,7,10,20,20,17,18,25,19,22,17,46,26,12,20,15,16,19,19,13,13,0,0,1,2,0,2,0,0,1,1,1,2,3,3,1,2,0,1,1,1,1,1,3,1,3.57,6,224,30
@types/rate-limit-redis,2022-10-25,https://github.com/DefinitelyTyped/DefinitelyTyped,18,481,19,440,13,342,26,429,20,427,22,465,22,348,14,357,19,332,21,359,22,423,22,354,13,289,7,228,8,313,14,314,17,325,4,321,10,192,6,234,12,240,8,240,15,268,18,310,91424,98132,77493,96813,106825,100332,92993,86367,97735,97938,118896,113176,138103,109058,96060,199298,248967,252300,294896,394026,460780,554608,425013,265233,427,392,398,394,391,442,441,510,412,416,435,437,391,374,465,418,484,396,317,335,335,317,349,277,267,215,215,242,213,242,218,216,212,193,212,208,198,148,196,208,183,171,110,144,135,122,118,140,3.03,30,8,12
@hyperjump/json-schema-core,2023-01-13,https://github.com/hyperjump-io/json-schema-core,1,0,0,0,0,0,0,0,0,0,0,1,0,0,1,0,0,0,0,0,0,0,0,0,0,0,0,0,0,0,0,0,0,0,0,0,0,0,0,0,0,0,0,0,0,0,0,0,3547,3695,4933,7482,7399,8195,6424,11795,13240,16617,16011,9738,16286,21475,24787,29754,34235,34008,48043,49479,54675,59244,46945,59164,0,0,0,0,1,0,1,1,0,1,1,1,1,0,0,0,0,0,0,0,0,0,0,0,0,0,0,0,1,1,0,0,0,0,0,0,0,0,0,0,0,0,0,0,0,0,0,0,2.83,2,66,6
@serialport/binding-abstract,2022-04-06,https://github.com/serialport/node-serialport,6,1,11,1,19,12,7,2,6,2,3,6,7,7,13,10,3,7,5,13,3,26,7,16,4,14,4,4,2,1,7,1,3,0,2,2,2,5,5,14,2,5,3,3,5,5,7,1,214695,177386,201270,192193,197893,220762,250921,271345,218915,253957,229752,206294,174673,233024,205023,170334,156098,169255,146449,137202,113903,119561,124400,104589,28,29,43,47,30,26,28,28,26,50,25,26,60,29,22,29,23,17,20,24,23,25,27,25,6,4,8,4,5,3,4,3,7,5,6,4,7,3,4,3,1,3,2,4,0,5,1,4,3.6,30,19,19
@serialport/bindings,2022-04-06,https://github.com/serialport/node-serialport,6,1,11,1,19,12,7,2,6,2,3,6,7,7,13,10,3,7,5,13,3,26,7,16,4,14,4,4,2,1,7,1,3,0,2,2,2,5,5,14,2,5,3,3,5,5,7,1,214668,182890,218088,219150,209532,245114,257295,295872,231321,250159,233181,204155,166758,222809,194706,158890,148668,156791,139953,127062,108465,113067,120503,99415,28,29,43,47,30,26,28,28,26,50,25,26,60,29,22,29,23,17,20,24,23,25,27,25,6,4,8,4,5,3,4,3,7,5,6,4,7,3,4,3,1,3,2,4,0,5,1,4,3.6,30,34,20
@types/prosemirror-inputrules,2022-10-26,https://github.com/DefinitelyTyped/DefinitelyTyped,16,460,20,444,13,341,25,439,20,427,25,459,21,338,12,358,21,349,21,349,21,425,22,346,13,291,7,222,12,319,11,308,17,321,4,329,10,186,5,238,12,234,9,242,15,274,17,305,459716,279274,234476,251448,247386,278072,264958,268876,273703,225312,236272,210886,207283,172319,180866,171358,194293,162921,161622,149068,149422,254052,136989,116839,414,406,396,387,397,445,440,502,411,424,428,441,392,375,468,413,487,396,328,321,330,324,344,273,259,221,214,235,217,237,229,208,219,188,206,213,197,146,199,211,178,174,107,149,127,122,124,136,5.63,30,8,158
mxgraph,2022-06-20,https://github.com/jgraph/mxgraph,0,0,0,0,0,0,0,0,0,0,0,0,0,0,0,0,0,0,0,0,0,0,0,0,0,0,0,0,0,0,0,0,0,0,0,0,0,0,0,0,0,0,0,0,0,0,0,0,102875,108889,99836,104530,105195,104009,108813,122657,119525,147508,141060,135747,104628,116699,108731,115108,134390,116954,92596,84025,107580,100209,114538,123852,26,26,25,25,31,25,33,16,26,23,19,23,17,22,17,20,15,13,14,23,21,16,27,18,15,15,9,17,10,16,13,15,6,13,7,5,9,6,1,5,9,3,4,16,8,4,5,5,5.28,19,30,106
bull-board,2022-04-12,https://github.com/felixmosh/bull-board,10,8,7,11,8,12,3,1,8,6,7,6,3,5,3,2,7,8,8,4,8,3,3,3,3,5,8,2,6,3,8,3,6,3,16,8,6,8,6,8,5,12,10,9,8,3,2,5,167417,165031,180553,184737,175147,190826,167452,165085,148329,149727,145934,162624,164302,140909,114244,106926,104225,106926,115317,110993,117013,110590,98955,80628,35,18,24,32,33,25,23,16,26,21,43,26,35,33,27,32,19,33,29,36,35,34,45,37,5,3,4,4,9,7,4,5,4,2,6,2,3,7,3,8,2,4,7,5,5,4,6,8,2.62,30,56,40
@types/gapi.client.calendar,2023-03-15,https://github.com/DefinitelyTyped/DefinitelyTyped,17,431,18,389,21,355,22,324,17,372,22,422,22,334,21,395,14,354,12,251,6,296,12,297,9,334,8,217,8,195,11,239,9,242,13,261,14,306,17,243,9,393,14,274,18,337,7,345,43438,19974,9383,8986,8576,15306,14728,13794,14993,12162,14421,13940,11438,13263,17423,18680,21428,20245,20050,16631,18199,18803,23568,25201,436,437,509,439,405,430,439,410,387,385,439,444,434,336,345,323,316,330,297,288,273,297,295,272,219,233,208,220,202,199,226,206,194,172,180,208,176,125,136,131,135,123,128,123,109,94,150,136,5.43,30,13,5
buffer-browserify,2022-06-13,https://github.com/toots/buffer-browserify,0,0,0,0,0,0,0,0,0,0,0,0,0,0,0,0,0,0,0,0,0,0,0,0,0,0,0,0,0,0,0,0,0,0,0,0,0,0,0,0,0,0,0,0,0,0,0,0,9392,10569,11764,11176,11203,12126,10334,16545,11264,11681,12278,11586,12213,14087,15754,18591,34320,15189,21745,15599,24429,16676,18698,20127,0,1,0,0,0,0,0,0,0,0,0,0,1,0,0,0,0,0,0,0,0,0,0,0,0,0,0,0,1,0,1,0,0,1,0,0,0,0,1,0,0,0,0,1,0,0,0,0,10.02,17,12,54
@types/gapi.client.discovery,2023-03-15,https://github.com/DefinitelyTyped/DefinitelyTyped,17,431,18,389,21,355,22,324,17,372,22,422,22,334,21,395,14,354,12,251,6,296,12,297,9,334,8,217,8,195,11,239,9,242,13,261,14,306,17,243,9,393,14,274,18,337,7,345,1478,1436,1438,1359,1406,9215,27504,39236,40581,35747,62709,73612,77285,84475,82870,82006,98657,94546,85990,96130,80452,95846,97478,98332,436,437,509,439,405,430,439,410,387,385,439,444,434,336,345,323,316,330,297,288,273,297,295,272,219,233,208,220,202,199,226,206,194,172,180,208,176,125,136,131,135,123,128,123,109,94,150,136,5.43,30,10,441
react-native-dev-menu,2023-12-01,https://github.com/zoontek/react-native-dev-menu,0,2,0,2,0,0,0,0,0,0,0,1,0,0,0,0,1,0,0,0,0,0,0,0,0,0,0,0,0,0,0,0,0,0,0,0,0,0,0,0,0,0,0,0,0,0,0,0,27497,37684,44320,52732,52067,66259,132968,79138,76609,62949,71375,67083,64310,65966,61992,65446,45144,45874,49767,51600,46657,48288,32972,34180,2,0,0,4,0,2,0,0,0,4,1,0,0,0,0,0,0,0,0,0,0,0,0,0,0,0,0,0,0,0,0,0,0,0,0,0,0,0,0,0,1,0,0,0,0,0,0,0,5.92,11,13,6
point-geometry,2022-09-20,https://github.com/mapbox/point-geometry,0,0,0,0,0,0,0,0,0,0,0,0,0,0,0,0,0,0,0,0,0,0,0,0,0,0,0,0,0,0,0,0,0,0,0,0,0,0,0,0,0,0,0,0,0,0,0,0,72930,91609,93812,84363,63651,45019,53162,45217,55149,60583,60390,65713,63534,70176,53944,65795,65726,78093,61367,64202,84048,107062,84041,69068,0,0,1,0,0,0,0,0,2,1,1,0,0,0,0,0,0,0,0,0,0,0,0,0,0,0,0,0,0,0,0,0,0,0,0,1,0,0,0,0,1,0,0,0,0,0,0,0,8.24,6,2,51
apollo-upload-server,2022-06-13,https://github.com/jaydenseric/apollo-upload-server,0,0,0,0,0,0,0,0,0,0,0,0,0,0,0,0,0,0,0,0,0,0,0,0,0,0,0,0,0,0,0,0,0,0,0,0,0,0,0,0,0,0,0,0,0,0,0,0,84288,81050,74638,69659,65780,76763,61020,62500,56876,65040,72553,68211,61544,71034,62416,57167,50099,43585,48396,48806,46533,40895,45835,56518,15,14,14,16,14,13,14,10,9,9,11,8,15,7,8,11,5,9,8,8,10,4,6,2,0,1,1,1,3,3,2,2,1,0,1,0,2,3,1,3,0,0,1,0,3,2,1,2,5.3,9,21,67
j,2022-06-19,https://github.com/SheetJS/j,0,0,0,0,0,0,0,0,0,0,0,0,0,0,0,0,0,0,0,0,0,0,0,0,0,0,0,0,0,0,0,0,0,0,0,0,0,0,0,0,0,0,0,0,0,0,0,0,30519,33149,34991,30798,38453,45475,42404,44296,40380,53295,37599,34458,35032,31792,33305,29417,36463,33705,39346,33182,51623,36725,41095,40420,0,1,0,0,0,0,0,0,0,0,0,0,0,0,0,0,0,0,0,0,0,0,0,0,0,0,0,0,0,0,0,0,0,0,0,0,0,0,0,0,1,0,0,0,0,0,0,3,8.53,1,49,32
harb,2022-06-18,https://github.com/SheetJS/js-xlsx,0,0,0,0,0,0,0,0,0,0,0,0,0,0,0,0,0,0,0,0,0,0,0,0,0,0,0,0,0,0,0,0,0,0,0,0,0,0,0,0,0,0,0,0,0,0,0,0,25961,26557,29455,27092,33570,38435,37391,37371,34911,45243,33593,31450,31255,27941,29454,25921,32280,30889,34835,29513,46729,32195,37129,36165,307,681,381,252,525,371,316,329,325,415,357,306,297,281,244,197,225,205,176,216,262,216,202,143,79,87,104,82,65,82,93,54,76,92,77,55,41,44,31,33,38,21,20,36,35,35,17,12,7.71,30,10,8
@noble/bls12-381,2023-03-27,https://github.com/paulmillr/noble-bls12-381,0,0,0,0,1,2,0,0,2,0,0,0,1,1,1,0,0,0,0,0,0,0,0,1,1,0,0,0,1,0,0,0,0,0,1,0,0,0,0,0,0,0,0,0,0,0,0,0,13566,361,428,637,487,713,1422,1149,1443,2085,1857,2193,2949,1806,1895,2363,2521,3588,10185,22978,23625,19408,17032,14012,1,1,5,5,6,5,2,4,3,3,7,9,1,3,2,0,3,2,0,1,1,0,0,0,0,0,2,0,0,0,1,0,1,2,0,1,0,1,1,0,0,0,0,0,0,0,0,0,1.39,9,9,28
markdown-to-ast,2022-06-19,https://github.com/textlint/textlint,0,6,2,4,1,6,1,4,2,5,2,4,1,3,0,1,3,9,2,3,1,4,2,7,2,7,0,4,3,10,2,14,3,17,4,22,16,48,10,48,2,32,1,19,1,24,0,16,10256,9167,9622,11897,12421,10216,9997,12625,13335,14115,13589,15901,18984,26283,26463,30179,29428,22083,26406,24063,21592,19391,19877,23354,37,22,19,17,18,18,25,29,24,16,25,26,20,24,51,49,25,22,24,17,14,15,20,10,1,2,1,3,1,4,2,2,1,1,3,1,1,2,3,1,1,3,1,1,0,0,2,1,7.46,30,29,60
remark-mdx-code-meta,2023-05-30,https://github.com/remcohaszing/remark-mdx-code-meta,0,0,0,0,1,1,0,0,1,0,0,0,0,0,0,0,0,0,0,0,0,0,0,0,0,0,0,0,0,0,0,0,0,0,0,0,0,0,0,0,0,0,0,0,0,0,0,0,29521,34120,29699,27776,21812,25147,29830,37458,16338,16163,20652,26492,78575,102266,51707,34120,36552,18522,13861,14835,60256,60526,26111,25209,3,1,3,3,4,2,4,1,0,2,2,1,0,0,0,0,1,0,0,0,1,2,0,0,0,0,1,0,1,0,0,0,0,0,1,0,0,0,0,0,0,0,0,0,0,0,0,0,2.04,2,2,13
D,2022-06-13,https://github.com/npm/deprecate-holder,0,0,0,0,0,0,0,0,0,0,0,0,0,0,0,0,0,0,0,0,0,0,0,0,0,0,0,0,0,0,0,2,0,0,0,0,0,0,0,0,0,0,0,0,0,0,0,0,17880,19579,21407,21731,24652,25736,18445,21135,24324,31982,33044,30505,32825,39992,32599,31508,37741,33281,37292,35443,41726,37518,40922,41179,0,1,0,0,0,0,1,1,0,2,0,0,0,0,0,1,0,0,0,0,0,0,0,0,0,1,0,0,0,0,0,0,0,0,0,0,0,1,0,1,0,0,0,0,0,0,0,0,6.03,1,2,281
@prisma/sdk,2023-09-08,https://github.com/prisma/prisma,188,184,175,126,149,134,206,103,201,129,182,149,152,121,156,159,182,201,164,219,158,124,189,160,127,143,156,202,113,191,85,65,143,207,134,134,129,99,118,136,106,122,89,86,79,39,85,41,270637,249503,254686,194102,204709,173503,202911,146054,143766,130669,131899,139772,173534,90007,75473,96879,94259,91429,87141,74206,67706,76571,83739,81650,548,737,629,709,696,703,699,796,692,669,705,531,486,531,557,520,445,513,455,427,396,363,412,386,21,20,27,19,36,30,19,32,17,23,43,20,24,18,54,25,28,30,20,23,25,23,18,21,3.92,30,4404,288
iscroll,2024-04-02,https://github.com/cubiq/iscroll,0,0,0,0,0,0,0,0,0,0,0,0,0,0,0,0,0,0,0,0,0,0,0,0,0,0,0,0,0,0,0,0,0,0,0,0,0,0,0,0,0,0,0,0,0,0,0,0,133193,200354,191145,200804,175580,67527,58709,59220,56862,65651,61549,60827,65035,63282,71019,60286,62054,63694,65060,99150,75348,69999,79596,77140,12,8,18,10,7,6,7,13,5,7,9,12,2,8,8,1,1,2,4,6,2,2,2,4,5,2,1,2,0,0,1,2,2,1,0,3,3,3,0,1,1,0,1,1,0,1,0,1,12.55,16,23,259
@turf/within,2024-06-22,https://github.com/Turfjs/turf,4,3,12,4,8,12,8,9,12,11,9,4,4,6,8,7,7,1,8,1,5,4,5,5,8,19,10,23,8,6,6,9,10,4,11,14,14,5,10,6,8,5,8,5,8,3,14,6,15379,17167,16307,18497,17153,16033,13397,16661,17681,18571,20425,21927,32431,37019,41657,49352,40819,35955,40514,33758,38764,52667,62261,73575,78,78,62,80,73,71,52,84,68,60,79,67,94,106,69,71,83,70,60,54,64,67,65,63,7,9,9,6,4,4,6,7,7,8,4,1,11,1,5,6,3,6,7,6,7,4,3,11,7.96,30,29,8
@material/mwc-checkbox,2024-04-04,https://github.com/material-components/material-components-web-components,0,0,0,0,0,0,0,0,0,0,0,0,0,0,0,0,0,0,0,0,0,0,0,0,0,0,0,0,0,0,0,0,0,0,0,0,0,0,0,0,0,0,0,0,0,0,0,0,63454,79248,78073,73962,67605,62020,76838,55840,50768,63133,55837,53472,51696,44683,47926,50028,53038,59516,55134,46398,57443,51680,55262,59028,231,289,257,344,299,302,341,266,159,167,168,216,140,150,144,102,151,88,97,100,78,79,127,93,15,23,13,15,14,15,23,15,17,20,12,14,15,15,13,10,18,15,11,9,9,11,11,11,5.91,30,721,100
@material/mwc-radio,2024-04-04,https://github.com/material-components/material-components-web-components,0,0,0,0,0,0,0,0,0,0,0,0,0,0,0,0,0,0,0,0,0,0,0,0,0,0,0,0,0,0,0,0,0,0,0,0,0,0,0,0,0,0,0,0,0,0,0,0,60359,76571,74754,72674,66647,59945,74498,54667,48971,60574,54803,52952,49869,44091,46944,48921,51516,59136,54394,44506,54983,48540,51149,55020,231,289,257,344,299,302,341,266,159,167,168,216,140,150,144,102,151,88,97,100,78,79,127,93,15,23,13,15,14,15,23,15,17,20,12,14,15,15,13,10,18,15,11,9,9,11,11,11,5.91,30,721,64
lodash.now,2022-06-19,https://github.com/lodash/lodash,20,5,15,2,8,10,17,2,13,4,10,10,9,8,24,8,10,3,8,6,9,6,10,2,17,6,10,10,11,1,8,5,14,1,9,6,15,2,9,0,11,4,10,7,11,3,10,7,168082,150727,157142,148004,138646,115324,109301,112053,123220,137465,108963,109211,108460,126971,115837,112968,119269,109241,111248,82498,89337,69717,82380,78221,333,357,351,326,296,319,342,327,377,401,317,326,339,347,278,313,280,237,260,290,295,268,283,224,64,77,66,48,54,71,60,61,65,69,44,53,53,59,50,38,47,42,34,49,44,46,45,33,8.56,30,7,10
wdio-allure-reporter,2022-06-28,https://github.com/webdriverio/wdio-allure-reporter,0,0,0,0,0,0,0,0,0,0,0,0,0,0,0,0,0,0,0,0,0,0,0,0,0,0,0,0,0,0,0,0,0,0,0,0,0,0,0,0,0,0,0,0,0,0,0,0,71673,75188,75043,74521,71261,68509,74990,74956,69457,61086,75485,77690,73694,75971,77558,78183,77487,80169,98705,78559,85289,90590,101348,100600,0,0,0,2,0,0,0,0,0,0,0,0,0,0,0,0,0,0,0,0,0,0,0,0,0,0,0,0,0,0,0,0,0,1,0,0,0,0,0,0,0,0,0,0,0,0,0,0,6.39,19,41,33
angular-scenario,2022-06-13,https://github.com/angular/angular.js,2,9,0,1,2,4,2,1,0,1,1,0,1,2,2,5,4,1,2,2,1,0,0,0,0,0,0,0,0,0,0,0,0,0,0,0,0,0,0,0,0,0,0,0,0,0,0,0,24661,23489,25896,26166,28083,29126,22050,27876,29048,32427,26623,26952,29046,34142,33490,28854,29641,28133,29769,30596,31313,23117,25774,24085,65,45,37,45,40,41,45,48,44,46,39,35,39,33,28,35,25,23,22,26,31,25,25,25,28,27,27,33,29,24,27,27,34,27,36,28,22,24,16,26,25,14,17,33,20,26,28,13,7.68,30,99,30
vscode,2022-06-28,https://github.com/Microsoft/vscode-extension-vscode,0,0,0,0,0,0,0,0,0,0,0,0,0,0,0,0,0,0,0,0,0,0,0,0,0,0,0,0,0,0,0,0,0,0,0,0,0,0,0,0,0,0,0,0,0,0,0,0,52001,50932,43637,39381,39637,22369,21519,21843,22069,32684,36259,29439,40517,38048,35489,42388,36490,42983,40453,35814,41709,36121,17673,19475,1,0,0,1,0,0,0,0,0,0,0,0,0,0,1,0,0,0,0,0,1,0,0,0,0,0,0,0,0,0,0,0,0,0,0,0,0,0,0,0,0,1,0,0,1,0,0,0,6.76,29,139,625
mongodb-stitch-browser-sdk,2022-06-30,https://github.com/mongodb/stitch-js-sdk,0,1,0,1,0,0,0,0,0,2,0,0,0,1,0,1,0,0,0,0,0,0,0,0,0,2,0,0,0,0,0,0,0,0,0,0,0,0,0,0,0,0,0,0,0,0,0,0,7545,7282,7751,8145,7481,7275,6581,8681,9212,20313,18790,5955,4101,5146,4295,4041,2084,1604,1881,1210,1718,2109,2478,1452,0,0,0,1,0,0,0,1,0,0,0,0,0,0,0,0,0,0,0,0,0,0,0,0,1,0,1,0,1,0,0,0,0,0,0,0,0,0,1,0,0,0,0,0,1,0,0,0,4.03,30,47,44
mongodb-stitch-browser-core,2022-06-30,https://github.com/mongodb/stitch-js-sdk,0,1,0,1,0,0,0,0,0,2,0,0,0,1,0,1,0,0,0,0,0,0,0,0,0,2,0,0,0,0,0,0,0,0,0,0,0,0,0,0,0,0,0,0,0,0,0,0,7323,6987,7333,7755,7169,7093,6495,8530,9227,20184,18653,5928,4007,5051,4222,3985,1987,1401,1803,1137,1632,2079,2443,1415,0,0,0,1,0,0,0,1,0,0,0,0,0,0,0,0,0,0,0,0,0,0,0,0,1,0,1,0,1,0,0,0,0,0,0,0,0,0,1,0,0,0,0,0,1,0,0,0,4.03,30,50,10
mongodb-stitch-browser-services-mongodb-remote,2022-06-30,https://github.com/mongodb/stitch-js-sdk,0,1,0,1,0,0,0,0,0,2,0,0,0,1,0,1,0,0,0,0,0,0,0,0,0,2,0,0,0,0,0,0,0,0,0,0,0,0,0,0,0,0,0,0,0,0,0,0,7252,6936,7275,7679,7114,6978,6409,8512,9106,20081,18623,5787,3930,5035,4134,3935,1951,1519,1790,1113,1576,2067,2336,1361,0,0,0,1,0,0,0,1,0,0,0,0,0,0,0,0,0,0,0,0,0,0,0,0,1,0,1,0,1,0,0,0,0,0,0,0,0,0,1,0,0,0,0,0,1,0,0,0,4.03,30,47,4
clor,2022-06-13,https://github.com/npm/deprecate-holder,0,0,0,0,0,0,0,0,0,0,0,0,0,0,0,0,0,0,0,0,0,0,0,0,0,0,0,0,0,0,0,2,0,0,0,0,0,0,0,0,0,0,0,0,0,0,0,0,38677,34421,46542,45642,33409,18055,17247,19667,24699,32038,30547,30638,21266,23034,22457,25746,24783,24188,27873,28964,29992,29470,26472,54900,0,1,0,0,0,0,1,1,0,2,0,0,0,0,0,1,0,0,0,0,0,0,0,0,0,1,0,0,0,0,0,0,0,0,0,0,0,1,0,1,0,0,0,0,0,0,0,0,7.13,1,33,40
@boost/core,2022-04-04,https://github.com/milesj/boost,0,2,0,0,0,3,0,6,0,3,0,7,0,2,0,2,0,1,0,0,1,3,0,1,0,5,0,0,0,0,0,0,0,3,0,0,0,0,0,3,0,1,0,3,0,0,0,0,6024,5801,4668,3937,4374,4489,4335,4608,5839,4327,2616,3869,2033,1705,2210,2229,2247,2463,1662,1916,2150,1656,2627,1990,2,0,0,1,9,4,2,3,0,0,3,0,2,1,5,5,2,2,0,2,0,3,2,0,0,0,0,0,0,1,0,1,0,0,0,0,0,0,0,1,0,0,0,0,0,0,0,0,3.6,3,74,9
lezer-tree,2022-05-07,https://github.com/lezer-parser/lezer-tree,0,0,0,0,0,0,0,0,0,0,0,0,0,0,0,0,0,0,0,0,0,0,0,0,0,0,0,0,0,0,0,0,0,0,0,0,0,0,0,0,0,0,0,0,0,0,0,0,46084,58442,64226,54532,58369,46874,42009,36362,45235,51349,56728,63114,58667,53408,78420,75083,82462,76962,28543,32816,35193,29212,22840,24059,0,0,0,2,1,1,1,0,2,2,2,2,0,0,0,0,0,1,1,1,0,0,1,0,0,1,0,1,0,1,1,0,0,0,1,0,0,0,0,2,1,0,0,0,0,0,0,0,2.83,8,25,35
@babel/preset-es2015,2022-06-12,https://github.com/babel/babel,31,59,30,50,18,46,33,46,29,52,40,46,26,33,44,51,41,48,33,46,38,45,35,59,30,58,29,33,27,54,34,38,74,67,27,46,20,15,30,53,20,33,18,44,22,35,26,39,135450,139542,140107,152482,152532,147795,113336,97172,70100,147554,89673,126395,88368,93141,84939,77883,85656,65954,73136,95625,77124,56454,71759,72375,202,196,170,193,153,169,175,201,187,185,154,176,166,151,169,151,139,120,118,153,148,136,104,131,43,42,33,44,42,39,42,38,35,40,41,26,45,35,29,33,22,28,28,31,30,33,16,17,4.62,30,25,906
lezer,2022-05-07,https://github.com/lezer-parser/lezer,0,0,0,0,0,0,2,0,2,0,2,0,1,0,2,0,1,0,2,0,0,0,2,0,0,0,1,0,1,0,2,0,0,0,1,0,1,0,0,0,2,0,1,0,2,0,1,0,54855,71263,79660,63668,63108,47592,42010,36374,44996,52512,59134,65247,61468,56088,83917,79209,84365,78059,28477,32564,35112,29225,22689,24016,0,0,0,5,0,0,1,1,1,1,1,4,1,0,0,1,0,0,0,0,0,1,1,0,0,0,0,0,0,0,0,0,0,0,0,0,0,0,0,0,0,0,0,0,0,0,0,0,3.05,1,37,65
@material/mwc-menu,2024-04-04,https://github.com/material-components/material-web,14,83,15,117,25,134,17,91,18,140,29,162,35,82,34,53,30,77,22,29,20,36,19,33,11,14,3,14,8,27,4,7,5,11,4,9,3,7,1,6,3,1,3,8,8,1,3,8,56488,70350,68940,66528,60381,53938,71610,48172,41964,53300,47428,43800,42513,38916,42470,43293,46341,52738,49037,39045,47103,41436,46021,50246,231,289,257,344,299,302,341,266,159,167,168,216,140,150,144,102,151,88,97,100,78,79,127,93,15,23,13,15,14,15,23,15,17,20,12,14,15,15,13,10,18,15,11,9,9,11,11,11,4.16,30,694,77
vector-tile,2022-09-20,https://github.com/mapbox/vector-tile-js,0,0,1,1,0,0,1,0,0,0,0,1,0,0,0,0,0,0,0,0,0,0,0,0,0,0,0,0,1,0,1,0,0,1,1,0,0,0,0,0,0,0,0,0,0,0,0,0,57886,75310,78534,71748,53190,31446,37460,32226,38217,42899,43777,49317,46021,55186,43191,53839,52777,64134,48984,44790,58376,60784,53175,50072,1,1,0,1,1,1,3,4,3,3,3,1,3,1,0,2,3,2,2,3,1,3,1,1,0,1,1,2,0,1,0,1,0,1,0,1,0,0,0,0,2,1,0,1,2,0,1,0,8.44,16,17,63
@gr2m/fetch-mock,2024-06-19,https://github.com/wheresrhys/fetch-mock,1,0,0,0,1,0,1,0,1,0,1,0,0,5,0,1,0,0,0,1,1,0,0,0,14,72,6,52,2,12,7,13,7,17,1,4,5,5,3,10,3,12,0,3,2,1,0,4,341,1954,1701,1502,1645,3169,3564,4475,3314,2550,3508,2581,3330,1504,2201,2047,4275,1483,1861,2878,6759,13339,27129,54370,4,3,2,5,1,3,1,3,2,3,2,2,9,5,2,23,10,3,3,0,5,1,4,1,0,1,0,0,0,0,0,0,0,0,0,0,3,0,2,2,3,1,3,0,3,1,1,1,1.74,30,3,8
draft-js-custom-styles,2023-06-30,https://github.com/webdeveloperpr/draft-js-custom-styles,0,0,0,0,0,0,0,0,0,0,0,0,0,0,0,0,0,0,0,0,0,0,0,0,0,0,0,0,0,0,0,0,0,0,0,0,0,0,0,0,0,0,0,0,0,0,0,0,21301,18234,21740,23084,21117,21306,20681,20606,21534,27562,25744,29928,29847,36291,32434,32865,28266,26008,33827,33739,32480,31873,33463,30666,0,0,0,0,0,0,0,0,0,0,0,0,0,0,0,0,0,0,0,0,0,0,0,0,0,1,0,0,0,0,0,1,0,0,0,0,0,0,0,0,0,0,0,1,0,0,0,0,6.11,4,22,24
azure,2022-06-13,https://github.com/azure/azure-sdk-for-node,1,0,0,0,0,0,1,0,0,0,5,4,1,0,1,1,0,0,4,0,1,3,0,0,0,0,2,1,1,1,0,0,0,0,0,0,0,0,0,0,0,0,3,0,0,2,0,0,38915,43541,44037,49537,41921,39983,34670,35216,46745,37012,28831,37175,28716,26224,20453,25595,20971,21653,28648,25034,34412,34199,34189,38328,3,4,3,4,2,1,1,0,3,2,3,2,1,2,2,1,4,0,3,1,5,1,3,0,1,2,1,1,0,0,1,1,0,0,1,1,0,0,0,0,0,0,0,1,0,0,1,0,10.51,30,71,147
emailjs-mime-builder,2022-06-16,https://github.com/emailjs/emailjs-mime-builder,0,0,0,0,0,0,0,0,0,0,0,0,0,0,0,0,0,0,0,0,0,0,0,0,0,0,0,0,0,0,0,0,0,0,0,0,0,1,0,0,0,0,0,0,0,0,0,0,6397,3441,3741,2096,2199,1899,1241,1302,1698,1598,1435,1667,1715,1259,1374,1520,1514,1370,2020,2097,2835,2991,5572,6744,1,0,0,0,0,0,0,0,0,0,0,0,0,0,0,0,0,0,0,0,0,0,0,0,1,0,0,0,0,0,0,0,0,0,0,0,0,0,0,0,0,1,0,0,0,0,0,0,6.42,8,8,16
@govuk-prototype-kit/task-list,2024-01-08,https://github.com/alphagov/govuk-prototype-kit-task-list,0,2,0,0,0,0,0,0,0,0,0,1,0,4,0,2,0,0,0,1,0,0,0,0,0,0,0,0,0,0,0,0,0,0,0,0,0,0,0,0,0,0,0,0,0,0,0,0,135,605,775,679,648,1307,9515,23712,22909,27770,23492,20108,21922,21647,21404,22340,21191,27189,26128,27548,29834,30160,30009,29267,0,0,0,0,0,0,0,0,0,0,0,0,0,0,0,1,0,0,0,0,0,0,0,0,0,0,0,0,0,0,0,0,0,0,0,0,0,0,0,0,0,0,0,0,0,0,0,0,0.96,4,5,2
wdio,2022-06-28,https://github.com/webdriverio/wdio,0,0,0,0,0,0,0,0,0,0,0,0,0,0,0,0,0,0,0,0,0,0,0,0,0,0,0,0,0,0,0,0,0,0,0,0,0,0,0,0,0,0,0,0,0,0,0,0,17191,17965,16232,18436,22875,24308,25504,21593,22542,30311,38510,28162,16508,16122,14688,17430,19065,16384,20456,22027,25924,23976,26765,27080,0,5,0,1,0,0,1,0,1,0,1,2,1,1,0,0,1,1,1,0,0,0,0,1,0,0,0,0,0,0,0,1,0,0,0,1,0,0,0,0,0,0,0,0,0,1,0,0,6.15,11,31,31
@soywod/pin-field,2022-05-22,https://github.com/soywod/pin-field,0,0,0,0,0,0,0,0,0,0,0,0,0,0,0,0,0,0,0,1,0,0,0,0,0,0,0,0,0,0,0,0,0,0,0,0,0,0,0,0,0,0,0,0,0,0,0,0,512,554,1227,2084,2953,3250,4491,7821,5003,6419,7472,10714,14762,14235,13416,13350,9500,6979,4738,5835,6803,6365,4626,5930,1,1,0,0,1,0,1,0,1,0,0,0,0,0,0,0,0,0,0,0,0,1,0,0,0,0,0,0,0,0,0,0,0,0,0,0,0,0,1,0,0,0,0,0,0,0,0,0,1.16,2,12,4
@manifoldco/swagger-to-ts,2022-04-06,https://github.com/manifoldco/swagger-to-ts,0,0,0,0,0,0,0,0,0,0,0,0,0,0,0,0,0,0,0,0,0,0,0,0,0,0,0,0,0,0,0,0,0,0,0,0,0,0,0,0,0,0,0,0,0,0,0,0,49170,73287,91814,36746,42312,48823,39983,33052,26389,247474,388348,445417,435942,419436,404357,469848,452808,165522,130836,99714,84140,71064,74132,62733,73,81,81,62,61,93,66,76,63,63,73,86,62,82,144,96,72,91,100,78,83,93,112,125,5,4,5,3,3,3,4,7,4,5,4,7,3,4,2,3,2,10,7,9,3,7,8,6,3.31,30,45,37
@material/mwc-dialog,2024-04-04,https://github.com/material-components/material-components-web-components,0,0,0,0,0,0,0,0,0,0,0,0,0,0,0,0,0,0,0,0,0,0,0,0,0,0,0,0,0,0,0,0,0,0,0,0,0,0,0,0,0,0,0,0,0,0,0,0,43661,52773,50208,50803,43044,36712,47861,30198,30136,37724,34151,31364,30031,26004,28458,29047,33129,38293,34962,24807,29825,26845,33128,38456,231,289,257,344,299,302,341,266,159,167,168,216,140,150,144,102,151,88,97,100,78,79,127,93,15,23,13,15,14,15,23,15,17,20,12,14,15,15,13,10,18,15,11,9,9,11,11,11,4.52,30,702,101
slack-client,2022-08-15,https://github.com/slackhq/node-slack-client,0,0,0,0,0,0,0,0,0,0,0,0,0,0,0,0,0,0,0,0,0,0,0,0,0,0,0,0,0,0,0,0,0,0,0,0,0,0,0,0,0,0,0,0,0,0,0,0,3360,3299,2591,2422,2264,1553,1804,1589,1544,1758,2009,1507,1469,1185,930,552,672,736,887,667,753,853,592,567,24,11,8,6,15,10,20,13,17,9,17,8,14,9,8,11,12,14,11,8,8,8,6,12,1,3,1,2,1,1,2,2,4,1,7,4,2,2,3,0,4,1,2,2,2,0,3,3,8.26,30,27,93
vuepress-plugin-redirect,2024-02-03,https://github.com/vuepress-theme-hope/vuepress-theme-hope,38,65,55,59,38,55,37,34,25,48,20,37,23,46,20,44,10,73,13,70,19,96,17,57,21,26,26,55,18,47,17,60,10,25,18,51,16,96,19,41,8,28,12,52,9,49,9,38,4893,6284,5770,6569,5563,4703,5232,4649,5564,6314,5511,5785,3281,1951,2645,2288,3556,2938,9287,3344,7588,3167,3970,2960,63,69,70,61,82,65,62,57,43,53,56,61,50,65,45,36,30,44,47,34,39,34,42,31,31,30,25,24,22,16,19,10,12,11,18,20,20,13,20,14,13,13,15,16,12,16,14,5,4.94,30,203,52
react-youtube-lite,2022-05-15,https://github.com/danestves/react-youtube-lite,0,0,0,0,0,0,0,0,1,28,0,10,0,12,0,7,0,2,0,13,1,17,0,2,0,0,0,0,0,0,0,0,0,0,0,0,0,0,0,0,0,0,0,0,0,0,0,0,4223,3699,3276,4618,3298,3413,2934,1450,1455,1606,2327,1825,1227,910,891,1115,1112,730,408,504,645,405,489,452,1,0,0,0,0,0,1,0,0,0,2,1,0,0,0,0,0,0,0,0,0,1,0,1,0,0,0,0,0,0,1,0,0,1,0,0,0,0,0,0,0,0,0,1,0,0,0,0,1.39,2,20,3
payment-icons,2022-06-23,https://github.com/muffinresearch/payment-icons,0,0,0,0,0,0,0,0,0,0,0,0,0,0,0,0,0,0,0,0,0,0,0,0,0,0,0,0,0,0,0,0,0,0,0,0,0,0,0,0,0,0,0,0,0,0,0,0,46542,41315,47912,45191,38165,42895,35377,37458,41160,43341,37138,41778,40037,43237,40739,44328,43543,33951,41140,39695,42655,40145,47488,45997,0,3,1,1,2,2,1,0,1,0,2,0,0,3,1,2,0,1,1,0,1,0,2,1,1,2,0,1,1,0,1,0,1,0,1,0,0,0,1,1,0,0,1,0,0,0,0,0,7.03,10,13,12
tinymath,2022-06-27,https://github.com/elastic/tinymath,0,0,0,2,0,0,0,0,0,0,0,0,0,0,0,1,0,0,0,0,0,1,0,0,0,1,0,0,0,0,0,0,0,2,0,1,0,1,0,0,0,0,0,0,0,0,0,0,6262,5961,5861,6213,5532,6513,6373,5748,8435,12162,14651,13822,8821,17904,17409,26041,29182,34647,23717,14492,12010,17658,27758,36907,0,1,0,1,0,0,0,0,1,0,0,0,0,0,0,0,0,0,0,0,0,0,0,0,0,1,0,0,0,0,0,0,0,0,0,0,0,0,0,0,0,1,0,0,0,0,0,0,4.53,7,25,5
clorox,2022-04-12,https://github.com/jorgebucaran/clorox,0,0,0,0,0,0,0,0,0,0,0,0,0,0,0,0,0,0,0,0,0,0,0,0,0,0,0,0,0,0,0,0,0,0,0,0,0,0,0,0,0,0,0,0,0,0,0,0,19244,17970,16954,15506,13621,16051,13412,12191,10527,10004,10318,9973,9982,12947,12684,14996,13762,15036,17050,12977,14686,13878,16138,13711,5,16,39,6,18,104,77,24,6,15,15,7,10,18,13,17,9,13,9,8,9,7,7,9,1,0,2,0,2,3,2,0,0,1,0,0,0,1,1,0,0,1,1,0,1,0,0,1,4.5,20,8,21
cordova-plugin-globalization,2023-01-06,https://github.com/apache/cordova-plugin-globalization,0,0,1,0,0,0,0,0,0,0,0,0,0,0,0,0,0,0,0,0,0,0,0,0,0,0,0,0,0,0,0,0,0,0,0,0,0,0,0,0,0,0,0,0,0,0,0,0,36834,38749,43155,34158,33133,36102,31880,35300,36551,37812,41200,37962,36907,45216,36385,35793,36006,32370,35755,30403,32288,26347,22279,27591,0,1,0,0,1,1,1,0,1,1,0,0,0,0,0,0,1,0,1,0,0,0,0,0,0,0,1,1,0,0,1,0,0,0,0,0,0,0,0,0,0,0,1,0,1,0,0,0,7.93,30,25,23
loadsh,2022-12-13,https://github.com/lodash/lodash,9,9,22,7,11,4,8,6,9,6,9,1,9,10,15,7,12,9,11,2,9,5,12,1,13,3,11,0,10,4,10,6,11,4,9,7,10,2,6,4,16,20,13,8,14,6,6,4,22330,24252,23957,33073,27412,29321,29904,31284,26005,26397,27292,26153,26562,26664,35450,31105,34401,32762,33798,33336,30219,36295,34336,30897,344,331,366,401,323,319,304,319,351,289,315,274,264,287,290,271,290,216,263,234,520,256,216,219,65,61,62,73,39,57,54,49,57,51,43,44,34,48,42,51,47,32,31,37,40,31,26,32,4.25,30,5,413
jquery-jcrop,2022-06-19,https://github.com/tapmodo/Jcrop,0,0,2,0,3,0,0,0,0,0,0,0,0,1,0,0,1,0,0,0,1,0,0,0,0,0,1,0,0,0,0,0,0,0,0,0,0,0,1,0,0,0,0,0,1,0,0,0,29904,29341,21605,23362,23041,23490,22393,22140,22993,26888,19216,22040,21214,24278,22082,24849,29496,24567,25959,25436,24518,19866,19970,21844,3,2,4,8,9,3,4,7,5,3,2,3,6,5,1,5,3,8,4,4,2,2,3,5,2,3,2,3,1,1,3,1,2,4,1,0,1,1,0,1,0,0,0,1,0,2,1,0,7.04,13,3,9
notevil,2022-06-22,https://github.com/mmckegg/notevil,0,0,1,0,0,1,0,0,0,0,0,0,0,0,0,0,0,0,0,0,0,0,0,0,0,0,0,0,0,0,0,0,0,0,0,0,0,0,0,0,0,0,0,0,0,0,0,0,18064,18622,15552,17613,16933,19189,14140,15910,15375,18273,17605,19189,15559,19500,14991,21848,25196,30123,19785,18329,20616,18585,20910,23130,0,2,1,0,0,1,2,0,1,1,1,0,0,0,0,0,0,1,0,0,0,1,0,0,0,1,0,0,0,0,1,0,0,0,0,0,0,0,0,0,0,0,0,0,0,0,0,0,8.64,5,19,36
cypress-drag-drop,2024-06-09,https://github.com/4teamwork/cypress-drag-drop,0,0,0,2,1,0,3,1,0,0,1,0,1,0,1,0,0,0,0,0,1,0,0,0,0,0,0,0,0,0,0,0,0,0,2,0,0,0,2,1,1,0,0,0,0,0,0,0,19153,19628,22996,20157,20659,19416,17622,21205,19150,19396,18417,20471,20035,21285,20283,21447,31436,35525,36114,25279,28709,34858,34483,36554,3,0,1,3,1,0,2,0,2,3,0,3,0,1,1,1,0,0,1,2,1,0,0,0,1,2,0,1,0,0,0,0,1,0,1,1,0,0,0,0,1,0,1,1,0,0,0,0,5.47,19,3,4
corslite,2022-06-14,https://github.com/mapbox/corslite,0,0,0,0,0,0,0,0,0,0,0,0,0,0,0,0,0,0,0,0,0,0,0,0,0,0,0,0,0,0,0,0,0,0,0,0,0,0,0,0,0,0,0,0,0,0,0,0,15562,19879,20887,20174,17707,21322,17713,19066,18284,18943,17514,17914,16679,18972,17040,17400,21065,20273,20217,21805,23470,20154,20788,20912,0,0,0,0,0,0,0,1,0,0,0,0,0,0,0,0,0,0,0,0,0,0,0,0,0,0,0,0,0,0,0,0,0,0,0,0,0,0,1,0,0,0,0,0,1,0,0,0,9.19,5,8,30
graphql-server-express,2022-06-18,https://github.com/apollographql/apollo-server,29,121,43,85,27,65,23,71,19,48,14,45,14,40,46,42,16,71,20,86,14,72,26,108,16,91,12,98,22,81,19,89,22,83,17,45,12,48,13,43,13,61,12,40,5,34,4,25,83843,88627,61412,47704,45806,51109,40438,39290,39634,40296,35635,37364,36051,39855,35929,35588,33703,27825,26874,24053,45584,22746,27439,25811,113,113,106,94,89,90,103,100,104,87,99,110,86,69,73,77,71,65,66,75,77,61,40,48,20,27,12,24,16,16,13,23,14,23,15,12,7,6,9,13,10,10,15,12,17,7,11,11,5.65,30,44,100
@turf/line-distance,2024-06-22,https://github.com/Turfjs/turf,4,3,12,4,8,12,8,9,12,11,9,4,4,6,8,7,7,1,8,1,5,4,5,5,8,19,10,23,8,6,6,9,10,4,11,14,14,5,10,6,8,5,8,5,8,3,14,6,15242,13754,14017,16166,17378,15852,11469,16262,17588,17396,19897,19634,18534,24740,20277,20331,22401,15776,23264,21662,24379,29888,33767,33882,78,78,62,80,73,71,52,84,68,60,79,67,94,106,69,71,83,70,60,54,64,67,65,63,7,9,9,6,4,4,6,7,7,8,4,1,11,1,5,6,3,6,7,6,7,4,3,11,7.96,30,32,19
@volar/vue-language-service-types,2023-07-17,https://github.com/johnsoncodehk/volar,0,0,0,0,0,0,0,0,0,0,0,0,0,0,0,0,0,0,0,0,0,0,0,0,0,0,0,0,0,0,0,0,0,0,0,0,0,0,0,0,0,0,0,0,0,0,0,0,8235,13858,10954,10979,18295,18625,28340,31321,32995,25454,22037,17693,18347,16622,15995,12611,12479,15352,15915,11654,11408,17843,17857,25842,142,134,141,222,115,90,83,117,50,105,109,72,125,50,57,47,55,43,46,198,105,89,60,100,16,6,7,20,7,11,13,9,8,11,11,6,5,3,5,6,5,6,5,23,13,6,14,6,1.34,30,69,9
ipfs-api,2022-06-19,https://github.com/ipfs/js-ipfs-api,0,0,0,0,0,0,0,0,0,0,0,0,0,0,0,0,0,0,0,0,0,0,0,0,0,0,0,0,0,0,0,0,0,0,0,0,0,0,0,0,0,0,0,0,0,0,0,0,7299,8161,8641,8073,8346,8838,9601,9884,10331,12842,12364,12838,8639,11984,11879,10212,9499,11548,8606,8974,12983,14594,12581,14820,1,2,3,2,2,1,1,1,4,0,2,1,1,1,2,1,4,1,1,0,1,2,1,0,1,1,0,1,0,1,1,2,2,0,0,0,0,0,2,0,2,0,0,0,0,1,0,0,7.58,30,181,298
stimulus-password-visibility,2024-03-22,https://github.com/stimulus-components/stimulus-password-visibility,0,0,0,0,0,0,0,0,0,0,0,0,0,0,0,0,0,0,0,0,0,0,0,0,0,0,0,0,0,0,0,0,0,0,0,0,0,0,0,0,0,0,0,0,0,0,0,0,12341,11096,11574,16195,37967,36941,27013,34859,24078,20481,26737,25469,25762,25044,20254,21873,20945,19676,22659,36737,38946,40665,54349,69274,0,1,0,0,0,1,0,0,0,2,0,0,0,0,0,0,0,0,1,0,0,0,0,0,0,0,0,0,0,0,0,0,0,0,0,0,0,0,0,0,0,0,0,0,0,0,0,0,2.6,1,6,2
@types/prosemirror-collab,2022-10-26,https://github.com/DefinitelyTyped/DefinitelyTyped,16,460,20,444,13,341,25,439,20,427,25,459,21,338,12,358,21,349,21,349,21,425,22,346,13,291,7,222,12,319,11,308,17,321,4,329,10,186,5,238,12,234,9,242,15,274,17,305,38444,42463,44588,52537,58354,72713,74869,70476,78448,77006,79440,68398,86430,64784,56745,43812,46671,44306,43261,45315,50993,51892,32430,31027,414,406,396,387,397,445,440,502,411,424,428,441,392,375,468,413,487,396,328,321,330,324,344,273,259,221,214,235,217,237,229,208,219,188,206,213,197,146,199,211,178,174,107,149,127,122,124,136,5.63,30,11,30
@material/mwc-fab,2024-04-04,https://github.com/material-components/material-components-web-components,0,0,0,0,0,0,0,0,0,0,0,0,0,0,0,0,0,0,0,0,0,0,0,0,0,0,0,0,0,0,0,0,0,0,0,0,0,0,0,0,0,0,0,0,0,0,0,0,39634,56328,59450,60381,52439,45074,50800,32106,31714,37761,32232,34450,21686,17468,17645,17336,19944,25142,17307,13278,18889,18528,21400,28241,231,289,257,344,299,302,341,266,159,167,168,216,140,150,144,102,151,88,97,100,78,79,127,93,15,23,13,15,14,15,23,15,17,20,12,14,15,15,13,10,18,15,11,9,9,11,11,11,5.91,30,721,71
react-fa,2022-06-25,https://github.com/andreypopp/react-fa,0,0,0,2,0,0,0,1,0,0,0,0,0,0,0,0,0,0,0,0,0,0,0,0,0,0,0,0,0,0,0,0,0,1,0,1,0,0,0,0,0,0,0,0,0,0,0,0,27831,29255,30590,29567,31052,30869,26568,29112,29818,33909,28850,26897,25457,30113,28997,28553,32598,26703,24819,25305,38200,34502,40572,40020,0,0,0,0,0,0,0,0,0,0,0,0,0,0,0,0,0,0,0,0,1,0,0,0,0,0,0,0,0,0,1,0,0,0,0,0,0,1,0,0,0,0,0,0,0,0,0,0,7.81,14,18,70
@bull-monitor/root,2023-12-07,https://github.com/s-r-x/bull-monitor,1,0,1,3,0,0,0,0,0,0,0,0,1,0,1,0,2,2,2,0,3,1,1,0,0,0,0,0,0,0,0,0,0,0,0,0,0,0,0,0,0,0,0,0,0,0,0,0,21841,17919,17366,20391,19685,21807,20763,21550,25090,26255,26299,24716,24422,25551,22836,22486,21150,18659,23752,23731,23824,27519,23238,21007,3,2,2,5,2,4,1,2,4,2,2,2,0,0,0,5,2,0,0,0,1,0,0,0,2,2,2,0,0,0,0,0,3,1,2,2,0,0,0,2,0,0,0,0,0,0,0,0,2.62,9,94,8
image-promise,2024-06-11,https://github.com/fregante/image-promise,0,1,0,0,0,0,0,0,0,0,0,0,0,0,0,0,0,0,0,0,0,0,0,0,0,0,0,0,0,0,0,0,0,0,0,0,0,0,0,0,0,0,0,0,0,0,0,0,14792,13974,11755,12238,12996,11676,10840,10908,11042,10733,11803,12458,13218,10799,14840,18425,14313,12160,16261,14558,15844,16448,21292,31129,0,0,1,1,0,1,0,0,0,0,0,1,2,1,0,0,0,0,0,0,0,0,0,0,1,0,0,0,0,0,0,0,0,0,0,0,0,0,0,0,0,0,0,0,0,0,0,0,8.19,5,22,20
@types/hapi__wreck,2022-04-07,https://github.com/hapijs/wreck,0,0,0,0,0,0,0,0,0,1,0,0,1,0,1,0,0,1,0,0,0,0,0,2,0,1,0,0,0,0,0,0,0,0,0,2,0,0,0,0,0,0,0,0,0,1,0,1,6129,5585,5996,5889,6169,5695,4525,4766,4781,4855,5120,3670,4238,3231,2655,2690,3349,4378,4948,3856,4464,3258,3278,3751,1,0,2,1,0,0,1,1,0,0,1,0,0,0,0,0,1,1,1,0,0,0,1,0,0,1,0,0,0,1,0,0,0,1,0,1,0,0,0,0,1,1,0,0,1,0,0,0,2.99,30,4,7
@types/gapi.client.sheets,2023-03-15,https://github.com/DefinitelyTyped/DefinitelyTyped,17,431,18,389,21,355,22,324,17,372,22,422,22,334,21,395,14,354,12,251,6,296,12,297,9,334,8,217,8,195,11,239,9,242,13,261,14,306,17,243,9,393,14,274,18,337,7,345,11308,11640,21949,24204,19994,26923,28907,33943,31091,26455,28853,35585,30376,25976,21591,21745,20551,18149,17497,17307,12560,18217,24925,21606,436,437,509,439,405,430,439,410,387,385,439,444,434,336,345,323,316,330,297,288,273,297,295,272,219,233,208,220,202,199,226,206,194,172,180,208,176,125,136,131,135,123,128,123,109,94,150,136,5.43,30,22,10
stimulus-rails-autosave,2024-03-23,https://github.com/stimulus-components/stimulus-rails-autosave,0,0,0,0,0,0,0,0,0,0,0,0,0,0,0,0,0,0,0,0,0,0,0,0,0,0,0,0,0,0,0,0,0,0,0,0,0,0,0,0,0,0,0,0,0,0,0,0,10717,8036,7397,9287,8302,8292,19306,27856,48416,54527,68164,64148,62940,57446,36647,25888,22853,18680,28672,27640,27309,30418,30125,29040,1,0,0,0,0,0,0,0,3,1,2,0,0,1,1,2,0,0,0,0,0,1,0,0,0,0,0,0,0,0,0,0,0,0,0,0,0,0,0,0,0,0,0,0,0,0,0,0,3.36,2,9,2
@material/mwc-snackbar,2024-04-04,https://github.com/material-components/material-components-web-components,0,0,0,0,0,0,0,0,0,0,0,0,0,0,0,0,0,0,0,0,0,0,0,0,0,0,0,0,0,0,0,0,0,0,0,0,0,0,0,0,0,0,0,0,0,0,0,0,33250,42327,40044,39174,29256,25596,37171,22297,21278,26044,24473,24050,22300,20245,21831,18605,22162,21337,19468,14439,18234,20435,26477,29921,231,289,257,344,299,302,341,266,159,167,168,216,140,150,144,102,151,88,97,100,78,79,127,93,15,23,13,15,14,15,23,15,17,20,12,14,15,15,13,10,18,15,11,9,9,11,11,11,4.83,30,709,46
capsize,2022-04-12,https://github.com/seek-oss/capsize,0,0,0,0,1,0,0,0,1,4,0,2,2,1,3,1,2,3,0,4,2,2,2,4,0,0,0,2,0,5,0,0,0,1,0,5,2,16,2,1,1,0,0,9,1,3,0,0,33299,38653,40202,30446,33052,28370,26646,25142,20117,25691,25935,24130,17475,14668,12922,14135,12465,11421,11234,9520,10797,13207,14033,10902,31,6,2,5,18,23,30,16,75,17,21,27,13,23,26,20,21,68,27,25,20,27,22,32,0,0,0,0,1,0,2,0,1,0,1,2,0,0,1,0,1,1,1,2,1,0,2,1,1.93,23,7,29
@types/chartjs,2022-06-13,https://github.com/DefinitelyTyped/DefinitelyTyped,37,541,24,490,26,504,20,450,14,662,17,408,18,365,25,453,21,401,19,452,16,420,23,342,21,380,18,396,21,335,25,389,12,388,13,267,5,251,12,320,15,344,10,309,7,258,10,197,19189,17747,18026,21854,20831,21849,21089,22288,22956,27809,26001,26874,23646,24429,23490,27843,79212,21941,26971,34755,32779,30358,30764,29968,666,429,413,506,463,419,368,424,372,403,466,507,416,441,419,412,415,375,435,441,417,459,385,332,248,238,260,238,265,254,202,235,229,226,238,201,207,209,195,217,207,181,164,201,193,178,146,126,6.07,30,13,21
edgegrid,2022-08-22,https://github.com/akamai-open/AkamaiOPEN-edgegrid-node,0,0,0,0,0,0,0,0,0,0,0,0,0,0,0,0,0,0,0,0,0,0,0,0,0,0,0,0,0,0,0,0,0,0,0,0,0,0,0,0,0,0,0,0,0,0,0,0,59862,69528,73386,67702,67084,73151,68624,74723,62897,65162,59848,59036,53467,48788,47343,36892,33648,32881,32768,27696,29121,31579,29853,28200,0,0,0,2,0,1,1,1,0,0,0,0,0,1,0,0,0,0,0,1,0,0,0,0,1,1,0,0,1,2,1,0,0,0,0,0,0,0,0,1,0,1,0,0,1,0,0,0,8.17,5,29,24
esbuild-plugin-glob,2023-08-30,https://github.com/waspeer/esbuild-plugin-glob,0,0,1,1,0,1,0,1,0,1,0,1,0,0,0,0,0,0,0,0,0,1,0,2,0,0,0,0,0,0,0,0,0,0,0,1,0,1,0,0,0,0,0,0,0,0,0,0,9684,7888,7339,9441,8067,10186,14653,14693,13707,21092,21940,20482,10354,13400,12443,9300,9898,9998,10378,10564,10441,7972,14094,17260,1,1,0,0,1,0,0,0,0,0,0,1,0,0,0,0,0,0,0,0,0,0,0,0,0,0,0,0,0,0,0,0,0,0,0,0,0,0,0,0,0,0,0,0,0,0,0,0,2.16,7,24,53
prex,2022-09-13,https://github.com/rbuckton/prex,0,0,0,0,0,0,0,0,0,0,0,0,0,1,0,0,0,0,0,1,0,0,0,0,0,0,0,0,0,1,0,1,0,0,0,1,0,0,0,0,0,0,0,0,0,0,0,0,19667,18917,15842,17300,22215,23777,26127,22280,23159,22087,22860,29863,26557,18247,16934,17811,15946,21813,19055,22388,23544,20324,26380,23709,0,2,0,0,0,1,1,1,0,1,0,1,0,1,0,0,0,1,0,0,1,0,0,0,0,0,0,0,0,0,0,1,0,0,0,0,0,0,0,0,0,0,0,0,0,0,0,0,6.49,2,14,62
filesaver.js,2022-06-18,https://github.com/eligrey/FileSaver.js,9,0,3,1,2,3,5,0,3,0,4,0,1,1,6,0,6,0,0,1,3,0,3,1,3,1,2,0,0,5,3,1,2,1,1,1,1,2,1,0,2,1,3,0,1,0,2,0,18114,17963,19840,19658,17933,17844,15358,16375,16465,18160,18894,22665,25909,35334,38691,37544,35189,18771,17016,20064,25281,19661,21693,18409,169,192,188,195,181,155,145,150,223,181,127,165,132,140,113,126,160,96,123,119,130,128,82,102,36,45,48,46,27,24,36,30,34,37,32,29,20,26,11,17,18,12,18,20,18,17,8,9,8.73,30,5,49
jwt,2024-05-16,https://github.com/mattrobenolt/jwt-node,0,0,0,0,0,0,0,0,0,0,0,0,0,0,0,0,0,0,0,0,0,0,0,0,0,0,0,0,0,0,0,0,0,0,0,0,0,0,0,0,0,0,0,0,0,0,0,0,5578,5326,5147,5202,4975,5516,5598,5713,5995,6228,6639,6526,6291,6466,6201,6177,6679,6383,6812,7296,7532,10473,18166,33060,0,0,1,0,0,0,0,0,1,0,0,0,0,0,0,0,0,0,0,0,0,0,0,0,0,1,0,0,0,0,0,0,0,0,0,0,0,0,0,0,0,0,0,0,0,0,0,0,12.8,1,2,6
@panva/jose,2022-04-06,https://github.com/panva/jose,4,0,3,3,3,1,2,1,1,1,6,2,7,1,4,4,0,0,0,0,6,1,3,2,3,5,1,0,1,0,0,3,1,0,1,1,2,2,1,0,1,1,1,2,4,3,3,0,22753,20547,21217,23162,21683,22024,20351,22080,20863,20051,19891,18417,18316,16684,16298,14689,16236,17588,16498,11376,14363,16102,20475,14653,67,55,60,63,59,66,90,95,77,86,168,88,77,83,86,94,93,78,109,88,102,120,86,132,8,8,4,10,4,4,3,7,11,5,8,8,7,9,8,6,7,7,4,5,2,5,8,6,3.1,30,30,34
watson-developer-cloud,2023-01-07,https://github.com/watson-developer-cloud/node-sdk,1,28,0,2,0,3,0,3,1,5,0,4,0,0,0,9,0,0,0,1,0,2,1,5,0,0,0,6,0,0,0,1,0,0,0,0,0,0,0,1,0,1,1,1,2,0,1,0,135749,111087,134806,207891,151534,183722,97995,138150,195509,160390,113032,82602,15195,26688,25183,13070,12524,11868,9073,9880,10091,16978,29313,36440,1,5,2,3,0,0,1,2,1,0,2,1,3,4,2,0,1,0,0,1,1,2,3,0,2,1,0,4,0,0,0,2,3,0,1,0,1,0,2,0,2,1,0,0,0,0,0,1,7.89,30,220,138
mongoose-double,2022-06-20,https://github.com/aheckmann/mongoose-double,0,0,0,0,0,0,0,0,0,0,0,0,0,0,0,0,0,0,0,0,0,0,0,0,0,0,0,0,0,0,0,0,0,0,0,0,0,0,0,0,0,0,0,0,0,0,0,0,16053,14421,14902,12787,13197,14518,11751,12237,12147,14959,13483,18085,21444,16764,14936,13259,15747,14835,11711,9784,11074,23778,12027,9630,0,0,0,0,0,0,0,0,0,0,0,0,0,0,0,0,0,0,0,0,0,0,0,0,0,0,0,0,0,0,0,0,0,1,0,0,1,1,0,1,0,0,0,0,1,0,0,0,9.59,5,2,14
react-pdf-js,2022-06-26,https://github.com/mikecousins/react-pdf-js,0,7,0,6,0,0,1,1,0,0,1,0,1,0,0,1,0,2,0,0,0,0,0,0,2,5,1,9,1,10,1,10,0,8,0,5,1,14,1,10,1,6,1,6,0,0,0,1,33405,30709,31733,31212,30437,30114,25196,26871,28288,36502,27483,29384,25390,142085,135040,121779,113701,90367,115639,122304,222617,183964,192941,211974,6,3,4,4,5,10,1,2,8,6,2,1,5,3,11,5,7,1,6,5,9,7,13,8,0,0,0,1,1,0,1,0,1,1,2,1,0,2,2,0,1,0,3,1,0,0,0,1,6.2,30,74,44
ethers-utils,2022-06-17,https://github.com/ethers-io/ethers.js,36,10,33,7,50,9,37,14,47,5,40,15,39,9,55,12,42,14,38,11,47,8,37,10,38,8,36,14,23,7,36,10,26,12,23,11,33,10,77,21,52,17,39,11,45,7,48,16,5191,4789,3721,4773,4066,5002,3331,3600,2230,2154,2344,3518,2815,3729,3432,2942,10358,2729,2964,3760,6066,9926,9260,1808,144,119,169,177,159,211,251,284,251,198,232,248,156,176,154,144,134,100,117,133,149,128,92,131,32,26,27,29,25,35,40,35,39,41,26,32,32,30,27,36,31,30,20,40,36,27,26,41,5.93,14,19,24
vuepress-plugin-typedoc,2024-05-03,https://github.com/tgreyuk/typedoc-plugin-markdown,0,0,0,0,0,0,0,0,0,0,0,0,0,0,0,0,0,0,0,0,0,0,0,0,0,0,0,0,0,0,0,0,0,0,0,0,0,0,0,0,0,0,0,0,0,0,0,0,1374,1063,1657,1437,2364,2524,2254,1752,2579,2955,3676,4109,3304,3643,2881,3174,5240,19453,3798,3577,4041,3772,8492,9929,18,8,20,8,17,15,12,14,7,11,7,12,20,15,5,9,12,10,8,11,11,8,9,8,1,0,1,3,4,5,3,1,1,2,1,0,3,0,2,2,0,2,3,3,0,0,1,1,3.7,30,26,37
pngjs2,2022-06-24,https://github.com/lukeapage/pngjs2,0,0,0,0,0,0,0,0,0,0,0,0,0,0,0,0,0,0,0,0,0,0,0,0,0,0,0,0,0,0,0,0,0,0,0,0,0,0,0,0,0,0,0,0,0,0,0,0,21120,19074,21692,25568,25117,25687,22534,20785,24020,23865,21592,25708,21959,24492,21504,21250,21079,17559,20252,18150,20350,15540,16686,16855,6,5,7,6,7,8,4,5,5,3,7,9,6,5,8,5,4,5,9,10,7,10,7,7,1,0,2,0,1,1,0,2,0,0,0,2,1,1,2,0,1,2,1,0,3,1,2,0,6.89,30,9,26
stimulus-character-counter,2024-02-26,https://github.com/stimulus-components/stimulus-character-counter,0,0,0,0,0,0,0,0,0,0,0,0,0,0,0,0,0,0,0,0,0,0,0,0,0,0,0,0,0,0,0,0,0,0,0,0,0,0,0,0,0,0,0,0,0,0,0,0,5321,6489,8183,5765,6660,8356,18975,9421,13036,13452,8716,11520,7522,7506,7451,10177,12952,12399,11116,11701,11648,7654,12139,34898,0,0,1,0,1,0,0,0,0,0,0,1,1,1,0,0,0,0,0,0,0,0,0,0,0,0,0,0,0,0,0,0,0,0,0,0,1,0,0,0,0,0,0,0,0,0,0,0,3.31,2,7,2
locize-editor,2022-08-07,https://github.com/locize/locize-editor,0,1,0,0,0,0,0,2,0,0,0,0,0,0,0,0,0,0,0,0,0,0,0,1,0,0,0,0,0,0,0,1,0,1,0,0,0,1,0,2,0,0,0,0,0,0,0,0,19427,21529,21085,21724,18789,20244,19360,23981,21573,20883,22031,17282,17311,15584,13372,12735,12703,14926,19067,14833,13896,12033,13542,15561,0,0,0,0,0,0,0,0,0,1,0,0,0,0,0,0,0,0,0,0,0,0,0,0,0,0,0,0,0,0,0,0,0,0,1,0,0,0,0,0,0,0,0,0,0,0,0,0,5.44,7,32,10
camunda-saas-oauth,2024-04-08,https://github.com/camunda-community-hub/camunda-saas-oauth-nodejs,1,0,0,0,0,0,0,0,0,0,0,0,0,0,2,11,1,2,0,0,0,0,0,0,0,0,0,0,0,0,0,0,0,0,0,0,0,0,0,0,0,0,0,0,0,0,0,0,6522,7381,9966,14475,16850,77659,82637,65170,61970,87814,72340,80358,9624,13634,15113,18119,16543,21814,16549,18756,18345,21647,21647,24857,0,0,0,0,0,0,0,0,0,0,0,1,0,0,0,0,0,0,0,0,0,0,0,0,0,0,0,0,0,0,0,0,0,0,0,0,0,0,0,0,0,0,0,0,0,0,0,0,1.4,4,9,7
vscode-dts,2023-06-05,https://github.com/microsoft/vscode-dts,0,0,0,0,0,0,0,0,0,0,0,0,0,0,0,0,1,0,0,4,0,0,0,0,0,0,0,0,0,0,2,0,0,0,0,0,1,0,0,0,0,1,0,0,0,0,0,0,8246,8170,9495,8566,11246,11758,7567,8893,9827,12177,11111,10513,8702,9138,18922,10349,8126,6825,9744,9596,6935,7302,6916,7602,1,0,1,0,0,1,0,0,2,1,1,0,2,0,1,0,2,5,1,1,1,0,0,0,0,0,0,1,0,2,0,0,0,1,0,0,0,0,0,0,1,0,0,0,1,0,0,0,4.04,9,7,5
@nearform/doctor,2024-03-01,https://github.com/clinicjs/node-clinic-doctor,0,4,0,0,0,0,0,0,0,1,0,0,0,0,0,0,0,0,0,0,0,0,0,0,0,0,0,0,0,0,0,0,0,0,0,0,0,0,0,0,0,0,0,0,0,0,0,0,49674,38052,32460,20408,22407,23128,21778,18735,14207,15629,17283,17450,9026,10038,9340,12926,20029,21338,22243,25464,18634,16673,17854,21298,3,0,0,1,1,0,0,0,0,3,1,0,1,0,0,0,0,0,1,1,4,0,0,2,1,0,0,1,0,1,0,0,0,1,3,0,0,0,0,0,0,0,1,0,0,0,0,0,5.61,28,45,6
camunda-8-credentials-from-env,2024-04-08,https://github.com/camunda-community-hub/camunda-8-credentials-from-env,0,0,0,0,0,0,0,0,0,0,0,0,0,1,1,7,0,1,0,0,0,0,0,0,0,0,0,0,0,0,0,0,0,0,0,0,0,0,0,0,0,0,0,0,0,0,0,0,6579,7384,9966,14476,16859,77648,82641,65007,61925,87749,72319,80367,9616,13611,15093,18050,16467,21727,16493,18749,18329,21650,21643,24846,0,0,0,0,0,0,0,0,0,0,0,1,0,0,0,0,0,0,0,0,0,0,0,0,0,0,0,0,0,0,0,0,0,0,0,0,0,0,0,0,0,0,0,0,0,0,0,0,1.4,3,7,7
react-multi-split-pane,2023-08-24,https://github.com/neoraider/react-multi-split-pane,0,0,0,0,0,0,0,0,0,0,0,0,0,0,0,0,0,0,0,0,0,0,0,0,0,0,0,0,0,0,0,0,0,0,0,0,0,0,0,0,0,0,0,0,0,0,0,0,2856,3749,3888,3053,3155,3600,3585,4066,2993,3115,2784,2733,3117,3395,3484,4140,3965,4815,6879,8236,10577,12897,10896,10374,2,0,0,3,2,0,0,0,0,0,1,0,0,0,0,0,0,0,0,0,0,0,0,0,0,0,0,0,1,0,0,0,0,1,0,0,0,0,0,0,0,0,0,0,0,0,0,0,4.69,30,8,7
photo-sphere-viewer,2022-12-18,https://github.com/mistic100/Photo-Sphere-Viewer,8,1,20,4,6,3,13,1,9,3,8,2,13,3,8,4,22,2,15,4,6,6,7,4,13,15,12,21,12,20,13,22,11,10,9,15,14,10,15,17,15,16,28,10,13,8,15,12,14417,17433,18429,20970,18054,19538,21153,23892,33364,36878,36258,37707,43478,39916,43009,33160,33170,31552,28434,35304,27430,20324,15550,13142,21,7,17,18,14,20,25,25,23,20,21,17,15,23,31,22,24,29,24,25,27,26,22,25,6,9,7,13,10,11,15,9,8,11,9,12,3,17,17,11,13,15,9,8,17,15,10,10,6.15,6,50,33
graphql-server-core,2022-06-18,https://github.com/apollographql/apollo-server,29,121,43,85,27,65,23,71,19,48,14,45,14,40,46,42,16,71,20,86,14,72,26,108,16,91,12,98,22,81,19,89,22,83,17,45,12,48,13,43,13,61,12,40,5,34,4,25,9255,10493,9871,8735,8625,9243,8164,7887,7666,8512,7485,8262,11277,11476,10270,10120,9753,7121,6286,6062,5384,4421,5554,4579,113,113,106,94,89,90,103,100,104,87,99,110,86,69,73,77,71,65,66,75,77,61,40,48,20,27,12,24,16,16,13,23,14,23,15,12,7,6,9,13,10,10,15,12,17,7,11,11,5.65,30,39,29
@nearform/flame,2024-03-01,https://github.com/clinicjs/node-clinic-flame,0,4,0,1,0,0,0,0,0,1,0,0,0,0,0,0,0,0,0,0,0,0,0,0,0,0,0,0,0,0,0,0,0,0,0,0,0,0,0,0,0,0,0,0,0,0,0,0,48396,37042,31362,19728,21696,22473,21265,17991,13357,14764,16036,16653,8327,9670,8565,12579,19347,20393,21540,25184,17766,16312,17075,20988,0,0,1,1,0,0,0,0,0,2,0,0,0,0,0,0,0,0,0,0,1,2,0,1,0,1,0,0,0,0,0,0,0,0,0,0,0,0,0,0,0,0,0,0,0,0,0,0,5.61,18,39,6
dom-delegate,2022-06-15,https://github.com/ftlabs/ftdomdelegate,0,0,0,0,0,0,0,0,0,0,0,0,0,0,0,0,0,0,0,0,0,0,0,0,0,0,0,0,0,0,0,0,0,0,0,0,0,0,0,0,0,0,0,0,0,0,0,0,8288,7814,6648,6499,6690,6610,5383,6412,6803,7967,7126,8588,7513,6786,6006,6223,6035,4858,6089,7436,11187,7579,7745,8412,0,1,1,1,1,1,0,2,0,1,0,0,0,0,1,0,0,0,0,0,0,0,1,0,0,0,1,0,0,0,0,0,0,0,0,0,0,0,0,0,0,0,0,0,0,0,0,0,9.43,19,24,63
babel-preset-beemo,2022-08-16,https://github.com/beemojs/dev,0,0,0,0,0,0,0,0,0,0,0,0,0,0,0,0,0,1,0,1,0,0,0,0,0,0,1,0,0,0,0,0,0,1,0,1,0,0,0,0,0,0,0,0,0,0,0,0,1047,1419,1181,743,970,973,978,986,926,759,296,801,265,170,116,206,127,107,179,122,13,137,125,72,1,0,0,0,0,0,1,0,0,0,0,0,0,0,0,0,0,0,0,0,0,0,0,0,0,0,0,0,0,0,0,0,0,0,0,0,0,0,0,0,0,0,0,0,0,0,0,0,1.32,1,23,4
prettier-config-beemo,2022-08-16,https://github.com/beemojs/dev,0,0,0,0,0,0,0,0,0,0,0,0,0,0,0,0,0,1,0,1,0,0,0,0,0,0,1,0,0,0,0,0,0,1,0,1,0,0,0,0,0,0,0,0,0,0,0,0,963,1402,1113,680,877,914,1852,1116,954,2226,1006,1625,167,95,92,118,85,62,108,54,10,44,57,38,1,0,0,0,0,0,1,0,0,0,0,0,0,0,0,0,0,0,0,0,0,0,0,0,0,0,0,0,0,0,0,0,0,0,0,0,0,0,0,0,0,0,0,0,0,0,0,0,1.32,1,6,5
tsconfig-beemo,2022-08-16,https://github.com/beemojs/dev,0,0,0,0,0,0,0,0,0,0,0,0,0,0,0,0,0,1,0,1,0,0,0,0,0,0,1,0,0,0,0,0,0,1,0,1,0,0,0,0,0,0,0,0,0,0,0,0,977,1350,1160,681,879,927,1863,1138,954,2220,1006,1674,294,194,143,134,137,85,162,108,103,97,114,135,1,0,0,0,0,0,1,0,0,0,0,0,0,0,0,0,0,0,0,0,0,0,0,0,0,0,0,0,0,0,0,0,0,0,0,0,0,0,0,0,0,0,0,0,0,0,0,0,1.32,1,8,4
@google-cloud/functions-emulator,2022-06-12,https://github.com/GoogleCloudPlatform/cloud-functions-emulator,0,0,0,0,0,0,0,0,0,0,0,0,0,0,0,0,0,0,0,0,0,0,0,0,0,0,0,0,0,0,0,0,0,0,0,0,0,0,0,0,0,0,0,0,0,0,0,0,12534,10227,10223,8898,8243,7909,7093,7749,6451,7880,7005,6346,4285,5147,4455,4338,3911,5368,3954,4165,4719,4583,4285,3727,2,1,0,0,0,0,1,1,0,0,0,1,0,0,0,0,2,0,0,3,0,0,0,0,0,0,0,0,0,0,1,0,0,0,1,0,0,0,0,0,1,0,0,0,0,0,2,0,5.63,24,41,9
@nearform/bubbleprof,2024-03-01,https://github.com/clinicjs/node-clinic-bubbleprof,0,2,0,0,0,0,0,0,0,2,0,0,0,0,0,0,0,0,0,0,0,0,0,0,0,0,0,0,0,0,0,0,0,0,0,0,0,0,0,0,0,0,0,0,0,0,0,0,48504,37148,31570,19714,21733,22496,21285,18183,13911,15167,16249,16728,8362,9653,8832,12715,19526,20417,21584,24932,17896,16448,17163,21098,0,1,0,0,0,0,0,0,0,2,0,0,0,0,1,0,0,0,3,0,1,0,0,1,1,0,0,0,0,0,0,0,0,0,1,0,0,0,0,0,0,0,0,0,0,0,0,0,5.61,21,55,6
@turf/nearest,2024-06-22,https://github.com/Turfjs/turf,4,3,12,4,8,12,8,9,12,11,9,4,4,6,8,7,7,1,8,1,5,4,5,5,8,19,10,23,8,6,6,9,10,4,11,14,14,5,10,6,8,5,8,5,8,3,14,6,5539,5622,5809,6492,7022,6507,4429,5246,5848,4558,5238,6120,5325,6791,5824,5588,6538,5213,7534,6748,7366,15220,19162,18277,78,78,62,80,73,71,52,84,68,60,79,67,94,106,69,71,83,70,60,54,64,67,65,63,7,9,9,6,4,4,6,7,7,8,4,1,11,1,5,6,3,6,7,6,7,4,3,11,7.96,30,30,6
@kingshott/iodine,2022-11-04,https://github.com/mattkingshott/iodine,0,0,0,0,0,0,0,0,0,0,0,0,0,0,0,0,0,0,0,0,0,0,0,0,0,0,0,0,0,0,0,0,0,0,0,0,0,0,0,0,0,0,0,0,0,0,0,0,2012,2343,3011,4488,5163,3836,4388,7419,7113,9422,11467,9068,9042,11122,10556,7867,7622,5308,6316,6535,8282,6733,8788,6975,5,9,10,31,23,14,6,14,14,8,7,11,8,2,8,6,1,8,2,4,8,7,3,3,1,0,2,0,0,0,0,2,1,0,0,1,0,0,0,0,0,0,0,0,1,0,1,0,2.59,11,27,5
ethers-contracts,2022-06-17,https://github.com/ethers-io/ethers.js,36,10,33,7,50,9,37,14,47,5,40,15,39,9,55,12,42,14,38,11,47,8,37,10,38,8,36,14,23,7,36,10,26,12,23,11,33,10,77,21,52,17,39,11,45,7,48,16,2215,1816,1296,1866,726,1571,530,285,455,477,420,542,344,411,564,463,7159,490,548,1673,3134,7591,7349,564,144,119,169,177,159,211,251,284,251,198,232,248,156,176,154,144,134,100,117,133,149,128,92,131,32,26,27,29,25,35,40,35,39,41,26,32,32,30,27,36,31,30,20,40,36,27,26,41,5.2,14,15,14
@dicebear/avatars,2023-01-08,https://github.com/dicebear/dicebear,1,0,3,0,2,0,0,7,2,2,7,3,0,3,1,1,1,1,4,0,1,2,1,2,6,10,5,4,0,9,3,12,1,7,0,5,1,7,6,11,4,5,2,3,4,1,2,1,16844,18745,21555,22076,25869,27912,26966,32011,31768,29680,27313,23110,21414,20290,15806,15083,13775,12112,12732,12009,12400,9508,8689,9847,156,146,73,126,112,130,329,159,98,103,89,99,237,92,75,69,65,51,60,60,50,51,58,59,7,5,9,3,3,6,7,10,8,2,5,2,6,4,1,4,2,1,4,0,3,0,5,6,5.73,11,110,46
@webqit/subscript,2023-06-16,https://github.com/webqit/subscript,0,0,0,0,0,0,0,0,0,0,0,0,0,0,0,0,0,0,0,0,0,0,0,0,0,0,0,0,0,0,0,0,0,0,0,0,0,0,0,0,0,0,0,0,0,0,0,0,815,856,1315,690,413,228,415,559,1138,1386,328,672,239,2469,230,1217,212,30,167,102,20,28,130,21,2,3,0,0,0,1,0,1,5,0,0,0,3,0,0,0,1,3,3,4,2,1,1,1,1,0,0,0,0,0,0,0,0,0,0,0,0,0,0,0,0,0,0,0,0,0,0,0,2.52,3,90,7
remark-prettier,2023-07-16,https://github.com/remcohaszing/remark-prettier,0,0,1,0,0,0,0,0,0,0,0,0,0,0,0,0,0,0,0,0,0,0,0,0,0,0,0,0,0,0,0,0,0,0,0,0,0,0,0,0,0,0,0,0,0,0,0,0,8226,11159,11900,11442,9895,8633,11105,10851,11387,9004,11265,13752,6002,4106,4031,3681,4413,4907,3344,3785,4225,4052,3555,4192,0,1,0,0,0,1,0,1,0,0,0,0,0,0,0,0,0,0,0,0,0,0,0,0,0,0,0,0,0,0,0,0,0,0,0,0,0,0,0,0,0,0,0,0,0,0,0,0,2.35,1,4,14
wavesurfer,2022-06-28,https://github.com/katspaugh/wavesurfer.js,19,4,8,6,10,6,14,5,18,7,9,3,10,4,11,4,21,13,13,6,10,3,20,4,14,3,11,0,12,0,15,7,13,0,10,1,18,2,9,12,12,18,1,4,28,20,41,40,5586,4109,3586,3100,3902,4761,3933,4457,4439,4998,6196,5132,5956,6260,6454,6474,6807,3997,5165,5755,6365,5849,6522,5804,92,57,282,64,47,52,49,54,77,78,60,63,52,44,50,70,89,55,64,49,71,75,85,92,11,7,19,5,16,17,17,12,19,14,8,10,7,9,3,18,9,11,12,15,10,12,19,17,8.29,30,1,7
highlight,2022-06-18,https://github.com/andris9/highlight,0,0,0,0,0,0,0,0,0,0,0,0,0,0,0,0,0,0,0,0,0,0,0,0,0,0,0,0,0,0,0,0,0,0,0,0,0,0,0,0,0,0,0,0,0,0,0,0,6095,7653,7988,7613,6227,6484,6907,7607,6377,7047,8534,10931,12740,11080,11348,17907,16004,12116,12268,13388,18282,9910,12657,12986,0,0,0,0,0,0,0,0,0,0,0,1,0,0,0,1,0,0,0,0,0,0,0,0,0,0,0,0,0,0,0,0,1,0,0,0,0,0,0,0,0,0,0,0,0,0,0,0,11.04,4,6,269
@esss-swap/duo-validation,2022-04-05,https://github.com/UserOfficeProject/user-office-lib,0,1,0,2,0,9,0,11,0,9,0,3,0,6,0,3,0,16,0,6,0,4,0,6,0,2,0,13,0,4,0,5,0,5,0,4,0,1,0,1,0,3,0,0,0,6,0,0,1067,1181,1367,1584,1183,1322,793,1323,656,410,139,116,231,88,297,558,468,312,157,163,190,116,197,147,0,0,0,0,0,0,0,0,0,0,0,0,0,0,0,0,0,0,0,0,0,0,0,0,0,0,0,0,0,0,0,0,0,0,1,0,0,0,0,0,0,0,0,0,0,0,0,0,1.85,23,75,3
@types/gapi.client.gmail,2023-03-15,https://github.com/DefinitelyTyped/DefinitelyTyped,17,431,18,389,21,355,22,324,17,372,22,422,22,334,21,395,14,354,12,251,6,296,12,297,9,334,8,217,8,195,11,239,9,242,13,261,14,306,17,243,9,393,14,274,18,337,7,345,6577,6398,7665,8466,9048,12749,10678,4892,7687,4903,4735,5967,5143,6211,7204,7596,5674,4948,6567,5237,5652,4215,3015,2962,436,437,509,439,405,430,439,410,387,385,439,444,434,336,345,323,316,330,297,288,273,297,295,272,219,233,208,220,202,199,226,206,194,172,180,208,176,125,136,131,135,123,128,123,109,94,150,136,5.43,30,6,4
@esss-swap/duo-message-broker,2022-04-05,https://github.com/UserOfficeProject/user-office-lib,0,1,0,2,0,9,0,11,0,9,0,3,0,6,0,3,0,16,0,6,0,4,0,6,0,2,0,13,0,4,0,5,0,5,0,4,0,1,0,1,0,3,0,0,0,6,0,0,548,451,458,609,335,644,510,771,346,153,111,62,31,16,32,59,67,82,28,28,31,39,73,22,0,0,0,0,0,0,0,0,0,0,0,0,0,0,0,0,0,0,0,0,0,0,0,0,0,0,0,0,0,0,0,0,0,0,1,0,0,0,0,0,0,0,0,0,0,0,0,0,1.49,23,9,3
scijs-window-functions,2022-06-26,https://github.com/scijs/window-functions,0,0,0,0,0,0,0,0,0,0,0,0,0,0,0,0,0,0,0,0,0,0,0,0,0,0,0,0,0,0,0,0,0,0,0,0,0,0,0,0,0,0,0,0,0,0,0,0,3320,2859,5236,5512,4341,3527,3436,3923,3977,5565,8296,13936,10308,12023,11606,6184,4429,4452,5198,7209,9197,5528,3763,4838,0,0,0,1,0,1,0,0,0,0,0,1,0,0,0,0,1,1,1,0,0,2,0,0,0,0,0,0,0,0,0,0,0,0,0,0,0,0,0,0,0,0,0,0,0,1,0,0,7.12,3,10,9
@yfuks/react-native-action-sheet,2022-06-13,https://github.com/yfuks/react-native-action-sheet,0,0,0,0,0,1,0,1,0,0,0,0,0,0,1,0,0,0,0,0,0,1,0,0,0,0,0,0,0,0,0,1,0,0,0,2,0,0,0,0,0,0,0,0,0,0,0,0,6407,6547,5223,5074,5637,4547,4837,4594,4169,5557,5145,6080,5084,5447,6624,6628,9667,8277,6275,5261,6325,4692,6090,5543,1,0,0,0,1,1,0,0,0,0,0,0,0,0,0,0,1,0,0,0,0,0,0,0,0,0,0,0,0,0,0,0,1,0,0,0,0,0,0,0,0,0,0,0,0,0,0,0,5.66,12,5,6
@esss-swap/duo-localisation,2022-04-05,https://github.com/UserOfficeProject/user-office-lib,0,1,0,2,0,9,0,11,0,9,0,3,0,6,0,3,0,16,0,6,0,4,0,6,0,2,0,13,0,4,0,5,0,5,0,4,0,1,0,1,0,3,0,0,0,6,0,0,821,819,839,1076,580,851,706,1020,594,127,21,33,35,23,37,104,85,45,22,28,35,21,34,29,0,0,0,0,0,0,0,0,0,0,0,0,0,0,0,0,0,0,0,0,0,0,0,0,0,0,0,0,0,0,0,0,0,0,1,0,0,0,0,0,0,0,0,0,0,0,0,0,2.24,23,12,3
@esss-swap/duo-logger,2022-04-05,https://github.com/UserOfficeProject/user-office-lib,0,1,0,2,0,9,0,11,0,9,0,3,0,6,0,3,0,16,0,6,0,4,0,6,0,2,0,13,0,4,0,5,0,5,0,4,0,1,0,1,0,3,0,0,0,6,0,0,570,541,473,744,372,664,591,763,561,234,126,70,40,18,34,78,82,88,47,42,32,42,74,22,0,0,0,0,0,0,0,0,0,0,0,0,0,0,0,0,0,0,0,0,0,0,0,0,0,0,0,0,0,0,0,0,0,0,1,0,0,0,0,0,0,0,0,0,0,0,0,0,1.57,23,9,4
ava-fast-check,2022-06-23,https://github.com/dubzzz/ava-fast-check,0,5,0,0,0,2,0,3,0,4,0,4,0,3,1,8,0,3,0,7,0,3,0,4,0,0,0,0,0,0,0,0,0,0,0,0,0,0,0,0,0,0,0,0,0,0,0,0,1523,1422,1302,996,1302,1111,3147,4435,2574,3700,2889,3143,3510,1224,4718,9579,8254,6662,5450,430,516,362,491,440,0,0,0,0,4,0,0,0,0,0,1,0,0,0,0,0,1,0,0,0,0,0,0,0,0,0,0,0,0,0,0,0,0,0,0,0,0,0,0,0,0,0,0,0,0,0,0,0,3.79,9,12,85
then-read-stream,2022-06-27,https://github.com/Borewit/then-read-stream,0,0,0,0,0,0,0,0,0,0,0,0,0,0,0,0,0,0,0,0,0,0,0,0,0,0,0,0,0,0,0,0,0,0,0,0,0,0,0,0,0,0,0,0,0,0,0,0,3958,5053,4313,4767,4917,4724,4637,5516,4402,4859,4632,4629,3939,5281,5272,6911,11120,5557,5955,5961,6558,5492,4557,4622,0,0,0,0,0,0,0,0,0,1,1,0,0,0,0,0,0,0,0,0,0,0,0,0,0,0,0,0,0,0,0,0,0,0,0,0,0,0,0,2,1,0,0,0,0,1,0,0,5.02,5,37,4
@usefultools/monads,2022-04-07,https://github.com/qworks-io/monads,0,0,0,0,0,0,0,0,0,0,0,0,0,0,0,0,0,0,0,0,0,0,0,0,0,0,0,0,0,0,0,0,0,0,0,0,0,0,0,0,0,0,0,0,0,0,0,0,7896,14357,14511,11324,10510,16019,7272,7262,8282,8279,6122,13841,9495,6968,6812,7808,9142,5219,5266,4178,9075,8012,8686,7611,6,7,5,8,24,9,8,5,6,13,2,8,8,13,17,12,11,9,19,16,17,20,12,11,0,0,0,1,1,1,0,1,2,0,1,1,0,0,0,1,0,0,0,4,1,1,0,0,3.52,12,15,7
milstd,2023-02-24,https://github.com/spatialillusions/milstd,0,0,0,0,0,0,0,0,0,0,0,0,0,0,0,0,0,0,0,0,0,0,0,0,0,0,0,0,0,0,0,0,0,0,0,0,0,0,0,0,0,0,0,0,0,0,0,0,1282,2577,2307,1540,3795,2329,2867,5552,4406,2937,2823,4001,3122,3437,2214,2127,1734,1508,1464,1820,881,613,926,1135,0,0,0,0,0,0,0,0,0,0,0,0,0,0,0,0,0,0,0,0,0,0,1,0,1,1,0,0,0,0,0,0,0,0,0,0,0,0,0,0,0,0,0,0,0,0,0,0,4.83,1,7,8
@vrbo/pino-rotating-file,2023-09-06,https://github.com/expediagroup/pino-rotating-file,0,1,0,0,1,0,0,2,0,1,0,8,0,2,0,3,0,2,0,4,0,5,0,1,0,0,0,0,0,0,0,0,0,0,0,0,0,0,0,0,0,0,0,0,0,0,0,0,3368,2881,3602,5277,5167,5480,6058,7992,6829,6232,6906,7263,7977,7407,6333,7829,7076,6051,4653,7196,4071,5865,5642,5999,0,0,0,2,1,1,5,0,1,1,0,0,0,0,0,0,0,0,1,0,0,0,0,0,1,0,0,0,0,0,0,0,0,0,1,0,0,0,0,0,0,0,0,1,0,0,0,0,4.38,18,14,2
karma-ng-json2js-preprocessor,2022-06-19,https://github.com/EE/karma-ng-json2js-preprocessor,0,0,0,0,0,0,0,0,0,0,0,0,0,0,0,3,0,4,0,0,0,1,0,0,0,0,0,0,0,0,0,0,0,1,0,1,0,2,0,0,0,1,0,0,0,0,0,0,11570,10867,11366,10876,10185,11094,9963,8832,8847,9559,8460,7874,8013,9598,7967,6733,5925,5721,6380,5256,7024,5309,5891,6635,0,0,0,0,0,0,0,0,0,0,0,0,0,0,0,0,0,0,0,0,0,0,0,0,0,0,0,0,0,0,0,0,0,0,0,0,0,0,0,0,0,0,0,0,0,0,0,0,8.9,5,19,7
svgr,2022-06-27,https://github.com/smooth-code/svgr,0,0,0,0,0,0,0,0,0,0,0,0,0,0,0,0,0,0,0,0,0,0,0,0,0,0,0,0,0,0,0,0,0,0,0,0,0,0,0,0,0,0,0,0,0,0,0,0,11598,8677,9209,8949,10881,7081,8052,8177,9707,10837,8640,9457,12297,15029,13524,17102,14878,11832,9107,6855,7796,6364,8337,6658,82,69,74,133,83,134,83,107,89,91,87,69,116,73,81,84,61,53,75,77,106,66,87,73,5,3,2,8,7,9,3,6,7,6,6,4,6,4,4,5,8,4,6,6,6,4,1,2,4.86,30,22,283
zeppelin-solidity,2022-06-29,https://github.com/OpenZeppelin/zeppelin-solidity,0,0,0,0,0,0,0,0,0,0,0,0,0,0,0,0,0,0,0,0,0,0,0,0,0,0,0,0,0,0,0,0,0,0,0,0,0,0,0,0,0,0,0,0,0,0,0,0,5928,4846,5140,1756,954,1285,1252,1468,1280,1264,1309,1632,628,925,805,1355,766,797,688,583,636,770,617,846,339,417,466,487,581,773,696,904,722,602,622,500,395,427,366,406,312,285,298,283,297,290,235,212,237,245,285,259,268,341,308,344,363,330,301,275,239,195,185,180,164,137,133,157,147,123,75,71,5.86,30,31,150
i18next-electron-language-detector,2022-06-18,https://github.com/neruchev/i18next-electron-language-detector,0,0,0,0,0,0,0,0,0,0,0,0,0,0,0,0,0,0,0,0,0,0,0,0,0,0,0,0,0,0,0,0,0,0,0,0,0,0,0,0,0,0,0,0,0,0,0,0,11468,9330,5045,2632,3748,4011,4656,2647,3481,3672,3612,3491,2031,2696,2704,3434,2993,2333,1801,1952,2752,2248,1630,2300,0,0,0,0,2,0,0,0,0,0,0,0,0,0,0,0,0,0,0,0,0,0,0,0,0,0,0,0,1,0,0,0,0,0,0,0,0,0,0,0,0,0,0,0,0,0,0,0,5.71,2,10,7
basichtml,2022-06-13,https://github.com/WebReflection/basicHTML,1,1,0,0,0,0,0,0,0,0,0,0,0,0,0,0,0,0,0,0,0,0,0,0,0,0,0,0,0,0,0,0,0,0,0,0,0,0,0,0,0,0,0,0,0,0,0,0,3600,3944,3197,3340,2730,3029,2931,5234,4837,7583,3495,3005,2911,2618,2699,2037,1790,2014,1668,1004,1890,1309,1758,2190,0,0,1,0,0,1,0,0,0,0,0,0,0,0,0,0,0,0,0,0,0,0,0,0,0,0,0,0,0,0,0,0,0,0,0,0,0,0,0,0,0,0,0,0,0,0,0,0,5.0,8,99,58
graphql-server-module-graphiql,2022-06-18,https://github.com/apollographql/apollo-server,29,121,43,85,27,65,23,71,19,48,14,45,14,40,46,42,16,71,20,86,14,72,26,108,16,91,12,98,22,81,19,89,22,83,17,45,12,48,13,43,13,61,12,40,5,34,4,25,9255,10430,9678,8500,8405,9063,8046,7557,7248,7956,7147,7826,10927,11187,9810,9961,9530,7007,6209,5803,5136,4343,5388,4496,113,113,106,94,89,90,103,100,104,87,99,110,86,69,73,77,71,65,66,75,77,61,40,48,20,27,12,24,16,16,13,23,14,23,15,12,7,6,9,13,10,10,15,12,17,7,11,11,5.65,30,28,24
@udacity/types-service-worker-mock,2022-08-07,https://github.com/udacity/cloudflare-typescript-workers,0,0,0,0,0,0,0,0,0,0,0,0,0,0,0,0,1,0,0,0,0,0,0,1,0,0,0,0,0,0,0,0,0,0,0,0,0,0,0,0,0,0,0,0,0,0,0,0,2468,1244,4147,70212,10449,11699,13950,4427,4750,9753,15094,12334,7709,15002,7139,6684,9898,13549,5613,4721,5615,5694,10505,9681,1,0,1,3,3,2,4,0,2,8,1,2,0,0,0,0,0,0,0,1,0,0,0,0,1,0,0,1,0,0,0,0,0,0,0,0,0,0,0,0,0,0,0,1,0,0,1,0,3.46,7,13,8
@zestia/ember-auto-focus,2024-05-23,https://github.com/zestia/ember-auto-focus,0,0,0,1,0,0,0,0,0,0,0,0,0,0,0,0,0,0,0,0,0,0,0,0,0,0,0,0,0,0,0,0,0,1,0,0,0,0,0,0,0,0,0,0,0,1,0,0,10185,12846,15229,11606,12983,16050,4281,5689,5660,7551,6213,6316,5578,9313,7951,8672,8603,12031,12369,11782,15163,19374,19066,18189,0,0,0,0,0,0,0,0,0,0,0,0,0,0,0,0,0,0,0,0,0,0,0,0,0,0,0,0,0,0,0,0,0,0,0,0,0,0,0,0,0,0,0,0,0,0,0,0,6.37,5,40,7
preconstruct,2022-11-15,https://github.com/preconstruct/preconstruct,3,9,2,2,5,2,1,3,0,5,3,3,1,1,1,6,6,15,2,1,3,1,3,0,1,2,1,6,1,2,2,14,0,10,0,18,1,2,1,10,3,0,1,0,2,0,1,0,484,240,810,268,944,1081,1718,748,328,1411,1976,2283,1579,2278,2835,3407,2496,3285,4386,4204,4313,3641,3601,2623,27,24,28,13,43,18,85,66,24,14,24,15,15,9,7,9,8,15,26,5,3,6,10,10,1,3,3,0,0,1,0,1,1,0,3,0,1,1,2,0,1,1,0,1,0,0,0,1,4.03,30,128,79
stryker-api,2022-06-27,https://github.com/stryker-mutator/stryker,0,0,0,0,0,0,0,0,0,0,0,0,0,0,0,0,0,0,0,0,0,0,0,0,0,0,0,0,0,0,0,0,0,0,0,0,0,0,0,0,0,0,0,0,0,0,0,0,14320,9948,9255,10003,9907,9051,7775,7007,6193,6509,5364,5860,4812,7393,4741,4530,4424,4832,6146,6763,6471,5783,6553,6738,47,19,21,20,24,12,9,13,31,28,26,21,15,21,21,23,15,16,17,11,29,20,15,15,3,2,3,4,3,3,3,0,1,3,3,4,0,3,3,8,0,2,0,3,2,0,3,1,6.05,30,64,154
@types/promises-a-plus,2022-06-13,https://github.com/DefinitelyTyped/DefinitelyTyped,37,541,24,490,26,504,20,450,14,662,17,408,18,365,25,453,21,401,19,452,16,420,23,342,21,380,18,396,21,335,25,389,12,388,13,267,5,251,12,320,15,344,10,309,7,258,10,197,6385,5255,5159,5756,6993,6436,6475,7017,5380,5655,4559,4103,5313,5364,5464,6498,6219,4614,5253,4652,6177,4917,5801,5068,666,429,413,506,463,419,368,424,372,403,466,507,416,441,419,412,415,375,435,441,417,459,385,332,248,238,260,238,265,254,202,235,229,226,238,201,207,209,195,217,207,181,164,201,193,178,146,126,6.07,30,11,46
three-orbitcontrols,2022-06-27,https://github.com/fibo/three-orbitcontrols,0,0,0,0,0,0,0,0,0,0,0,0,0,0,0,0,0,0,0,0,0,0,0,0,0,0,0,0,0,0,0,0,0,0,0,0,0,0,0,0,0,0,0,0,0,0,0,0,18833,15691,18577,18754,22567,20134,13180,12795,14549,15398,15734,16725,10832,10415,11712,9856,10797,9518,10515,11095,13409,11463,12543,11823,0,1,0,1,2,1,0,0,0,1,0,0,0,0,0,0,0,0,0,0,1,0,0,0,2,0,6,4,0,2,1,0,1,1,0,0,0,0,0,0,2,0,0,2,0,0,1,0,5.69,2,19,86
react-with-gesture,2022-05-15,https://github.com/drcmda/react-with-gesture,0,0,0,0,0,0,0,0,0,0,0,0,0,0,0,0,0,0,0,0,0,0,0,0,0,0,0,0,0,0,0,0,0,0,0,0,0,0,0,0,0,0,0,0,0,0,0,0,17710,18322,15862,17476,19355,18715,17234,15039,16439,16586,20295,17106,22917,19657,19218,17813,17168,15932,12567,14052,15682,22840,18301,18342,368,148,108,121,95,95,113,111,92,136,118,76,286,114,104,118,237,120,78,87,98,98,85,95,12,7,5,4,5,5,8,6,6,4,5,4,7,9,6,5,6,1,3,5,3,2,1,2,4.15,30,31,35
