package_name,deprecation_date,github_url,win_-12_issue_created,win_-12_pr_created,win_-11_issue_created,win_-11_pr_created,win_-10_issue_created,win_-10_pr_created,win_-9_issue_created,win_-9_pr_created,win_-8_issue_created,win_-8_pr_created,win_-7_issue_created,win_-7_pr_created,win_-6_issue_created,win_-6_pr_created,win_-5_issue_created,win_-5_pr_created,win_-4_issue_created,win_-4_pr_created,win_-3_issue_created,win_-3_pr_created,win_-2_issue_created,win_-2_pr_created,win_-1_issue_created,win_-1_pr_created,win_1_issue_created,win_1_pr_created,win_2_issue_created,win_2_pr_created,win_3_issue_created,win_3_pr_created,win_4_issue_created,win_4_pr_created,win_5_issue_created,win_5_pr_created,win_6_issue_created,win_6_pr_created,win_7_issue_created,win_7_pr_created,win_8_issue_created,win_8_pr_created,win_9_issue_created,win_9_pr_created,win_10_issue_created,win_10_pr_created,win_11_issue_created,win_11_pr_created,win_12_issue_created,win_12_pr_created,download_win_-12,download_win_-11,download_win_-10,download_win_-9,download_win_-8,download_win_-7,download_win_-6,download_win_-5,download_win_-4,download_win_-3,download_win_-2,download_win_-1,download_win_1,download_win_2,download_win_3,download_win_4,download_win_5,download_win_6,download_win_7,download_win_8,download_win_9,download_win_10,download_win_11,download_win_12,star_win_-12,star_win_-11,star_win_-10,star_win_-9,star_win_-8,star_win_-7,star_win_-6,star_win_-5,star_win_-4,star_win_-3,star_win_-2,star_win_-1,star_win_1,star_win_2,star_win_3,star_win_4,star_win_5,star_win_6,star_win_7,star_win_8,star_win_9,star_win_10,star_win_11,star_win_12,fork_win_-12,fork_win_-11,fork_win_-10,fork_win_-9,fork_win_-8,fork_win_-7,fork_win_-6,fork_win_-5,fork_win_-4,fork_win_-3,fork_win_-2,fork_win_-1,fork_win_1,fork_win_2,fork_win_3,fork_win_4,fork_win_5,fork_win_6,fork_win_7,fork_win_8,fork_win_9,fork_win_10,fork_win_11,fork_win_12,Package Age,Contributors Count,Total Releases,Dependency count
read-pkg-up,2023-11-04,https://github.com/sindresorhus/read-pkg-up,0,0,0,0,0,0,0,0,0,0,0,0,0,0,0,0,0,0,0,0,0,0,0,0,0,0,0,0,0,0,0,0,0,0,0,0,0,0,0,0,0,0,0,0,0,0,0,0,150660334.0,130228141.0,144650479.0,142909136.0,163763964.0,138052825.0,151991295.0,149795720.0,146031984.0,153746874.0,143355218.0,147878343.0,119488789.0,138566547.0,137524579.0,140472846.0,141005476.0,140667071.0,131360969.0,140839916.0,128436634.0,128383378.0,141050607.0,166671499.0,1,2,1,1,3,0,2,3,4,4,3,1,2,0,1,2,1,0,1,0,2,0,0,0,1,0,0,0,1,0,0,0,0,0,0,0,0,0,0,0,0,0,1,0,0,0,0,0,8.17,9,14,3108
@humanwhocodes/config-array,2024-06-10,https://github.com/humanwhocodes/config-array,0,2,4,1,0,4,0,3,1,10,0,2,0,1,0,4,0,0,0,1,0,9,0,3,0,0,0,0,0,0,0,0,0,0,0,0,0,0,0,0,0,0,0,0,0,0,0,0,107345314.0,106326988.0,114394135.0,111717239.0,121465271.0,112180731.0,102179068.0,123602093.0,126100558.0,130072682.0,134611981.0,135156613.0,136610895.0,130273404.0,130354288.0,142357638.0,137520550.0,113594987.0,125175715.0,124429344.0,132578375.0,137139050.0,135181842.0,159493184.0,1,0,0,0,1,0,1,0,0,1,5,1,0,0,0,0,0,0,0,0,0,0,0,0,0,0,1,0,2,0,0,0,1,0,1,0,2,0,0,0,0,0,0,0,0,0,0,0,4.54,8,44,19
@humanwhocodes/object-schema,2024-06-10,https://github.com/humanwhocodes/object-schema,0,0,0,0,0,0,0,0,0,4,0,0,0,0,0,1,0,0,0,0,1,1,0,0,0,0,0,0,0,0,0,0,0,0,0,0,0,0,0,0,0,0,0,0,0,0,0,0,93783952.0,93975616.0,101855213.0,97727151.0,108446667.0,103966842.0,95687133.0,116588647.0,119817021.0,124547094.0,131294105.0,131197507.0,133741877.0,127795056.0,126363839.0,136703795.0,132513054.0,109455258.0,120489630.0,119325631.0,126436537.0,131148111.0,128972160.0,153021534.0,0,0,0,0,0,1,0,1,0,0,0,0,0,0,0,0,0,0,0,0,0,0,0,0,0,0,0,0,0,0,0,0,0,0,0,0,4,0,0,0,0,0,0,0,0,0,0,0,5.35,2,11,9
p-finally,2022-06-23,https://github.com/sindresorhus/p-finally,0,0,0,0,0,0,0,0,0,0,0,0,0,0,0,0,0,0,0,0,0,0,0,0,0,0,0,0,0,0,0,0,0,0,0,0,0,0,0,0,0,0,0,0,0,0,0,0,94420404.0,89084698.0,90186454.0,90785097.0,96128412.0,91497315.0,81791723.0,88025188.0,87505726.0,97216889.0,87854356.0,90141621.0,89621256.0,103096936.0,94584874.0,92684865.0,94688742.0,83104659.0,89991216.0,91234584.0,100734418.0,86979452.0,93276485.0,92285227.0,0,1,0,0,0,0,0,1,0,0,0,0,0,0,0,0,0,0,0,0,0,0,0,0,0,0,0,0,0,0,0,0,0,1,0,0,0,0,0,1,0,0,0,0,0,0,0,0,5.67,3,4,971
domexception,2023-11-26,https://github.com/jsdom/domexception,1,0,0,0,0,0,0,0,0,0,0,0,0,0,0,2,0,1,0,0,0,0,0,0,0,0,0,0,0,0,0,0,0,0,0,0,0,0,0,0,0,0,0,0,0,0,0,0,77869163.0,67805309.0,76515675.0,76523041.0,87791855.0,74103766.0,82271281.0,81732541.0,80278205.0,85822237.0,79203612.0,84773212.0,67622180.0,79059494.0,78000070.0,78281957.0,79060126.0,79472965.0,73854456.0,81860289.0,76650252.0,76006477.0,82605535.0,92633852.0,0,0,1,0,0,0,0,0,0,0,0,0,0,0,0,0,0,1,0,0,0,0,0,0,0,0,0,0,0,0,0,0,0,0,0,0,0,0,0,0,0,1,0,0,0,0,0,0,6.28,2,6,742
abab,2023-11-27,https://github.com/jsdom/abab,0,1,0,0,0,1,0,1,0,0,1,0,0,0,0,0,0,0,0,0,0,0,1,0,0,0,0,0,0,0,0,0,0,0,0,0,0,0,0,0,0,0,0,0,0,0,0,0,80806005.0,69900739.0,78494451.0,78068439.0,89124131.0,75061492.0,83507659.0,82704918.0,80882510.0,85289413.0,77998671.0,83112587.0,66870028.0,77706716.0,75987585.0,76444756.0,76764604.0,76945443.0,71350201.0,78425207.0,73138917.0,72357557.0,78996933.0,90876310.0,2,0,0,1,0,0,0,0,2,0,0,0,0,0,0,0,0,1,0,0,0,0,0,0,0,0,0,0,0,0,0,0,0,0,0,0,0,1,0,0,0,1,0,0,0,0,0,0,8.24,12,12,953
source-map-resolve,2022-06-26,https://github.com/lydell/source-map-resolve,0,0,0,2,0,0,0,0,0,0,1,0,0,0,0,0,0,0,0,1,0,0,0,0,0,0,0,0,0,0,0,0,1,0,0,0,0,0,0,0,0,0,0,0,0,0,0,0,95840600.0,92954514.0,97400377.0,101271959.0,101179570.0,101726811.0,94259882.0,104218061.0,106917750.0,120815392.0,106568603.0,108537209.0,102422287.0,114054811.0,101574903.0,98042593.0,98385742.0,84013701.0,90670643.0,89668638.0,100440208.0,83579384.0,90036423.0,86511957.0,0,0,1,0,0,2,1,1,1,2,5,4,2,2,1,1,1,2,0,1,3,1,0,0,2,1,0,0,1,0,1,2,0,2,1,1,0,0,0,1,0,0,1,0,0,1,0,0,8.31,4,14,973
har-validator,2022-06-18,https://github.com/ahmadnassri/node-har-validator,1,2,0,3,0,1,0,1,0,0,0,1,0,1,0,0,0,3,0,6,0,3,0,2,0,2,0,0,0,1,0,3,0,3,0,1,0,3,0,0,0,0,0,0,0,0,0,0,98002829.0,92569416.0,92465130.0,93204127.0,98052584.0,91467131.0,79346142.0,83707404.0,82914730.0,92042635.0,83911711.0,86484955.0,79526799.0,88565677.0,81895107.0,79527843.0,79991464.0,69284168.0,74554082.0,74588519.0,80915450.0,70185406.0,74302815.0,73110521.0,1,0,0,0,1,0,0,0,0,0,0,1,0,0,0,1,0,0,0,0,0,0,0,1,0,0,1,0,0,0,1,0,0,0,0,0,0,0,0,0,1,1,1,0,0,0,0,0,7.35,10,53,704
querystring,2022-06-25,https://github.com/Gozala/querystring,1,2,0,0,0,0,0,0,0,0,0,0,1,0,0,1,0,0,0,0,0,0,0,0,0,0,0,0,0,0,0,0,0,0,0,0,0,0,0,0,0,0,0,0,0,0,0,0,84065767.0,83256885.0,87337346.0,92247797.0,94345231.0,96035850.0,94320616.0,104544784.0,104902806.0,117115557.0,96558127.0,95755191.0,95186131.0,109181975.0,102063038.0,99506223.0,102243447.0,87914487.0,95605969.0,95086798.0,107668720.0,88845040.0,94874030.0,88163618.0,2,4,0,1,1,0,1,0,2,2,1,1,0,0,0,0,2,0,1,0,1,1,1,0,3,0,0,1,0,0,0,1,1,1,0,0,1,0,0,1,0,0,0,0,0,0,1,0,11.2,11,5,2904
@babel/plugin-proposal-class-properties,2023-09-01,https://github.com/babel/babel,28,49,36,46,71,68,24,42,24,20,29,45,20,37,19,43,25,34,22,45,24,51,15,55,24,42,17,33,26,43,8,22,20,33,18,47,24,48,18,34,22,59,12,40,26,70,22,59,93374037.0,92341234.0,96240784.0,82712945.0,91660399.0,91224412.0,104879836.0,88244738.0,96748097.0,90817151.0,86749220.0,90467320.0,86200510.0,75570054.0,64917851.0,75138016.0,73857121.0,75093621.0,74022053.0,72578461.0,66213811.0,71103116.0,66477038.0,66491084.0,163,153,139,128,121,135,155,149,100,130,113,104,99,104,120,92,96,85,98,88,88,94,107,85,29,36,17,33,30,28,31,29,21,15,20,21,26,21,16,19,22,50,16,12,20,20,27,16,5.84,30,65,49541
global-dirs,2023-11-06,https://github.com/sindresorhus/global-dirs,0,0,0,0,0,0,0,0,0,0,0,0,0,0,0,0,0,0,0,0,0,0,0,0,0,0,0,0,0,0,0,0,0,0,0,0,0,0,0,0,0,0,0,0,0,0,0,0,61065758.0,53549344.0,59280234.0,59050217.0,67513936.0,57701498.0,63223119.0,62194767.0,60867016.0,64213692.0,59604465.0,62802897.0,51457207.0,59695815.0,59048812.0,58595902.0,58705830.0,58528602.0,54524112.0,59279260.0,55713408.0,55815163.0,61649273.0,61480261.0,4,1,0,1,0,0,1,0,0,0,0,0,0,0,0,0,0,0,0,0,0,1,0,0,1,0,0,0,0,0,0,0,0,0,0,0,0,0,0,0,0,0,0,0,0,0,0,0,6.37,7,9,681
@babel/plugin-proposal-object-rest-spread,2023-09-01,https://github.com/babel/babel,28,49,36,46,71,68,24,42,24,20,29,45,20,37,19,43,25,34,22,45,24,51,15,55,24,42,17,33,26,43,8,22,20,33,18,47,24,48,18,34,22,59,12,40,26,70,22,59,106382158.0,107809178.0,114022398.0,97740171.0,109758374.0,109423094.0,125817474.0,105116229.0,113118659.0,102058929.0,94576764.0,95839498.0,86155310.0,73343821.0,62871920.0,72270799.0,70982131.0,71391240.0,70286931.0,68148629.0,61160089.0,64905233.0,59928388.0,59474313.0,163,153,139,128,121,135,155,149,100,130,113,104,99,104,120,92,96,85,98,88,88,94,107,85,29,36,17,33,30,28,31,29,21,15,20,21,26,21,16,19,22,50,16,12,20,20,27,16,5.84,30,86,20112
source-map-url,2022-06-26,https://github.com/lydell/source-map-url,0,0,0,1,0,0,0,0,0,0,0,0,0,0,0,0,0,0,0,0,0,0,0,0,0,0,0,0,0,0,0,0,0,0,0,0,0,0,0,0,0,0,0,0,0,0,0,0,79254552.0,75382135.0,77422531.0,79499188.0,78516394.0,78165427.0,73747582.0,81618980.0,83393027.0,92104504.0,78449571.0,79342071.0,74941367.0,85470384.0,76472064.0,75190518.0,75958936.0,65525455.0,70964270.0,70064095.0,78892819.0,65611784.0,70858271.0,68751175.0,0,0,0,0,0,0,1,0,1,0,0,3,0,0,1,0,1,0,1,1,0,0,1,0,0,1,0,0,0,0,0,0,4,1,0,0,0,0,1,0,0,1,0,0,1,0,1,0,8.34,3,5,986
jest-serializer,2024-02-26,https://github.com/facebook/jest,0,0,0,0,0,0,0,0,0,0,0,0,0,0,0,0,0,0,0,0,0,0,0,0,0,0,0,0,0,0,0,0,0,0,0,0,0,0,0,0,0,0,0,0,0,0,0,0,79259781.0,89392212.0,72211304.0,78158249.0,75405721.0,71143694.0,71740658.0,63156884.0,63401760.0,55432823.0,49498594.0,56252879.0,53531727.0,52407682.0,51177158.0,46205719.0,50146685.0,45902561.0,44819947.0,47922414.0,60599642.0,37664034.0,42212408.0,44122487.0,259,193,195,165,188,267,206,199,155,155,163,137,153,128,138,137,136,127,140,118,121,85,113,145,35,47,29,27,37,33,33,28,22,36,19,34,25,27,23,25,23,23,27,30,18,21,25,36,6.02,30,63,805
strip-eof,2023-06-17,https://github.com/sindresorhus/strip-eof,0,0,0,0,0,0,0,0,0,0,0,0,0,0,0,0,0,0,0,0,0,0,0,0,0,0,0,0,0,0,0,0,0,0,0,0,0,0,0,0,0,0,0,0,0,0,0,0,69799828.0,65538098.0,75301490.0,67941646.0,66929035.0,67629893.0,58804020.0,63707198.0,63806122.0,71112577.0,59090799.0,62781232.0,58241697.0,60243265.0,54820498.0,56687501.0,50186843.0,45506358.0,52264417.0,50182160.0,50343210.0,50275104.0,49679195.0,46161786.0,0,0,0,0,0,0,0,0,1,1,0,1,0,1,0,1,0,0,0,1,0,0,0,0,0,0,1,0,1,0,0,0,0,0,0,0,0,0,0,0,0,0,0,0,0,0,0,0,7.53,4,2,800
resolve-url,2022-06-26,https://github.com/lydell/resolve-url,0,0,0,0,0,0,0,0,0,1,0,0,0,0,0,0,0,0,0,0,0,0,0,0,0,0,0,0,0,0,0,0,0,0,0,0,0,0,0,0,0,0,0,0,0,0,0,0,72474280.0,69201825.0,71408703.0,73451368.0,72782599.0,72536988.0,68690700.0,75579317.0,76800964.0,85443988.0,72962823.0,74129217.0,74124883.0,84594823.0,75336388.0,73929754.0,74675967.0,64593930.0,69826908.0,69237256.0,77928626.0,64645725.0,69647566.0,67440527.0,0,2,0,1,0,0,0,0,0,0,0,0,0,1,1,0,1,0,0,0,0,0,0,0,1,1,1,0,2,2,0,1,0,2,0,0,0,0,0,1,0,0,1,0,0,0,0,0,8.34,1,3,983
urix,2022-06-28,https://github.com/lydell/urix,0,0,0,0,0,0,0,0,0,0,0,0,0,0,0,0,0,0,0,0,0,0,0,0,0,0,0,0,0,0,0,0,0,0,0,0,0,0,0,0,0,0,0,0,0,0,0,0,72476299.0,69192965.0,71393750.0,73445548.0,72753146.0,72507190.0,68662443.0,75499390.0,76713101.0,85367397.0,72955828.0,74106635.0,74153781.0,84618119.0,75312043.0,73903730.0,74615792.0,64526038.0,69744181.0,69172582.0,77828301.0,64555307.0,69531083.0,67296960.0,2,2,3,1,2,1,1,0,0,2,0,1,0,1,0,0,0,0,0,0,1,1,0,0,1,1,3,0,0,1,1,1,0,3,1,0,0,1,0,2,0,0,1,0,1,2,0,0,8.33,2,1,888
@babel/plugin-proposal-optional-chaining,2023-09-01,https://github.com/babel/babel,28,49,36,46,71,68,24,42,24,20,29,45,20,37,19,43,25,34,22,45,24,51,15,55,24,42,17,33,26,43,8,22,20,33,18,47,24,48,18,34,22,59,12,40,26,70,22,59,88133189.0,87015587.0,91000287.0,78991878.0,89259207.0,89126711.0,103549238.0,87592954.0,95393625.0,86717699.0,81196247.0,83634841.0,77694446.0,67734964.0,57654224.0,65179310.0,63291982.0,63001931.0,61625886.0,60190457.0,54069072.0,57286048.0,52915821.0,52701150.0,163,153,139,128,121,135,155,149,100,130,113,104,99,104,120,92,96,85,98,88,88,94,107,85,29,36,17,33,30,28,31,29,21,15,20,21,26,21,16,19,22,50,16,12,20,20,27,16,5.84,30,70,11167
@babel/plugin-proposal-nullish-coalescing-operator,2023-09-01,https://github.com/babel/babel,28,49,36,46,71,68,24,42,24,20,29,45,20,37,19,43,25,34,22,45,24,51,15,55,24,42,17,33,26,43,8,22,20,33,18,47,24,48,18,34,22,59,12,40,26,70,22,59,85990903.0,85086519.0,89031182.0,76571123.0,84914073.0,84336157.0,97245810.0,81814826.0,89282490.0,81133657.0,76158090.0,78379478.0,73216649.0,64056455.0,54478740.0,61775843.0,60032538.0,59997321.0,58600948.0,57273340.0,51589534.0,54629678.0,50502262.0,50331479.0,163,153,139,128,121,135,155,149,100,130,113,104,99,104,120,92,96,85,98,88,88,94,107,85,29,36,17,33,30,28,31,29,21,15,20,21,26,21,16,19,22,50,16,12,20,20,27,16,5.84,30,59,6671
w3c-hr-time,2022-10-16,https://github.com/jsdom/w3c-hr-time,0,0,0,0,0,0,0,0,0,0,0,0,0,0,0,0,0,0,0,0,0,0,0,0,0,0,0,0,0,0,0,0,0,0,0,0,0,0,0,0,0,0,0,0,0,0,0,0,56326790.0,58280180.0,52154380.0,57542884.0,60290021.0,71635362.0,65204333.0,66554815.0,67128558.0,62442997.0,71443296.0,66849515.0,63768604.0,54220785.0,59800911.0,58236360.0,65045573.0,53109848.0,57082324.0,55523403.0,53357026.0,55480784.0,50048471.0,51935775.0,1,0,0,0,0,0,0,0,0,0,1,0,0,0,0,0,0,0,0,0,0,0,0,0,0,0,0,0,0,0,1,0,0,0,0,0,1,0,0,0,0,0,0,0,0,0,0,0,4.79,3,3,605
@types/prettier,2023-07-29,https://github.com/DefinitelyTyped/DefinitelyTyped,18,375,23,400,23,352,17,419,15,284,4,217,11,320,14,354,13,287,6,299,9,199,5,225,12,228,14,308,17,275,8,406,13,231,18,325,10,312,7,296,9,187,6,144,5,179,4,175,60782392.0,74478239.0,71233106.0,71995734.0,74165095.0,66029933.0,74659853.0,73762550.0,85767423.0,72988656.0,80888744.0,84003438.0,76031195.0,66389425.0,66505765.0,56724127.0,51176318.0,57898554.0,54627582.0,54392641.0,53683258.0,52234674.0,47839747.0,49955070.0,426,447,423,414,378,423,440,401,480,387,314,335,332,338,281,281,275,306,268,303,268,240,254,264,180,224,198,218,193,157,194,208,179,156,117,147,109,136,130,119,86,129,146,118,108,95,100,128,6.02,30,65,6871
@babel/plugin-proposal-numeric-separator,2023-09-01,https://github.com/babel/babel,28,49,36,46,71,68,24,42,24,20,29,45,20,37,19,43,25,34,22,45,24,51,15,55,24,42,17,33,26,43,8,22,20,33,18,47,24,48,18,34,22,59,12,40,26,70,22,59,81588726.0,80915915.0,84861264.0,73114980.0,81255197.0,80720441.0,93186722.0,78687574.0,85563192.0,75588237.0,70187057.0,70561380.0,62880410.0,53840082.0,46628900.0,53083915.0,51660990.0,51910644.0,50576738.0,49211088.0,44368952.0,47362387.0,43627541.0,42894959.0,163,153,139,128,121,135,155,149,100,130,113,104,99,104,120,92,96,85,98,88,88,94,107,85,29,36,17,33,30,28,31,29,21,15,20,21,26,21,16,19,22,50,16,12,20,20,27,16,5.84,30,56,4780
@babel/plugin-proposal-private-methods,2023-09-01,https://github.com/babel/babel,28,49,36,46,71,68,24,42,24,20,29,45,20,37,19,43,25,34,22,45,24,51,15,55,24,42,17,33,26,43,8,22,20,33,18,47,24,48,18,34,22,59,12,40,26,70,22,59,75682653.0,75415205.0,79395874.0,68530846.0,76549966.0,76309563.0,88446877.0,74647004.0,81108321.0,72033000.0,66401960.0,65400436.0,57663153.0,49954581.0,43391545.0,49716076.0,48517150.0,48815108.0,47439131.0,45880928.0,41296429.0,43302629.0,39957329.0,39444741.0,163,153,139,128,121,135,155,149,100,130,113,104,99,104,120,92,96,85,98,88,88,94,107,85,29,36,17,33,30,28,31,29,21,15,20,21,26,21,16,19,22,50,16,12,20,20,27,16,4.74,30,30,2015
@babel/plugin-proposal-async-generator-functions,2023-09-01,https://github.com/babel/babel,28,49,36,46,71,68,24,42,24,20,29,45,20,37,19,43,25,34,22,45,24,51,15,55,24,42,17,33,26,43,8,22,20,33,18,47,24,48,18,34,22,59,12,40,26,70,22,59,86247166.0,84970775.0,90628167.0,78084307.0,87634568.0,86537551.0,99229377.0,83880778.0,90460674.0,78053721.0,71435475.0,70116260.0,61049668.0,51840719.0,44099113.0,50120249.0,48259069.0,47925205.0,46601815.0,44715020.0,39847362.0,41983364.0,38037754.0,37184498.0,163,153,139,128,121,135,155,149,100,130,113,104,99,104,120,92,96,85,98,88,88,94,107,85,29,36,17,33,30,28,31,29,21,15,20,21,26,21,16,19,22,50,16,12,20,20,27,16,5.84,30,74,465
stable,2022-06-26,https://github.com/Two-Screen/stable,0,1,0,0,0,0,0,0,0,0,0,0,0,0,0,0,0,0,0,0,0,0,0,0,0,0,0,0,0,0,0,0,0,0,0,0,0,0,0,0,0,0,0,0,0,0,0,0,40996603.0,39813197.0,40862231.0,42851293.0,43580326.0,44485170.0,40141974.0,43682099.0,45392829.0,52486757.0,48440085.0,49846708.0,46978112.0,54467830.0,52442936.0,52379754.0,55177862.0,47894567.0,53101041.0,53055354.0,60864244.0,50244005.0,54394798.0,52743067.0,1,0,0,1,0,1,0,0,0,0,0,0,0,0,1,0,2,0,0,1,0,0,0,0,1,0,0,0,0,1,0,0,0,0,0,0,0,0,0,0,0,0,0,0,0,0,0,0,9.95,3,9,607
@babel/plugin-proposal-unicode-property-regex,2023-09-01,https://github.com/babel/babel,28,49,36,46,71,68,24,42,24,20,29,45,20,37,19,43,25,34,22,45,24,51,15,55,24,42,17,33,26,43,8,22,20,33,18,47,24,48,18,34,22,59,12,40,26,70,22,59,83273859.0,82698010.0,86754491.0,74908864.0,83391855.0,82867768.0,95536077.0,80600214.0,88521301.0,87644187.0,85580524.0,79332331.0,63739102.0,53186516.0,44370586.0,49917511.0,47532068.0,46519382.0,44785689.0,42424774.0,37231031.0,38832819.0,34912923.0,34033803.0,163,153,139,128,121,135,155,149,100,130,113,104,99,104,120,92,96,85,98,88,88,94,107,85,29,36,17,33,30,28,31,29,21,15,20,21,26,21,16,19,22,50,16,12,20,20,27,16,5.84,30,59,370
sourcemap-codec,2022-12-03,https://github.com/Rich-Harris/sourcemap-codec,0,0,0,1,1,0,0,0,0,0,0,0,0,0,0,0,0,0,0,0,0,0,0,0,0,0,0,0,0,0,0,0,0,0,0,0,0,0,0,0,0,0,0,0,0,0,0,0,28305776.0,31626711.0,35398618.0,39739465.0,37746223.0,38836923.0,39984945.0,37456857.0,43754286.0,43282510.0,44190625.0,48316950.0,47248785.0,47836693.0,55284638.0,46537786.0,49867988.0,47397361.0,45266767.0,47232942.0,42635336.0,44492875.0,39694613.0,35353290.0,2,0,0,0,0,2,0,0,0,1,4,2,0,0,0,1,1,0,1,0,0,0,0,0,0,0,0,0,0,1,0,0,0,1,0,0,1,0,0,0,0,0,0,0,0,0,0,0,7.15,8,15,689
@babel/plugin-proposal-optional-catch-binding,2023-09-01,https://github.com/babel/babel,28,49,36,46,71,68,24,42,24,20,29,45,20,37,19,43,25,34,22,45,24,51,15,55,24,42,17,33,26,43,8,22,20,33,18,47,24,48,18,34,22,59,12,40,26,70,22,59,80860585.0,80551147.0,84827163.0,73058022.0,81267807.0,80769914.0,93158436.0,78681743.0,85221003.0,73165711.0,66476790.0,65038816.0,55868377.0,47413131.0,40477256.0,45808130.0,44243866.0,44123677.0,42944072.0,41365292.0,36746588.0,38963339.0,35264159.0,34546695.0,163,153,139,128,121,135,155,149,100,130,113,104,99,104,120,92,96,85,98,88,88,94,107,85,29,36,17,33,30,28,31,29,21,15,20,21,26,21,16,19,22,50,16,12,20,20,27,16,5.84,30,54,524
@babel/plugin-proposal-json-strings,2023-09-01,https://github.com/babel/babel,28,49,36,46,71,68,24,42,24,20,29,45,20,37,19,43,25,34,22,45,24,51,15,55,24,42,17,33,26,43,8,22,20,33,18,47,24,48,18,34,22,59,12,40,26,70,22,59,80335663.0,79873236.0,83889282.0,72412944.0,80519064.0,80039179.0,92316296.0,77981383.0,84378304.0,71501715.0,64321404.0,61913863.0,51914360.0,43645277.0,37026218.0,41464399.0,39580940.0,38996597.0,37671439.0,35777167.0,31476739.0,32883620.0,29457716.0,28832869.0,163,153,139,128,121,135,155,149,100,130,113,104,99,104,120,92,96,85,98,88,88,94,107,85,29,36,17,33,30,28,31,29,21,15,20,21,26,21,16,19,22,50,16,12,20,20,27,16,5.27,30,37,3996
@babel/plugin-proposal-dynamic-import,2023-09-01,https://github.com/babel/babel,28,49,36,46,71,68,24,42,24,20,29,45,20,37,19,43,25,34,22,45,24,51,15,55,24,42,17,33,26,43,8,22,20,33,18,47,24,48,18,34,22,59,12,40,26,70,22,59,78588322.0,78256532.0,82526246.0,71135668.0,79243897.0,78926543.0,91037711.0,77001647.0,83260597.0,70161526.0,63009254.0,60475058.0,50545964.0,42445063.0,35922847.0,40231032.0,38452076.0,37928866.0,36456833.0,34558530.0,30474482.0,31738900.0,28565479.0,27950412.0,163,153,139,128,121,135,155,149,100,130,113,104,99,104,120,92,96,85,98,88,88,94,107,85,29,36,17,33,30,28,31,29,21,15,20,21,26,21,16,19,22,50,16,12,20,20,27,16,4.16,30,22,120
@babel/plugin-proposal-export-namespace-from,2023-09-01,https://github.com/babel/babel,28,49,36,46,71,68,24,42,24,20,29,45,20,37,19,43,25,34,22,45,24,51,15,55,24,42,17,33,26,43,8,22,20,33,18,47,24,48,18,34,22,59,12,40,26,70,22,59,75111178.0,74749671.0,78762057.0,67767691.0,75712215.0,75585924.0,87521774.0,74140469.0,80249760.0,67409341.0,60817755.0,59132810.0,50717603.0,42252028.0,35661775.0,40059055.0,37927166.0,36942732.0,35739788.0,33980389.0,30067274.0,30702551.0,27832373.0,27168359.0,163,153,139,128,121,135,155,149,100,130,113,104,99,104,120,92,96,85,98,88,88,94,107,85,29,36,17,33,30,28,31,29,21,15,20,21,26,21,16,19,22,50,16,12,20,20,27,16,5.75,30,53,6603
mem,2023-11-14,https://github.com/sindresorhus/mem,0,0,0,0,0,0,0,0,0,0,0,0,0,0,0,0,0,0,0,0,0,0,0,0,0,0,0,0,0,0,0,0,0,0,0,0,0,0,0,0,0,0,0,0,0,0,0,0,36239712.0,30969539.0,34276957.0,34946692.0,38755579.0,32191549.0,33920136.0,31859428.0,30383086.0,31570767.0,28142808.0,29184061.0,22576115.0,25919051.0,26500568.0,26404760.0,26191230.0,25263268.0,23304870.0,26170047.0,24789245.0,24391491.0,27954667.0,34460504.0,6,4,4,3,5,3,6,1,9,5,2,8,11,5,3,1,8,11,2,8,5,3,1,5,2,0,0,2,0,0,0,1,1,0,0,0,0,1,1,0,0,0,1,0,0,0,0,1,10.81,18,30,747
term-size,2023-11-04,https://github.com/sindresorhus/term-size,0,0,0,0,0,0,0,0,0,0,0,0,0,0,0,0,0,0,0,0,0,0,0,0,0,0,0,0,0,0,0,0,0,0,0,0,0,0,0,0,0,0,0,0,0,0,0,0,27497240.0,23733174.0,25642638.0,24959560.0,27715618.0,23161264.0,24275141.0,23741018.0,22630364.0,23002902.0,20741529.0,20878702.0,16225475.0,18926077.0,18694397.0,18725341.0,18304003.0,18084704.0,16755833.0,18700398.0,17844744.0,17499880.0,20383770.0,22158224.0,0,0,0,2,1,0,0,0,0,0,1,0,0,1,0,1,0,1,0,0,2,0,0,1,1,0,0,0,0,0,0,0,0,0,0,0,0,0,0,0,0,1,0,0,0,0,0,0,7.15,11,14,334
request-promise-native,2022-06-26,https://github.com/request/request-promise-native,0,0,0,0,0,0,0,0,0,0,0,0,0,0,0,0,0,0,0,0,0,0,0,0,0,0,0,0,0,0,0,0,0,0,0,0,0,0,0,0,0,0,0,1,0,0,0,0,46833871.0,41300616.0,39782937.0,38889495.0,37092210.0,36017059.0,30651785.0,31749679.0,31273855.0,33886906.0,30927728.0,31993604.0,28699600.0,30717383.0,27385485.0,25876964.0,25303930.0,21342765.0,23009636.0,22138516.0,24316971.0,19557842.0,21209508.0,20564154.0,3,3,2,0,0,1,0,1,2,0,1,1,1,0,0,1,1,0,0,1,1,3,1,2,0,2,0,0,0,1,1,0,0,1,0,0,1,0,0,0,0,0,0,0,0,2,0,0,6.14,6,11,4528
@babel/plugin-proposal-logical-assignment-operators,2023-09-01,https://github.com/babel/babel,28,49,36,46,71,68,24,42,24,20,29,45,20,37,19,43,25,34,22,45,24,51,15,55,24,42,17,33,26,43,8,22,20,33,18,47,24,48,18,34,22,59,12,40,26,70,22,59,74321313.0,74015001.0,78038093.0,68047268.0,77376046.0,76744685.0,88661546.0,75473682.0,81700668.0,68041200.0,60777885.0,57936878.0,48042818.0,40104792.0,33875605.0,38044974.0,36194797.0,35326261.0,34549296.0,33704478.0,30247459.0,31891381.0,29004491.0,28224235.0,163,153,139,128,121,135,155,149,100,130,113,104,99,104,120,92,96,85,98,88,88,94,107,85,29,36,17,33,30,28,31,29,21,15,20,21,26,21,16,19,22,50,16,12,20,20,27,16,5.47,30,49,3073
rollup-plugin-terser,2023-06-09,https://github.com/TrySound/rollup-plugin-terser,0,1,2,0,1,1,0,0,2,2,1,0,0,0,0,0,0,0,0,0,0,0,0,0,0,0,0,0,0,0,0,0,0,0,0,0,0,0,0,0,0,0,0,0,0,0,0,0,15790288.0,15005707.0,17391065.0,16889115.0,17308449.0,18926028.0,16729202.0,18255928.0,17959898.0,20519393.0,17550059.0,19106694.0,17960927.0,18704135.0,17411088.0,18338307.0,16747774.0,15273893.0,17741765.0,17568716.0,18608950.0,18660386.0,18005899.0,16518794.0,4,8,4,7,7,4,3,0,2,0,3,1,2,0,1,0,1,1,0,0,0,0,0,0,1,0,0,2,4,1,0,0,0,0,0,0,0,0,0,0,0,0,0,0,0,0,0,0,5.06,14,25,48202
@babel/plugin-proposal-class-static-block,2023-09-01,https://github.com/babel/babel,28,49,36,46,71,68,24,42,24,20,29,45,20,37,19,43,25,34,22,45,24,51,15,55,24,42,17,33,26,43,8,22,20,33,18,47,24,48,18,34,22,59,12,40,26,70,22,59,64364621.0,64833570.0,69300551.0,60497562.0,69329060.0,69953061.0,81946021.0,70040996.0,75763258.0,62041468.0,54862330.0,51908391.0,42770836.0,35599084.0,29863390.0,33248063.0,31481176.0,30550466.0,29549922.0,27669224.0,24187781.0,24726286.0,22092101.0,21477644.0,163,153,139,128,121,135,155,149,100,130,113,104,99,104,120,92,96,85,98,88,88,94,107,85,29,36,17,33,30,28,31,29,21,15,20,21,26,21,16,19,22,50,16,12,20,20,27,16,2.88,30,21,89
trim,2023-02-25,https://github.com/Trott/trim,0,0,0,3,0,0,0,2,0,0,0,0,0,0,0,0,0,0,0,0,0,0,0,0,0,0,0,0,0,0,0,0,0,0,0,0,0,0,0,0,0,0,0,0,0,0,0,0,17282925.0,19999481.0,18270658.0,19030284.0,20288776.0,18888230.0,22237660.0,21439714.0,21211300.0,21902474.0,18645205.0,20881112.0,24375819.0,19935361.0,20744297.0,19575206.0,18371743.0,18677026.0,16012274.0,15426891.0,13282422.0,11259556.0,12732462.0,12379949.0,0,0,0,0,0,0,0,0,0,0,0,0,0,0,0,0,0,0,0,0,0,0,0,0,0,0,0,0,0,0,0,0,0,0,0,0,0,0,0,0,0,0,0,0,0,0,0,0,9.96,7,5,405
hoek,2023-12-26,https://github.com/hapijs/hoek,0,0,1,0,0,2,1,0,0,0,0,0,0,0,0,0,0,0,0,1,0,2,0,1,0,0,0,0,0,0,0,0,1,1,0,0,0,0,1,1,1,0,0,2,1,2,0,0,12876485.0,13839807.0,12789557.0,14314747.0,12276081.0,13373541.0,13022088.0,12492123.0,13379704.0,12759680.0,12137720.0,10516952.0,11188324.0,10530966.0,10386886.0,10239367.0,10836371.0,9439737.0,11987124.0,10092537.0,9311580.0,10354053.0,14507581.0,7878610.0,0,2,2,0,1,2,0,1,0,0,0,0,0,0,0,0,0,0,0,0,0,0,0,0,0,1,1,0,0,1,0,0,0,1,1,0,1,0,2,1,1,0,0,1,0,0,1,0,11.27,30,117,2034
cp-file,2023-11-05,https://github.com/sindresorhus/cp-file,0,0,0,0,0,0,0,0,0,0,0,0,0,0,0,0,0,0,0,0,0,0,0,0,0,0,0,0,0,0,0,0,0,0,0,0,0,0,0,0,0,0,0,0,0,0,0,0,19486627.0,16527194.0,18644511.0,19086167.0,22295673.0,18154780.0,18534145.0,17510982.0,16221175.0,16065461.0,13502346.0,12898777.0,9872861.0,11869674.0,11238631.0,10699911.0,10491175.0,10005142.0,8951586.0,9445650.0,8757696.0,8750690.0,9151709.0,9493835.0,0,1,0,0,0,0,0,0,0,0,0,0,0,1,0,0,0,0,0,0,2,0,0,0,1,0,0,0,0,0,0,0,0,0,0,0,0,0,0,0,1,0,0,0,0,0,0,0,9.36,14,30,389
user-home,2023-11-07,https://github.com/sindresorhus/user-home,0,0,0,0,0,0,0,0,0,0,0,0,0,0,0,0,0,0,0,0,0,0,0,0,0,0,0,0,0,0,0,0,0,0,0,0,0,0,0,0,0,0,0,0,0,0,0,0,9351154.0,7991047.0,8832618.0,8485109.0,9774637.0,8259932.0,9042837.0,8851146.0,8332154.0,8578729.0,8059071.0,7753331.0,6276001.0,7630900.0,7834307.0,7761910.0,8052525.0,8145793.0,7345402.0,8509361.0,7597484.0,7767730.0,8936248.0,13545659.0,0,0,0,0,0,1,0,0,0,0,0,0,0,0,0,0,0,0,1,0,0,0,0,0,1,0,0,0,0,0,0,0,0,0,0,0,0,0,0,1,0,0,0,0,0,0,0,0,9.26,4,5,2012
popper.js,2022-06-24,https://github.com/FezVrasta/popper.js,0,0,0,0,0,0,0,0,0,0,0,0,0,0,0,0,0,0,0,0,0,0,0,0,0,0,0,0,0,0,0,0,0,0,0,0,0,0,0,0,0,0,0,0,0,0,0,0,25540810.0,24272965.0,24491262.0,25150622.0,25050687.0,24771484.0,22233526.0,23656931.0,24660501.0,27874733.0,25429523.0,25915330.0,24242143.0,28044010.0,27623670.0,25858195.0,27310728.0,22739596.0,25242407.0,27175625.0,28103172.0,25888281.0,26621587.0,26807263.0,155,163,139,156,161,348,643,525,450,729,412,317,512,330,318,257,274,319,346,397,410,281,343,304,8,9,5,8,14,14,27,11,24,24,17,15,15,14,9,12,13,10,16,12,10,19,11,10,6.23,30,114,4474
tslint,2023-06-09,https://github.com/palantir/tslint,0,0,0,0,0,0,0,0,0,0,0,0,0,0,0,0,0,0,0,0,0,0,0,0,0,0,0,0,0,0,0,0,0,0,0,0,0,0,0,0,0,0,0,0,0,0,0,0,12327003.0,11151506.0,12043468.0,11682163.0,11312742.0,11570365.0,9708504.0,10371631.0,10154069.0,11290380.0,9567898.0,10250190.0,9555118.0,9666823.0,8969961.0,9234280.0,8171241.0,7249542.0,8354042.0,8228418.0,8179214.0,8338893.0,8060967.0,7372087.0,8,7,6,9,4,5,11,2,2,7,3,3,3,3,4,6,2,4,2,0,4,3,1,1,2,0,3,1,1,2,0,0,0,0,1,1,0,1,0,0,0,0,0,0,0,0,2,0,9.86,30,182,92511
write-pkg,2023-11-04,https://github.com/sindresorhus/write-pkg,0,0,0,0,0,0,0,0,0,0,0,0,0,0,0,0,0,0,0,0,0,0,0,0,0,0,0,0,0,0,0,0,0,0,0,0,0,0,0,0,0,0,0,0,0,0,0,0,5937480.0,5156683.0,5862981.0,5904614.0,6579871.0,5704050.0,6190201.0,6033414.0,6042497.0,6396836.0,5722323.0,5929504.0,4738439.0,5396776.0,5245417.0,5460584.0,5352104.0,5382752.0,5179678.0,5935538.0,5593236.0,5510494.0,5859259.0,6420623.0,0,0,0,1,1,0,0,1,5,1,1,1,0,0,0,2,0,0,0,1,1,0,0,1,0,0,0,0,0,2,1,0,1,0,0,0,0,0,0,1,0,0,0,0,0,0,0,0,8.17,9,13,399
boom,2023-12-28,https://github.com/hapijs/boom,1,0,0,1,1,0,0,0,0,0,0,0,0,0,0,0,1,0,0,0,1,1,1,1,0,0,0,0,0,0,0,0,0,0,0,0,0,0,0,0,0,0,0,0,0,0,0,0,8369207.0,8898417.0,8113523.0,9059687.0,7701251.0,8171251.0,7838283.0,7446114.0,7958994.0,7636581.0,7304796.0,6463268.0,6937873.0,6368114.0,6489421.0,6229594.0,6436724.0,5934854.0,8381811.0,6818377.0,6317426.0,6902603.0,11774118.0,5335293.0,4,3,1,3,6,5,5,4,4,2,3,1,1,1,2,3,1,3,2,2,0,2,2,2,0,0,0,0,0,0,1,0,0,0,1,1,0,1,1,0,0,0,0,0,0,0,0,0,10.96,30,72,1979
unzip-response,2022-06-28,https://github.com/sindresorhus/unzip-response,0,0,0,0,0,0,0,0,0,0,0,0,0,0,0,0,0,0,0,0,0,0,0,0,0,0,0,0,0,0,0,0,0,0,0,0,0,0,0,0,0,0,0,0,0,0,0,0,13716158.0,12653357.0,12738210.0,12595701.0,12262687.0,12285102.0,10849218.0,11430023.0,11652764.0,13363356.0,12856720.0,11637024.0,10349593.0,11589091.0,10523041.0,9994945.0,10063674.0,8772858.0,9807463.0,9632560.0,10619372.0,8894331.0,9351224.0,8975864.0,4,1,1,0,1,1,1,1,0,1,2,0,0,1,1,0,0,0,0,3,2,0,0,0,0,0,0,0,0,1,0,0,0,0,0,1,0,0,0,0,0,0,0,0,0,0,0,0,6.95,10,6,91
circular-json,2022-06-13,https://github.com/WebReflection/circular-json,0,0,0,0,0,0,0,0,0,0,0,0,0,0,0,0,0,0,0,0,0,0,0,0,0,0,0,0,0,0,0,0,0,0,0,0,0,0,0,0,0,0,0,0,0,0,0,0,10730384.0,10131020.0,10194261.0,10314847.0,10020621.0,9800156.0,8812908.0,9197729.0,9220880.0,10687149.0,9319010.0,9504151.0,8744710.0,10173856.0,9455915.0,9242670.0,9145223.0,7821571.0,8598673.0,9288769.0,9433824.0,7823653.0,8049459.0,7762731.0,0,3,0,0,1,0,1,2,0,0,1,0,1,0,0,1,0,0,2,0,2,0,0,1,0,0,0,0,0,0,0,0,0,0,0,0,0,0,0,0,0,0,0,0,0,0,0,0,9.25,6,22,695
left-pad,2024-04-16,https://github.com/stevemao/left-pad,0,0,0,0,0,0,0,0,0,0,0,0,0,0,0,0,0,0,0,0,0,0,0,0,0,0,0,0,0,0,0,0,0,0,0,0,0,0,0,0,0,0,0,0,0,0,0,0,8112811.0,9335256.0,9107044.0,8702074.0,8670793.0,7774348.0,7735189.0,6874027.0,5875633.0,6605587.0,6507867.0,6687212.0,6573884.0,5883489.0,6760396.0,5869722.0,5846470.0,6587125.0,11967891.0,5072607.0,5418150.0,6151711.0,5570050.0,6206030.0,4,5,2,4,2,2,2,4,5,6,4,5,2,0,1,0,0,0,0,3,2,2,1,0,0,0,0,0,0,1,0,1,0,0,0,0,0,0,0,0,1,1,0,0,1,0,0,0,10.09,18,15,701
subscriptions-transport-ws,2022-06-27,https://github.com/apollostack/subscriptions-transport-ws,0,0,0,0,0,0,0,0,0,0,0,0,0,0,0,0,0,0,0,0,0,0,0,0,0,0,0,0,0,0,0,0,0,0,0,0,0,0,0,0,0,0,0,0,0,0,0,0,8937303.0,9154433.0,9991043.0,10788010.0,11220490.0,11849984.0,10642072.0,12303245.0,13440332.0,15948181.0,13863937.0,14005906.0,11657522.0,12452658.0,11337648.0,10903058.0,10523247.0,8783355.0,9471924.0,9488245.0,10554514.0,8292709.0,8746116.0,8281281.0,6,7,10,7,12,9,9,6,10,0,4,3,1,1,2,1,0,4,3,2,2,2,2,1,2,2,0,0,1,1,1,0,4,2,2,3,1,1,1,1,1,0,0,2,2,0,0,0,5.84,30,56,1064
@oclif/config,2023-08-22,https://github.com/oclif/config,0,3,0,11,0,6,0,5,0,2,1,2,0,1,0,4,0,4,0,7,0,5,0,8,0,0,0,0,0,0,0,0,0,0,0,0,0,0,0,0,0,0,0,0,0,0,0,0,9372955.0,9001661.0,8256408.0,8812024.0,7426681.0,8602929.0,9486101.0,10565046.0,9139943.0,9035901.0,8057717.0,8098747.0,8061194.0,8753029.0,7838968.0,7069591.0,8031330.0,7653636.0,7691197.0,7418679.0,6775684.0,6448177.0,7025922.0,6827476.0,0,0,1,0,0,0,0,3,0,0,0,0,0,0,0,0,0,0,0,0,0,0,0,0,0,0,0,0,0,0,0,0,0,0,0,0,0,0,0,0,0,0,0,0,0,0,0,0,5.52,28,131,3784
lodash.isarray,2022-06-19,https://github.com/lodash/lodash,20,5,15,2,8,10,17,2,13,4,10,10,9,8,24,8,10,3,8,6,9,6,10,2,17,6,10,10,11,1,8,5,14,1,9,6,15,2,9,0,11,4,10,7,11,3,10,7,11536064.0,10781468.0,10783853.0,10764593.0,10695784.0,10840486.0,9603563.0,10249281.0,10378285.0,12035383.0,10898963.0,11134305.0,10515088.0,12310746.0,12000805.0,11727896.0,12087693.0,9952225.0,10948233.0,10740180.0,12135605.0,10124652.0,11748922.0,11845430.0,333,357,351,326,296,319,342,327,377,401,317,326,339,347,278,313,280,237,260,290,295,268,283,224,64,77,66,48,54,71,60,61,65,69,44,53,53,59,50,38,47,42,34,49,44,46,45,33,8.74,30,13,712
require-uncached,2022-06-26,https://github.com/sindresorhus/require-uncached,0,0,0,0,0,0,0,0,0,0,0,0,0,0,0,0,0,0,0,0,0,0,0,0,0,0,0,0,0,0,0,0,0,0,0,0,0,0,0,0,0,0,0,0,0,0,0,0,7401117.0,6948352.0,6978602.0,7055940.0,6972694.0,6816844.0,6090764.0,6282713.0,6335099.0,7205549.0,6331619.0,6508539.0,6001817.0,7078486.0,6487167.0,6222496.0,6186350.0,5452685.0,6076343.0,6319355.0,6764600.0,5750665.0,5984133.0,5716838.0,2,3,2,3,3,1,1,4,5,1,6,0,3,0,1,0,2,1,0,1,2,0,0,0,0,0,0,0,0,0,0,0,1,2,0,0,0,0,0,0,0,0,0,0,0,0,0,0,7.94,8,5,281
cryptiles,2024-01-03,https://github.com/hapijs/cryptiles,0,0,0,1,0,0,0,0,0,0,0,0,0,0,0,0,0,0,0,0,0,1,0,0,0,0,0,0,0,0,0,0,0,0,0,0,0,0,0,0,0,0,0,0,0,0,0,0,6462757.0,5798604.0,6531608.0,5527545.0,5950911.0,5769306.0,5565960.0,5808997.0,5550071.0,5348224.0,4670319.0,4163610.0,4579225.0,4665370.0,4491327.0,4589401.0,4240549.0,6406271.0,5009814.0,4500417.0,4872078.0,7927692.0,3738091.0,4200800.0,0,1,0,0,0,0,0,0,0,0,0,1,0,0,0,0,0,0,0,0,0,0,0,0,0,0,0,0,0,0,0,0,0,0,0,0,0,0,1,0,0,0,0,0,0,0,0,0,10.97,13,33,383
mini-create-react-context,2022-09-30,https://github.com/StringEpsilon/mini-create-react-context,0,19,0,12,0,4,0,0,0,0,0,0,0,0,0,0,0,0,0,0,0,0,0,0,0,0,0,0,0,0,0,0,0,0,0,0,0,0,0,0,0,0,0,0,0,0,0,0,17792753.0,18173981.0,18228876.0,16174106.0,17013778.0,17358442.0,19855838.0,18618070.0,18468089.0,19887232.0,17250160.0,19731412.0,16603145.0,17039275.0,13460319.0,14766777.0,16230850.0,16124260.0,15423584.0,14839137.0,14897196.0,13252255.0,17080321.0,13389925.0,1,1,0,0,0,0,0,0,0,0,0,0,0,0,0,0,0,0,0,0,0,0,0,0,0,0,0,0,0,0,0,0,0,0,0,0,0,0,0,0,0,0,0,0,0,0,0,0,3.49,0,6,29
@types/mkdirp,2023-02-13,https://github.com/DefinitelyTyped/DefinitelyTyped,21,439,17,431,18,389,21,355,22,324,17,372,22,422,22,334,21,395,14,354,12,251,6,296,14,342,9,334,8,217,8,195,11,239,9,242,13,261,14,306,17,243,9,393,14,274,18,337,5630695.0,5777407.0,5299921.0,5084630.0,5184537.0,4912333.0,5520900.0,5230647.0,5207827.0,5286861.0,4524119.0,4953958.0,5228536.0,4588519.0,4642917.0,4660671.0,4414184.0,4733597.0,4676906.0,4271308.0,3812770.0,3612889.0,4057223.0,4158703.0,375,436,436,509,439,405,430,439,410,387,385,439,458,434,336,345,323,316,330,297,288,273,297,295,229,219,233,209,220,202,199,226,206,194,172,180,190,176,125,136,131,135,123,128,123,109,94,150,6.74,30,18,3134
eslint-plugin-standard,2023-07-13,https://github.com/standard/eslint-plugin-standard,0,0,0,0,0,0,0,0,0,0,0,0,0,0,0,0,0,0,0,0,0,0,0,0,0,0,0,1,0,0,0,0,0,0,0,0,0,0,0,0,0,0,0,0,0,0,0,0,5496248.0,6252529.0,5928056.0,5646221.0,5543632.0,4650416.0,4995184.0,4858383.0,5444503.0,4654935.0,4933819.0,4841961.0,4660462.0,4286493.0,4572187.0,4296480.0,3728189.0,4604738.0,4546977.0,4523712.0,4733952.0,4331392.0,3831753.0,4273888.0,0,0,0,0,0,0,0,0,0,2,0,0,1,0,1,0,0,0,0,0,0,0,1,0,0,1,0,0,1,0,0,0,0,0,0,0,0,0,0,0,0,0,0,0,0,0,0,0,7.97,13,22,51425
acorn-dynamic-import,2022-08-30,https://github.com/kesne/acorn-dynamic-import,0,0,1,0,0,0,0,0,0,0,0,1,0,0,0,0,0,0,0,0,0,0,0,0,0,0,0,0,0,0,0,0,0,0,0,0,0,0,0,0,0,0,0,0,0,0,0,0,7948589.0,7788856.0,7831710.0,7801237.0,6867217.0,7234035.0,7063430.0,7717264.0,6680186.0,6698662.0,6780260.0,6406140.0,6625886.0,6561375.0,6469547.0,5375149.0,5749085.0,5562635.0,6304658.0,5107438.0,5460039.0,5317137.0,4995721.0,5150804.0,0,0,0,0,1,0,0,0,0,0,0,0,0,0,0,0,0,1,0,0,0,0,0,0,0,0,0,0,0,1,0,0,0,0,0,0,0,0,0,0,0,0,0,0,0,0,0,0,5.77,4,7,294
multicodec,2022-06-20,https://github.com/multiformats/js-multicodec,0,1,0,0,1,2,0,0,0,0,0,0,0,0,0,0,0,0,0,0,0,0,0,0,0,0,0,0,0,0,0,0,0,0,0,0,0,0,0,0,0,0,0,0,0,0,0,1,1559199.0,1602551.0,1777471.0,2019694.0,2251531.0,2545954.0,2686944.0,2773525.0,2901713.0,4062366.0,3421387.0,3800548.0,3252801.0,3697318.0,3462217.0,3488182.0,3604706.0,3027129.0,3136667.0,3461731.0,3763815.0,3343239.0,3444458.0,3137251.0,0,1,0,0,0,0,0,0,0,0,0,0,0,0,0,0,0,0,0,0,0,0,0,2,0,0,2,0,0,0,0,0,0,0,0,0,0,0,0,0,0,0,0,0,0,0,0,1,5.73,22,45,264
eslint-loader,2022-06-17,https://github.com/webpack-contrib/eslint-loader,0,0,0,0,0,0,0,0,0,0,0,0,0,0,0,0,0,0,0,0,0,0,0,0,0,0,0,0,0,0,0,0,0,0,0,0,0,0,0,0,0,0,0,0,0,0,0,0,13431084.0,12396010.0,12193234.0,12425064.0,11869105.0,11757584.0,10319543.0,10561274.0,10700098.0,11722447.0,10091109.0,9997773.0,8848675.0,9694021.0,8892475.0,8526565.0,8708995.0,7370927.0,7537805.0,7271858.0,8099452.0,6578936.0,6902969.0,6734486.0,1,1,0,3,0,1,0,1,1,0,0,1,1,0,2,2,0,1,0,0,1,1,0,0,0,0,0,0,2,0,0,1,0,0,0,0,1,2,0,1,0,0,0,0,0,0,0,0,7.53,30,50,34483
node-pre-gyp,2022-07-13,https://github.com/mapbox/node-pre-gyp,3,1,6,5,2,2,5,2,5,1,3,3,4,2,2,0,1,5,4,0,4,7,2,1,2,0,1,1,2,0,3,0,1,1,1,0,1,0,1,0,1,1,1,2,1,0,3,7,15190706.0,15986730.0,15019364.0,13645642.0,12856034.0,11290697.0,11758475.0,11963606.0,12796322.0,10855162.0,10460216.0,10572809.0,10318913.0,9255472.0,8763736.0,8410225.0,6702567.0,6980302.0,6817293.0,7407172.0,6003957.0,6134146.0,5874960.0,5664537.0,7,12,10,8,14,12,2,6,7,11,10,7,8,5,9,3,5,8,4,0,6,5,5,5,1,3,1,1,4,4,2,3,0,1,2,0,2,2,1,1,1,0,1,0,1,1,0,3,8.6,30,110,1151
@oclif/errors,2023-08-22,https://github.com/oclif/errors,0,2,0,7,0,3,0,2,0,2,0,1,0,1,0,0,0,0,0,0,0,0,0,0,0,0,0,0,0,0,0,0,0,0,0,0,0,0,0,0,0,0,0,0,0,0,0,0,6085627.0,5938896.0,6346428.0,6999843.0,6252193.0,7445438.0,7437427.0,8002617.0,6791081.0,6815594.0,6616811.0,6099645.0,6075836.0,6545080.0,5959787.0,5464168.0,6138235.0,5887108.0,6063677.0,5799273.0,5261723.0,5000594.0,5442907.0,5278010.0,0,0,1,0,0,0,0,0,0,0,0,0,0,0,0,0,0,0,0,0,0,0,0,0,0,0,0,0,0,0,0,0,0,0,0,0,0,0,0,0,0,0,0,0,0,0,0,0,5.52,17,28,1129
intl-messageformat-parser,2022-06-19,https://github.com/formatjs/formatjs,23,48,13,36,16,29,9,39,9,37,11,12,9,33,16,39,9,39,10,39,15,45,19,41,8,37,11,29,8,61,12,24,9,10,4,21,9,15,17,11,6,19,10,36,6,15,12,12,7660696.0,7196845.0,7101238.0,7224694.0,6870002.0,6588432.0,5559417.0,6046230.0,6223245.0,7116497.0,9032624.0,6495821.0,5852863.0,6999456.0,6881982.0,6234132.0,6763957.0,5585332.0,6216087.0,6544040.0,7707562.0,6632456.0,7229849.0,7132571.0,56,51,47,59,44,50,65,51,55,53,78,65,57,52,54,44,41,45,48,48,69,54,45,49,10,5,9,7,11,7,8,2,16,9,12,7,12,6,14,9,10,6,5,5,10,5,2,12,7.92,30,145,148
rollup-plugin-babel,2022-07-13,https://github.com/rollup/rollup-plugin-babel,0,0,0,0,0,0,0,0,0,0,0,0,0,0,0,0,0,0,0,0,0,0,0,0,0,0,0,0,0,0,0,0,0,0,0,0,0,0,0,0,0,0,0,0,0,0,0,0,7509171.0,7863646.0,8428261.0,8808103.0,9370996.0,8271860.0,8132168.0,7758027.0,8521982.0,7382948.0,6992706.0,6949602.0,6901262.0,6157904.0,5845683.0,5936280.0,5329386.0,5423939.0,5180097.0,5800157.0,4682006.0,5006135.0,4646634.0,4382024.0,2,1,1,0,2,1,0,1,0,1,1,1,0,0,0,0,0,0,0,0,1,0,1,0,0,0,0,0,0,0,0,0,1,0,0,0,1,0,0,0,0,0,0,0,1,0,0,0,6.72,30,59,46368
@oclif/screen,2024-02-01,https://github.com/oclif/screen,0,1,0,2,0,2,0,4,0,3,0,3,0,1,0,6,0,5,0,1,0,0,0,0,0,0,0,0,0,0,0,0,0,0,0,0,0,0,0,0,0,0,0,0,0,0,0,0,6589613.0,7005172.0,6130960.0,5857617.0,5490942.0,5217149.0,5922317.0,5250033.0,5656748.0,5134404.0,4793759.0,5196101.0,5152404.0,4931424.0,4622996.0,4385212.0,4838886.0,4632041.0,4563775.0,4736211.0,4592089.0,3808746.0,3987797.0,3897837.0,2,1,0,0,0,0,0,0,0,0,0,0,0,0,0,0,0,0,0,0,0,0,0,0,0,0,0,0,0,0,0,0,0,0,0,0,0,0,0,0,0,0,0,0,0,0,0,0,5.97,15,17,14
uglify-es,2022-06-28,https://github.com/mishoo/UglifyJS2,0,0,0,0,0,0,0,0,0,0,0,0,0,0,0,0,0,0,0,0,0,0,0,0,0,0,0,0,0,0,0,0,0,0,0,0,0,0,0,0,0,0,0,0,0,0,0,0,5718129.0,5387471.0,5465460.0,5557729.0,5471190.0,5448496.0,4972181.0,5312355.0,5385825.0,6417311.0,5694842.0,5843033.0,5589446.0,6625533.0,6193084.0,6388611.0,6658547.0,5657916.0,6349613.0,6395910.0,7506791.0,6483552.0,7266606.0,7330379.0,63,62,70,57,56,60,54,50,34,54,47,52,67,51,61,49,42,39,41,57,41,49,47,45,3,6,6,4,6,4,6,3,9,10,1,4,5,2,2,3,5,7,4,6,3,2,5,6,5.14,30,50,5046
json-schema-ref-parser,2022-11-28,https://github.com/APIDevTools/json-schema-ref-parser,1,3,1,0,2,0,3,0,1,0,0,1,5,2,3,1,3,2,1,0,2,3,3,3,1,3,8,4,5,0,2,2,0,0,0,1,1,0,0,0,1,0,2,3,3,2,0,0,4457467.0,3888549.0,4282307.0,4483498.0,5206265.0,4751569.0,5107629.0,5325480.0,4689924.0,5633822.0,5444678.0,5273906.0,4412342.0,5164042.0,6115368.0,6571748.0,5501017.0,5638793.0,5881356.0,5621385.0,5815800.0,5430229.0,5763518.0,4964747.0,9,6,12,14,8,15,13,9,8,8,13,16,13,15,5,8,9,10,16,10,11,6,10,6,3,1,2,1,6,2,1,1,1,1,1,2,1,5,0,3,2,2,2,0,1,3,2,1,7.38,30,91,664
babel-preset-es2015,2023-07-21,https://github.com/babel/babel,31,47,25,36,40,52,55,62,39,50,24,30,32,32,21,38,21,49,23,30,23,44,15,42,20,56,35,51,20,38,23,41,18,30,15,25,21,47,21,44,16,36,20,58,18,39,21,65,3019174.0,3422418.0,3239661.0,3156834.0,3225317.0,2698738.0,2955643.0,2926084.0,3311988.0,2771291.0,2995734.0,2856632.0,3181290.0,3027496.0,3027159.0,2672012.0,2399214.0,2752166.0,2657563.0,2832519.0,2844920.0,3099114.0,2898021.0,3277407.0,162,152,172,135,141,118,110,180,148,107,113,118,126,105,107,123,86,95,85,97,91,95,91,95,37,28,40,21,29,28,26,37,27,24,18,21,26,24,24,21,19,19,26,44,11,19,18,31,7.73,30,44,101630
gulp-util,2024-05-18,https://github.com/gulpjs/gulp-util,0,0,0,0,0,0,0,0,0,0,0,0,0,0,0,0,0,0,0,0,0,0,0,0,0,0,0,0,0,0,0,0,0,0,0,0,0,0,0,0,0,0,0,0,0,0,0,0,4326074.0,4240309.0,3983417.0,4187644.0,4190663.0,4226682.0,3700079.0,3232953.0,3753185.0,3651079.0,3833128.0,3967631.0,3419551.0,3808867.0,3368677.0,3420224.0,4012549.0,4507178.0,3036744.0,3395129.0,3309533.0,3754006.0,3662579.0,3572120.0,0,0,0,0,0,0,1,0,0,0,0,0,0,0,0,1,0,0,0,0,0,0,0,0,1,0,0,0,0,0,1,0,0,0,0,0,0,1,0,0,0,0,0,0,0,0,0,0,10.87,30,40,19654
@oclif/command,2023-08-22,https://github.com/oclif/command,0,2,0,14,0,6,0,5,0,5,0,2,0,1,0,3,0,5,0,8,0,8,0,19,0,0,0,0,0,0,0,0,0,0,0,0,0,0,0,0,0,0,0,0,0,0,0,0,6665689.0,6098845.0,5891205.0,6117449.0,5208537.0,5926231.0,5860528.0,6382105.0,5434103.0,5401103.0,5146425.0,4742092.0,4595736.0,4914528.0,4297919.0,3889245.0,4390676.0,4164217.0,4218561.0,3920749.0,3615943.0,3348696.0,3663573.0,3544408.0,0,0,0,0,0,2,1,1,1,0,0,0,0,0,0,0,0,0,0,0,0,1,1,0,0,0,0,1,0,0,0,0,0,0,0,0,0,0,0,0,0,0,0,0,0,0,0,0,5.52,23,109,4146
@types/marked,2023-10-03,https://github.com/DefinitelyTyped/DefinitelyTyped,25,372,12,412,13,261,4,250,12,322,15,337,11,317,7,258,10,197,7,225,12,240,11,248,19,273,7,405,14,232,17,348,10,292,5,286,10,187,5,140,5,180,7,177,6,193,4,303,2557706.0,2597427.0,2266010.0,2505138.0,2719283.0,3077285.0,2801707.0,3318689.0,3274433.0,3189339.0,3418041.0,3142053.0,2736343.0,2320751.0,2767295.0,2792067.0,2910988.0,2991147.0,2982551.0,2742171.0,3069429.0,2876186.0,2789412.0,3140746.0,416,418,376,435,432,398,481,387,319,336,325,302,285,284,291,287,288,294,258,228,282,245,255,211,209,208,184,168,198,192,184,143,124,140,137,113,128,114,91,135,152,110,101,94,114,106,96,111,7.38,30,58,1829
ethereumjs-tx,2023-02-27,https://github.com/ethereumjs/ethereumjs-tx,0,0,0,0,0,0,0,0,0,0,0,0,0,0,0,0,0,0,0,0,0,0,0,0,0,0,0,0,0,0,0,0,0,0,0,0,0,0,0,0,0,0,0,0,0,0,0,0,2058451.0,2500525.0,2350366.0,2608057.0,2649345.0,2378372.0,2697392.0,2404341.0,2400438.0,2349092.0,1957845.0,1964713.0,2273802.0,1986870.0,2140628.0,1822928.0,1595289.0,1668056.0,2497737.0,1444181.0,1085695.0,1027748.0,1076493.0,966093.0,3,4,4,5,3,3,5,2,2,3,1,2,2,0,0,0,0,0,2,1,1,0,0,0,1,0,1,0,2,2,1,3,1,0,1,0,2,1,0,0,0,0,0,1,0,0,0,0,7.72,30,58,1497
samsam,2022-06-26,https://github.com/busterjs/samsam,0,0,0,0,0,0,0,0,0,0,0,0,0,0,0,0,0,0,0,0,0,0,0,0,0,0,0,0,0,0,0,0,0,0,0,0,0,0,0,0,0,0,0,0,0,0,0,0,3582763.0,3283559.0,3558214.0,3477926.0,3449324.0,3401721.0,3216894.0,3363264.0,3327862.0,3811210.0,3446118.0,4079589.0,2881758.0,3398987.0,3270494.0,3298340.0,3379125.0,2737600.0,3019345.0,2888561.0,2958001.0,2647993.0,2850360.0,2764611.0,0,0,1,1,0,0,0,1,0,0,0,0,0,0,1,1,0,0,0,0,0,0,0,0,0,0,0,0,1,0,1,0,1,0,0,1,0,0,0,0,0,0,0,0,0,0,0,0,9.95,30,11,39
istanbul-api,2022-06-19,https://github.com/istanbuljs/istanbuljs,0,1,1,1,1,0,4,9,3,12,2,5,4,3,2,4,5,3,1,2,0,1,2,3,1,2,0,1,3,2,2,3,4,2,1,0,0,1,4,3,1,0,1,1,3,0,3,1,6742239.0,6198576.0,5822990.0,5534864.0,5295845.0,5164375.0,4545088.0,4723281.0,4690163.0,5304070.0,4621148.0,4317742.0,4097253.0,4725835.0,4195888.0,4057485.0,4062817.0,3434323.0,3599030.0,3526715.0,4030409.0,3269093.0,3516542.0,3355723.0,7,19,14,7,14,13,7,12,10,9,9,12,9,9,7,15,13,5,13,7,9,3,3,13,1,5,0,1,5,2,2,0,2,4,5,4,3,3,3,2,0,0,2,4,2,1,0,2,6.57,30,57,227
ethjs-util,2022-06-17,https://github.com/ethjs/ethjs-util,0,0,0,0,0,0,1,0,0,0,0,0,0,0,0,0,0,0,0,0,0,0,0,0,0,0,0,0,0,0,0,0,0,1,0,2,0,0,0,0,0,0,0,0,0,0,0,0,806589.0,823095.0,888723.0,978426.0,1027645.0,1086394.0,1102452.0,1232409.0,1281867.0,1592744.0,1451745.0,1636871.0,1583006.0,1909610.0,1756014.0,1861450.0,1984129.0,1711112.0,1763608.0,1889186.0,2337772.0,1965147.0,2038221.0,1831837.0,0,0,1,0,0,0,0,1,0,1,0,1,0,0,0,0,0,0,0,0,0,1,0,0,0,0,0,0,0,0,0,0,0,1,0,0,0,0,1,0,0,2,0,0,0,0,0,0,5.56,4,12,202
node-uuid,2023-05-11,https://github.com/broofa/node-uuid,0,0,0,0,0,0,0,0,0,0,0,0,0,0,0,0,0,0,0,0,0,0,0,0,0,0,0,0,0,0,0,0,0,0,0,0,0,0,0,0,0,0,0,0,0,0,0,0,4432913.0,4657800.0,4367313.0,4847375.0,4683391.0,4532508.0,4409162.0,3795351.0,4204367.0,3709362.0,4219190.0,3581874.0,3918232.0,3944263.0,4187521.0,3825797.0,3619009.0,3351053.0,2900161.0,3391131.0,3238832.0,3384090.0,3346685.0,3485351.0,0,0,0,0,0,0,1,0,0,0,1,1,0,0,0,0,0,0,0,0,0,0,0,0,0,0,0,0,0,0,2,0,0,0,0,0,0,0,0,0,1,0,0,1,0,0,1,0,11.26,28,15,5684
webpack-chain,2023-12-18,https://github.com/neutrinojs/webpack-chain,0,0,0,1,0,1,0,1,0,0,0,0,0,0,0,1,1,2,1,1,1,0,0,0,0,0,1,0,0,0,0,0,0,0,0,0,0,0,0,0,0,0,0,0,0,0,0,0,4617839.0,4793461.0,4787428.0,4933775.0,4048518.0,4244498.0,4296737.0,3990593.0,3995616.0,3672076.0,3808471.0,3452660.0,3365896.0,3181432.0,3344337.0,3233777.0,3213790.0,2998655.0,3163681.0,2871208.0,2880196.0,3080786.0,3273842.0,2551653.0,10,6,23,7,10,9,12,11,6,9,7,6,7,6,5,8,3,2,4,6,3,3,3,2,0,0,1,0,0,0,0,0,0,0,0,1,0,0,0,1,1,0,0,1,0,0,2,0,6.86,30,49,1175
@oclif/parser,2023-08-22,https://github.com/oclif/parser,0,2,0,7,0,4,0,3,0,2,0,1,0,1,0,3,0,3,0,5,0,4,0,4,0,0,0,0,0,0,0,0,0,0,0,0,0,0,0,0,0,0,0,0,0,0,0,0,5785806.0,5374022.0,5167194.0,5381872.0,4644477.0,5288042.0,5230065.0,5654539.0,4848665.0,4764464.0,4584101.0,4265401.0,4146865.0,4452155.0,3843003.0,3456636.0,3870816.0,3663438.0,3765714.0,3505807.0,3236182.0,3068866.0,3325519.0,3198291.0,0,0,0,1,0,0,0,0,0,0,0,0,0,0,0,0,0,0,0,0,0,0,0,0,0,0,0,1,0,0,0,0,0,0,0,0,0,0,0,0,0,0,0,0,0,0,0,0,5.52,25,44,153
redux-devtools-extension,2022-06-26,https://github.com/zalmoxisus/redux-devtools-extension,1,1,1,2,6,1,0,2,4,1,1,0,4,0,4,1,0,3,0,2,2,1,1,0,1,0,0,1,0,1,0,0,0,4,0,0,0,1,0,0,0,0,1,0,0,0,2,0,4055497.0,3913816.0,4104917.0,4120899.0,4431183.0,4369384.0,3890328.0,4058642.0,4148861.0,4660544.0,4251086.0,4415668.0,3979079.0,4712631.0,4781785.0,4388257.0,4474550.0,3702583.0,4044159.0,4010593.0,4594615.0,3720629.0,3898938.0,3800771.0,81,88,79,65,84,60,74,43,35,51,29,33,24,20,12,20,20,14,23,13,16,8,15,9,11,10,9,9,10,5,19,2,7,9,6,7,6,4,4,4,7,3,4,4,2,2,2,0,5.82,30,21,1950
argv,2023-01-29,https://github.com/codenothing/argv,0,0,0,0,0,0,0,0,1,0,0,0,0,0,0,0,0,0,0,0,0,0,1,1,0,0,0,0,0,0,0,0,0,0,0,0,0,0,0,0,0,0,0,0,0,0,0,0,1167154.0,1132980.0,1291480.0,1206249.0,1212627.0,1299128.0,1244096.0,1451045.0,1348933.0,1369011.0,1451591.0,1291098.0,1331925.0,1638211.0,1358097.0,1406013.0,1400396.0,1380989.0,1447372.0,1071119.0,1091240.0,947113.0,881405.0,1065318.0,1,0,0,0,0,0,0,0,0,0,0,2,0,1,0,0,0,0,0,0,0,0,0,0,0,0,0,0,0,0,0,0,0,0,0,1,0,0,0,0,0,0,0,0,0,0,0,0,10.56,3,3,694
topo,2024-01-01,https://github.com/hapijs/topo,0,0,0,1,0,1,0,0,0,0,0,0,0,0,0,0,0,0,0,0,0,1,0,0,0,0,0,0,0,0,0,0,0,0,0,0,0,0,0,0,0,0,0,0,0,0,0,0,4313468.0,4066448.0,4464480.0,3811067.0,4242673.0,4103445.0,4061870.0,4533541.0,4318018.0,3999138.0,3407573.0,2986868.0,3301816.0,3191069.0,3258143.0,3714878.0,2850346.0,3149152.0,2848336.0,2678044.0,2910148.0,3432964.0,2189362.0,2444703.0,0,1,0,2,1,0,0,0,0,0,1,0,0,0,0,0,0,0,0,0,0,0,0,0,0,0,0,0,0,0,0,0,0,0,0,0,0,0,0,0,0,0,0,0,0,0,0,0,9.72,12,13,43
protractor,2023-02-12,https://github.com/angular/protractor,1,0,3,0,2,0,1,0,0,0,1,0,0,0,0,1,0,0,1,0,0,0,0,2,1,0,0,1,0,2,0,0,0,0,0,0,1,0,1,0,0,0,0,0,0,0,0,0,5419453.0,6142004.0,5290072.0,5555302.0,5616795.0,5110438.0,5721292.0,5583302.0,5328471.0,5501813.0,4671149.0,4931821.0,5447697.0,4439825.0,4762120.0,4571232.0,4283772.0,4406813.0,4094880.0,4237917.0,3792554.0,3437694.0,4048205.0,3994970.0,10,10,8,6,4,5,10,9,8,5,3,6,8,6,5,3,2,8,6,2,2,2,3,6,7,6,7,5,4,4,2,2,0,1,1,1,3,2,3,0,2,3,2,1,0,2,2,1,9.97,30,103,14716
has-color,2022-06-18,https://github.com/sindresorhus/has-color,0,0,0,0,0,0,0,0,0,0,0,0,0,0,0,0,0,0,0,0,0,0,0,0,0,0,0,0,0,0,0,0,0,0,0,0,0,0,0,0,0,0,0,0,0,0,0,0,2979248.0,2730437.0,2862287.0,2838301.0,2874472.0,2907437.0,2560365.0,2800020.0,2713164.0,2988509.0,2662402.0,2845358.0,2661862.0,3063211.0,2909287.0,3064101.0,3032075.0,2425758.0,2614643.0,2426543.0,2906664.0,2434026.0,2587075.0,2607669.0,5,7,2,3,3,3,1,1,2,6,2,5,1,3,2,2,2,4,2,0,4,1,2,0,1,2,1,1,1,1,0,1,0,0,1,0,1,2,2,3,1,0,1,0,0,0,0,0,8.87,30,9,38
eslint-config-standard-with-typescript,2024-03-16,https://github.com/mightyiam/eslint-config-standard-with-typescript,0,0,0,0,0,0,0,0,0,0,0,0,0,0,0,0,0,0,0,0,0,0,0,0,0,0,0,0,0,0,0,0,0,0,0,0,0,0,0,0,0,0,0,0,0,0,0,0,1574840.0,1401499.0,1700151.0,1824047.0,1831663.0,2030495.0,1981980.0,2197711.0,2156008.0,1990202.0,2428974.0,2497826.0,3045562.0,2630486.0,2436111.0,2587163.0,2461230.0,2356500.0,2553318.0,2726528.0,2067037.0,2300355.0,2283059.0,2536505.0,11,14,13,10,17,14,19,14,11,12,6,7,21,8,7,10,7,8,9,15,7,7,3,3,2,0,2,1,5,3,1,0,0,0,0,0,0,1,1,0,1,1,0,2,0,0,0,0,6.46,30,67,6657
rollup-plugin-node-resolve,2023-06-09,https://github.com/rollup/rollup-plugin-node-resolve,0,0,0,0,0,0,0,0,0,0,0,0,0,0,0,0,0,0,0,0,0,0,0,0,0,0,0,0,0,0,0,0,0,0,0,0,0,0,0,0,0,0,0,0,0,0,0,0,4207804.0,3927602.0,2758655.0,2535105.0,2471029.0,2350808.0,1512991.0,1623120.0,1644085.0,1820559.0,1467325.0,1809967.0,1940303.0,2025775.0,1532774.0,1665657.0,1597335.0,1386955.0,1553937.0,1500362.0,1319182.0,1298173.0,1276611.0,1103876.0,2,0,2,0,0,0,0,0,1,1,0,0,0,0,0,0,1,0,0,0,0,0,0,0,0,0,1,0,0,0,0,0,0,0,0,0,0,0,0,0,0,0,0,0,0,0,0,0,7.33,30,34,47808
@types/puppeteer,2022-11-02,https://github.com/DefinitelyTyped/DefinitelyTyped,19,447,20,390,15,406,29,392,15,418,20,463,23,362,12,335,24,362,19,369,22,395,22,359,15,276,4,221,12,339,13,334,13,290,6,293,10,202,5,227,13,250,12,232,13,311,17,271,3488743.0,3195526.0,3619324.0,3778922.0,4400611.0,5368380.0,4435207.0,4347729.0,3931918.0,4408307.0,4445753.0,4296279.0,3542154.0,3828627.0,4205210.0,4920492.0,4453577.0,4298231.0,3298540.0,2966672.0,3090355.0,2918699.0,3126610.0,2504818.0,413,389,399,383,413,433,485,465,407,426,442,423,366,419,446,400,476,386,325,328,307,340,335,276,254,210,218,235,214,238,226,215,213,185,220,199,191,155,202,206,177,151,121,145,130,112,137,131,5.12,30,102,3613
jade,2022-06-19,https://github.com/jadejs/jade,0,0,0,0,0,0,0,0,0,0,0,0,0,0,0,0,0,0,0,0,0,0,0,0,0,0,0,0,0,0,0,0,0,0,0,0,0,0,0,0,0,0,0,0,0,0,0,0,2298976.0,2565875.0,2475215.0,2247002.0,2101475.0,2007214.0,1837687.0,1850145.0,1780260.0,1951886.0,1840995.0,1780992.0,1583900.0,1912534.0,1944861.0,1944050.0,2255363.0,1673027.0,1891248.0,1592228.0,1717558.0,1513313.0,1526344.0,1548425.0,53,71,72,78,60,64,53,52,57,54,64,50,49,61,57,54,56,46,44,65,69,54,35,53,6,7,8,6,2,3,5,3,6,6,3,2,9,4,3,4,1,4,1,8,1,4,2,2,11.5,30,132,5372
svg.draggable.js,2022-06-27,https://github.com/svgdotjs/svg.draggable.js,1,0,0,0,2,0,1,0,0,0,2,0,0,0,0,0,0,0,0,0,0,1,0,0,0,0,0,0,0,0,0,0,0,0,0,0,1,0,1,0,0,0,0,0,1,0,0,0,924459.0,958119.0,998775.0,1139157.0,1162083.0,1241010.0,1173983.0,1267924.0,1307723.0,1602127.0,1467992.0,1595798.0,1562697.0,1861860.0,1857068.0,1964678.0,2091983.0,1856955.0,2044566.0,2063362.0,2435658.0,2064817.0,2354197.0,2394954.0,1,2,2,1,1,1,3,1,1,1,1,1,0,2,1,1,1,3,0,4,3,0,1,1,1,0,2,0,0,1,1,2,0,0,0,0,0,0,0,0,0,0,1,1,0,0,0,0,7.04,11,7,49
ethereumjs-vm,2023-02-27,https://github.com/ethereumjs/ethereumjs-vm,0,0,0,0,0,0,0,0,0,0,0,0,0,0,0,0,0,0,0,0,0,0,0,0,0,0,0,0,0,0,0,0,0,0,0,0,0,0,0,0,0,0,0,0,0,0,0,0,1130265.0,1368514.0,1298177.0,1466454.0,1526107.0,1386365.0,1565089.0,1393593.0,1379088.0,1379156.0,1131581.0,1136078.0,1283634.0,1137490.0,1200085.0,983736.0,844214.0,970638.0,1823630.0,884600.0,613201.0,582329.0,609297.0,537213.0,64,56,63,73,51,44,58,49,59,47,32,29,42,21,24,32,22,22,21,21,19,17,22,12,20,6,8,10,12,7,12,13,8,17,8,6,13,11,10,8,6,4,2,5,9,3,10,9,7.62,30,43,232
apollo-server-caching,2022-11-17,https://github.com/apollographql/apollo-server,12,43,15,41,47,44,16,70,19,91,18,78,21,106,18,96,17,93,13,98,20,79,23,100,15,39,12,50,16,44,12,60,10,40,5,35,5,22,11,34,5,28,9,21,8,17,5,14,9711348.0,8650959.0,9539975.0,10319292.0,12038033.0,10494382.0,11214825.0,11360623.0,8806896.0,9626315.0,8671830.0,8200920.0,6303178.0,6886877.0,6977809.0,7865723.0,5916024.0,5796450.0,5509051.0,5136061.0,5214031.0,4284139.0,4272054.0,3458614.0,89,108,101,98,88,100,114,66,87,71,69,79,62,68,73,81,61,35,49,42,38,49,41,35,15,17,19,13,23,16,12,17,6,7,9,14,10,15,14,16,7,12,10,7,8,8,2,7,4.41,30,56,112
nomnom,2022-06-22,https://github.com/harthur/nomnom,0,0,0,0,0,1,0,0,0,0,0,0,0,0,0,0,0,0,0,0,0,0,0,0,0,0,0,0,0,0,0,0,0,0,0,0,0,0,0,0,0,0,0,0,0,0,0,0,3277875.0,2985794.0,3058456.0,3069180.0,3046604.0,3026536.0,2532492.0,2815348.0,2792344.0,3217585.0,2887342.0,2918230.0,2589984.0,2823213.0,2704189.0,2806788.0,2778555.0,2191970.0,2365201.0,2318927.0,2771215.0,2343361.0,2487377.0,2508500.0,0,1,1,0,0,0,2,1,0,0,0,0,1,0,0,0,0,0,0,0,0,0,0,0,0,0,1,0,0,0,0,0,0,0,0,0,1,0,0,0,0,0,0,0,0,0,0,0,11.21,13,26,800
create-react-class,2023-08-24,https://github.com/facebook/react,0,0,0,0,0,0,0,0,0,0,0,0,0,0,0,0,0,0,0,0,0,0,0,0,0,0,0,0,0,0,0,0,0,0,0,0,0,0,0,0,0,0,0,0,0,0,0,0,9062242.0,8769071.0,8544123.0,8727729.0,7305607.0,8062895.0,8293725.0,8978217.0,7372541.0,7977351.0,7900375.0,7499194.0,7074906.0,7489293.0,6700146.0,5830994.0,6874508.0,6753836.0,7163203.0,7279015.0,7368376.0,6468529.0,7212870.0,6980432.0,1590,1409,1668,1488,1419,1584,2047,2034,1708,1730,1465,1468,1252,1219,1185,1122,1449,1629,1480,1402,1713,1254,1152,1159,364,404,427,367,308,395,451,493,417,386,348,358,348,267,263,241,296,317,347,272,295,348,258,241,6.65,30,19,2417
ethereumjs-common,2023-02-27,https://github.com/ethereumjs/ethereumjs-common,0,0,0,0,0,0,0,0,0,0,0,0,0,0,0,0,0,0,0,0,0,0,0,0,0,0,0,0,0,0,0,0,0,0,0,0,0,0,0,0,0,0,0,0,0,0,0,0,1141782.0,1356338.0,1286791.0,1428594.0,1459027.0,1325353.0,1480093.0,1355313.0,1376301.0,1356377.0,1116437.0,1108699.0,1290756.0,1148899.0,1215071.0,1024129.0,897892.0,916481.0,1311046.0,803536.0,610104.0,591304.0,608175.0,554420.0,0,0,0,0,0,0,0,0,0,1,0,0,0,0,0,0,1,0,0,0,0,0,0,0,0,0,0,0,1,0,0,0,0,0,0,0,1,0,1,0,0,0,0,1,0,0,1,0,4.8,8,21,184
@oclif/help,2023-08-22,https://github.com/oclif/help,0,3,0,11,0,5,0,7,0,3,0,4,0,2,0,4,0,6,0,7,0,7,0,15,0,0,0,0,0,0,0,0,0,0,0,0,0,0,0,0,0,0,0,0,0,0,0,0,3187781.0,3165154.0,3336372.0,3637823.0,3254952.0,3802472.0,3530509.0,3930600.0,3400598.0,3352923.0,3315916.0,3133874.0,3097069.0,3376715.0,3004130.0,2708900.0,3030650.0,2873841.0,2814185.0,2771685.0,2548689.0,2376919.0,2589900.0,2498138.0,0,0,0,0,0,0,0,0,0,0,0,0,0,0,0,0,0,0,0,0,0,0,0,0,0,0,0,0,0,0,0,0,0,0,0,0,0,0,0,0,0,0,0,0,0,0,0,0,1.69,6,15,15
content-type-parser,2024-03-27,https://github.com/jsdom/content-type-parser,0,0,0,0,0,0,0,0,0,0,0,0,0,0,0,0,0,0,0,0,0,0,0,0,0,0,0,0,0,0,0,0,0,0,0,0,0,0,0,0,0,0,0,0,0,0,0,0,1822469.0,1493032.0,1634294.0,1633980.0,1559034.0,1680596.0,1408877.0,1399062.0,1224069.0,1077207.0,1258171.0,1243602.0,1259349.0,1222864.0,1117712.0,1397217.0,1156414.0,1158260.0,1223481.0,3057428.0,996499.0,1178581.0,1256890.0,1122210.0,2,2,0,0,0,1,0,0,1,1,1,0,2,2,1,0,0,1,0,0,0,2,0,2,0,0,0,0,0,0,0,1,1,0,0,0,0,1,0,0,0,0,0,0,0,0,0,0,7.45,4,3,51
dommatrix,2023-02-23,https://github.com/thednp/dommatrix,0,0,0,0,0,0,1,0,0,0,0,0,0,0,0,0,0,0,0,0,0,0,0,0,0,0,0,0,0,0,0,0,0,0,0,0,0,0,0,0,0,0,0,0,0,0,0,0,4590.0,5082.0,5927.0,286050.0,754979.0,938186.0,1486223.0,1675859.0,1948749.0,2247512.0,2086698.0,2371798.0,3102185.0,2647677.0,3071948.0,2873003.0,2680678.0,2872866.0,2736145.0,2979934.0,2787089.0,2568288.0,3034736.0,3181254.0,0,0,0,1,1,0,0,0,0,0,0,0,1,0,0,0,1,0,0,1,1,0,2,0,0,0,0,0,0,0,0,0,0,0,0,0,0,0,0,0,0,0,0,0,1,0,0,0,2.45,1,43,27
natives,2022-06-20,https://github.com/addaleax/natives,0,0,0,0,0,0,0,0,0,0,0,0,1,0,0,0,0,0,0,0,0,0,0,0,0,0,0,0,0,0,0,0,0,0,0,0,0,0,0,0,0,0,0,0,0,0,0,0,2855017.0,2685486.0,2762891.0,2706740.0,2539398.0,2517861.0,2310480.0,2325805.0,2321722.0,2613216.0,2318208.0,2416185.0,2164819.0,2399206.0,2354144.0,2342950.0,2351098.0,2072775.0,2240256.0,2104082.0,2330845.0,1982306.0,2143837.0,2194070.0,0,0,0,0,0,0,0,0,0,0,0,0,0,0,1,0,0,0,0,0,0,0,0,0,0,0,0,0,0,0,0,0,0,0,0,0,0,0,0,1,0,0,0,0,0,0,0,0,11.48,0,10,563
@material-ui/lab,2023-06-05,https://github.com/mui-org/material-ui,0,0,0,0,0,0,0,0,0,0,0,0,0,0,0,0,0,0,0,0,0,0,0,0,0,0,0,0,0,0,0,0,0,0,0,0,0,0,0,0,0,0,0,0,0,0,0,0,4592276.0,4043677.0,4788386.0,4713888.0,4141767.0,4071502.0,3443922.0,3790574.0,3720900.0,4253956.0,3598419.0,3670467.0,3466037.0,3931507.0,3557658.0,3728148.0,3313578.0,2951755.0,3423241.0,3403709.0,3326500.0,3084086.0,3163532.0,2815563.0,719,766,707,791,763,639,790,628,703,663,693,888,495,582,638,555,495,444,533,523,493,458,461,469,272,303,283,295,296,278,261,251,292,275,311,226,117,150,182,275,248,264,241,264,272,238,226,245,5.27,30,135,2888
cuid,2023-01-24,https://github.com/ericelliott/cuid,0,0,0,0,0,0,0,0,0,0,0,0,0,0,0,0,0,0,0,0,0,0,0,0,0,0,0,0,0,0,0,0,0,0,0,0,0,0,0,0,0,0,0,0,0,0,0,0,2630958.0,2747028.0,3316424.0,2927056.0,3112684.0,3329933.0,2979011.0,3418691.0,3138807.0,3058150.0,3248945.0,2830636.0,2953187.0,3391134.0,2734615.0,2864395.0,2839254.0,2636828.0,2801015.0,2556055.0,2842282.0,2439254.0,2006246.0,2241240.0,36,27,40,49,36,25,55,40,31,30,37,23,17,19,12,16,20,25,19,20,13,18,12,17,1,0,2,1,0,1,3,1,1,0,0,1,0,0,1,1,0,1,1,2,0,0,0,0,10.37,30,32,1325
phantomjs-prebuilt,2023-07-21,https://github.com/Medium/phantomjs,0,0,0,0,0,0,0,0,0,0,0,0,0,0,0,0,0,0,0,0,0,0,0,0,0,0,0,0,0,0,0,0,0,0,0,0,0,0,0,0,0,0,0,0,0,0,0,0,2239364.0,2600897.0,2435659.0,2449224.0,2434240.0,2104078.0,2345591.0,2229906.0,2522676.0,2176512.0,2378008.0,2460545.0,2622576.0,2369658.0,2237495.0,1921431.0,1498112.0,1697127.0,1671482.0,1695709.0,1766802.0,1751553.0,1564109.0,1757374.0,1,2,1,2,0,0,0,0,0,0,1,1,0,2,0,2,2,4,1,1,2,0,2,2,3,2,0,0,0,0,2,0,1,0,0,2,0,0,0,1,1,3,0,1,0,0,0,0,7.48,30,18,8732
@types/googlemaps,2022-06-13,https://github.com/DefinitelyTyped/DefinitelyTyped,37,541,24,490,26,504,20,450,14,662,17,408,18,365,25,453,21,401,19,452,16,420,23,342,21,380,18,396,21,335,25,389,12,388,13,267,5,251,12,320,15,344,10,309,7,258,10,197,2678134.0,2462984.0,2493812.0,2705744.0,2659244.0,2683202.0,2226234.0,2217190.0,2406263.0,2779700.0,3642909.0,2561589.0,2295773.0,2656772.0,2675162.0,2493242.0,2562448.0,2113868.0,2208081.0,2206240.0,2685854.0,2354484.0,2493081.0,2285406.0,666,429,413,506,463,419,368,424,372,403,465,507,416,441,419,412,415,375,435,442,417,459,385,332,248,238,260,238,265,254,202,235,229,226,238,202,207,209,195,217,207,181,164,201,193,178,146,126,6.07,30,112,941
@types/slice-ansi,2023-11-08,https://github.com/DefinitelyTyped/DefinitelyTyped,14,353,12,262,4,280,14,297,14,344,9,321,7,242,9,190,11,232,9,243,13,267,14,303,9,403,15,255,18,344,7,331,5,241,10,173,5,144,5,194,8,162,5,214,5,305,8,202,805493.0,721862.0,833670.0,866231.0,1005751.0,893085.0,1023444.0,1034318.0,1000225.0,1118551.0,1163898.0,1294151.0,1052059.0,1225050.0,1205869.0,1150334.0,1186299.0,1176865.0,1097513.0,1249820.0,1223505.0,1207726.0,1352427.0,1214386.0,383,379,447,449,442,441,353,332,321,330,326,291,281,284,293,279,291,256,226,294,228,255,215,240,192,175,179,201,186,174,142,128,135,138,121,121,117,87,148,146,105,97,100,116,99,101,112,98,4.97,30,6,51
@angular-devkit/build-optimizer,2023-06-09,https://github.com/angular/angular-cli,71,135,57,132,42,117,32,111,37,149,44,126,57,82,54,71,69,102,47,91,41,100,88,117,38,88,46,89,46,118,52,150,143,203,117,156,80,107,88,129,70,117,63,114,57,101,69,138,5543525.0,4829791.0,5213909.0,4591821.0,4244428.0,4151536.0,3391032.0,3457152.0,3283641.0,3519075.0,2894980.0,3043211.0,2619868.0,2513557.0,2267087.0,2219962.0,1939663.0,1658037.0,1884662.0,1827306.0,1765313.0,1691316.0,1677482.0,1518853.0,114,96,71,81,88,121,80,66,89,78,82,73,72,100,72,66,74,141,140,79,89,51,72,47,24,36,22,18,28,31,17,21,25,22,33,22,23,23,19,14,20,22,30,18,17,23,17,20,5.91,30,481,181
graphql-extensions,2022-11-16,https://github.com/apollographql/apollo-server,13,45,14,39,46,44,18,70,18,89,15,71,25,115,18,96,16,93,12,98,22,80,22,96,17,43,12,49,15,43,13,61,10,40,5,34,4,24,12,31,4,31,9,16,9,22,5,14,4926942.0,4095266.0,4378506.0,4500971.0,4841934.0,4080980.0,4041150.0,4060809.0,3401675.0,3469424.0,3328426.0,3126976.0,2480200.0,2658040.0,2634863.0,2924951.0,2336354.0,2312347.0,2167809.0,2099965.0,2047618.0,1774544.0,1784953.0,1522968.0,88,106,101,101,85,101,113,68,88,70,70,78,64,70,71,80,61,37,50,43,38,47,43,36,16,15,21,13,23,15,12,18,6,6,10,13,10,15,13,17,7,11,11,7,8,6,3,7,5.1,30,170,76
xterm,2024-04-05,https://github.com/xtermjs/xterm.js,23,14,19,14,16,13,16,11,46,57,52,39,12,18,13,14,22,8,6,12,11,4,22,23,7,9,4,6,5,28,14,5,7,11,17,6,12,7,16,10,17,21,4,4,8,5,2,0,1114156.0,1032193.0,995235.0,1096039.0,1337233.0,1259725.0,1262845.0,1167271.0,947086.0,1222492.0,1284402.0,1146703.0,1590131.0,1713939.0,1370147.0,1244932.0,1269724.0,1340584.0,1376597.0,1123878.0,1394782.0,1488801.0,1773448.0,1868727.0,159,145,170,147,163,178,133,152,168,139,135,168,144,161,147,241,170,153,129,164,142,144,151,171,18,12,17,21,14,13,13,7,15,6,5,14,18,12,8,14,13,5,14,8,13,15,14,12,8.16,30,1093,579
proto-props,2023-11-07,https://github.com/sindresorhus/proto-props,0,0,0,0,0,0,0,0,0,0,0,0,0,0,0,0,0,0,0,0,0,0,0,0,0,0,0,0,0,0,0,0,0,0,0,0,0,0,0,0,0,0,0,0,0,0,0,0,328470.0,312141.0,401672.0,338217.0,371702.0,339117.0,426020.0,402035.0,378382.0,442894.0,431193.0,513707.0,501916.0,701091.0,671861.0,752453.0,821357.0,751438.0,705184.0,763397.0,751954.0,838628.0,780140.0,808660.0,0,0,0,0,0,0,0,0,0,0,1,0,0,0,1,0,0,0,0,0,0,1,0,0,0,0,0,0,0,0,0,0,0,0,0,0,0,0,0,0,0,0,0,0,0,0,0,0,8.22,4,8,8
async-cache,2022-06-13,https://github.com/isaacs/async-cache,0,0,0,0,0,0,0,0,0,0,0,0,0,0,0,0,0,0,1,0,0,0,0,0,0,0,0,0,0,0,0,0,0,0,0,0,0,0,0,0,0,0,0,0,0,0,0,0,2228432.0,2164553.0,2224669.0,2309768.0,2269448.0,2364974.0,2197020.0,2612679.0,2723109.0,3088551.0,2954098.0,2726128.0,2605067.0,2891125.0,2880827.0,2952842.0,3022226.0,2690702.0,2895196.0,2812322.0,3097487.0,2495518.0,2594308.0,2488882.0,1,0,0,0,0,0,0,0,0,0,1,0,0,0,0,0,0,0,0,0,1,0,0,0,0,0,0,0,0,0,0,0,0,0,0,0,0,0,0,0,0,0,0,0,0,0,0,0,9.84,6,10,88
req-from,2023-06-17,https://github.com/sindresorhus/req-from,0,0,0,0,0,0,0,0,0,0,0,0,0,0,0,0,0,0,0,0,0,0,0,0,0,0,0,0,0,0,0,0,0,0,0,0,0,0,0,0,0,0,0,0,0,0,0,0,429255.0,434982.0,518797.0,458805.0,483921.0,546307.0,424660.0,472661.0,510184.0,540403.0,544454.0,599412.0,563474.0,680182.0,629528.0,759314.0,593495.0,488563.0,659420.0,644903.0,657588.0,723088.0,582790.0,477981.0,0,1,3,0,0,0,0,0,0,0,0,0,1,0,0,1,0,1,0,1,0,0,0,0,0,0,0,0,0,0,0,0,0,0,0,0,0,0,0,1,0,0,0,0,0,0,0,0,7.53,5,4,39
win-release,2022-06-29,https://github.com/sindresorhus/win-release,0,0,0,0,0,0,0,0,0,0,0,0,0,0,0,0,0,0,0,0,0,0,0,0,0,0,0,0,0,0,0,0,0,0,0,0,0,0,0,0,0,0,0,0,0,0,0,0,1089608.0,1018970.0,1054039.0,1059839.0,996436.0,1062421.0,1007762.0,1028256.0,1009187.0,1182256.0,2343290.0,1124758.0,1224385.0,1437588.0,1503522.0,1401777.0,1321076.0,1450257.0,1547984.0,1526688.0,1810121.0,1677915.0,1793571.0,1631509.0,1,2,2,0,1,2,1,0,0,0,1,1,0,0,0,0,0,0,4,0,0,0,0,0,0,0,1,0,1,0,0,0,0,0,0,0,0,0,0,0,0,0,0,0,0,0,1,0,7.45,13,6,14
@aws-cdk/core,2023-11-21,https://github.com/aws/aws-cdk,170,228,118,156,168,237,185,266,157,235,169,301,146,229,141,219,158,180,171,178,163,206,173,204,129,164,151,224,171,181,144,187,157,166,149,202,141,154,109,139,102,150,122,184,138,190,147,222,6004655.0,5902166.0,7161595.0,5760104.0,6350358.0,5937542.0,6304530.0,5866760.0,5166963.0,1770553.0,1690592.0,1640953.0,1236529.0,1373416.0,1439270.0,1269137.0,1173948.0,1155608.0,863769.0,931758.0,740381.0,943960.0,847588.0,793174.0,113,111,120,125,126,127,128,108,87,105,70,91,77,98,95,85,89,88,94,86,71,85,98,76,71,50,76,57,69,60,57,45,49,59,46,42,33,47,56,51,42,47,31,46,31,44,47,28,4.41,30,248,1463
@schematics/update,2022-05-23,https://github.com/angular/angular-cli,208,157,79,123,73,140,92,96,53,116,80,118,91,106,66,65,77,121,57,93,41,103,38,103,69,144,53,126,39,112,34,120,31,139,57,127,49,59,64,89,65,98,36,96,52,116,81,104,7351704.0,6621427.0,5753012.0,5402605.0,5294501.0,4951945.0,4742980.0,4159704.0,4161507.0,4034614.0,4347384.0,3633873.0,3537345.0,3085053.0,3230184.0,3060959.0,2803183.0,2783557.0,2368062.0,2450077.0,2335919.0,2500238.0,1991126.0,2140968.0,106,108,77,70,215,58,66,95,82,78,90,66,117,92,71,92,73,127,72,70,91,78,69,87,168,154,166,124,175,154,119,130,132,32,41,34,31,29,22,24,27,25,19,25,21,24,33,20,4.16,30,348,17
@formatjs/intl-utils,2022-04-05,https://github.com/formatjs/formatjs,33,43,20,46,23,41,17,51,16,34,11,33,10,38,13,23,8,20,15,43,8,38,10,39,20,38,16,48,13,30,6,44,10,61,8,26,14,10,4,18,9,14,13,10,9,20,5,14,2105988.0,1932921.0,2021462.0,1909841.0,1802140.0,1831516.0,1819064.0,1842227.0,1680573.0,1752769.0,1665594.0,2010337.0,1868429.0,1865906.0,1697906.0,1884754.0,1768877.0,1642502.0,1737497.0,1489358.0,1687850.0,1754876.0,2162892.0,1775738.0,77,60,54,63,43,46,57,49,56,61,47,54,63,72,61,48,56,49,48,42,39,50,58,75,14,3,11,5,7,7,9,10,9,4,4,20,9,13,10,10,14,9,11,6,3,6,8,9,2.77,30,64,81
osx-release,2022-06-23,https://github.com/sindresorhus/osx-release,0,0,0,0,0,0,0,0,0,0,0,0,0,0,0,0,0,0,0,0,0,0,0,0,0,0,0,0,0,0,0,0,0,0,0,0,0,0,0,0,0,0,0,0,0,0,0,0,766077.0,715800.0,732370.0,717791.0,696076.0,746605.0,761564.0,774801.0,732877.0,869637.0,819192.0,804735.0,966988.0,1134859.0,1200078.0,1137496.0,1061832.0,1224863.0,1317995.0,1277153.0,1537072.0,1450606.0,1497406.0,1334686.0,0,1,3,0,0,0,2,1,0,0,0,4,0,0,0,2,1,1,2,5,2,2,0,0,1,0,0,1,0,0,1,0,1,0,0,0,0,0,0,2,0,1,3,2,1,1,0,0,8.04,7,4,11
mailcomposer,2022-06-19,https://github.com/andris9/mailcomposer,0,0,0,0,0,0,0,0,0,0,0,0,0,0,0,0,0,0,0,0,0,0,0,0,0,0,0,0,0,0,0,0,0,0,0,0,0,0,0,0,0,0,0,0,0,0,0,0,1111956.0,1095464.0,1116325.0,1048518.0,1006279.0,1024751.0,958690.0,1047739.0,1008910.0,1158582.0,1109968.0,1172836.0,1202734.0,1352523.0,1273902.0,1360920.0,1434383.0,1112300.0,1195511.0,1313372.0,1626022.0,1362748.0,1369891.0,1403137.0,0,0,0,0,0,0,0,0,0,0,0,0,0,0,0,0,0,0,0,0,0,0,0,0,0,1,0,0,0,0,0,1,1,0,0,0,0,0,0,0,0,0,0,1,0,0,0,0,10.38,17,76,83
@aws-cdk/aws-iam,2023-11-21,https://github.com/aws/aws-cdk,170,228,118,156,168,237,185,266,157,235,169,301,146,229,141,219,158,180,171,178,163,206,173,204,129,164,151,224,171,181,144,187,157,166,149,202,141,154,109,139,102,150,122,184,138,190,147,222,4319138.0,4263493.0,5254102.0,4136802.0,4646493.0,4479064.0,4901781.0,4681236.0,3843594.0,1443938.0,1376426.0,1345774.0,994387.0,1126895.0,1155027.0,1056728.0,1061367.0,1006945.0,696135.0,764713.0,630954.0,806311.0,687244.0,664041.0,113,111,120,125,126,127,128,108,87,105,70,91,77,98,95,85,89,88,94,86,71,85,98,76,71,50,76,57,69,60,57,45,49,59,46,42,33,47,56,51,42,47,31,46,31,44,47,28,5.31,30,288,686
asar,2022-10-20,https://github.com/electron/asar,0,0,1,0,1,0,0,1,5,0,0,0,1,1,1,2,1,1,1,1,2,0,0,0,3,1,3,3,0,7,0,1,1,0,2,3,0,0,1,2,0,2,2,3,0,4,0,2,2213823.0,2300449.0,2263714.0,2427801.0,2341891.0,2702107.0,3786707.0,2628147.0,2636084.0,2397862.0,2677090.0,2663977.0,2519998.0,2112713.0,2310860.0,2339631.0,2437411.0,1963472.0,2112482.0,2084342.0,1876370.0,2000873.0,1895976.0,1952944.0,22,29,18,19,13,16,14,27,31,18,33,23,19,22,23,28,19,34,13,8,17,20,17,26,2,0,1,3,4,2,1,3,2,0,3,1,3,1,1,0,1,5,5,0,1,3,0,0,8.08,30,50,300
@aws-cdk/aws-kms,2023-11-21,https://github.com/aws/aws-cdk,170,228,118,156,168,237,185,266,157,235,169,301,146,229,141,219,158,180,171,178,163,206,173,204,129,164,151,224,171,181,144,187,157,166,149,202,141,154,109,139,102,150,122,184,138,190,147,222,4110291.0,4053102.0,4800320.0,3931227.0,4419880.0,4078931.0,4293241.0,4000225.0,3589060.0,1375132.0,1265811.0,1271054.0,931920.0,1074270.0,1108821.0,1009076.0,1026760.0,959238.0,648412.0,698215.0,579665.0,727587.0,632892.0,620369.0,113,111,120,125,126,127,128,108,87,105,70,91,77,98,95,85,89,88,94,86,71,85,98,76,71,50,76,57,69,60,57,45,49,59,46,42,33,47,56,51,42,47,31,46,31,44,47,28,5.31,30,288,150
gcs-resumable-upload,2023-10-11,https://github.com/googleapis/gcs-resumable-upload,0,1,1,2,1,2,0,0,0,0,0,1,0,0,0,1,0,2,0,4,0,5,0,5,0,2,0,0,1,1,0,0,0,0,0,0,0,0,0,0,0,0,0,0,0,0,0,0,3260064.0,3172674.0,2810404.0,2838141.0,2654147.0,2783131.0,2284712.0,2358793.0,2286401.0,2037262.0,2058333.0,2112226.0,2585183.0,1387756.0,1535146.0,1440486.0,1416258.0,1340835.0,1354890.0,1288186.0,1253147.0,1178845.0,1100443.0,1152291.0,2,0,0,0,0,1,0,0,1,0,0,0,0,0,1,1,0,0,0,0,0,0,0,0,0,0,0,0,0,0,0,0,0,0,0,0,0,0,0,0,0,0,0,0,0,0,0,0,8.12,30,68,17
adal-node,2023-11-07,https://github.com/AzureAD/microsoft-authentication-library-for-js,35,32,32,39,51,45,41,62,32,54,26,70,32,72,33,43,44,44,43,54,44,66,38,37,38,32,34,13,31,40,25,29,32,34,23,43,20,32,18,20,19,25,21,28,26,38,19,19,1824022.0,1701003.0,1819326.0,1848948.0,2198797.0,1820490.0,1944131.0,2058188.0,2040254.0,2321178.0,2040518.0,1976206.0,1307696.0,1356509.0,1248274.0,1305014.0,1276589.0,1267807.0,1074209.0,1120058.0,1033745.0,1020822.0,1088038.0,1116442.0,54,46,58,42,59,54,61,47,29,36,49,41,40,26,44,35,48,40,35,45,39,38,34,32,44,39,36,51,35,46,37,31,13,20,11,19,18,18,16,11,10,20,17,13,17,16,12,8,9.63,30,31,129
@types/sass,2023-03-03,https://github.com/DefinitelyTyped/DefinitelyTyped,15,421,20,468,23,354,12,337,24,371,24,360,17,388,24,370,15,420,15,267,4,233,12,337,13,287,6,290,10,206,5,221,15,249,11,238,13,308,16,267,9,411,14,242,16,325,10,298,2126978.0,1872421.0,1932912.0,2072080.0,1918394.0,2136984.0,2250598.0,2214411.0,2250593.0,2071531.0,2232583.0,2135543.0,3008432.0,2145346.0,2240689.0,2317800.0,2093595.0,1719305.0,1927960.0,1590411.0,1120244.0,1305345.0,973344.0,1678808.0,410,439,480,467,410,433,435,420,430,364,425,445,470,389,320,333,305,339,328,279,288,275,304,271,223,238,218,223,203,191,213,203,218,188,158,201,180,154,118,142,133,113,136,127,119,84,130,150,4.25,30,7,567
deep-assign,2022-06-14,https://github.com/sindresorhus/deep-assign,0,0,0,0,0,0,0,0,0,0,0,0,0,0,0,0,0,0,0,0,0,0,0,0,0,0,0,0,0,0,0,0,0,0,0,0,0,0,0,0,0,0,0,0,0,0,0,0,2355331.0,2242016.0,2303600.0,2256768.0,2134403.0,2001750.0,1701045.0,1766519.0,1728598.0,1949230.0,1668532.0,1581741.0,1391433.0,1532096.0,1438542.0,1461207.0,1363814.0,1166110.0,1243971.0,1206741.0,1366296.0,1125300.0,1212408.0,1171947.0,0,0,0,0,1,0,0,0,1,0,0,0,0,0,0,0,0,0,0,0,0,0,0,0,0,0,0,0,0,0,0,0,0,0,1,0,0,1,0,0,0,0,0,0,0,0,0,0,6.75,7,3,852
testrpc,2022-05-21,https://github.com/trufflesuite/ganache-cli,0,0,0,0,0,0,0,0,0,0,0,0,0,0,0,0,0,0,0,0,0,0,0,0,0,0,0,0,0,0,0,0,0,0,0,0,0,0,0,0,0,0,0,0,0,0,0,0,87606.0,111857.0,135510.0,158979.0,209638.0,235284.0,285826.0,261013.0,286720.0,311330.0,381808.0,362323.0,442270.0,408751.0,457136.0,395523.0,396770.0,423303.0,339427.0,353762.0,362918.0,428052.0,386876.0,400557.0,6,4,7,63,80,85,117,149,332,182,173,128,82,68,60,73,63,48,47,39,30,55,55,45,2,1,4,15,8,10,10,23,33,36,33,14,6,11,8,13,11,7,11,9,9,13,2,6,4.48,30,1,39
@gitbeaker/node,2023-04-26,https://github.com/jdalrymple/gitbeaker,4,33,5,42,5,55,4,51,5,30,7,58,4,62,5,73,0,73,6,54,4,70,5,64,18,38,8,27,7,26,9,20,11,12,8,11,6,28,7,18,8,28,4,4,11,8,6,8,326095.0,348080.0,359379.0,278516.0,337315.0,332742.0,691049.0,1023536.0,921499.0,1156939.0,1292436.0,1667643.0,1639933.0,1811462.0,1829566.0,1926800.0,1799320.0,2023378.0,1886407.0,1791100.0,2068684.0,2195278.0,2253248.0,2053943.0,32,17,21,18,30,12,14,13,11,11,29,16,16,16,16,17,20,20,15,11,12,13,15,13,2,4,4,1,0,1,2,5,2,1,0,3,6,0,1,2,3,0,1,1,2,3,3,1,3.09,30,156,106
@aws-cdk/aws-ssm,2023-11-21,https://github.com/aws/aws-cdk,170,228,118,156,168,237,185,266,157,235,169,301,146,229,141,219,158,180,171,178,163,206,173,204,129,164,151,224,171,181,144,187,157,166,149,202,141,154,109,139,102,150,122,184,138,190,147,222,3835566.0,3773540.0,4320851.0,3626052.0,4111650.0,3773324.0,3969629.0,3685132.0,3321576.0,1268705.0,1143431.0,1199993.0,865468.0,1007408.0,1034502.0,915948.0,956344.0,869438.0,573141.0,621624.0,527208.0,648627.0,591179.0,572744.0,113,111,120,125,126,127,128,108,87,105,70,91,77,98,95,85,89,88,94,86,71,85,98,76,71,50,76,57,69,60,57,45,49,59,46,42,33,47,56,51,42,47,31,46,31,44,47,28,5.31,30,288,130
msal,2023-11-07,https://github.com/AzureAD/microsoft-authentication-library-for-js,35,32,32,39,51,45,41,62,32,54,26,70,32,72,33,43,44,44,43,54,44,66,38,37,38,32,34,13,31,40,25,29,32,34,23,43,20,32,18,20,19,25,21,28,26,38,19,19,2237650.0,1818940.0,1902846.0,1804647.0,1960196.0,1526398.0,1714662.0,1763741.0,1589472.0,1661111.0,1482152.0,1592173.0,1140288.0,1370323.0,1429984.0,1084325.0,1057311.0,1043588.0,893479.0,946955.0,892661.0,914360.0,1027995.0,1090197.0,54,46,58,42,59,54,61,47,29,36,49,41,40,26,44,35,48,40,35,45,39,38,34,32,44,39,36,51,35,46,37,31,13,20,11,19,18,18,16,11,10,20,17,13,17,16,12,8,6.51,30,71,214
react-use-gesture,2022-05-15,https://github.com/pmndrs/react-use-gesture,0,0,0,0,0,0,0,0,0,0,0,0,0,0,0,0,0,0,0,0,0,0,0,0,0,0,0,0,0,0,0,0,0,0,0,0,0,0,0,0,0,0,0,0,0,0,0,0,474183.0,552250.0,559496.0,588665.0,663661.0,734677.0,773717.0,704625.0,694438.0,730484.0,807510.0,677012.0,754525.0,766049.0,997237.0,976610.0,898984.0,815648.0,691534.0,854689.0,890102.0,1090972.0,837714.0,887468.0,368,148,108,121,95,95,113,111,92,136,118,76,286,114,104,119,237,120,78,87,98,98,85,95,12,7,5,4,5,5,8,6,6,4,5,4,7,9,6,5,6,1,3,5,3,2,1,2,3.14,30,173,341
@wessberg/ts-evaluator,2022-04-07,https://github.com/wessberg/ts-evaluator,0,0,0,0,0,0,0,0,0,0,0,0,0,0,0,0,0,0,0,0,0,0,0,0,0,0,0,0,0,0,1,0,0,0,0,0,0,0,0,0,0,0,0,0,0,0,0,0,304021.0,275545.0,317309.0,324323.0,407555.0,471224.0,596096.0,468801.0,392175.0,368563.0,370118.0,437780.0,517842.0,533444.0,483362.0,547648.0,506556.0,467347.0,431485.0,460956.0,631393.0,593410.0,596110.0,517991.0,2,2,0,0,0,1,0,0,0,1,1,0,0,0,0,3,2,0,7,0,1,1,0,0,0,0,0,0,0,0,0,0,0,0,0,0,0,0,0,0,0,0,0,0,0,0,0,0,3.31,2,28,7
ethereumjs-blockchain,2023-02-27,https://github.com/ethereumjs/ethereumjs-blockchain,0,0,0,0,0,0,0,0,0,0,0,0,0,0,0,0,0,0,0,0,0,0,0,0,0,0,0,0,0,0,0,0,0,0,0,0,0,0,0,0,0,0,0,0,0,0,0,0,309526.0,373602.0,369031.0,426079.0,454661.0,422215.0,470679.0,418886.0,414962.0,422660.0,329834.0,328838.0,363398.0,316876.0,306272.0,248541.0,214652.0,288279.0,701495.0,280255.0,167221.0,152224.0,163561.0,141155.0,0,0,0,0,0,0,0,0,0,0,0,0,0,0,0,1,0,1,0,1,0,1,0,0,1,0,0,0,0,0,0,0,0,0,0,0,0,1,0,0,0,0,0,0,0,0,0,0,7.55,19,35,46
@aws-cdk/aws-events,2023-11-21,https://github.com/aws/aws-cdk,170,228,118,156,168,237,185,266,157,235,169,301,146,229,141,219,158,180,171,178,163,206,173,204,129,164,151,224,171,181,144,187,157,166,149,202,141,154,109,139,102,150,122,184,138,190,147,222,4079270.0,4025123.0,4667817.0,3871061.0,4387122.0,4054943.0,4261038.0,4016876.0,3644573.0,1358850.0,1249902.0,1258844.0,920614.0,1059897.0,1090729.0,984633.0,1004328.0,931416.0,628046.0,680419.0,570810.0,715993.0,626496.0,610197.0,113,111,120,125,126,127,128,108,87,105,70,91,77,98,95,85,89,88,94,86,71,85,98,76,71,50,76,57,69,60,57,45,49,59,46,42,33,47,56,51,42,47,31,46,31,44,47,28,5.31,30,288,198
temp-path,2023-11-07,https://github.com/sindresorhus/temporary-path,0,0,0,0,0,0,0,0,0,0,0,0,0,0,0,0,0,0,0,0,0,0,0,0,0,0,0,0,0,0,0,0,0,0,0,0,0,0,0,0,0,0,0,0,0,0,0,0,484523.0,433674.0,594442.0,684472.0,748106.0,648335.0,737589.0,825016.0,769912.0,734671.0,704874.0,768755.0,700623.0,809358.0,818242.0,868925.0,883409.0,901126.0,865084.0,1011884.0,720296.0,567215.0,659626.0,949287.0,0,0,0,0,0,0,0,0,0,0,0,0,5,2,2,0,1,0,0,1,0,0,0,0,0,0,0,0,0,0,0,0,0,0,0,0,0,0,0,0,0,0,0,0,0,0,0,0,8.9,0,2,26
@aws-cdk/aws-s3,2023-11-21,https://github.com/aws/aws-cdk,170,228,118,156,168,237,185,266,157,235,169,301,146,229,141,219,158,180,171,178,163,206,173,204,129,164,151,224,171,181,144,187,157,166,149,202,141,154,109,139,102,150,122,184,138,190,147,222,4008606.0,3950182.0,4653064.0,3841549.0,4308452.0,3978962.0,4182008.0,3942399.0,3573753.0,1342952.0,1216416.0,1241845.0,906616.0,1049344.0,1076350.0,963134.0,993669.0,915082.0,616200.0,669781.0,565286.0,697062.0,618140.0,599935.0,113,111,120,125,126,127,128,108,87,105,70,91,77,98,95,85,89,88,94,86,71,85,98,76,71,50,76,57,69,60,57,45,49,59,46,42,33,47,56,51,42,47,31,46,31,44,47,28,5.31,30,288,468
@aws-cdk/aws-cloudwatch,2023-11-21,https://github.com/aws/aws-cdk,170,228,118,156,168,237,185,266,157,235,169,301,146,229,141,219,158,180,171,178,163,206,173,204,129,164,151,224,171,181,144,187,157,166,149,202,141,154,109,139,102,150,122,184,138,190,147,222,3968911.0,3911486.0,4582357.0,3792401.0,4265987.0,3928148.0,4139360.0,3848471.0,3459692.0,1329449.0,1243792.0,1266144.0,919590.0,1064916.0,1096046.0,981395.0,1009328.0,919617.0,616444.0,669252.0,564313.0,694643.0,611306.0,606953.0,113,111,120,125,126,127,128,108,87,105,70,91,77,98,95,85,89,88,94,86,71,85,98,76,71,50,76,57,69,60,57,45,49,59,46,42,33,47,56,51,42,47,31,46,31,44,47,28,5.31,30,288,140
@aws-cdk/assets,2023-11-21,https://github.com/aws/aws-cdk,170,228,118,156,168,237,185,266,157,235,169,301,146,229,141,219,158,180,171,178,163,206,173,204,129,164,151,224,171,181,144,187,157,166,149,202,141,154,109,139,102,150,122,184,138,190,147,222,3905356.0,3851856.0,4256049.0,3699083.0,4212264.0,3875779.0,4078019.0,3817608.0,3430619.0,1328762.0,1227186.0,1233969.0,897042.0,1041106.0,1076337.0,951970.0,980642.0,899858.0,603782.0,655790.0,554082.0,679193.0,599906.0,577226.0,113,111,120,125,126,127,128,108,87,105,70,91,77,98,95,85,89,88,94,86,71,85,98,76,71,50,76,57,69,60,57,45,49,59,46,42,33,47,56,51,42,47,31,46,31,44,47,28,5.31,30,288,49
azure-arm-resource,2022-06-13,https://github.com/Azure/azure-sdk-for-node,1,0,0,0,0,0,1,0,0,0,5,4,1,0,1,1,0,0,4,0,1,3,0,0,0,0,2,1,1,1,0,0,0,0,0,0,0,0,0,0,0,0,3,0,0,2,0,0,284681.0,239962.0,285531.0,297586.0,286442.0,225060.0,169720.0,245512.0,243083.0,349771.0,460514.0,411957.0,384203.0,367648.0,284099.0,368790.0,172061.0,294306.0,392958.0,366515.0,563700.0,606908.0,629259.0,717118.0,3,4,3,4,2,1,1,0,3,2,3,2,1,2,2,1,4,0,3,1,5,1,3,0,1,2,1,1,0,0,1,1,0,0,1,1,0,0,0,0,0,0,0,1,0,0,1,0,7.11,30,37,63
graphql-import,2022-06-18,https://github.com/ardatan/graphql-import,0,0,0,0,0,0,0,0,0,0,0,0,0,0,0,0,0,0,0,0,0,0,0,0,0,0,0,0,0,0,0,0,0,0,0,0,0,0,0,0,0,0,0,0,0,0,0,0,1921506.0,1776208.0,1698962.0,1661724.0,1670360.0,1732079.0,5077869.0,7865329.0,7681436.0,8321258.0,2752957.0,1292935.0,1120452.0,1285994.0,1250509.0,1209808.0,1164427.0,908230.0,1008728.0,989357.0,1139252.0,902954.0,895566.0,902562.0,1,2,1,1,1,0,0,0,3,1,0,0,0,0,0,2,1,1,0,0,0,1,1,2,0,0,0,0,0,0,0,0,0,0,0,0,0,0,0,0,0,0,0,0,0,0,0,0,4.57,21,431,202
@aws-cdk/aws-s3-assets,2023-11-21,https://github.com/aws/aws-cdk,170,228,118,156,168,237,185,266,157,235,169,301,146,229,141,219,158,180,171,178,163,206,173,204,129,164,151,224,171,181,144,187,157,166,149,202,141,154,109,139,102,150,122,184,138,190,147,222,3888311.0,3827454.0,4359331.0,3685070.0,4170009.0,3838352.0,4044453.0,3755008.0,3387419.0,1304282.0,1180203.0,1217119.0,888322.0,1031619.0,1057047.0,938451.0,971034.0,882881.0,589227.0,639129.0,538196.0,662236.0,592691.0,571990.0,113,111,120,125,126,127,128,108,87,105,70,91,77,98,95,85,89,88,94,86,71,85,98,76,71,50,76,57,69,60,57,45,49,59,46,42,33,47,56,51,42,47,31,46,31,44,47,28,4.42,30,249,84
@types/minipass,2022-08-01,https://github.com/DefinitelyTyped/DefinitelyTyped,25,483,19,475,18,641,19,479,19,395,14,369,28,430,19,415,21,457,21,355,11,354,25,347,23,421,26,358,16,419,13,275,7,227,11,319,13,333,14,297,5,321,9,184,6,233,13,244,1884297.0,1450644.0,1346196.0,1527534.0,1402487.0,2995769.0,2122194.0,1899017.0,2891507.0,1751344.0,1649392.0,1498827.0,1600813.0,1127686.0,1215933.0,1082402.0,1088860.0,1186470.0,1115479.0,864737.0,1094790.0,930907.0,911136.0,1021305.0,386,432,543,427,392,397,380,417,433,460,488,405,444,434,394,393,424,437,398,483,401,314,328,316,273,232,275,266,214,198,252,216,232,216,231,210,218,213,219,184,164,193,208,180,164,108,150,135,4.96,30,6,26
@aws-cdk/aws-logs,2023-11-21,https://github.com/aws/aws-cdk,170,228,118,156,168,237,185,266,157,235,169,301,146,229,141,219,158,180,171,178,163,206,173,204,129,164,151,224,171,181,144,187,157,166,149,202,141,154,109,139,102,150,122,184,138,190,147,222,3886212.0,3827561.0,4434117.0,3687648.0,4167500.0,3835433.0,4041606.0,3750614.0,3387741.0,1310227.0,1178434.0,1219754.0,888421.0,1034637.0,1057894.0,937961.0,974118.0,882214.0,587554.0,637279.0,540554.0,661137.0,594083.0,574438.0,113,111,120,125,126,127,128,108,87,105,70,91,77,98,95,85,89,88,94,86,71,85,98,76,71,50,76,57,69,60,57,45,49,59,46,42,33,47,56,51,42,47,31,46,31,44,47,28,5.31,30,288,226
newman-reporter-htmlextra,2024-03-19,https://github.com/DannyDainton/newman-reporter-htmlextra,0,0,0,0,1,0,1,0,1,0,2,1,1,0,1,0,0,1,1,4,2,0,0,0,3,0,0,0,1,1,1,0,0,0,0,1,0,0,1,0,0,0,0,0,0,1,0,0,713095.0,669238.0,728227.0,738997.0,755291.0,808630.0,742465.0,792329.0,732571.0,724177.0,771215.0,700257.0,696557.0,718412.0,665876.0,737739.0,733998.0,743934.0,814355.0,784882.0,730171.0,775023.0,727190.0,816840.0,4,3,4,2,0,2,4,7,5,1,4,3,2,1,2,4,3,2,1,1,0,3,3,2,4,2,1,1,0,1,0,1,0,0,1,0,3,2,0,1,0,0,2,0,1,1,1,2,5.28,19,117,22
@aws-cdk/aws-ec2,2023-11-21,https://github.com/aws/aws-cdk,170,228,118,156,168,237,185,266,157,235,169,301,146,229,141,219,158,180,171,178,163,206,173,204,129,164,151,224,171,181,144,187,157,166,149,202,141,154,109,139,102,150,122,184,138,190,147,222,3823297.0,3758631.0,4309120.0,3613831.0,4091874.0,3755706.0,3949515.0,3707088.0,3385442.0,1272702.0,1139650.0,1199239.0,865914.0,1007496.0,1035618.0,913892.0,958666.0,867457.0,571744.0,619470.0,528461.0,643423.0,588787.0,570229.0,113,111,120,125,126,127,128,108,87,105,70,91,77,98,95,85,89,88,94,86,71,85,98,76,71,50,76,57,69,60,57,45,49,59,46,42,33,47,56,51,42,47,31,46,31,44,47,28,5.31,30,288,377
@formatjs/intl-unified-numberformat,2022-04-05,https://github.com/formatjs/formatjs,33,43,20,46,23,41,17,51,16,34,11,33,10,38,13,23,8,20,15,43,8,38,10,39,20,38,16,48,13,30,6,44,10,61,8,26,14,10,4,18,9,14,13,10,9,20,5,14,1392316.0,1358793.0,1463699.0,1416945.0,1348236.0,1353075.0,1356886.0,1392610.0,1242651.0,1288227.0,1204595.0,1470382.0,1429521.0,1391764.0,1259492.0,1399406.0,1311203.0,1171569.0,1270254.0,1063687.0,1158560.0,1217585.0,1536210.0,1341164.0,77,60,54,63,43,46,57,49,56,61,47,54,63,72,61,48,56,49,48,42,39,50,58,75,14,3,11,5,7,7,9,10,9,4,4,20,9,13,10,10,14,9,11,6,3,6,8,9,2.64,30,43,14
@aws-cdk/aws-lambda,2023-11-21,https://github.com/aws/aws-cdk,170,228,118,156,168,237,185,266,157,235,169,301,146,229,141,219,158,180,171,178,163,206,173,204,129,164,151,224,171,181,144,187,157,166,149,202,141,154,109,139,102,150,122,184,138,190,147,222,3666787.0,3599378.0,4091327.0,3444933.0,3916179.0,3590900.0,3782197.0,3496841.0,3175625.0,1243055.0,1098347.0,1176769.0,845140.0,984720.0,1007925.0,883094.0,937860.0,841994.0,549315.0,592650.0,507911.0,611430.0,549341.0,549746.0,113,111,120,125,126,127,128,108,87,105,70,91,77,98,95,85,89,88,94,86,71,85,98,76,71,50,76,57,69,60,57,45,49,59,46,42,33,47,56,51,42,47,31,46,31,44,47,28,5.31,30,288,666
@aws-cdk/aws-sqs,2023-11-21,https://github.com/aws/aws-cdk,170,228,118,156,168,237,185,266,157,235,169,301,146,229,141,219,158,180,171,178,163,206,173,204,129,164,151,224,171,181,144,187,157,166,149,202,141,154,109,139,102,150,122,184,138,190,147,222,3697903.0,3644293.0,4005726.0,3486719.0,3964021.0,3638207.0,3819719.0,3543979.0,3202747.0,1241849.0,1109757.0,1175888.0,850297.0,991316.0,1017774.0,896110.0,947042.0,855867.0,562690.0,604394.0,516964.0,627874.0,555585.0,601006.0,113,111,120,125,126,127,128,108,87,105,70,91,77,98,95,85,89,88,94,86,71,85,98,76,71,50,76,57,69,60,57,45,49,59,46,42,33,47,56,51,42,47,31,46,31,44,47,28,5.31,30,288,179
@aws-cdk/aws-autoscaling-common,2023-11-21,https://github.com/aws/aws-cdk,170,228,118,156,168,237,185,266,157,235,169,301,146,229,141,219,158,180,171,178,163,206,173,204,129,164,151,224,171,181,144,187,157,166,149,202,141,154,109,139,102,150,122,184,138,190,147,222,3560953.0,3506123.0,3792509.0,3357956.0,3824418.0,3505889.0,3686110.0,3422943.0,3088286.0,1220859.0,1089080.0,1159585.0,839309.0,972523.0,1000996.0,881828.0,933923.0,836442.0,545359.0,589914.0,503552.0,608779.0,544473.0,541200.0,113,111,120,125,126,127,128,108,87,105,70,91,77,98,95,85,89,88,94,86,71,85,98,76,71,50,76,57,69,60,57,45,49,59,46,42,33,47,56,51,42,47,31,46,31,44,47,28,5.02,30,272,23
@aws-cdk/aws-ecr,2023-11-21,https://github.com/aws/aws-cdk,170,228,118,156,168,237,185,266,157,235,169,301,146,229,141,219,158,180,171,178,163,206,173,204,129,164,151,224,171,181,144,187,157,166,149,202,141,154,109,139,102,150,122,184,138,190,147,222,3415847.0,3359097.0,3676619.0,3235103.0,3688888.0,3374186.0,3560673.0,3360204.0,3099180.0,1248180.0,1107407.0,1179129.0,846714.0,977542.0,1004759.0,882552.0,933770.0,832657.0,547758.0,589521.0,501148.0,608401.0,544793.0,539140.0,113,111,120,125,126,127,128,108,87,105,70,91,77,98,95,85,89,88,94,86,71,85,98,76,71,50,76,57,69,60,57,45,49,59,46,42,33,47,56,51,42,47,31,46,31,44,47,28,5.31,30,288,89
@aws-cdk/aws-applicationautoscaling,2023-11-21,https://github.com/aws/aws-cdk,170,228,118,156,168,237,185,266,157,235,169,301,146,229,141,219,158,180,171,178,163,206,173,204,129,164,151,224,171,181,144,187,157,166,149,202,141,154,109,139,102,150,122,184,138,190,147,222,3536232.0,3479660.0,3774997.0,3333342.0,3796288.0,3479910.0,3658079.0,3394532.0,3067548.0,1216235.0,1083373.0,1158979.0,837809.0,971845.0,999525.0,878038.0,932943.0,833292.0,543433.0,586427.0,501677.0,604282.0,543171.0,539028.0,113,111,120,125,126,127,128,108,87,105,70,91,77,98,95,85,89,88,94,86,71,85,98,76,71,50,76,57,69,60,57,45,49,59,46,42,33,47,56,51,42,47,31,46,31,44,47,28,5.31,30,288,42
@aws-cdk/aws-ecr-assets,2023-11-21,https://github.com/aws/aws-cdk,170,228,118,156,168,237,185,266,157,235,169,301,146,229,141,219,158,180,171,178,163,206,173,204,129,164,151,224,171,181,144,187,157,166,149,202,141,154,109,139,102,150,122,184,138,190,147,222,3398199.0,3343347.0,3647077.0,3218001.0,3669405.0,3357090.0,3536262.0,3290231.0,3003489.0,1231183.0,1089743.0,1168743.0,841512.0,977207.0,1004680.0,879176.0,925224.0,824172.0,542924.0,578080.0,501358.0,605323.0,538855.0,534095.0,113,111,120,125,126,127,128,108,87,105,70,91,77,98,95,85,89,88,94,86,71,85,98,76,71,50,76,57,69,60,57,45,49,59,46,42,33,47,56,51,42,47,31,46,31,44,47,28,4.42,30,249,44
@aws-cdk/aws-efs,2023-11-21,https://github.com/aws/aws-cdk,170,228,118,156,168,237,185,266,157,235,169,301,146,229,141,219,158,180,171,178,163,206,173,204,129,164,151,224,171,181,144,187,157,166,149,202,141,154,109,139,102,150,122,184,138,190,147,222,3498841.0,3436741.0,3924278.0,3304129.0,3756438.0,3447321.0,3638330.0,3369582.0,3056545.0,1218578.0,1078396.0,1160814.0,834971.0,966963.0,994083.0,870605.0,927878.0,831288.0,541344.0,583448.0,498558.0,598215.0,538446.0,533340.0,113,111,120,125,126,127,128,108,87,105,70,91,77,98,95,85,89,88,94,86,71,85,98,76,71,50,76,57,69,60,57,45,49,59,46,42,33,47,56,51,42,47,31,46,31,44,47,28,5.31,30,288,54
@angular/flex-layout,2023-01-25,https://github.com/angular/flex-layout,3,3,3,0,1,0,2,0,6,2,3,8,2,0,1,0,2,2,2,2,1,1,4,0,0,0,0,0,0,1,1,0,0,0,1,0,0,0,0,0,0,0,1,0,0,0,0,0,1243476.0,1312688.0,1479395.0,1289001.0,1331034.0,1387592.0,1268267.0,1451700.0,1429168.0,1388988.0,1463783.0,1267781.0,1376106.0,1575935.0,1240940.0,1419786.0,1352393.0,1277542.0,1285647.0,1228077.0,1252317.0,1081929.0,922040.0,1118869.0,33,23,20,33,28,29,16,20,21,25,21,12,12,14,9,12,9,3,6,8,7,8,6,6,6,3,0,1,5,5,1,3,4,7,7,6,2,1,0,3,1,0,1,2,1,2,3,2,6.09,30,45,1140
@aws-cdk/aws-codeguruprofiler,2023-11-21,https://github.com/aws/aws-cdk,170,228,118,156,168,237,185,266,157,235,169,301,146,229,141,219,158,180,171,178,163,206,173,204,129,164,151,224,171,181,144,187,157,166,149,202,141,154,109,139,102,150,122,184,138,190,147,222,3479168.0,3417754.0,3905267.0,3287141.0,3738273.0,3429051.0,3620257.0,3353322.0,3045080.0,1218410.0,1079371.0,1159545.0,833890.0,964175.0,992985.0,870108.0,927388.0,830290.0,541134.0,582842.0,497175.0,597212.0,539114.0,533264.0,113,111,120,125,126,127,128,108,87,105,70,91,77,98,95,85,89,88,94,86,71,85,98,76,71,50,76,57,69,60,57,45,49,59,46,42,33,47,56,51,42,47,31,46,31,44,47,28,3.62,30,202,21
angular-sanitize,2022-06-13,https://github.com/angular/angular.js,2,9,0,1,2,4,2,1,0,1,1,0,1,2,2,5,4,1,2,2,1,0,0,0,0,0,0,0,0,0,0,0,0,0,0,0,0,0,0,0,0,0,0,0,0,0,0,0,1044682.0,982160.0,991015.0,997571.0,988355.0,990776.0,912667.0,939538.0,973366.0,1188532.0,1083806.0,1193639.0,1081907.0,1201029.0,1185579.0,1187011.0,1197484.0,1137036.0,1273044.0,1197952.0,1228228.0,969396.0,1168051.0,1133988.0,65,45,37,45,40,41,45,48,44,46,39,35,39,33,28,35,25,23,22,26,31,25,25,25,28,27,27,33,29,24,27,27,34,27,36,28,22,24,16,26,25,14,17,33,20,26,28,13,8.29,30,100,727
rollup-plugin-json,2022-06-26,https://github.com/rollup/rollup-plugin-json,0,0,0,0,0,0,0,0,0,0,0,0,0,0,0,0,0,0,0,0,0,0,0,0,0,0,0,0,0,0,0,0,0,0,0,0,0,0,0,0,0,0,0,0,0,0,0,0,782120.0,589011.0,456519.0,505568.0,516025.0,601784.0,489643.0,529466.0,644103.0,814668.0,1262338.0,2964690.0,3020691.0,1756396.0,1516373.0,1355041.0,1230080.0,495169.0,519286.0,493555.0,517193.0,453933.0,528367.0,497261.0,1,1,0,1,0,0,0,0,0,0,1,0,0,0,0,0,0,0,0,0,0,0,0,0,0,0,0,0,0,0,0,0,0,0,0,0,0,0,0,0,0,0,0,0,0,0,0,0,6.67,15,12,11115
intl-relativeformat,2022-06-19,https://github.com/formatjs/formatjs,23,48,13,36,16,29,9,39,9,37,11,12,9,33,16,39,9,39,10,39,15,45,19,41,8,37,11,29,8,61,12,24,9,10,4,21,9,15,17,11,6,19,10,36,6,15,12,12,1055592.0,987730.0,1014732.0,997611.0,899189.0,883317.0,758571.0,803216.0,769830.0,877920.0,803767.0,825768.0,753037.0,835374.0,792035.0,804232.0,931406.0,791003.0,856092.0,826687.0,897184.0,762327.0,834867.0,785909.0,56,51,47,59,44,50,65,51,55,53,78,65,57,52,54,44,41,45,48,48,69,54,45,49,10,5,9,7,11,7,8,2,16,9,12,7,12,6,14,9,10,6,5,5,10,5,2,12,7.75,30,30,152
gitlab,2023-11-16,https://github.com/jdalrymple/node-gitlab,0,0,0,0,0,0,0,0,0,0,0,0,0,0,0,0,0,0,0,0,0,0,0,0,0,0,0,0,0,0,0,0,0,0,0,0,0,0,0,0,0,0,0,0,0,0,0,0,1143862.0,860413.0,931463.0,1189914.0,1489748.0,1457814.0,1537234.0,1362375.0,1308360.0,1312538.0,1188023.0,1121085.0,569282.0,600569.0,605915.0,539743.0,537908.0,529212.0,501243.0,528407.0,438651.0,371770.0,381771.0,372853.0,9,13,13,20,25,16,17,16,18,16,14,25,13,10,15,13,14,8,18,19,17,19,13,13,6,2,0,1,2,4,6,0,1,2,2,1,1,2,2,4,1,2,1,4,3,4,3,3,10.92,30,171,159
@aws-cdk/aws-sns,2023-11-21,https://github.com/aws/aws-cdk,170,228,118,156,168,237,185,266,157,235,169,301,146,229,141,219,158,180,171,178,163,206,173,204,129,164,151,224,171,181,144,187,157,166,149,202,141,154,109,139,102,150,122,184,138,190,147,222,3526242.0,3469109.0,3851964.0,3328190.0,3782063.0,3469922.0,3644769.0,3377106.0,3058101.0,1212432.0,1077189.0,1160235.0,837983.0,983148.0,1006907.0,881658.0,941899.0,836596.0,546435.0,586905.0,505462.0,605926.0,532714.0,574984.0,113,111,120,125,126,127,128,108,87,105,70,91,77,98,95,85,89,88,94,86,71,85,98,76,71,50,76,57,69,60,57,45,49,59,46,42,33,47,56,51,42,47,31,46,31,44,47,28,5.31,30,288,231
rollup-plugin-replace,2022-06-26,https://github.com/rollup/rollup-plugin-replace,0,0,0,2,0,0,0,0,0,0,0,0,0,0,0,0,0,0,0,0,0,0,0,0,0,0,0,0,0,0,0,0,0,0,0,0,0,0,0,0,0,0,0,0,0,0,0,0,716584.0,645981.0,488021.0,498298.0,496927.0,536186.0,397952.0,424582.0,435893.0,524112.0,481323.0,508724.0,444518.0,578501.0,543867.0,535569.0,536467.0,513132.0,597661.0,599156.0,670322.0,518286.0,637642.0,604341.0,1,0,0,1,0,0,0,0,0,0,0,0,0,0,0,0,0,0,0,0,1,0,1,0,0,0,0,0,0,0,0,0,0,0,0,0,0,0,0,0,0,0,0,0,0,0,0,0,6.67,10,9,11833
object-values,2022-06-22,https://github.com/sindresorhus/object-values,0,0,0,0,0,0,0,0,0,0,0,0,0,0,0,0,0,0,0,0,0,0,0,0,0,0,0,0,0,0,0,0,0,0,0,0,0,0,0,0,0,0,0,0,0,0,0,0,245982.0,279689.0,295163.0,295169.0,284477.0,329907.0,238603.0,267184.0,320813.0,335473.0,1514846.0,321544.0,206065.0,256878.0,276628.0,242461.0,241527.0,205055.0,226045.0,280119.0,331470.0,267174.0,338541.0,397346.0,0,1,0,0,0,0,2,0,0,0,0,0,0,0,0,0,0,0,0,0,0,0,0,0,0,0,0,0,0,0,0,0,0,0,0,0,0,0,0,0,0,0,0,0,0,0,0,0,8.37,6,6,130
svg-to-pdfkit,2022-06-27,https://github.com/alafr/SVG-to-PDFKit,1,1,0,0,0,1,1,1,2,0,2,0,0,0,0,0,1,1,1,5,2,0,1,1,0,1,0,0,1,0,0,0,0,0,1,1,0,0,1,0,1,0,1,0,0,0,0,0,1746667.0,1667647.0,1762150.0,1848145.0,1901706.0,1743439.0,1407691.0,1457590.0,1296943.0,1408939.0,1134789.0,1211757.0,911393.0,1004697.0,1001563.0,969033.0,958458.0,806432.0,873401.0,894403.0,899308.0,715281.0,820621.0,810849.0,6,4,4,6,2,6,4,4,6,3,2,4,5,7,0,6,4,2,4,1,5,3,2,1,3,0,0,3,2,1,0,0,1,2,1,0,0,2,2,0,1,1,1,0,0,0,0,0,5.16,16,10,88
karma-phantomjs-launcher,2023-01-04,https://github.com/karma-runner/karma-phantomjs-launcher,1,0,0,0,0,0,0,0,0,0,0,0,0,0,0,0,0,0,0,0,0,0,0,0,0,0,0,0,0,0,0,0,0,0,0,0,0,0,0,0,0,0,0,0,0,0,0,0,687202.0,697446.0,823753.0,708967.0,689940.0,695567.0,627886.0,717858.0,669165.0,659887.0,649937.0,567825.0,599141.0,693793.0,563687.0,625768.0,624622.0,601409.0,627788.0,572673.0,567456.0,480976.0,392811.0,462389.0,0,0,0,0,0,0,0,0,0,0,0,0,0,0,0,0,1,0,0,0,0,0,0,0,0,0,0,0,0,0,0,1,1,0,0,0,0,0,0,0,0,0,0,0,0,0,1,1,9.8,19,17,15161
lazy-req,2022-06-19,https://github.com/sindresorhus/lazy-req,0,0,0,0,0,0,0,0,0,0,0,0,0,0,0,0,0,0,0,0,0,0,0,0,0,0,0,0,0,0,0,0,0,0,0,0,0,0,0,0,0,0,0,0,0,0,0,0,980570.0,912984.0,912693.0,867164.0,814661.0,833686.0,739196.0,759327.0,764941.0,935395.0,747006.0,796213.0,769367.0,861067.0,775121.0,759798.0,761184.0,692854.0,768561.0,749059.0,798298.0,663171.0,726013.0,737623.0,0,0,1,0,2,1,4,1,3,2,1,0,1,0,3,0,0,1,1,1,0,0,5,0,1,0,0,0,0,0,1,0,0,0,0,0,1,0,0,0,0,1,0,0,0,0,0,0,7.84,12,4,27
react-instantsearch-dom,2023-10-18,https://github.com/algolia/instantsearch.js,0,0,0,0,0,0,0,0,0,0,0,0,0,0,0,0,0,0,0,0,0,0,0,0,0,0,0,0,0,0,0,0,0,0,0,0,0,0,0,0,0,0,0,0,0,0,0,0,823708.0,837550.0,682993.0,742487.0,944360.0,863053.0,716530.0,815235.0,764566.0,715177.0,709890.0,668986.0,689200.0,649420.0,795048.0,788971.0,732204.0,713306.0,747164.0,676613.0,762899.0,647036.0,577143.0,608420.0,20,16,29,34,53,47,40,41,33,22,36,43,22,28,32,33,18,21,30,35,28,39,29,34,1,2,4,7,9,9,8,5,4,4,3,6,5,0,6,8,3,2,3,4,5,9,3,3,5.37,30,92,118
angular-animate,2022-06-13,https://github.com/angular/angular.js,2,9,0,1,2,4,2,1,0,1,1,0,1,2,2,5,4,1,2,2,1,0,0,0,0,0,0,0,0,0,0,0,0,0,0,0,0,0,0,0,0,0,0,0,0,0,0,0,850533.0,807712.0,816521.0,838944.0,831240.0,821123.0,716931.0,793850.0,806340.0,951645.0,868456.0,966269.0,882290.0,992638.0,986010.0,995394.0,1024565.0,949303.0,977751.0,962490.0,1044376.0,797398.0,906897.0,924456.0,65,45,37,45,40,41,45,48,44,46,39,35,39,33,28,35,25,23,22,26,31,25,25,25,28,27,27,33,29,24,27,27,34,27,36,28,22,24,16,26,25,14,17,33,20,26,28,13,8.33,30,104,712
@aws-cdk/aws-cloudformation,2023-11-21,https://github.com/aws/aws-cdk,170,228,118,156,168,237,185,266,157,235,169,301,146,229,141,219,158,180,171,178,163,206,173,204,129,164,151,224,171,181,144,187,157,166,149,202,141,154,109,139,102,150,122,184,138,190,147,222,3061819.0,3037147.0,3266980.0,2860966.0,3240108.0,2932965.0,3080756.0,2783935.0,2546414.0,931183.0,803740.0,759540.0,605092.0,635575.0,632990.0,576180.0,527962.0,567637.0,381326.0,403300.0,345287.0,399855.0,333812.0,329289.0,113,111,120,125,126,127,128,108,87,105,70,91,77,98,95,85,89,88,94,86,71,85,98,76,71,50,76,57,69,60,57,45,49,59,46,42,33,47,56,51,42,47,31,46,31,44,47,28,5.31,30,288,111
fancy-test,2024-05-22,https://github.com/oclif/fancy-test,0,6,0,3,0,6,1,9,1,7,0,1,0,6,0,7,0,3,0,5,0,8,0,9,0,0,0,0,0,0,0,0,0,0,0,0,0,0,0,0,0,0,0,0,0,0,0,0,832347.0,838285.0,855278.0,908210.0,862924.0,902407.0,834304.0,747996.0,871300.0,854484.0,881464.0,893310.0,779402.0,829506.0,779702.0,769535.0,864827.0,938962.0,654742.0,539113.0,508737.0,545790.0,529247.0,569882.0,0,2,1,1,0,0,0,0,1,0,1,0,0,1,0,0,0,0,0,0,0,0,0,0,0,0,0,0,0,0,0,0,0,0,0,0,0,0,0,0,0,0,0,0,0,0,0,0,6.32,12,116,150
@aws-cdk/aws-route53,2023-11-21,https://github.com/aws/aws-cdk,170,228,118,156,168,237,185,266,157,235,169,301,146,229,141,219,158,180,171,178,163,206,173,204,129,164,151,224,171,181,144,187,157,166,149,202,141,154,109,139,102,150,122,184,138,190,147,222,2733835.0,2690627.0,2872862.0,2554312.0,2936688.0,2640582.0,2759989.0,2494979.0,2307245.0,865616.0,742054.0,701517.0,571577.0,602378.0,594498.0,539779.0,498162.0,540645.0,352112.0,370652.0,320029.0,365260.0,311009.0,308654.0,113,111,120,125,126,127,128,108,87,105,70,91,77,98,95,85,89,88,94,86,71,85,98,76,71,50,76,57,69,60,57,45,49,59,46,42,33,47,56,51,42,47,31,46,31,44,47,28,5.31,30,288,183
@types/lz-string,2023-07-10,https://github.com/DefinitelyTyped/DefinitelyTyped,19,387,19,395,22,341,24,403,12,362,14,261,4,278,14,302,12,341,10,312,8,251,9,194,9,240,12,271,15,300,15,247,9,403,15,255,17,340,8,327,5,252,10,172,5,141,5,193,350172.0,438725.0,467840.0,394142.0,491180.0,425034.0,575818.0,548584.0,597867.0,487345.0,549527.0,508604.0,571229.0,491782.0,515271.0,555352.0,449041.0,638489.0,677781.0,470025.0,488796.0,753808.0,811821.0,377139.0,413,421,438,417,392,382,440,442,442,444,363,329,326,329,292,298,280,287,292,280,295,252,224,299,210,196,209,218,196,178,176,202,187,171,147,126,137,124,120,127,113,92,144,145,107,100,97,116,7.15,30,18,305
@aws-cdk/custom-resources,2023-11-21,https://github.com/aws/aws-cdk,170,228,118,156,168,237,185,266,157,235,169,301,146,229,141,219,158,180,171,178,163,206,173,204,129,164,151,224,171,181,144,187,157,166,149,202,141,154,109,139,102,150,122,184,138,190,147,222,2977542.0,2953138.0,3177196.0,2787603.0,3158549.0,2857567.0,3004807.0,2711506.0,2475366.0,908742.0,776801.0,741312.0,595679.0,623874.0,624105.0,567295.0,521850.0,560385.0,374966.0,396624.0,339156.0,390627.0,328984.0,318668.0,113,111,120,125,126,127,128,108,87,105,70,91,77,98,95,85,89,88,94,86,71,85,98,76,71,50,76,57,69,60,57,45,49,59,46,42,33,47,56,51,42,47,31,46,31,44,47,28,4.41,30,248,172
storybook-addon-outline,2023-03-31,https://github.com/chromaui/storybook-addon-outline,0,0,0,0,0,0,0,0,0,0,0,0,0,0,0,0,0,0,0,0,0,0,0,0,1,0,0,0,0,0,0,0,0,0,0,0,0,0,0,0,0,0,0,0,0,0,0,0,2785352.0,2232075.0,2092393.0,1616269.0,1260204.0,1303495.0,1193224.0,965531.0,958378.0,756830.0,778389.0,718126.0,538559.0,541590.0,479710.0,439746.0,451892.0,410728.0,377915.0,303217.0,241991.0,301499.0,307821.0,291520.0,0,0,0,2,0,0,0,0,0,0,0,0,1,0,0,0,0,0,0,0,0,0,0,0,0,0,0,0,0,0,0,0,0,0,0,0,0,0,0,0,0,0,0,0,0,0,0,0,2.38,4,21,61
@aws-cdk/aws-signer,2023-11-21,https://github.com/aws/aws-cdk,170,228,118,156,168,237,185,266,157,235,169,301,146,229,141,219,158,180,171,178,163,206,173,204,129,164,151,224,171,181,144,187,157,166,149,202,141,154,109,139,102,150,122,184,138,190,147,222,3105782.0,3066529.0,3559556.0,2978070.0,3384176.0,3103117.0,3289975.0,3014882.0,2750789.0,1157207.0,1014916.0,1077602.0,793947.0,904708.0,929758.0,819558.0,872095.0,774906.0,503774.0,532498.0,447807.0,535336.0,495145.0,477854.0,113,111,120,125,126,127,128,108,87,105,70,91,77,98,95,85,89,88,94,86,71,85,98,76,71,50,76,57,69,60,57,45,49,59,46,42,33,47,56,51,42,47,31,46,31,44,47,28,2.95,30,147,12
@aws-cdk/aws-certificatemanager,2023-11-21,https://github.com/aws/aws-cdk,170,228,118,156,168,237,185,266,157,235,169,301,146,229,141,219,158,180,171,178,163,206,173,204,129,164,151,224,171,181,144,187,157,166,149,202,141,154,109,139,102,150,122,184,138,190,147,222,2717911.0,2673786.0,2843773.0,2537571.0,2918268.0,2624990.0,2742418.0,2471807.0,2278814.0,854656.0,731217.0,699283.0,569556.0,608670.0,600924.0,544943.0,505005.0,545739.0,362878.0,381262.0,333060.0,370858.0,309176.0,306693.0,113,111,120,125,126,127,128,108,87,105,70,91,77,98,95,85,89,88,94,86,71,85,98,76,71,50,76,57,69,60,57,45,49,59,46,42,33,47,56,51,42,47,31,46,31,44,47,28,5.31,30,288,168
@aws-cdk/aws-codestarnotifications,2023-11-21,https://github.com/aws/aws-cdk,170,228,118,156,168,237,185,266,157,235,169,301,146,229,141,219,158,180,171,178,163,206,173,204,129,164,151,224,171,181,144,187,157,166,149,202,141,154,109,139,102,150,122,184,138,190,147,222,2886954.0,2865812.0,3205398.0,2809300.0,3198323.0,2930625.0,3106761.0,2901889.0,2656430.0,1111602.0,988697.0,1054618.0,784925.0,900796.0,925723.0,817541.0,872396.0,768430.0,499662.0,529327.0,448394.0,537859.0,479813.0,459888.0,113,111,120,125,126,127,128,108,87,105,70,91,77,98,95,85,89,88,94,86,71,85,98,76,71,50,76,57,69,60,57,45,49,59,46,42,33,47,56,51,42,47,31,46,31,44,47,28,4.01,30,220,23
electron-osx-sign,2022-08-23,https://github.com/electron-userland/electron-osx-sign,0,0,0,0,0,0,0,0,0,0,0,0,0,0,0,0,0,0,0,0,0,0,0,0,0,0,0,0,0,0,0,0,0,0,0,0,0,0,0,0,0,0,0,0,0,0,0,0,489436.0,569525.0,629268.0,796069.0,848210.0,972431.0,993542.0,1194749.0,1171842.0,1198387.0,1251812.0,1223330.0,1295647.0,1288789.0,1309055.0,1090081.0,1176207.0,1273637.0,1355579.0,1147485.0,1302481.0,1301470.0,1139373.0,1177751.0,1,2,7,7,4,2,8,3,5,1,5,1,6,4,2,4,9,4,6,4,1,7,11,4,1,0,0,2,0,1,4,0,2,0,0,1,2,1,1,1,0,1,0,1,0,1,0,2,6.67,30,36,64
grpc,2023-03-07,https://github.com/grpc/grpc-node,9,11,13,22,10,11,8,8,4,26,5,24,8,23,1,17,7,20,7,14,9,22,15,22,12,24,7,8,4,15,10,33,12,27,7,18,9,16,10,10,9,6,2,5,11,15,12,13,2145396.0,1873820.0,1933489.0,1851402.0,1649643.0,1884242.0,1692397.0,1511121.0,1543691.0,1296904.0,1341971.0,1310337.0,1386985.0,1299293.0,1237800.0,1268325.0,1290892.0,1127711.0,1256727.0,1238576.0,886298.0,869952.0,902607.0,1251924.0,43,44,49,41,34,52,44,53,38,61,40,28,45,38,28,37,36,19,45,23,38,30,34,30,7,9,10,8,8,9,9,4,4,7,3,5,4,5,3,6,5,6,4,5,7,1,5,8,8.02,30,140,1416
passport-azure-ad,2024-06-03,https://github.com/AzureAD/microsoft-authentication-library-for-js,33,43,42,42,44,54,41,68,42,37,43,47,40,32,34,12,31,41,25,27,30,35,25,44,18,18,19,27,20,27,27,34,17,23,26,22,12,23,19,43,24,52,20,36,12,37,10,80,573952.0,546294.0,550471.0,548689.0,617586.0,602333.0,499626.0,592681.0,622748.0,664310.0,667482.0,631667.0,693860.0,717436.0,680427.0,728750.0,705350.0,536924.0,603957.0,622275.0,706185.0,628903.0,678371.0,642320.0,48,28,35,47,43,66,43,24,44,33,52,40,46,39,36,35,31,31,34,30,42,38,27,22,32,13,19,12,19,18,18,17,17,11,10,20,13,17,14,13,9,11,7,13,11,8,15,4,11.04,30,56,114
postcss-cssnext,2022-06-24,https://github.com/MoOx/postcss-cssnext,0,0,0,0,0,0,0,0,0,0,0,0,0,0,0,0,0,0,0,0,0,0,0,0,0,0,0,0,0,0,0,0,0,0,0,0,0,0,0,0,0,0,0,0,0,0,0,0,865917.0,780091.0,762850.0,791859.0,777992.0,774328.0,684701.0,783708.0,807935.0,897331.0,740467.0,760110.0,712102.0,922265.0,905440.0,879037.0,831892.0,719629.0,814775.0,723668.0,832226.0,631084.0,695567.0,655113.0,1,1,3,4,4,2,1,0,1,2,1,2,1,4,1,3,0,0,0,1,1,4,1,2,0,0,0,0,1,0,1,0,0,0,0,0,1,0,0,0,0,0,0,0,1,0,0,0,6.78,30,20,3551
@react-native-community/masked-view,2022-05-12,https://github.com/react-native-community/react-native-masked-view,0,0,0,0,0,0,0,0,0,0,0,0,0,0,0,0,0,0,0,0,0,0,0,0,0,0,0,0,0,0,0,0,0,0,0,0,0,0,0,0,0,0,0,0,0,0,0,0,1342312.0,1385040.0,1279939.0,1293733.0,1310192.0,1248329.0,1200869.0,1055829.0,1113084.0,1082679.0,1275871.0,1162996.0,1058401.0,886281.0,1003890.0,929629.0,951417.0,927551.0,752784.0,823694.0,762046.0,854220.0,687388.0,727595.0,10,20,16,12,19,7,5,19,8,4,6,12,13,10,10,18,15,13,11,12,15,10,12,13,0,1,1,3,1,0,2,2,3,0,1,2,4,4,0,1,2,1,1,0,3,1,1,2,3.24,30,17,638
@aws-cdk/aws-secretsmanager,2023-11-21,https://github.com/aws/aws-cdk,170,228,118,156,168,237,185,266,157,235,169,301,146,229,141,219,158,180,171,178,163,206,173,204,129,164,151,224,171,181,144,187,157,166,149,202,141,154,109,139,102,150,122,184,138,190,147,222,2213141.0,2136001.0,2269598.0,2089001.0,2412959.0,2160839.0,2214068.0,2124669.0,1892242.0,820815.0,718600.0,882950.0,636760.0,774331.0,771459.0,665812.0,748669.0,615390.0,358941.0,379468.0,344889.0,402074.0,386634.0,376849.0,113,111,120,125,126,127,128,108,87,105,70,91,77,98,95,85,89,88,94,86,71,85,98,76,71,50,76,57,69,60,57,45,49,59,46,42,33,47,56,51,42,47,31,46,31,44,47,28,5.0,30,272,142
wreck,2024-01-01,https://github.com/hapijs/wreck,0,0,0,0,0,2,0,0,1,0,0,0,0,0,0,0,0,0,0,0,1,1,1,2,0,0,0,1,1,1,0,0,0,0,1,0,0,0,0,0,0,0,0,0,0,0,0,0,673384.0,611752.0,684160.0,609345.0,732973.0,619379.0,567265.0,727406.0,742863.0,628125.0,493481.0,360187.0,510421.0,510990.0,498724.0,556036.0,446568.0,429523.0,463396.0,457703.0,504926.0,525903.0,310026.0,346648.0,0,0,1,0,1,0,0,0,0,1,0,0,1,1,0,0,0,0,0,0,0,0,0,0,1,0,0,0,0,0,0,0,0,0,0,1,0,1,0,0,0,0,0,0,0,0,0,0,9.38,30,52,411
@aws-cdk/aws-sam,2023-11-21,https://github.com/aws/aws-cdk,170,228,118,156,168,237,185,266,157,235,169,301,146,229,141,219,158,180,171,178,163,206,173,204,129,164,151,224,171,181,144,187,157,166,149,202,141,154,109,139,102,150,122,184,138,190,147,222,2233813.0,2156232.0,2291194.0,2111040.0,2438327.0,2184832.0,2241215.0,2100319.0,1836644.0,821729.0,719465.0,882803.0,637064.0,774200.0,773381.0,668434.0,749780.0,619268.0,361177.0,381026.0,345891.0,403440.0,386280.0,375866.0,113,111,120,125,126,127,128,108,87,105,70,91,77,98,95,85,89,88,94,86,71,85,98,76,71,50,76,57,69,60,57,45,49,59,46,42,33,47,56,51,42,47,31,46,31,44,47,28,5.19,30,265,34
@types/puppeteer-core,2022-11-02,https://github.com/DefinitelyTyped/DefinitelyTyped,19,447,20,390,15,406,29,392,15,418,20,463,23,362,12,335,24,362,19,369,22,395,22,359,15,276,4,221,12,339,13,334,13,290,6,293,10,202,5,227,13,250,12,232,13,311,17,271,996997.0,915890.0,1004267.0,982803.0,1157110.0,999281.0,1022458.0,1036506.0,1149567.0,1429132.0,1596746.0,1769910.0,1231635.0,1342839.0,1812815.0,2315222.0,2200841.0,1885272.0,1011730.0,885417.0,938075.0,906818.0,1029366.0,734793.0,413,389,399,383,413,433,485,465,407,426,442,423,366,419,446,400,476,386,325,328,307,340,335,276,254,210,218,235,214,238,226,215,213,185,220,199,191,155,202,206,177,151,121,145,130,112,137,131,4.01,30,8,199
mailgun-js,2023-05-24,https://github.com/bojand/mailgun-js,0,0,0,0,0,0,0,0,0,0,0,0,0,0,0,0,0,0,0,0,0,0,0,0,0,0,0,0,0,0,0,0,0,0,0,0,0,0,0,0,0,0,0,0,0,0,0,0,1076319.0,1080799.0,1043791.0,1275984.0,1160712.0,1099362.0,1133998.0,923769.0,1009040.0,964004.0,1089261.0,882823.0,896835.0,867917.0,860677.0,636460.0,652891.0,571345.0,493765.0,539279.0,531942.0,545018.0,525599.0,533116.0,0,0,1,1,0,0,0,0,0,0,0,1,1,0,1,0,0,0,0,1,0,0,0,0,0,0,0,0,0,0,1,0,0,0,0,0,0,0,0,0,0,0,0,0,1,0,0,0,10.42,30,84,387
@aws-cdk/aws-elasticloadbalancingv2,2023-11-21,https://github.com/aws/aws-cdk,170,228,118,156,168,237,185,266,157,235,169,301,146,229,141,219,158,180,171,178,163,206,173,204,129,164,151,224,171,181,144,187,157,166,149,202,141,154,109,139,102,150,122,184,138,190,147,222,2522045.0,2489138.0,2631887.0,2351992.0,2701228.0,2427636.0,2527716.0,2287677.0,2083600.0,770782.0,640713.0,634499.0,526863.0,555329.0,545502.0,487009.0,455882.0,480775.0,298524.0,306657.0,278325.0,310592.0,266751.0,264130.0,113,111,120,125,126,127,128,108,87,105,70,91,77,98,95,85,89,88,94,86,71,85,98,76,71,50,76,57,69,60,57,45,49,59,46,42,33,47,56,51,42,47,31,46,31,44,47,28,5.31,30,288,115
babel-plugin-react-intl,2022-06-13,https://github.com/formatjs/formatjs,24,53,13,38,16,32,11,36,6,39,15,16,6,19,18,49,6,35,12,45,14,39,19,41,11,32,9,35,8,60,11,25,11,12,2,20,10,11,16,11,8,23,8,37,9,13,10,13,907253.0,793335.0,662505.0,683997.0,684649.0,646589.0,577915.0,617158.0,598723.0,668568.0,591535.0,597528.0,520733.0,644446.0,658302.0,598465.0,677469.0,552280.0,629295.0,605917.0,715395.0,594676.0,627735.0,598461.0,58,51,51,52,49,49,68,51,49,52,83,61,55,57,46,53,42,45,49,39,70,61,47,44,10,5,9,5,11,10,8,2,10,15,9,7,11,8,15,8,11,6,4,5,11,6,2,10,6.81,30,172,778
i18next-xhr-backend,2022-06-18,https://github.com/i18next/i18next-xhr-backend,0,0,0,0,0,1,0,0,0,0,0,0,0,0,0,2,0,3,0,0,0,0,0,0,0,0,0,0,0,0,0,0,0,0,0,0,0,0,0,0,0,0,0,0,0,0,0,0,822044.0,764894.0,753953.0,786190.0,772606.0,782883.0,715239.0,703880.0,730587.0,819938.0,719503.0,743854.0,672455.0,720738.0,706208.0,680276.0,685621.0,662280.0,630930.0,634790.0,742420.0,627985.0,704879.0,664089.0,0,0,1,0,0,0,0,0,0,0,0,0,1,0,2,0,0,0,0,0,1,0,0,0,0,0,4,0,0,0,0,0,0,0,0,0,0,0,0,0,0,1,0,0,0,0,0,0,6.64,30,37,684
redux-devtools-instrument,2022-06-26,https://github.com/reduxjs/redux-devtools,3,13,1,3,6,96,2,48,4,42,5,20,6,15,23,36,10,14,6,18,5,17,3,28,7,3,3,13,3,6,1,32,3,13,8,18,7,18,3,15,5,16,7,12,2,12,3,9,830281.0,777002.0,824836.0,824344.0,788839.0,806409.0,749385.0,788050.0,724676.0,873156.0,764458.0,755897.0,637350.0,699158.0,647700.0,611132.0,642614.0,533651.0,582488.0,579853.0,623446.0,541465.0,605134.0,562728.0,52,37,53,37,50,44,36,156,97,91,124,101,86,60,68,83,72,54,68,72,68,51,47,55,3,2,6,3,1,3,4,10,14,15,13,13,12,9,13,12,10,6,15,10,11,12,13,11,6.19,30,32,40
ipfs-core-utils,2023-05-26,https://github.com/ipfs/js-ipfs,15,25,11,15,12,8,9,13,8,15,8,9,6,11,8,12,8,22,7,11,3,6,3,0,0,0,0,0,0,0,0,0,0,0,0,0,0,0,0,0,0,0,0,0,0,0,0,0,381989.0,383304.0,283508.0,322409.0,333836.0,340437.0,352871.0,327255.0,340496.0,393871.0,382528.0,336802.0,417015.0,379718.0,334328.0,318447.0,347732.0,300974.0,292076.0,335106.0,346538.0,349607.0,401445.0,314139.0,105,82,105,67,49,53,62,48,56,51,48,35,19,8,10,7,7,7,5,8,6,6,7,7,14,8,15,12,8,14,8,15,7,11,9,3,3,1,1,1,2,0,1,1,0,0,2,0,3.18,30,299,31
@aws-cdk/aws-cloudfront,2023-11-21,https://github.com/aws/aws-cdk,170,228,118,156,168,237,185,266,157,235,169,301,146,229,141,219,158,180,171,178,163,206,173,204,129,164,151,224,171,181,144,187,157,166,149,202,141,154,109,139,102,150,122,184,138,190,147,222,2106073.0,2056780.0,2154309.0,1945190.0,2246973.0,1987310.0,2073557.0,1841402.0,1643121.0,604664.0,508473.0,528633.0,459915.0,479966.0,469909.0,421581.0,402480.0,426123.0,256892.0,255946.0,229046.0,241070.0,224939.0,224031.0,113,111,120,125,126,127,128,108,87,105,70,91,77,98,95,85,89,88,94,86,71,85,98,76,71,50,76,57,69,60,57,45,49,59,46,42,33,47,56,51,42,47,31,46,31,44,47,28,5.31,30,288,192
@aws-cdk/aws-apigateway,2023-11-21,https://github.com/aws/aws-cdk,170,228,118,156,168,237,185,266,157,235,169,301,146,229,141,219,158,180,171,178,163,206,173,204,129,164,151,224,171,181,144,187,157,166,149,202,141,154,109,139,102,150,122,184,138,190,147,222,2183913.0,2147097.0,2234594.0,2025620.0,2339246.0,2071853.0,2144777.0,1931021.0,1723371.0,665468.0,552936.0,575473.0,493660.0,521105.0,507201.0,453324.0,430870.0,444586.0,270820.0,275152.0,253822.0,272990.0,248350.0,247678.0,113,111,120,125,126,127,128,108,87,105,70,91,77,98,95,85,89,88,94,86,71,85,98,76,71,50,76,57,69,60,57,45,49,59,46,42,33,47,56,51,42,47,31,46,31,44,47,28,5.31,30,288,196
flag-icon-css,2022-06-18,https://github.com/lipis/flag-icons,0,6,2,5,0,5,3,3,7,25,3,2,5,6,9,5,10,11,5,6,3,8,9,6,6,3,1,6,8,1,4,5,2,7,6,4,8,4,3,1,3,8,1,2,4,0,2,4,989866.0,978823.0,1078107.0,1071208.0,1032520.0,1093503.0,1263331.0,1280216.0,1291736.0,1443327.0,1319976.0,2346680.0,1318573.0,1434534.0,1391607.0,1471460.0,1474375.0,1352582.0,1438886.0,1377921.0,1521973.0,1354366.0,1456765.0,1407928.0,49,79,64,88,73,91,80,73,218,103,69,75,90,95,77,62,63,82,65,61,75,70,84,88,26,24,21,20,27,21,17,17,34,20,27,31,26,34,38,25,32,30,29,30,25,29,5,11,6.79,30,29,287
react-flow-renderer,2022-11-15,https://github.com/wbkd/react-flow,0,0,0,0,0,0,0,0,0,0,0,0,0,0,0,0,0,0,0,0,0,0,0,0,0,0,0,0,0,0,0,0,0,0,0,0,0,0,0,0,0,0,0,0,0,0,0,0,336029.0,334710.0,365612.0,418577.0,537260.0,550594.0,620193.0,648173.0,609322.0,768920.0,700647.0,643089.0,554308.0,573827.0,609903.0,637939.0,540846.0,558572.0,556935.0,567417.0,655080.0,514368.0,554881.0,473431.0,267,270,343,538,815,335,292,320,279,386,338,341,271,341,374,736,673,517,501,353,427,361,479,675,29,25,25,44,67,21,22,21,21,27,27,16,21,17,25,38,35,44,27,33,33,25,29,30,2.53,30,262,153
react-native-safe-area-view,2024-01-05,https://github.com/react-community/react-native-safe-area-view,0,0,0,0,0,0,0,0,0,0,0,0,0,0,0,0,0,0,0,0,0,0,0,0,0,0,0,0,0,0,0,0,0,0,0,0,0,0,0,0,0,0,0,0,0,0,0,0,556712.0,527947.0,608640.0,518135.0,560075.0,534369.0,644519.0,746264.0,679684.0,601477.0,497581.0,524780.0,778725.0,751453.0,672060.0,744531.0,728380.0,877115.0,839876.0,778413.0,860386.0,784156.0,715727.0,406883.0,0,0,0,0,0,0,0,0,0,0,0,1,0,0,0,1,0,0,0,0,0,0,0,0,0,0,0,0,0,1,0,0,0,0,0,0,0,0,0,0,0,0,0,0,0,0,0,1,6.18,28,32,169
@aws-cdk/aws-cognito,2023-11-21,https://github.com/aws/aws-cdk,170,228,118,156,168,237,185,266,157,235,169,301,146,229,141,219,158,180,171,178,163,206,173,204,129,164,151,224,171,181,144,187,157,166,149,202,141,154,109,139,102,150,122,184,138,190,147,222,2233606.0,2190637.0,2279884.0,2073852.0,2389640.0,2115849.0,2191137.0,1976156.0,1774203.0,690568.0,569524.0,590296.0,505626.0,527055.0,517175.0,467626.0,443108.0,457500.0,283491.0,287278.0,262525.0,284492.0,255611.0,248360.0,113,111,120,125,126,127,128,108,87,105,70,91,77,98,95,85,89,88,94,86,71,85,98,76,71,50,76,57,69,60,57,45,49,59,46,42,33,47,56,51,42,47,31,46,31,44,47,28,5.31,30,288,99
zksync-web3,2023-12-08,https://github.com/zksync-sdk/zksync2-js,0,0,0,0,0,0,0,0,0,0,0,0,0,0,0,0,0,0,1,2,2,7,4,8,1,0,0,0,0,0,0,0,0,1,0,0,0,0,0,0,0,0,0,0,0,0,0,0,120207.0,109049.0,113713.0,154303.0,156019.0,177149.0,171262.0,172001.0,251663.0,686018.0,328638.0,233668.0,263370.0,270202.0,302334.0,285919.0,274312.0,253962.0,238843.0,249032.0,216574.0,200532.0,169942.0,206649.0,0,0,0,0,0,0,0,0,0,0,1,2,1,10,3,0,2,3,1,0,0,0,0,1,0,0,0,0,0,0,0,0,0,0,1,0,5,1,2,2,3,1,1,0,0,0,0,1,1.98,0,90,134
ipfs-core-types,2023-05-26,https://github.com/ipfs/js-ipfs,15,25,11,15,12,8,9,13,8,15,8,9,6,11,8,12,8,22,7,11,3,6,3,0,0,0,0,0,0,0,0,0,0,0,0,0,0,0,0,0,0,0,0,0,0,0,0,0,324562.0,319497.0,254336.0,294008.0,312259.0,315856.0,336534.0,315204.0,320064.0,339284.0,353757.0,316926.0,396069.0,369102.0,324950.0,305419.0,331380.0,290017.0,280459.0,317981.0,333703.0,336543.0,391782.0,305042.0,105,82,105,67,49,53,62,48,56,51,48,35,19,8,10,7,7,7,5,8,6,6,7,7,14,8,15,12,8,14,8,15,7,11,9,3,3,1,1,1,2,0,1,1,0,0,2,0,2.44,30,228,103
angular-cookies,2022-06-13,https://github.com/angular/angular.js,2,9,0,1,2,4,2,1,0,1,1,0,1,2,2,5,4,1,2,2,1,0,0,0,0,0,0,0,0,0,0,0,0,0,0,0,0,0,0,0,0,0,0,0,0,0,0,0,671948.0,623546.0,618642.0,582400.0,564432.0,557364.0,525977.0,517256.0,531101.0,660713.0,616563.0,700647.0,662721.0,716843.0,712103.0,716547.0,743241.0,714399.0,716930.0,698551.0,728778.0,524389.0,603596.0,658147.0,65,45,37,45,40,41,45,48,44,46,39,35,39,33,28,35,25,23,22,26,31,25,25,25,28,27,27,33,29,24,27,27,34,27,36,28,22,24,16,26,25,14,17,33,20,26,28,13,7.92,30,120,238
sw-toolbox,2022-07-06,https://github.com/GoogleChrome/sw-toolbox,0,0,0,0,0,0,0,0,0,0,0,0,0,0,0,0,0,0,0,0,0,0,0,0,0,0,0,0,0,0,0,0,0,0,0,0,0,0,0,0,0,0,0,0,0,0,0,0,761241.0,765944.0,775898.0,685584.0,665797.0,549161.0,580116.0,583650.0,659571.0,545993.0,570741.0,582355.0,654669.0,565898.0,551781.0,554900.0,459653.0,497468.0,483938.0,536465.0,425926.0,467235.0,459640.0,413318.0,3,3,2,1,1,1,0,1,2,1,2,2,2,3,2,0,1,1,0,1,4,2,0,1,1,0,0,2,2,0,0,1,1,0,1,0,1,2,1,0,0,0,0,1,1,1,0,0,7.21,21,16,347
@aws-cdk/aws-elasticloadbalancing,2023-11-21,https://github.com/aws/aws-cdk,170,228,118,156,168,237,185,266,157,235,169,301,146,229,141,219,158,180,171,178,163,206,173,204,129,164,151,224,171,181,144,187,157,166,149,202,141,154,109,139,102,150,122,184,138,190,147,222,1974345.0,1937789.0,2033208.0,1837192.0,2134151.0,1881526.0,1959074.0,1792041.0,1642871.0,650456.0,536021.0,541878.0,468788.0,489620.0,478898.0,433730.0,409012.0,428332.0,254502.0,253813.0,235731.0,257025.0,223575.0,218849.0,113,111,120,125,126,127,128,108,87,105,70,91,77,98,95,85,89,88,94,86,71,85,98,76,71,50,76,57,69,60,57,45,49,59,46,42,33,47,56,51,42,47,31,46,31,44,47,28,5.31,30,288,31
folktale,2023-03-28,https://github.com/origamitower/folktale,0,0,0,0,0,0,0,0,0,0,0,0,0,0,0,0,0,0,0,0,0,0,0,0,0,0,0,0,0,0,0,0,0,0,0,0,0,0,0,0,0,0,0,0,0,0,0,0,470312.0,415400.0,395732.0,423496.0,336782.0,398201.0,398853.0,402265.0,401016.0,368788.0,317516.0,337239.0,301162.0,317861.0,317282.0,350145.0,423441.0,384559.0,399118.0,360520.0,317674.0,352534.0,365900.0,394600.0,7,3,5,7,7,1,3,3,5,2,1,4,2,4,2,2,4,2,5,1,1,0,2,1,0,0,0,1,1,0,0,0,0,0,2,0,2,0,0,0,1,1,0,0,0,0,0,0,7.88,28,21,132
raven-js,2022-06-30,https://github.com/getsentry/raven-js,0,0,0,0,0,0,0,0,0,0,0,0,0,0,0,0,0,0,0,0,0,0,0,0,0,0,0,0,0,0,0,0,0,0,0,0,0,0,0,0,0,0,0,0,0,0,0,0,810045.0,784939.0,784867.0,820960.0,753294.0,769037.0,655369.0,668832.0,665923.0,754221.0,682486.0,697839.0,587989.0,662878.0,647825.0,640358.0,664000.0,560500.0,607448.0,618286.0,679822.0,505957.0,542272.0,537767.0,78,79,54,46,67,112,58,70,59,54,60,54,58,68,67,60,59,57,86,69,86,58,69,47,14,17,22,17,19,18,19,23,14,15,15,8,14,14,18,17,16,8,17,10,17,11,12,10,8.53,30,87,427
passport-saml,2022-11-13,https://github.com/node-saml/passport-saml,1,2,0,1,3,1,3,2,3,1,1,4,1,0,1,15,0,27,0,17,2,14,3,17,1,8,3,8,2,5,1,3,2,5,0,1,2,3,0,0,2,1,1,1,0,0,1,0,520834.0,471889.0,515522.0,545841.0,632402.0,561136.0,575638.0,593614.0,569392.0,714919.0,682567.0,680306.0,648409.0,762674.0,800516.0,1085333.0,930158.0,815439.0,808871.0,789553.0,788817.0,680859.0,678736.0,603405.0,4,2,7,3,3,4,6,3,5,3,5,7,2,8,7,7,2,5,4,5,2,8,2,4,1,3,0,6,1,3,0,1,0,2,0,2,1,3,3,2,4,2,1,0,4,2,2,1,10.38,30,68,134
@aws-cdk/aws-stepfunctions,2023-11-21,https://github.com/aws/aws-cdk,170,228,118,156,168,237,185,266,157,235,169,301,146,229,141,219,158,180,171,178,163,206,173,204,129,164,151,224,171,181,144,187,157,166,149,202,141,154,109,139,102,150,122,184,138,190,147,222,2052267.0,2030022.0,2131102.0,1931335.0,2225640.0,1986345.0,2061863.0,1847567.0,1637221.0,627367.0,524600.0,550453.0,477535.0,496586.0,481499.0,432448.0,416479.0,423326.0,261962.0,263801.0,239452.0,253910.0,230615.0,218973.0,113,111,120,125,126,127,128,108,87,105,70,91,77,98,95,85,89,88,94,86,71,85,98,76,71,50,76,57,69,60,57,45,49,59,46,42,33,47,56,51,42,47,31,46,31,44,47,28,5.31,30,288,71
@graphql-toolkit/common,2022-04-05,https://github.com/ardatan/graphql-toolkit,0,0,0,0,0,0,0,0,0,0,0,0,0,0,0,0,0,0,0,0,0,0,0,0,0,0,0,0,0,0,0,0,0,0,0,0,0,0,0,0,0,0,0,0,0,0,0,0,1394149.0,1350818.0,1309612.0,1217324.0,1242741.0,1273848.0,1278789.0,1323315.0,11839359.0,18875791.0,19429731.0,21566396.0,1052859.0,1032270.0,972674.0,1038461.0,1096661.0,1083813.0,1011150.0,809743.0,884146.0,816355.0,958799.0,764997.0,1,1,0,0,1,0,0,0,0,0,1,1,0,0,0,0,0,0,0,0,1,0,0,0,0,0,0,0,0,0,0,0,0,0,0,0,0,0,0,0,0,0,0,0,0,0,0,0,2.45,30,711,59
angular-route,2022-06-13,https://github.com/angular/angular.js,2,9,0,1,2,4,2,1,0,1,1,0,1,2,2,5,4,1,2,2,1,0,0,0,0,0,0,0,0,0,0,0,0,0,0,0,0,0,0,0,0,0,0,0,0,0,0,0,543491.0,504571.0,519122.0,491630.0,463579.0,486653.0,401826.0,437352.0,451620.0,523337.0,484912.0,528890.0,490834.0,566376.0,544891.0,586750.0,536609.0,472129.0,579898.0,567038.0,586963.0,480918.0,598613.0,571428.0,65,45,37,45,40,41,45,48,44,46,39,35,39,33,28,35,25,23,22,26,31,25,25,25,28,27,27,33,29,24,27,27,34,27,36,28,22,24,16,26,25,14,17,33,20,26,28,13,8.09,30,100,447
@oclif/dev-cli,2023-08-22,https://github.com/oclif/dev-cli,0,0,0,0,0,0,0,0,0,0,0,0,0,0,0,0,0,0,0,0,0,0,0,0,0,0,0,0,0,0,0,0,0,0,0,0,0,0,0,0,0,0,0,0,0,0,0,0,288704.0,305426.0,277634.0,272535.0,227203.0,305657.0,310783.0,328467.0,266594.0,291040.0,273955.0,249045.0,260968.0,331393.0,245897.0,218834.0,293522.0,294422.0,254862.0,245872.0,225822.0,237292.0,226138.0,185896.0,1,0,0,0,0,0,1,0,0,0,0,0,0,0,0,0,1,0,0,0,0,1,0,0,1,0,0,0,0,0,0,0,0,0,0,0,0,0,0,0,0,0,0,0,0,0,0,0,5.52,28,160,3389
wrench,2022-06-29,https://github.com/ryanmcgrath/wrench-js,0,0,0,0,0,0,0,0,0,0,0,0,0,0,0,0,0,0,0,0,0,0,0,0,0,0,0,0,0,0,0,0,0,0,0,0,0,0,0,0,0,0,0,0,0,0,0,0,360573.0,325490.0,344533.0,361569.0,358343.0,367150.0,337036.0,354492.0,354519.0,422849.0,383273.0,377199.0,337632.0,378333.0,365314.0,380238.0,407045.0,298616.0,329458.0,352599.0,421184.0,372905.0,405671.0,411378.0,1,0,0,0,0,0,0,0,0,1,0,0,0,0,0,0,0,1,0,0,0,0,0,0,0,0,0,0,0,0,0,0,0,0,0,0,1,0,0,0,0,0,0,0,0,0,0,0,11.21,29,28,1435
react-image-lightbox,2023-01-19,https://github.com/frontend-collective/react-image-lightbox,1,16,1,14,1,14,1,12,0,19,2,10,0,11,1,7,1,14,1,6,0,8,1,5,0,0,0,0,0,0,0,0,0,0,0,0,0,0,0,0,0,0,0,0,0,0,0,0,486499.0,496035.0,556501.0,505611.0,531552.0,559648.0,508338.0,563098.0,551915.0,562031.0,621356.0,509638.0,573643.0,674063.0,565071.0,567772.0,533692.0,515281.0,565775.0,527205.0,555320.0,465820.0,405179.0,463944.0,12,19,10,10,13,19,8,12,13,8,14,8,2,5,4,1,3,1,0,1,2,2,3,1,2,0,5,1,4,4,1,2,5,4,1,5,4,2,0,0,1,1,0,0,1,2,0,1,6.93,28,40,236
@aws-cdk/aws-autoscaling,2023-11-21,https://github.com/aws/aws-cdk,170,228,118,156,168,237,185,266,157,235,169,301,146,229,141,219,158,180,171,178,163,206,173,204,129,164,151,224,171,181,144,187,157,166,149,202,141,154,109,139,102,150,122,184,138,190,147,222,1847440.0,1825132.0,1917284.0,1734193.0,2021449.0,1785721.0,1856302.0,1688076.0,1534946.0,593997.0,493288.0,507890.0,446013.0,462621.0,452526.0,405022.0,384364.0,409480.0,240723.0,238755.0,220218.0,239119.0,211605.0,203003.0,113,111,120,125,126,127,128,108,87,105,70,91,77,98,95,85,89,88,94,86,71,85,98,76,71,50,76,57,69,60,57,45,49,59,46,42,33,47,56,51,42,47,31,46,31,44,47,28,5.31,30,288,69
@aws-cdk/aws-sns-subscriptions,2023-11-21,https://github.com/aws/aws-cdk,170,228,118,156,168,237,185,266,157,235,169,301,146,229,141,219,158,180,171,178,163,206,173,204,129,164,151,224,171,181,144,187,157,166,149,202,141,154,109,139,102,150,122,184,138,190,147,222,2033365.0,2014705.0,2108512.0,1904983.0,2212150.0,1967684.0,2046476.0,1841707.0,1640283.0,596448.0,491957.0,511306.0,455852.0,468799.0,459524.0,411586.0,393436.0,419013.0,248866.0,248413.0,226417.0,246873.0,221834.0,232412.0,113,111,120,125,126,127,128,108,87,105,70,91,77,98,95,85,89,88,94,86,71,85,98,76,71,50,76,57,69,60,57,45,49,59,46,42,33,47,56,51,42,47,31,46,31,44,47,28,4.43,30,250,134
@aws-cdk/aws-kinesis,2023-11-21,https://github.com/aws/aws-cdk,170,228,118,156,168,237,185,266,157,235,169,301,146,229,141,219,158,180,171,178,163,206,173,204,129,164,151,224,171,181,144,187,157,166,149,202,141,154,109,139,102,150,122,184,138,190,147,222,1944366.0,1906683.0,1997254.0,1833498.0,2101440.0,1874190.0,1948713.0,1741693.0,1515571.0,593754.0,502574.0,539476.0,465405.0,486426.0,477127.0,423063.0,412532.0,426701.0,263083.0,270548.0,240909.0,254450.0,236116.0,237092.0,113,111,120,125,126,127,128,108,87,105,70,91,77,98,95,85,89,88,94,86,71,85,98,76,71,50,76,57,69,60,57,45,49,59,46,42,33,47,56,51,42,47,31,46,31,44,47,28,5.31,30,288,48
sw-precache,2022-07-06,https://github.com/googlechrome/sw-precache,0,0,0,0,0,0,0,0,0,0,0,0,0,0,0,0,0,0,0,0,0,0,0,0,0,0,0,0,0,0,0,0,0,0,0,0,0,0,0,0,0,0,0,0,0,0,0,0,742140.0,746017.0,749954.0,658568.0,629582.0,508747.0,534849.0,538464.0,612351.0,508473.0,526818.0,517870.0,594263.0,512828.0,502360.0,509601.0,412008.0,453695.0,442525.0,488525.0,385398.0,423833.0,417326.0,373993.0,8,3,3,2,2,3,6,2,6,2,1,1,2,3,1,2,2,0,3,5,1,1,1,3,1,0,1,0,0,0,0,0,0,0,1,1,0,0,0,0,0,0,0,1,0,0,0,0,7.46,30,36,147
appdirectory,2022-06-13,https://github.com/MrJohz/appdirectory,0,0,0,0,0,0,0,0,0,0,0,0,0,0,0,0,0,0,0,0,0,0,0,0,0,0,0,0,0,0,0,0,0,0,0,0,0,0,0,0,0,0,0,0,0,0,0,0,381627.0,359628.0,435621.0,325234.0,299089.0,303198.0,387811.0,302474.0,369302.0,422025.0,399080.0,398073.0,418021.0,474221.0,469971.0,507589.0,488166.0,393363.0,452440.0,442165.0,557395.0,515090.0,503013.0,472017.0,0,2,0,1,0,0,0,0,0,0,0,0,0,0,0,0,0,0,0,0,0,0,0,0,0,0,0,0,0,0,0,0,0,0,0,0,0,0,0,0,0,0,0,0,0,0,0,0,8.26,1,2,84
@aws-cdk/aws-route53-targets,2023-11-21,https://github.com/aws/aws-cdk,170,228,118,156,168,237,185,266,157,235,169,301,146,229,141,219,158,180,171,178,163,206,173,204,129,164,151,224,171,181,144,187,157,166,149,202,141,154,109,139,102,150,122,184,138,190,147,222,1715993.0,1675368.0,1750104.0,1587457.0,1852780.0,1602815.0,1658544.0,1513936.0,1359601.0,566819.0,465179.0,499905.0,444638.0,463198.0,448156.0,405765.0,387955.0,400410.0,231960.0,230930.0,214451.0,227573.0,207611.0,205285.0,113,111,120,125,126,127,128,108,87,105,70,91,77,98,95,85,89,88,94,86,71,85,98,76,71,50,76,57,69,60,57,45,49,59,46,42,33,47,56,51,42,47,31,46,31,44,47,28,4.5,30,253,114
jest-environment-jsdom-sixteen,2022-05-06,https://github.com/SimenB/jest-environment-jsdom-sixteen,0,0,0,0,0,0,0,0,0,0,0,0,0,0,0,0,0,0,0,0,0,0,0,0,0,0,0,0,0,0,0,0,0,0,0,0,0,0,0,0,0,0,0,0,0,0,0,0,940844.0,924310.0,850290.0,860468.0,838670.0,868993.0,860627.0,779420.0,840405.0,823843.0,934656.0,806623.0,761365.0,681683.0,770997.0,677532.0,698635.0,665523.0,578897.0,645923.0,643219.0,671747.0,500905.0,549187.0,0,2,1,0,0,0,0,0,0,0,0,0,0,0,0,0,0,0,0,0,0,0,0,0,0,0,1,1,0,0,0,0,0,0,0,0,0,0,0,0,0,0,0,1,0,0,0,0,2.31,1,8,567
typescript-eslint-parser,2023-03-08,https://github.com/eslint/typescript-eslint-parser,0,0,0,0,0,0,0,0,0,0,0,0,0,0,0,0,0,0,0,0,0,0,0,0,0,0,0,0,0,0,0,0,0,0,0,0,0,0,0,0,0,0,0,0,0,0,0,0,765112.0,654796.0,605706.0,634789.0,567606.0,707443.0,657752.0,635991.0,683791.0,493912.0,510513.0,561611.0,488606.0,493970.0,502402.0,494875.0,569463.0,536207.0,496943.0,451736.0,336215.0,383279.0,354866.0,388136.0,0,0,0,1,1,0,1,1,0,0,0,0,0,0,0,0,1,1,0,1,1,0,1,0,0,0,0,0,0,0,0,0,0,0,0,0,0,0,0,0,0,0,0,1,0,0,0,0,7.26,30,49,2052
@aws-cdk/aws-servicediscovery,2023-11-21,https://github.com/aws/aws-cdk,170,228,118,156,168,237,185,266,157,235,169,301,146,229,141,219,158,180,171,178,163,206,173,204,129,164,151,224,171,181,144,187,157,166,149,202,141,154,109,139,102,150,122,184,138,190,147,222,1639499.0,1609496.0,1690542.0,1536469.0,1794711.0,1559367.0,1609680.0,1467851.0,1310784.0,542245.0,448956.0,481338.0,429399.0,445955.0,432480.0,387705.0,368207.0,390566.0,225432.0,224624.0,207661.0,222002.0,201642.0,193929.0,113,111,120,125,126,127,128,108,87,105,70,91,77,98,95,85,89,88,94,86,71,85,98,76,71,50,76,57,69,60,57,45,49,59,46,42,33,47,56,51,42,47,31,46,31,44,47,28,5.31,30,288,37
ipfs-http-client,2023-06-01,https://github.com/ipfs/js-ipfs,18,14,7,15,14,12,8,12,9,13,6,12,8,9,6,21,10,14,4,8,4,6,4,0,0,0,0,0,0,0,0,0,0,0,0,0,0,0,0,0,0,0,0,0,0,0,0,0,372696.0,274453.0,308320.0,287530.0,310855.0,304642.0,285582.0,303900.0,357966.0,345318.0,316505.0,330474.0,255274.0,251170.0,241707.0,258586.0,237974.0,225537.0,255086.0,261530.0,269240.0,310268.0,256374.0,237880.0,103,79,102,59,46,56,63,48,54,55,42,40,16,9,10,11,2,7,7,8,6,4,10,4,13,10,15,12,8,13,9,16,6,10,9,2,2,1,1,2,1,1,0,1,0,1,1,0,4.51,30,391,798
ember-cli-uglify,2022-06-16,https://github.com/ember-cli/ember-cli-uglify,0,0,0,0,0,0,0,0,0,0,0,0,0,0,0,0,0,0,0,0,0,0,0,0,0,0,0,0,0,0,0,0,0,0,0,0,0,0,0,0,0,0,0,0,0,0,0,0,314237.0,257867.0,258065.0,257437.0,260600.0,253685.0,227468.0,219892.0,226746.0,253688.0,238451.0,226166.0,191008.0,218007.0,196366.0,192366.0,176571.0,153814.0,171885.0,160341.0,177672.0,150488.0,178956.0,146835.0,1,0,0,0,0,1,0,0,1,0,0,0,0,0,0,0,0,0,0,0,1,0,0,0,1,0,0,0,1,0,0,0,0,0,0,0,0,0,0,0,1,0,0,0,0,0,0,0,7.39,18,10,6253
electron-notarize,2023-11-17,https://github.com/electron/notarize,2,1,1,0,2,4,3,0,1,0,1,2,1,0,4,5,4,1,4,7,1,0,1,3,0,1,1,2,2,2,3,4,2,1,2,5,2,7,1,1,1,0,0,3,1,2,0,3,889673.0,717273.0,738150.0,786848.0,806089.0,688116.0,696151.0,631288.0,541441.0,562685.0,511684.0,492904.0,333428.0,382059.0,375529.0,360791.0,322197.0,317505.0,319315.0,336299.0,266132.0,275734.0,313133.0,318403.0,5,0,5,4,7,8,2,7,5,6,7,7,5,1,8,3,9,7,3,9,2,2,4,3,2,1,0,0,1,1,1,2,0,3,0,1,2,1,0,1,4,2,3,0,0,1,0,0,5.07,30,17,115
vuex-persistedstate,2022-06-28,https://github.com/robinvdvleuten/vuex-persistedstate,3,3,3,1,2,0,4,3,0,0,2,1,3,0,3,0,0,0,0,0,0,0,0,0,0,0,0,0,0,0,0,0,0,0,0,0,0,0,0,0,0,0,0,0,0,0,0,0,640157.0,622585.0,650429.0,684859.0,679900.0,715922.0,677106.0,677944.0,671453.0,809064.0,693068.0,690459.0,683051.0,704140.0,723470.0,701124.0,769597.0,659661.0,683452.0,672227.0,736416.0,624167.0,671236.0,643730.0,58,64,45,62,48,49,41,46,24,25,27,14,17,17,20,18,8,9,4,11,11,10,10,5,4,0,4,4,3,4,3,6,7,3,3,2,3,5,1,8,4,1,1,3,3,0,0,2,5.75,30,38,534
@aws-cdk/aws-autoscaling-hooktargets,2023-11-21,https://github.com/aws/aws-cdk,170,228,118,156,168,237,185,266,157,235,169,301,146,229,141,219,158,180,171,178,163,206,173,204,129,164,151,224,171,181,144,187,157,166,149,202,141,154,109,139,102,150,122,184,138,190,147,222,1643307.0,1619906.0,1699333.0,1542341.0,1807167.0,1574890.0,1628560.0,1483114.0,1332487.0,541366.0,448019.0,474549.0,426880.0,440638.0,428976.0,386963.0,369397.0,392179.0,225855.0,224378.0,206666.0,221180.0,201505.0,194268.0,113,111,120,125,126,127,128,108,87,105,70,91,77,98,95,85,89,88,94,86,71,85,98,76,71,50,76,57,69,60,57,45,49,59,46,42,33,47,56,51,42,47,31,46,31,44,47,28,4.48,30,252,21
@aws-cdk/aws-codecommit,2023-11-21,https://github.com/aws/aws-cdk,170,228,118,156,168,237,185,266,157,235,169,301,146,229,141,219,158,180,171,178,163,206,173,204,129,164,151,224,171,181,144,187,157,166,149,202,141,154,109,139,102,150,122,184,138,190,147,222,1339508.0,1264439.0,1347273.0,1236145.0,1459959.0,1246681.0,1282982.0,1148367.0,988879.0,532078.0,452980.0,517550.0,438561.0,466602.0,443811.0,398968.0,395334.0,404383.0,238020.0,245192.0,222860.0,246111.0,217919.0,212918.0,113,111,120,125,126,127,128,108,87,105,70,91,77,98,95,85,89,88,94,86,71,85,98,76,71,50,76,57,69,60,57,45,49,59,46,42,33,47,56,51,42,47,31,46,31,44,47,28,5.31,30,288,73
@angular/http,2022-06-12,https://github.com/angular/angular,105,167,98,150,112,155,134,198,106,223,96,187,100,143,84,189,103,223,84,158,96,217,101,273,122,332,103,187,89,182,96,214,108,231,121,228,83,115,127,203,115,297,107,271,139,280,121,242,1107382.0,1029922.0,1011043.0,994758.0,965352.0,939607.0,864977.0,895823.0,873974.0,956729.0,822044.0,881219.0,728912.0,797856.0,769426.0,733560.0,779937.0,659453.0,683306.0,658267.0,723079.0,588152.0,635180.0,626006.0,697,1076,745,632,651,638,642,799,674,708,627,750,767,643,650,549,724,510,529,645,665,646,742,582,185,206,231,232,199,193,183,204,221,198,202,193,190,180,168,190,211,169,165,169,206,170,180,137,6.12,30,252,11552
@aws-cdk/aws-ecs,2023-11-21,https://github.com/aws/aws-cdk,170,228,118,156,168,237,185,266,157,235,169,301,146,229,141,219,158,180,171,178,163,206,173,204,129,164,151,224,171,181,144,187,157,166,149,202,141,154,109,139,102,150,122,184,138,190,147,222,1577123.0,1548754.0,1621708.0,1473522.0,1728621.0,1495179.0,1542239.0,1404832.0,1248954.0,517308.0,429937.0,464487.0,420841.0,435219.0,423092.0,380826.0,363876.0,384470.0,220173.0,218322.0,202452.0,214143.0,197302.0,190270.0,113,111,120,125,126,127,128,108,87,105,70,91,77,98,95,85,89,88,94,86,71,85,98,76,71,50,76,57,69,60,57,45,49,59,46,42,33,47,56,51,42,47,31,46,31,44,47,28,5.31,30,288,156
@aws-cdk/aws-codebuild,2023-11-21,https://github.com/aws/aws-cdk,170,228,118,156,168,237,185,266,157,235,169,301,146,229,141,219,158,180,171,178,163,206,173,204,129,164,151,224,171,181,144,187,157,166,149,202,141,154,109,139,102,150,122,184,138,190,147,222,1319455.0,1243245.0,1323197.0,1215892.0,1436118.0,1221898.0,1255427.0,1221247.0,1113385.0,530655.0,449126.0,517841.0,437530.0,471443.0,447483.0,401480.0,400411.0,408017.0,244260.0,254226.0,231435.0,250184.0,218692.0,214287.0,113,111,120,125,126,127,128,108,87,105,70,91,77,98,95,85,89,88,94,86,71,85,98,76,71,50,76,57,69,60,57,45,49,59,46,42,33,47,56,51,42,47,31,46,31,44,47,28,5.31,30,288,115
dependency-check,2024-03-13,https://github.com/dependency-check-team/dependency-check,0,0,0,0,0,1,0,0,0,0,0,0,0,0,0,0,0,0,0,0,0,0,0,0,0,0,0,0,0,0,0,0,0,0,0,0,0,0,0,0,0,0,0,0,0,0,0,0,161685.0,179517.0,203647.0,195565.0,181108.0,179820.0,154116.0,168571.0,116380.0,101436.0,122411.0,133972.0,213169.0,430540.0,606854.0,224843.0,174394.0,193990.0,196542.0,186774.0,160428.0,181194.0,177716.0,197209.0,1,3,6,6,2,0,0,4,2,1,0,1,0,0,0,0,0,0,0,0,1,0,1,0,0,0,0,0,0,0,0,0,0,0,0,0,0,0,0,0,0,0,0,0,0,0,0,0,9.75,20,51,1459
react-google-login,2022-12-27,https://github.com/anthonyjgrove/react-google-login,1,3,1,1,3,3,1,1,6,3,3,3,6,3,3,2,2,0,1,5,5,1,1,3,0,1,2,2,0,0,0,0,0,0,0,0,0,0,1,0,0,0,0,0,0,0,0,0,688385.0,866817.0,969535.0,1148288.0,994404.0,1027765.0,1025920.0,901217.0,1026462.0,1012878.0,964679.0,1056491.0,954463.0,973893.0,1176995.0,548645.0,579472.0,541422.0,525262.0,540825.0,498856.0,530254.0,463231.0,418264.0,22,17,15,25,17,24,21,21,14,11,9,20,8,2,9,4,5,7,3,5,4,7,2,4,5,7,3,3,6,10,10,4,7,10,1,2,8,3,1,0,2,2,0,4,1,0,0,0,6.82,30,94,215
babel-preset-es2016,2023-07-21,https://github.com/babel/babel,31,47,25,36,40,52,55,62,39,50,24,30,32,32,21,38,21,49,23,30,23,44,15,42,20,56,35,51,20,38,23,41,18,30,15,25,21,47,21,44,16,36,20,58,18,39,21,65,178774.0,192226.0,178338.0,171165.0,187181.0,139535.0,150141.0,147939.0,183763.0,141694.0,159101.0,159583.0,171428.0,174211.0,169363.0,145270.0,133263.0,157380.0,148530.0,206730.0,230750.0,235266.0,224066.0,225143.0,162,152,172,135,141,118,110,180,148,107,113,118,126,105,107,123,86,95,85,97,91,95,91,95,37,28,40,21,29,28,26,37,27,24,18,21,26,24,24,21,19,19,26,44,11,19,18,31,7.37,30,36,2215
caller-id,2023-01-25,https://github.com/pixelsandbytes/caller-id,0,0,0,0,0,0,0,0,0,0,0,0,0,0,0,0,0,0,0,0,0,0,0,0,0,0,0,0,0,0,0,0,0,0,0,0,0,0,0,0,0,0,0,0,0,0,0,0,267381.0,253536.0,280120.0,205422.0,190700.0,195066.0,175120.0,231875.0,206889.0,183482.0,184477.0,178439.0,205284.0,206249.0,186729.0,201176.0,193947.0,165317.0,171331.0,184728.0,202832.0,176002.0,155817.0,179827.0,0,1,0,0,1,0,0,0,0,0,0,0,0,0,0,0,0,0,0,0,0,0,0,0,0,0,0,1,0,0,0,0,0,0,0,1,0,0,0,0,0,0,0,0,0,0,0,0,9.22,1,1,158
@aws-cdk/aws-codepipeline,2023-11-21,https://github.com/aws/aws-cdk,170,228,118,156,168,237,185,266,157,235,169,301,146,229,141,219,158,180,171,178,163,206,173,204,129,164,151,224,171,181,144,187,157,166,149,202,141,154,109,139,102,150,122,184,138,190,147,222,1189831.0,1119315.0,1195119.0,1098575.0,1301427.0,1092883.0,1127799.0,1051233.0,955723.0,480442.0,401709.0,438039.0,400455.0,410795.0,385517.0,355834.0,345872.0,363401.0,204121.0,200391.0,181412.0,194146.0,177700.0,176692.0,113,111,120,125,126,127,128,108,87,105,70,91,77,98,95,85,89,88,94,86,71,85,98,76,71,50,76,57,69,60,57,45,49,59,46,42,33,47,56,51,42,47,31,46,31,44,47,28,5.31,30,288,118
babel-preset-es2017,2023-07-21,https://github.com/babel/babel,31,47,25,36,40,52,55,62,39,50,24,30,32,32,21,38,21,49,23,30,23,44,15,42,20,56,35,51,20,38,23,41,18,30,15,25,21,47,21,44,16,36,20,58,18,39,21,65,200671.0,219977.0,199376.0,198939.0,207817.0,152234.0,170046.0,164367.0,194968.0,161810.0,186049.0,185871.0,195904.0,184011.0,179449.0,159050.0,142890.0,179973.0,178813.0,226204.0,245858.0,247230.0,236379.0,238535.0,162,152,172,135,141,118,110,180,148,107,113,118,126,105,107,123,86,95,85,97,91,95,91,95,37,28,40,21,29,28,26,37,27,24,18,21,26,24,24,21,19,19,26,44,11,19,18,31,7.38,30,34,2650
docsify-server-renderer,2024-04-22,https://github.com/docsifyjs/docsify,6,38,1,17,9,33,5,38,5,38,6,38,12,24,10,16,7,20,4,7,7,8,2,10,11,15,2,11,4,15,3,7,1,5,3,3,7,3,2,3,2,3,5,4,0,2,1,2,119576.0,118918.0,129927.0,172824.0,180694.0,190015.0,208575.0,189482.0,188381.0,187765.0,167301.0,132830.0,134176.0,158724.0,134873.0,132872.0,149879.0,154063.0,248768.0,113839.0,126479.0,135412.0,155241.0,216803.0,286,232,248,232,691,357,300,258,211,234,186,198,198,183,167,160,169,162,237,393,446,208,246,161,46,27,26,33,37,22,30,29,19,22,17,19,19,12,18,16,17,14,16,26,26,12,16,29,6.9,30,98,13
@aws-cdk/aws-events-targets,2023-11-21,https://github.com/aws/aws-cdk,170,228,118,156,168,237,185,266,157,235,169,301,146,229,141,219,158,180,171,178,163,206,173,204,129,164,151,224,171,181,144,187,157,166,149,202,141,154,109,139,102,150,122,184,138,190,147,222,1156361.0,1082860.0,1152793.0,1064377.0,1262845.0,1056578.0,1090265.0,1016799.0,919484.0,467195.0,389043.0,435880.0,397986.0,407538.0,382113.0,352544.0,343386.0,359091.0,201324.0,196819.0,178377.0,190160.0,176173.0,175127.0,113,111,120,125,126,127,128,108,87,105,70,91,77,98,95,85,89,88,94,86,71,85,98,76,71,50,76,57,69,60,57,45,49,59,46,42,33,47,56,51,42,47,31,46,31,44,47,28,4.58,30,256,143
@volar/vue-typescript,2023-07-17,https://github.com/vuejs/language-tools,110,18,109,11,86,15,143,14,72,3,83,16,66,8,110,14,65,14,173,14,106,15,78,16,44,8,56,33,47,31,41,15,50,20,36,10,19,4,212,37,110,23,83,21,53,20,63,21,556596.0,752455.0,889140.0,1047376.0,1197394.0,1162436.0,1384792.0,1553661.0,2008949.0,1910956.0,2354836.0,2179759.0,1425644.0,1118905.0,1133369.0,870659.0,692443.0,729241.0,648549.0,630973.0,574305.0,521297.0,490235.0,496430.0,142,134,141,222,116,90,83,117,50,105,109,72,125,50,57,47,55,43,46,198,105,89,60,100,16,6,7,20,7,11,13,9,8,11,11,6,5,3,5,7,5,6,5,23,13,6,14,6,1.34,30,158,28
parcel-bundler,2022-11-13,https://github.com/parcel-bundler/parcel,91,34,53,29,71,21,74,24,59,19,89,45,79,39,53,20,40,13,41,24,39,20,30,16,30,15,40,20,33,19,16,20,19,16,31,39,29,15,17,16,27,22,18,22,24,39,12,38,483562.0,398490.0,434824.0,424586.0,441594.0,396689.0,422028.0,419206.0,377050.0,409126.0,384287.0,332193.0,266589.0,297268.0,278900.0,305325.0,252793.0,260218.0,273779.0,248955.0,259645.0,238998.0,260533.0,216129.0,235,191,410,255,191,199,172,166,178,165,158,156,144,164,177,158,150,132,125,105,126,129,95,98,21,14,22,19,15,17,15,14,9,15,9,10,9,13,11,7,10,11,7,11,12,10,11,6,5.05,30,43,6555
@aws-cdk/aws-kinesisfirehose,2023-11-21,https://github.com/aws/aws-cdk,170,228,118,156,168,237,185,266,157,235,169,301,146,229,141,219,158,180,171,178,163,206,173,204,129,164,151,224,171,181,144,187,157,166,149,202,141,154,109,139,102,150,122,184,138,190,147,222,1637321.0,1622256.0,1703466.0,1549751.0,1780310.0,1583286.0,1651321.0,1474392.0,1288694.0,466648.0,388454.0,433813.0,395750.0,405419.0,393448.0,351861.0,341998.0,361370.0,204548.0,200424.0,182652.0,191694.0,178763.0,167266.0,113,111,120,125,126,127,128,108,87,105,70,91,77,98,95,85,89,88,94,86,71,85,98,76,71,50,76,57,69,60,57,45,49,59,46,42,33,47,56,51,42,47,31,46,31,44,47,28,5.31,30,288,44
@types/github-slugger,2022-10-28,https://github.com/DefinitelyTyped/DefinitelyTyped,18,470,19,432,12,349,29,433,20,422,22,468,21,328,11,367,26,357,16,354,22,398,24,359,13,272,6,231,12,318,12,318,16,307,4,328,10,191,5,225,13,246,10,242,15,279,15,300,423414.0,490313.0,462497.0,530101.0,525875.0,501931.0,478319.0,537020.0,490886.0,585027.0,683263.0,580284.0,607251.0,589313.0,674647.0,619344.0,606558.0,471912.0,404356.0,338016.0,290519.0,308168.0,303914.0,346042.0,428,401,394,380,406,449,437,503,407,415,438,438,390,417,444,398,482,411,319,312,326,336,334,272,260,225,201,239,225,238,214,226,215,179,204,220,183,157,201,205,178,174,111,143,132,117,121,140,2.35,30,2,117
topojson,2022-06-27,https://github.com/topojson/topojson,0,0,0,0,0,0,0,0,0,0,0,0,0,0,0,0,0,0,0,0,0,0,0,0,1,0,1,0,0,0,0,0,0,0,0,0,0,0,0,0,1,0,0,0,0,0,0,0,338989.0,273593.0,292339.0,288089.0,277204.0,269320.0,245343.0,262118.0,239952.0,274901.0,223754.0,229795.0,197919.0,216860.0,193994.0,189395.0,205586.0,172361.0,198792.0,208070.0,226972.0,214650.0,329100.0,324135.0,11,26,9,19,10,11,14,13,9,13,16,14,20,12,11,13,17,9,17,21,24,20,16,18,3,2,1,1,1,0,1,1,0,2,2,0,0,0,3,1,1,1,1,2,0,1,0,1,9.61,12,99,300
angular-translate,2024-01-21,https://github.com/angular-translate/angular-translate,1,0,0,0,0,0,0,0,0,0,1,0,0,0,0,0,0,0,0,0,0,0,0,0,0,0,0,0,0,0,0,0,0,0,0,0,0,0,0,0,0,0,0,0,0,0,0,0,423111.0,427552.0,484991.0,386936.0,419482.0,404507.0,391480.0,410768.0,378928.0,403649.0,367078.0,319799.0,397076.0,400518.0,403271.0,386286.0,355067.0,395955.0,355896.0,371735.0,387382.0,342322.0,304432.0,363816.0,1,2,1,1,2,3,0,1,0,0,2,0,1,0,1,0,0,0,0,1,0,1,0,0,4,6,0,5,0,1,0,0,0,1,1,0,0,0,2,0,0,0,2,0,0,1,1,1,9.39,30,38,215
@types/prosemirror-model,2022-10-26,https://github.com/DefinitelyTyped/DefinitelyTyped,16,460,20,444,13,341,25,439,20,427,25,459,21,338,12,358,21,349,21,349,21,425,22,346,13,291,7,222,12,319,11,308,17,321,4,329,10,186,5,238,12,234,9,242,15,274,17,305,705851.0,778759.0,728135.0,886422.0,1038645.0,1329176.0,1205585.0,1503354.0,1404637.0,1115281.0,1105553.0,826102.0,815007.0,608256.0,648082.0,639033.0,701751.0,542539.0,570669.0,589219.0,625305.0,715038.0,460546.0,418907.0,414,406,396,387,397,444,440,502,411,424,428,441,392,375,468,414,487,396,328,321,330,324,344,273,259,221,214,235,217,237,229,209,219,188,206,213,197,146,199,211,178,174,107,149,127,122,124,136,5.63,30,28,350
graphql-language-service-utils,2023-02-16,https://github.com/graphql/graphiql,18,41,14,32,24,35,23,65,9,49,20,70,26,84,16,24,23,42,21,62,14,20,11,12,14,41,7,24,8,27,15,82,20,46,13,20,5,4,4,5,10,16,5,2,10,30,7,11,816637.0,924422.0,704594.0,750424.0,779214.0,899610.0,1249036.0,1064199.0,925622.0,774989.0,711382.0,872605.0,1136029.0,803051.0,744928.0,724884.0,822989.0,685779.0,365989.0,368423.0,480367.0,326698.0,420428.0,552480.0,130,122,115,99,103,98,192,125,105,122,121,112,118,81,93,87,78,87,96,67,66,59,78,64,21,19,14,11,9,12,24,15,25,26,13,17,14,23,9,13,8,19,12,15,8,12,12,4,6.0,30,92,23
fingerprintjs2,2022-06-18,https://github.com/fingerprintjs/fingerprintjs,4,7,4,5,1,4,3,2,3,1,2,6,3,4,4,7,3,8,2,2,2,3,4,1,3,7,9,7,0,4,5,0,1,9,3,8,5,4,3,8,0,2,3,9,1,8,2,5,429780.0,408687.0,502617.0,424485.0,452249.0,471041.0,352073.0,298361.0,317975.0,403761.0,336325.0,337277.0,308640.0,353383.0,352070.0,321861.0,374420.0,305276.0,326556.0,338196.0,387931.0,351398.0,353126.0,340118.0,289,297,282,234,294,200,194,270,297,211,200,189,269,210,199,165,192,158,117,142,245,317,165,167,21,17,22,20,19,29,21,29,28,25,18,20,20,22,18,12,13,12,13,13,18,29,10,10,6.95,30,37,242
angular-resource,2022-06-13,https://github.com/angular/angular.js,2,9,0,1,2,4,2,1,0,1,1,0,1,2,2,5,4,1,2,2,1,0,0,0,0,0,0,0,0,0,0,0,0,0,0,0,0,0,0,0,0,0,0,0,0,0,0,0,512601.0,500775.0,484116.0,503414.0,485239.0,485290.0,407343.0,432265.0,446655.0,529844.0,522818.0,595321.0,544289.0,604470.0,594441.0,605064.0,635192.0,638568.0,638487.0,604455.0,611092.0,428193.0,517603.0,537313.0,65,45,37,45,40,41,45,48,44,46,39,35,39,33,28,35,25,23,22,26,31,25,25,25,28,27,27,33,29,24,27,27,34,27,36,28,22,24,16,26,25,14,17,33,20,26,28,13,9.13,30,103,298
eth-json-rpc-errors,2022-05-01,https://github.com/MetaMask/eth-json-rpc-errors,0,0,0,0,0,0,0,0,0,0,0,0,0,0,0,0,0,0,0,0,0,0,0,0,0,0,0,0,0,0,0,0,0,0,0,0,0,0,0,0,0,0,0,0,0,0,0,0,230849.0,227693.0,236664.0,270790.0,298253.0,310762.0,332159.0,315228.0,357072.0,382479.0,336325.0,288283.0,251441.0,213185.0,254015.0,225826.0,219388.0,186656.0,144632.0,138887.0,128885.0,129967.0,117043.0,132526.0,0,5,4,1,0,1,3,6,3,5,8,4,3,0,7,6,3,4,1,2,1,0,3,6,1,0,1,0,1,0,0,0,1,0,2,1,1,1,2,1,0,1,0,0,0,0,0,0,2.73,13,10,34
@react-native-community/async-storage,2022-04-06,https://github.com/react-native-community/react-native-async-storage,0,0,0,0,0,0,0,0,0,0,0,0,0,0,0,0,0,0,0,0,0,0,0,0,0,0,0,0,0,0,0,0,0,0,0,0,0,0,0,0,0,0,0,0,0,0,0,0,1127209.0,1123505.0,1087708.0,943536.0,916299.0,911648.0,838104.0,794301.0,677308.0,702016.0,644234.0,854883.0,625744.0,624871.0,537801.0,598660.0,551660.0,546180.0,542112.0,417894.0,452611.0,425313.0,491703.0,389821.0,65,74,68,59,71,70,56,68,60,72,61,61,55,35,55,59,45,62,39,55,61,49,61,60,9,1,4,8,6,10,9,6,6,6,0,9,4,3,1,4,3,7,8,4,3,5,3,2,3.15,30,40,609
graphql-language-service-types,2023-02-16,https://github.com/graphql/graphiql,18,41,14,32,24,35,23,65,9,49,20,70,26,84,16,24,23,42,21,62,14,20,11,12,14,41,7,24,8,27,15,82,20,46,13,20,5,4,4,5,10,16,5,2,10,30,7,11,836636.0,947286.0,721037.0,800802.0,836224.0,942416.0,1274899.0,1116150.0,962145.0,792669.0,787944.0,950378.0,1145595.0,756842.0,698908.0,678153.0,785837.0,649840.0,339346.0,334744.0,451817.0,300405.0,372075.0,516419.0,130,122,115,99,103,98,192,125,105,122,121,112,118,81,93,87,78,87,96,67,66,59,78,64,21,19,14,11,9,12,24,15,25,26,13,17,14,23,9,13,8,19,12,15,8,12,12,4,6.0,30,62,27
@types/storybook__react,2022-04-07,https://github.com/storybooks/storybook,0,0,0,0,0,0,0,0,0,0,0,0,0,0,0,0,0,0,0,0,0,0,0,0,0,0,0,0,0,0,0,0,0,0,0,0,0,0,0,0,0,0,0,0,0,0,0,0,793977.0,636606.0,596133.0,536326.0,523723.0,558447.0,525485.0,527047.0,415404.0,435494.0,480796.0,520167.0,442234.0,460849.0,408760.0,442525.0,435556.0,589283.0,713502.0,496259.0,510978.0,523433.0,406075.0,385737.0,997,1192,850,669,671,682,573,916,1164,702,672,612,739,737,1105,593,595,618,560,495,517,827,668,685,113,100,98,111,79,97,86,105,134,105,107,72,85,96,100,100,87,97,93,78,65,114,106,120,4.84,30,15,2038
@types/prosemirror-transform,2022-10-26,https://github.com/DefinitelyTyped/DefinitelyTyped,16,460,20,444,13,341,25,439,20,427,25,459,21,338,12,358,21,349,21,349,21,425,22,346,13,291,7,222,12,319,11,308,17,321,4,329,10,186,5,238,12,234,9,242,15,274,17,305,688827.0,762427.0,736395.0,879349.0,1022905.0,1298479.0,1202954.0,1506956.0,1421412.0,1121733.0,1108642.0,823980.0,780235.0,581830.0,612801.0,557515.0,571388.0,440186.0,469064.0,498960.0,525705.0,597176.0,349832.0,300722.0,414,406,396,387,397,444,440,502,411,424,428,441,392,375,468,414,487,396,328,321,330,324,344,273,259,221,214,235,217,237,229,209,219,188,206,213,197,146,199,211,178,174,107,149,127,122,124,136,5.63,30,19,78
precss,2024-02-19,https://github.com/jonathantneal/precss,0,0,0,0,0,0,0,0,0,0,0,0,0,0,0,0,0,0,0,0,0,0,0,0,0,0,0,0,0,0,0,0,0,0,0,0,0,0,0,0,0,0,0,0,0,0,0,0,458739.0,501026.0,412184.0,493407.0,504045.0,482804.0,464454.0,350276.0,345956.0,297628.0,265296.0,303621.0,329938.0,302960.0,302907.0,283117.0,319932.0,297885.0,291392.0,308463.0,292154.0,287035.0,309737.0,308429.0,0,1,2,0,1,1,1,1,1,0,0,0,1,0,1,2,1,0,0,0,0,0,0,0,0,0,0,0,0,0,0,0,0,0,0,0,0,0,0,1,0,0,0,0,0,0,0,0,8.62,10,25,2313
sign-addon,2024-01-09,https://github.com/mozilla/sign-addon,1,29,0,18,0,22,0,17,1,8,0,10,0,26,0,20,0,24,0,17,0,16,0,8,0,0,0,0,0,0,0,0,0,0,0,0,0,0,0,0,0,0,0,0,0,0,0,0,92820.0,108411.0,138931.0,144254.0,145680.0,121320.0,124946.0,125821.0,111805.0,140308.0,120953.0,109114.0,149817.0,150874.0,171723.0,197323.0,167392.0,156457.0,101165.0,104395.0,126436.0,218755.0,87059.0,103048.0,0,2,2,0,1,1,0,0,1,1,0,0,1,0,0,0,0,0,0,0,1,0,0,0,0,1,0,0,0,0,0,0,0,0,0,0,0,0,0,0,0,0,0,0,0,1,0,0,7.78,21,45,11
graphql-language-service-parser,2023-02-16,https://github.com/graphql/graphiql,18,41,14,32,24,35,23,65,9,49,20,70,26,84,16,24,23,42,21,62,14,20,11,12,14,41,7,24,8,27,15,82,20,46,13,20,5,4,4,5,10,16,5,2,10,30,7,11,816139.0,917357.0,686775.0,736320.0,770441.0,889489.0,1231538.0,1052177.0,904231.0,743895.0,683340.0,835464.0,1076520.0,749633.0,689359.0,671151.0,778614.0,643220.0,330702.0,326389.0,443127.0,290501.0,362165.0,504980.0,130,122,115,99,103,98,192,125,105,122,121,112,118,81,93,87,78,87,96,67,66,59,78,64,21,19,14,11,9,12,24,15,25,26,13,17,14,23,9,13,8,19,12,15,8,12,12,4,6.0,30,58,22
time-grunt,2023-06-16,https://github.com/sindresorhus/time-grunt,0,0,0,0,0,0,0,0,0,0,0,0,0,0,0,0,0,0,0,0,0,0,0,0,0,0,0,0,0,0,0,0,0,0,0,0,0,0,0,0,0,0,0,0,0,0,0,0,519399.0,458944.0,523971.0,526378.0,515295.0,535166.0,437383.0,490538.0,485926.0,526012.0,449824.0,494689.0,547694.0,504294.0,484126.0,512735.0,420192.0,357844.0,436922.0,445227.0,434375.0,435031.0,418174.0,374043.0,0,0,0,0,0,0,0,0,0,0,0,0,1,0,0,0,0,0,0,0,0,0,0,0,0,0,0,0,0,0,1,0,0,0,0,0,0,0,0,0,0,0,0,1,0,0,0,0,9.86,20,27,3486
express-pino-logger,2022-12-15,https://github.com/pinojs/express-pino-logger,0,3,0,0,0,3,0,2,0,4,0,0,1,4,0,7,0,3,1,2,0,5,0,0,0,0,0,0,0,0,0,0,0,0,0,0,0,0,0,0,0,0,0,0,0,0,0,0,314869.0,363439.0,366811.0,415074.0,385975.0,400998.0,430928.0,403244.0,465708.0,468022.0,489861.0,454518.0,458632.0,472947.0,478154.0,376096.0,431944.0,407558.0,431148.0,459873.0,367583.0,390824.0,335036.0,293169.0,4,0,1,1,3,6,1,2,2,4,3,2,1,0,0,1,0,0,0,1,0,0,0,0,1,0,0,0,1,0,0,0,0,1,1,0,0,0,0,0,0,0,0,0,0,0,0,0,6.71,16,17,116
npmconf,2022-06-22,https://github.com/npm/npmconf,0,0,0,0,0,0,0,0,0,0,0,0,0,0,0,0,0,0,0,0,0,0,0,0,0,0,0,0,0,0,0,0,0,0,0,0,0,0,0,0,0,0,0,0,0,0,0,0,389949.0,327117.0,340959.0,368132.0,365175.0,326542.0,316251.0,315673.0,295795.0,308355.0,251465.0,253572.0,229453.0,271918.0,271690.0,343271.0,421685.0,267110.0,288363.0,266305.0,261794.0,210008.0,215736.0,186305.0,0,0,0,1,1,1,1,0,1,0,2,3,1,0,0,1,1,1,0,0,0,1,0,0,0,0,0,0,0,0,0,1,0,0,0,0,1,0,1,0,1,0,0,0,0,0,0,0,9.85,19,72,190
material-ui,2024-05-06,https://github.com/callemall/material-ui,0,0,0,0,0,0,0,0,0,0,0,0,0,0,0,0,0,0,0,0,0,0,0,0,0,0,0,0,0,0,0,0,0,0,0,0,0,0,0,0,0,0,0,0,0,0,0,0,338118.0,339747.0,297556.0,337527.0,291235.0,306522.0,263507.0,230286.0,269882.0,262226.0,242827.0,246875.0,214442.0,237196.0,215171.0,226339.0,245815.0,243706.0,192353.0,221309.0,234046.0,221341.0,238547.0,261233.0,903,596,526,560,658,541,482,449,549,504,497,449,453,433,545,486,403,377,384,316,368,384,381,360,197,128,131,153,184,284,258,265,228,275,270,245,249,194,189,179,142,114,159,97,143,106,101,93,9.58,30,168,2179
@types/react-tabs,2022-06-13,https://github.com/DefinitelyTyped/DefinitelyTyped,37,541,24,490,26,504,20,450,14,662,17,408,18,365,25,453,21,401,19,452,16,420,23,342,21,380,18,396,21,335,25,389,12,388,13,267,5,251,12,320,15,344,10,309,7,258,10,197,348201.0,355789.0,348996.0,374893.0,393978.0,419337.0,411140.0,441911.0,425462.0,574761.0,510052.0,490861.0,395229.0,441218.0,443837.0,409662.0,392300.0,334803.0,401338.0,457887.0,556259.0,487642.0,460197.0,394292.0,666,429,413,506,463,419,368,424,372,403,465,507,416,441,419,412,415,375,435,442,417,459,385,332,248,238,260,238,265,254,202,235,229,226,238,202,207,209,195,217,207,181,164,201,193,178,146,126,6.07,30,32,150
@discordjs/form-data,2022-07-17,https://github.com/form-data/form-data,1,2,2,0,3,0,0,0,5,1,0,0,2,0,2,2,0,0,4,1,1,0,1,0,0,0,0,0,0,0,1,1,0,1,1,0,0,0,1,0,3,2,1,0,1,0,1,0,491182.0,562951.0,591015.0,586214.0,537699.0,540418.0,404065.0,332343.0,299352.0,237352.0,205978.0,198410.0,231063.0,318879.0,361901.0,297199.0,175135.0,197601.0,220392.0,242628.0,237490.0,285410.0,386677.0,434917.0,30,8,20,30,14,31,16,13,9,18,18,16,9,11,10,15,12,17,9,15,12,8,12,8,1,3,1,1,1,0,1,4,2,4,2,1,3,4,2,3,1,0,0,1,2,2,0,2,2.25,30,1,82
@types/prosemirror-view,2022-10-26,https://github.com/DefinitelyTyped/DefinitelyTyped,16,460,20,444,13,341,25,439,20,427,25,459,21,338,12,358,21,349,21,349,21,425,22,346,13,291,7,222,12,319,11,308,17,321,4,329,10,186,5,238,12,234,9,242,15,274,17,305,715799.0,788239.0,767986.0,915114.0,1049902.0,1356232.0,1226701.0,1526321.0,1428298.0,1132657.0,1126121.0,839035.0,800226.0,597578.0,633213.0,578127.0,599075.0,461857.0,494294.0,522204.0,549992.0,623670.0,373741.0,322356.0,414,406,396,387,397,444,440,502,411,424,428,441,392,375,468,414,487,396,328,321,330,324,344,273,259,221,214,235,217,237,229,209,219,188,206,213,197,146,199,211,178,174,107,149,127,122,124,136,5.63,30,33,288
@aws-cdk/aws-dynamodb,2023-11-21,https://github.com/aws/aws-cdk,170,228,118,156,168,237,185,266,157,235,169,301,146,229,141,219,158,180,171,178,163,206,173,204,129,164,151,224,171,181,144,187,157,166,149,202,141,154,109,139,102,150,122,184,138,190,147,222,1229979.0,1233254.0,1267500.0,1145467.0,1251792.0,1155726.0,1210515.0,1073912.0,956266.0,427719.0,365772.0,382193.0,369557.0,372097.0,355259.0,327944.0,310274.0,325824.0,182184.0,169117.0,147112.0,154490.0,160491.0,164577.0,113,111,120,125,126,127,128,108,87,105,70,91,77,98,95,85,89,88,94,86,71,85,98,76,71,50,76,57,69,60,57,45,49,59,46,42,33,47,56,51,42,47,31,46,31,44,47,28,5.31,30,288,181
multiaddr-to-uri,2022-11-28,https://github.com/multiformats/js-multiaddr-to-uri,0,0,0,3,1,0,0,0,0,4,0,2,0,3,0,6,0,5,0,2,0,4,0,0,0,2,0,4,0,7,0,3,0,4,0,3,0,0,0,5,0,6,0,1,0,3,0,0,379407.0,323920.0,327050.0,316864.0,414753.0,342007.0,364441.0,340239.0,246051.0,277250.0,280116.0,284078.0,254963.0,265102.0,298182.0,277977.0,251378.0,350199.0,322974.0,300991.0,248682.0,238915.0,251842.0,213283.0,0,0,0,0,0,0,0,0,0,0,1,0,0,0,0,0,0,0,0,0,0,0,0,0,0,0,0,0,0,0,0,0,0,0,0,0,0,0,0,1,0,0,0,0,0,0,0,0,4.69,11,9,35
@json-rpc-tools/utils,2022-11-30,https://github.com/pedrouid/json-rpc-tools,0,0,0,0,0,0,1,0,1,0,0,0,0,0,0,0,0,1,0,0,0,0,0,0,0,0,0,0,0,0,0,0,0,0,0,1,0,0,0,0,0,0,0,0,0,0,0,0,142381.0,177639.0,208492.0,227244.0,290104.0,312295.0,365918.0,432558.0,451365.0,598550.0,559788.0,595590.0,655789.0,702662.0,806354.0,1129958.0,997380.0,1061019.0,934518.0,668216.0,655495.0,517497.0,463813.0,387082.0,0,0,0,1,0,0,1,0,0,0,0,0,0,0,1,0,0,0,0,0,0,0,0,0,0,0,1,0,0,0,1,0,1,0,0,1,1,0,0,0,0,0,0,0,0,0,0,0,2.01,2,52,73
@json-rpc-tools/types,2022-11-30,https://github.com/pedrouid/json-rpc-tools,0,0,0,0,0,0,1,0,1,0,0,0,0,0,0,0,0,1,0,0,0,0,0,0,0,0,0,0,0,0,0,0,0,0,0,1,0,0,0,0,0,0,0,0,0,0,0,0,140043.0,175560.0,207050.0,225998.0,289688.0,311768.0,365557.0,432157.0,451070.0,597984.0,558731.0,594855.0,654072.0,700517.0,803978.0,1129581.0,997050.0,1060452.0,933776.0,667975.0,656642.0,518318.0,464013.0,387319.0,0,0,0,1,0,0,1,0,0,0,0,0,0,0,1,0,0,0,0,0,0,0,0,0,0,0,1,0,0,0,1,0,1,0,0,1,1,0,0,0,0,0,0,0,0,0,0,0,2.01,2,52,13
redux-devtools,2023-01-28,https://github.com/reduxjs/redux-devtools,14,32,7,12,6,19,6,26,2,16,3,6,5,9,3,7,4,20,1,18,5,15,5,25,4,13,4,19,6,8,4,11,2,9,3,10,6,26,7,18,6,20,3,12,4,42,1,10,558138.0,547797.0,677135.0,583024.0,574169.0,566318.0,472477.0,518611.0,484517.0,440739.0,466275.0,400811.0,442744.0,475436.0,411000.0,456396.0,419983.0,400197.0,416098.0,351389.0,365093.0,324958.0,268393.0,318941.0,140,97,96,116,108,82,93,52,77,70,77,57,80,57,56,43,53,48,49,40,27,36,38,48,12,11,16,14,13,8,12,11,13,10,10,8,11,12,11,12,10,8,10,3,11,2,3,5,7.54,30,42,1032
@types/orderedmap,2022-10-26,https://github.com/DefinitelyTyped/DefinitelyTyped,16,460,20,444,13,341,25,439,20,427,25,459,21,338,12,358,21,349,21,349,21,425,22,346,13,291,7,222,12,319,11,308,17,321,4,329,10,186,5,238,12,234,9,242,15,274,17,305,660409.0,743469.0,699394.0,831681.0,938055.0,1155695.0,1087692.0,1351582.0,1249639.0,1007181.0,985872.0,737094.0,748407.0,551710.0,578340.0,527938.0,545194.0,412277.0,454937.0,477001.0,510958.0,586951.0,356210.0,318207.0,414,406,396,387,397,444,440,502,411,424,428,441,392,375,468,414,487,396,328,321,330,324,344,273,259,221,214,235,217,237,229,209,219,188,206,213,197,146,199,211,178,174,107,149,127,122,124,136,5.4,30,2,17
graphql-language-service-interface,2023-02-16,https://github.com/graphql/graphiql,18,41,14,32,24,35,23,65,9,49,20,70,26,84,16,24,23,42,21,62,14,20,11,12,14,41,7,24,8,27,15,82,20,46,13,20,5,4,4,5,10,16,5,2,10,30,7,11,788131.0,889831.0,669173.0,718333.0,750766.0,871412.0,1213536.0,1035485.0,880537.0,726243.0,670875.0,831949.0,1072666.0,747634.0,687736.0,668047.0,774553.0,639384.0,326987.0,322921.0,440696.0,287825.0,359559.0,500904.0,130,122,115,99,103,98,192,125,105,122,121,112,118,81,93,87,78,87,96,67,66,59,78,64,21,19,14,11,9,12,24,15,25,26,13,17,14,23,9,13,8,19,12,15,8,12,12,4,5.99,30,122,34
react-load-script,2022-06-26,https://github.com/blueberryapps/react-load-script,0,0,0,0,0,0,0,0,0,0,0,0,0,0,0,1,0,1,0,0,0,0,0,0,0,0,0,0,0,1,0,0,0,1,0,0,0,2,0,0,0,0,0,0,0,0,0,0,571262.0,534892.0,562883.0,600948.0,579296.0,581180.0,536954.0,582009.0,577477.0,657009.0,539047.0,568204.0,536294.0,600721.0,540319.0,496953.0,515222.0,445549.0,482088.0,479955.0,529671.0,453108.0,478766.0,436179.0,1,2,2,1,0,0,0,0,0,0,2,0,0,0,1,0,0,0,0,1,0,0,2,0,0,0,0,0,0,0,0,0,0,0,0,0,0,0,0,1,0,0,0,0,0,0,0,0,6.11,4,7,177
socket.io-redis,2022-06-26,https://github.com/socketio/socket.io-redis,0,0,0,0,0,0,0,0,0,0,0,0,0,0,0,0,0,0,0,0,0,0,0,0,0,0,0,0,0,0,0,0,0,0,0,0,0,0,0,0,0,0,0,0,0,0,0,0,547007.0,503137.0,504586.0,504637.0,508107.0,496142.0,436336.0,458916.0,465306.0,540911.0,460966.0,519282.0,495999.0,570086.0,499518.0,471936.0,504255.0,436867.0,473214.0,477664.0,508434.0,447854.0,529538.0,467939.0,16,13,11,19,11,10,14,12,12,9,9,7,4,3,4,12,11,10,6,10,17,9,7,9,2,1,1,2,6,0,4,0,2,1,4,1,1,3,2,1,2,3,1,4,3,1,0,0,8.29,30,25,336
@vue/ref-transform,2022-08-16,https://github.com/vuejs/vue-next,0,0,0,0,0,0,0,0,0,0,0,0,0,0,0,0,0,0,0,0,0,0,0,0,0,0,0,0,0,0,0,0,0,0,0,0,0,0,0,0,0,0,0,0,0,0,0,0,176281.0,1427070.0,1919611.0,2611280.0,2091420.0,1647535.0,1412944.0,1370265.0,896463.0,775754.0,769033.0,722819.0,688133.0,647648.0,611913.0,501054.0,493201.0,464024.0,590322.0,473064.0,445856.0,388857.0,326184.0,317394.0,703,458,547,450,464,622,768,879,733,718,711,692,560,566,536,513,476,729,765,757,728,596,613,741,123,107,96,100,122,109,157,190,142,123,123,128,123,101,141,107,102,169,134,159,122,119,125,95,0.98,30,20,4
ohmyfetch,2023-08-23,https://github.com/unjs/ohmyfetch,0,0,0,0,0,0,0,0,0,0,0,0,0,0,0,0,0,0,0,0,0,0,0,0,0,0,0,0,0,0,0,0,0,0,0,0,0,0,0,0,0,0,0,0,0,0,0,0,806170.0,914447.0,951970.0,1016715.0,942114.0,1000930.0,808029.0,857198.0,697878.0,720753.0,563327.0,415699.0,345816.0,335503.0,290003.0,260311.0,272802.0,289769.0,260388.0,254484.0,229727.0,204140.0,202023.0,186835.0,58,65,76,120,65,74,109,60,88,76,96,105,68,88,123,87,95,145,246,102,87,84,201,93,0,1,0,1,4,0,5,1,3,6,4,1,0,4,6,2,3,6,7,5,2,4,2,3,2.7,30,42,182
jscs,2023-07-12,https://github.com/jscs-dev/node-jscs,0,0,0,0,0,0,0,0,0,0,0,0,0,0,0,0,0,0,0,0,0,0,0,0,0,0,0,0,0,0,0,0,0,0,0,0,0,0,0,0,0,0,0,0,0,0,0,0,276045.0,285751.0,318511.0,383931.0,425188.0,237299.0,269221.0,248576.0,271389.0,238809.0,264495.0,327170.0,279386.0,305871.0,287197.0,277457.0,274532.0,329908.0,338278.0,260408.0,263120.0,283607.0,259717.0,299509.0,1,0,1,0,1,1,0,1,3,1,0,1,0,3,0,0,0,1,0,1,0,0,1,0,0,0,1,0,0,0,1,0,0,0,0,0,0,0,0,0,1,0,0,0,0,0,1,0,10.07,30,97,4921
document-register-element,2022-06-15,https://github.com/WebReflection/document-register-element,0,0,0,0,0,0,0,0,0,0,0,0,0,0,0,0,0,0,0,0,0,0,0,0,0,0,0,0,0,0,0,0,0,0,0,0,0,0,0,0,0,0,0,0,0,0,0,0,746451.0,640175.0,586745.0,559869.0,539392.0,550550.0,536724.0,515132.0,540342.0,699570.0,567682.0,596720.0,553992.0,661288.0,740947.0,629397.0,654414.0,489061.0,563388.0,581202.0,569952.0,440207.0,477097.0,474469.0,1,2,1,1,1,1,0,1,2,2,2,0,2,2,4,1,2,1,0,0,4,0,0,1,0,1,1,0,0,0,0,0,1,0,0,0,0,0,0,0,0,0,0,0,1,0,0,0,7.92,12,78,551
multiline,2023-06-16,https://github.com/sindresorhus/multiline,0,0,0,0,0,0,0,0,0,0,0,0,0,0,0,0,0,0,0,0,0,0,0,0,0,0,0,0,0,0,0,0,0,0,0,0,0,0,0,0,0,0,0,0,0,0,0,0,269716.0,276245.0,340071.0,304439.0,286529.0,311927.0,298502.0,307378.0,315995.0,368588.0,318538.0,312230.0,265030.0,284687.0,301800.0,291166.0,239307.0,194204.0,250389.0,262317.0,317204.0,320313.0,325155.0,313623.0,0,0,1,2,1,0,0,1,0,2,0,0,0,0,0,0,0,0,0,0,0,0,1,0,0,0,0,0,0,0,0,1,0,0,0,0,0,0,0,0,0,0,0,0,0,0,0,0,10.04,5,12,393
@slack/client,2023-03-28,https://github.com/slackapi/node-slack-sdk,7,15,9,6,6,6,9,9,2,1,8,6,7,3,3,11,8,2,10,5,6,2,4,1,8,13,4,1,1,0,6,4,9,9,5,14,2,11,7,5,4,6,9,20,6,5,11,7,508876.0,453708.0,451519.0,461169.0,439466.0,597432.0,541483.0,527106.0,519344.0,470015.0,487205.0,699937.0,588531.0,652262.0,687434.0,604161.0,612261.0,462657.0,380378.0,428647.0,427107.0,426573.0,283832.0,299996.0,19,12,15,12,6,13,11,9,10,11,12,14,7,9,6,11,10,12,11,9,11,11,10,10,2,4,3,7,2,4,2,1,2,3,2,1,4,0,1,4,2,1,3,2,0,4,1,3,7.08,30,58,366
@json-rpc-tools/provider,2022-11-30,https://github.com/pedrouid/json-rpc-tools,0,0,0,0,0,0,1,0,1,0,0,0,0,0,0,0,0,1,0,0,0,0,0,0,0,0,0,0,0,0,0,0,0,0,0,1,0,0,0,0,0,0,0,0,0,0,0,0,106156.0,145055.0,177397.0,198494.0,257236.0,283152.0,336346.0,408134.0,428357.0,572281.0,535545.0,571452.0,628940.0,671382.0,776756.0,1098241.0,969876.0,1025835.0,900920.0,631858.0,580462.0,454884.0,406705.0,336970.0,0,0,0,1,0,0,1,0,0,0,0,0,0,0,1,0,0,0,0,0,0,0,0,0,0,0,1,0,0,0,1,0,1,0,0,1,1,0,0,0,0,0,0,0,0,0,0,0,2.01,2,52,22
eip1193-provider,2023-06-15,https://github.com/pedrouid/eip1193-provider,1,0,0,1,0,0,0,0,0,0,0,0,0,2,0,1,0,0,0,0,0,0,0,0,0,0,0,0,0,0,0,0,0,0,0,0,0,0,0,0,0,0,0,0,0,0,0,0,406411.0,427141.0,570698.0,534186.0,570090.0,681784.0,627696.0,670450.0,775903.0,1094642.0,968942.0,1025186.0,631644.0,580041.0,453925.0,405231.0,335755.0,320655.0,341514.0,326627.0,327763.0,328431.0,299519.0,274337.0,1,0,0,0,0,2,0,0,0,1,1,0,0,0,0,0,0,0,0,0,1,0,0,0,0,0,0,0,0,0,1,0,0,0,0,0,0,0,0,0,0,0,0,0,0,0,0,0,2.99,1,4,85
mdn-browser-compat-data,2024-03-18,https://github.com/mdn/browser-compat-data,51,202,38,300,35,340,35,195,42,128,32,136,63,175,38,212,46,219,49,326,37,261,40,249,51,177,74,138,54,285,51,344,46,172,46,259,81,172,80,295,61,194,85,150,79,189,67,166,338370.0,311645.0,348940.0,306031.0,279298.0,264169.0,222624.0,242824.0,205466.0,175395.0,201711.0,202255.0,217302.0,215480.0,203198.0,184530.0,139328.0,158455.0,148741.0,222719.0,117287.0,137843.0,113535.0,128835.0,32,28,33,22,29,24,28,32,34,27,26,25,36,28,32,22,24,31,34,51,36,33,43,56,17,17,16,13,8,9,9,14,15,14,13,12,15,21,16,19,12,14,12,18,16,21,20,33,6.83,30,143,57
@ngneat/transloco-utils,2024-05-04,https://github.com/ngneat/transloco,0,0,0,0,0,0,0,0,0,0,0,0,0,0,0,0,0,0,0,0,0,0,0,0,0,0,0,0,0,0,0,0,0,0,0,0,0,0,0,0,0,0,0,0,0,0,0,0,432876.0,433224.0,426646.0,447919.0,454479.0,478820.0,450401.0,387940.0,515934.0,563857.0,558498.0,571231.0,493180.0,493509.0,424700.0,422320.0,430328.0,420518.0,334372.0,367814.0,339042.0,357777.0,315380.0,301366.0,15,26,19,34,19,9,14,19,15,14,27,16,26,14,15,14,13,20,11,13,15,14,22,8,4,2,3,7,4,3,5,4,4,4,2,0,2,3,4,1,0,2,1,3,0,1,1,1,4.56,30,17,10
b64,2024-01-06,https://github.com/hapijs/b64,0,1,0,0,0,0,0,0,0,0,1,0,0,0,0,1,0,0,0,0,0,1,0,0,0,0,0,0,0,0,0,0,0,0,0,0,0,0,0,0,0,0,0,0,0,0,0,0,332995.0,308645.0,328382.0,273333.0,306611.0,278494.0,257552.0,313611.0,333072.0,285267.0,208212.0,164097.0,194692.0,191002.0,202887.0,222335.0,199378.0,221048.0,213116.0,214619.0,218448.0,236118.0,155286.0,167967.0,0,0,0,0,0,0,0,0,0,0,0,0,1,1,0,0,0,0,0,0,1,0,0,0,0,0,0,0,0,0,0,0,0,0,0,0,0,0,0,0,1,0,0,0,0,0,0,0,12.42,13,13,16
URIjs,2022-06-13,https://github.com/medialize/URI.js,0,0,1,0,0,0,1,0,0,0,0,0,0,0,0,0,0,1,0,0,0,0,1,0,0,0,2,0,0,0,1,0,0,0,0,0,0,0,0,0,0,0,0,0,0,0,0,0,57666.0,54108.0,55308.0,47091.0,42277.0,40521.0,40261.0,42188.0,43611.0,56178.0,48678.0,51201.0,49460.0,58696.0,55773.0,58025.0,60895.0,57263.0,59875.0,56936.0,63766.0,56539.0,63689.0,65104.0,10,16,7,7,11,5,10,7,15,8,6,7,10,8,10,17,17,12,7,9,8,13,1,5,1,0,2,0,2,0,1,2,2,0,0,1,1,2,0,1,0,0,0,2,0,2,2,0,10.38,30,32,295
vscode-test,2023-03-08,https://github.com/Microsoft/vscode-test,4,0,6,2,3,3,2,1,2,1,4,0,3,2,2,2,2,3,2,5,3,1,4,3,3,4,0,2,4,2,1,2,1,3,3,0,2,5,3,2,2,4,3,0,2,2,2,0,170115.0,152525.0,138994.0,136115.0,132886.0,141327.0,119887.0,140252.0,122557.0,125731.0,115707.0,107196.0,89175.0,75560.0,78351.0,69392.0,64451.0,66528.0,64504.0,59451.0,50310.0,54920.0,53829.0,53564.0,7,6,5,3,7,0,4,11,0,4,7,4,4,8,4,2,4,3,2,4,0,4,5,3,0,0,2,0,1,0,1,1,3,0,2,1,1,1,0,0,0,0,2,1,0,0,0,1,3.98,30,39,195
intl-locales-supported,2022-06-19,https://github.com/formatjs/formatjs,23,48,13,36,16,29,9,39,9,37,11,12,9,33,16,39,9,39,10,39,15,45,19,41,8,37,11,29,8,61,12,24,9,10,4,21,9,15,17,11,6,19,10,36,6,15,12,12,513198.0,480716.0,474193.0,494941.0,500707.0,475697.0,410491.0,423689.0,376690.0,422077.0,383121.0,374365.0,322489.0,375209.0,398321.0,417533.0,441651.0,355293.0,406450.0,400969.0,478507.0,408842.0,462308.0,515402.0,56,51,47,59,44,50,65,51,55,53,78,65,57,52,54,44,41,45,48,48,69,54,45,49,10,5,9,7,11,7,8,2,16,9,12,7,12,6,14,9,10,6,5,5,10,5,2,12,7.06,30,42,138
statsd-client,2022-06-27,https://github.com/msiebuhr/node-statsd-client,0,0,0,1,0,0,0,0,0,0,0,0,0,0,0,0,0,0,0,0,0,0,0,0,0,0,0,0,0,0,0,0,0,0,0,0,0,0,0,0,0,0,0,0,0,0,0,0,532405.0,482366.0,480979.0,482161.0,516734.0,515591.0,459040.0,511236.0,565455.0,599417.0,545908.0,525322.0,463546.0,603584.0,550044.0,555639.0,589181.0,492637.0,495127.0,379899.0,495972.0,422018.0,296391.0,246537.0,0,0,0,1,0,1,0,0,0,0,0,1,0,0,0,0,0,0,0,0,0,0,0,0,0,0,0,0,0,0,0,0,0,0,0,0,0,1,0,0,0,0,0,0,0,0,0,0,10.09,30,34,95
cypress-grep,2022-10-28,https://github.com/bahmutov/cypress-grep,0,0,0,0,0,0,0,0,0,0,0,0,0,0,0,0,0,0,0,0,0,0,0,0,0,0,0,0,0,0,0,0,0,0,0,0,0,0,0,0,0,0,0,0,0,0,0,0,207437.0,275105.0,276282.0,393477.0,456664.0,548363.0,548042.0,695209.0,722838.0,713338.0,937886.0,980330.0,1128779.0,848297.0,964440.0,864583.0,846315.0,628211.0,807352.0,722018.0,614988.0,630438.0,620443.0,566845.0,11,4,5,5,9,4,8,7,12,6,6,5,1,2,0,1,0,1,0,0,0,0,0,0,1,5,1,0,1,0,0,0,1,1,2,1,1,0,0,0,0,0,0,0,0,0,0,0,1.5,11,55,12
statehood,2024-01-06,https://github.com/hapijs/statehood,0,1,0,0,0,0,0,2,0,0,0,0,0,0,0,0,0,0,0,0,0,1,0,0,0,1,0,0,0,0,0,0,0,0,0,0,0,0,0,0,0,0,0,0,0,0,0,0,315064.0,290492.0,307085.0,257447.0,286313.0,258693.0,232435.0,255848.0,252974.0,232394.0,195909.0,152014.0,179144.0,177783.0,189753.0,209199.0,181118.0,209448.0,199727.0,205614.0,204913.0,219505.0,142432.0,156667.0,0,0,0,0,0,0,0,0,0,0,0,0,0,0,0,0,0,0,0,0,0,0,0,0,0,0,0,0,0,0,0,0,0,0,0,0,1,0,0,0,0,0,0,0,0,0,0,0,9.37,15,31,11
hash-obj,2023-11-06,https://github.com/sindresorhus/hash-obj,0,0,0,0,0,0,0,0,0,0,0,0,0,0,0,0,0,0,0,0,0,0,0,0,0,0,0,0,0,0,0,0,0,0,0,0,0,0,0,0,0,0,0,0,0,0,0,0,27210.0,26223.0,60950.0,90284.0,126786.0,135820.0,205939.0,219882.0,220171.0,253311.0,247123.0,356815.0,328679.0,421185.0,449873.0,471360.0,501079.0,562359.0,477299.0,545719.0,508135.0,440854.0,393611.0,303182.0,2,4,1,0,0,0,0,4,0,1,1,0,3,1,1,0,2,0,0,2,0,1,0,0,0,0,0,0,0,0,0,0,0,0,0,0,0,0,0,0,0,0,1,0,0,0,0,0,8.32,4,5,25
iron,2024-01-04,https://github.com/hapijs/iron,0,1,0,0,0,0,0,0,0,0,0,0,1,0,0,0,0,0,0,0,0,1,0,0,0,0,0,0,0,0,0,0,0,0,0,0,0,0,0,0,0,0,0,0,0,0,0,0,322028.0,298715.0,315878.0,265595.0,294242.0,268925.0,246461.0,297689.0,321634.0,275616.0,198722.0,154152.0,182154.0,177130.0,188140.0,203407.0,175722.0,203028.0,197867.0,187256.0,188963.0,221784.0,142244.0,155859.0,2,1,4,2,0,3,0,0,4,0,1,0,2,1,0,0,0,0,0,0,0,0,0,0,0,0,0,1,0,0,0,0,0,0,0,0,0,0,0,0,0,1,0,0,0,0,0,0,10.97,23,36,52
angular-aria,2022-06-13,https://github.com/angular/angular.js,2,9,0,1,2,4,2,1,0,1,1,0,1,2,2,5,4,1,2,2,1,0,0,0,0,0,0,0,0,0,0,0,0,0,0,0,0,0,0,0,0,0,0,0,0,0,0,0,338845.0,352354.0,349741.0,357751.0,356300.0,351135.0,340809.0,317744.0,335304.0,404204.0,395161.0,465449.0,410693.0,431288.0,430133.0,441148.0,477344.0,493435.0,454247.0,432181.0,394427.0,298934.0,368549.0,423840.0,65,45,37,45,40,41,45,48,44,46,39,35,39,33,28,35,25,23,22,26,31,25,25,25,28,27,27,33,29,24,27,27,34,27,36,28,22,24,16,26,25,14,17,33,20,26,28,13,7.68,30,92,345
@ngneat/transloco,2024-05-04,https://github.com/ngneat/transloco,0,0,0,0,0,0,0,0,0,0,0,0,0,0,0,0,0,0,0,0,0,0,0,0,0,0,0,0,0,0,0,0,0,0,0,0,0,0,0,0,0,0,0,0,0,0,0,0,429568.0,420020.0,404688.0,424601.0,423840.0,442911.0,399844.0,346646.0,453893.0,497680.0,484945.0,491776.0,432692.0,432512.0,371438.0,365288.0,384163.0,349156.0,296217.0,331290.0,307425.0,324235.0,287123.0,273005.0,15,26,19,34,19,9,14,19,15,14,27,16,26,14,15,14,13,20,11,13,15,14,22,8,4,2,3,7,4,3,5,4,4,4,2,0,2,3,4,1,0,2,1,3,0,1,1,1,4.77,30,150,50
ammo,2024-01-01,https://github.com/hapijs/ammo,0,0,0,1,0,0,0,0,0,0,0,0,0,0,0,0,0,0,0,0,0,1,0,0,0,0,0,0,0,0,0,0,0,0,0,0,0,0,0,0,0,0,0,0,0,0,0,0,415125.0,383503.0,394376.0,311530.0,353864.0,311366.0,292981.0,361398.0,397011.0,338224.0,244059.0,188257.0,237125.0,223741.0,227812.0,252297.0,210930.0,229275.0,235095.0,243225.0,263202.0,266807.0,177206.0,184842.0,0,0,0,1,0,0,0,0,0,0,0,0,0,0,0,0,0,0,0,0,0,0,0,0,0,0,0,0,0,0,0,0,0,0,0,0,0,0,0,0,0,0,0,0,0,0,0,0,9.12,15,12,11
fluent-syntax,2022-06-18,https://github.com/projectfluent/fluent.js,1,1,1,9,1,0,1,4,0,0,1,1,1,1,1,0,1,1,0,2,3,4,0,0,1,2,0,0,2,0,1,0,0,0,0,0,1,4,0,3,3,2,1,1,2,0,0,0,114133.0,152704.0,157937.0,162660.0,140708.0,137975.0,118975.0,123023.0,130965.0,137941.0,168138.0,179618.0,134260.0,157777.0,117260.0,101649.0,85735.0,74339.0,96719.0,118245.0,138296.0,122583.0,117650.0,93353.0,4,5,2,19,7,8,7,7,12,2,8,9,17,10,6,4,6,2,13,6,6,15,6,14,1,2,0,1,0,1,0,0,1,1,1,1,1,1,0,0,0,1,1,0,1,1,0,0,5.33,30,20,9
@aws-cdk/aws-batch,2023-11-21,https://github.com/aws/aws-cdk,170,228,118,156,168,237,185,266,157,235,169,301,146,229,141,219,158,180,171,178,163,206,173,204,129,164,151,224,171,181,144,187,157,166,149,202,141,154,109,139,102,150,122,184,138,190,147,222,424798.0,369654.0,376008.0,382744.0,521746.0,357735.0,336016.0,358223.0,343224.0,264814.0,246979.0,267964.0,280409.0,294229.0,267800.0,283309.0,262654.0,263166.0,133137.0,124120.0,110900.0,123691.0,116919.0,117924.0,113,111,120,125,126,127,128,108,87,105,70,91,77,98,95,85,89,88,94,86,71,85,98,76,71,50,76,57,69,60,57,45,49,59,46,42,33,47,56,51,42,47,31,46,31,44,47,28,5.31,30,288,16
accept,2024-01-01,https://github.com/hapijs/accept,0,0,0,0,0,0,0,1,0,0,0,0,0,0,0,0,0,0,0,1,0,1,0,0,0,0,0,0,0,0,0,0,0,0,0,0,0,0,0,0,0,0,1,1,0,0,0,0,391113.0,364722.0,381133.0,306709.0,321924.0,293778.0,269221.0,294313.0,280749.0,262035.0,221295.0,173042.0,219950.0,218579.0,230604.0,268402.0,227821.0,265775.0,248909.0,251744.0,260630.0,259193.0,179813.0,184220.0,0,1,0,0,0,0,0,1,0,0,0,1,0,0,0,0,0,0,1,0,0,0,0,0,0,0,0,0,0,0,0,0,0,1,0,0,0,0,0,0,0,0,0,0,0,0,0,0,9.74,16,17,49
@aws-cdk/aws-apigatewayv2,2023-11-21,https://github.com/aws/aws-cdk,170,228,118,156,168,237,185,266,157,235,169,301,146,229,141,219,158,180,171,178,163,206,173,204,129,164,151,224,171,181,144,187,157,166,149,202,141,154,109,139,102,150,122,184,138,190,147,222,515713.0,450670.0,489361.0,477523.0,596585.0,428783.0,417720.0,426902.0,398422.0,290676.0,271973.0,301941.0,304625.0,321427.0,293567.0,287134.0,277877.0,276018.0,146484.0,142617.0,125462.0,137205.0,131996.0,124730.0,113,111,120,125,126,127,128,108,87,105,70,91,77,98,95,85,89,88,94,86,71,85,98,76,71,50,76,57,69,60,57,45,49,59,46,42,33,47,56,51,42,47,31,46,31,44,47,28,3.83,30,212,57
opn-cli,2023-04-05,https://github.com/sindresorhus/open-cli,0,0,0,0,0,0,0,0,0,0,0,0,1,0,0,0,0,0,0,0,0,0,0,0,0,0,0,0,0,0,0,0,0,0,0,0,0,0,0,0,0,0,0,0,0,0,0,0,207809.0,200345.0,247038.0,198450.0,226289.0,243584.0,246779.0,269147.0,217967.0,237455.0,229678.0,245145.0,213125.0,214659.0,208071.0,236438.0,213471.0,210862.0,177652.0,161252.0,187317.0,189219.0,177231.0,154739.0,1,4,5,1,2,0,8,5,2,2,5,3,1,1,2,1,0,0,0,2,3,0,3,2,0,1,1,1,0,0,0,0,0,0,0,0,0,0,0,0,0,0,0,0,0,0,0,0,7.77,6,8,1498
vscode-emmet-helper,2022-06-28,https://github.com/Microsoft/vscode-emmet-helper,1,0,0,0,0,0,0,0,0,0,0,0,0,0,0,0,0,1,0,0,0,0,0,0,0,0,1,0,0,0,0,3,0,1,0,3,0,0,0,0,0,0,0,4,1,3,0,7,231155.0,235333.0,241775.0,235363.0,228003.0,257294.0,229136.0,243863.0,251077.0,311948.0,351112.0,248441.0,223196.0,253714.0,255349.0,247709.0,260474.0,212655.0,233961.0,234570.0,247417.0,182289.0,191943.0,188150.0,0,0,0,0,1,0,0,0,0,0,0,0,0,1,1,0,2,0,0,2,0,1,0,1,0,0,0,0,0,0,0,0,0,0,0,0,0,0,0,0,0,0,0,0,0,0,1,1,5.02,21,152,27
tslint-config-standard,2022-06-27,https://github.com/blakeembrey/tslint-config-standard,0,0,0,0,0,0,0,0,0,0,0,0,0,0,0,0,0,0,0,0,0,0,0,0,0,0,0,0,0,0,0,0,0,0,0,0,0,0,0,0,0,0,0,0,0,0,0,0,303393.0,319683.0,281325.0,275001.0,267218.0,267407.0,252644.0,281075.0,248651.0,289649.0,279001.0,270676.0,287712.0,319385.0,268231.0,246065.0,232304.0,208837.0,220465.0,230516.0,231239.0,189528.0,211747.0,218267.0,0,1,0,0,0,0,0,0,0,1,0,0,0,0,0,0,1,0,0,0,0,0,0,0,0,0,0,0,0,0,0,0,0,0,0,0,0,0,0,0,0,0,0,0,0,0,1,1,6.12,15,25,6404
tooltip.js,2022-06-27,https://github.com/FezVrasta/popper.js,0,0,0,0,0,0,0,0,0,0,0,0,0,0,0,0,0,0,0,0,0,0,0,0,0,0,0,0,0,0,0,0,0,0,0,0,0,0,0,0,0,0,0,0,0,0,0,0,374510.0,363578.0,377076.0,397565.0,421495.0,420368.0,348594.0,364831.0,375423.0,414663.0,365479.0,391224.0,344291.0,398196.0,383452.0,389847.0,396625.0,333857.0,371234.0,391550.0,452601.0,316390.0,361011.0,388034.0,159,152,147,157,160,506,535,493,462,722,402,306,530,320,324,242,305,294,343,443,368,279,345,320,11,6,5,9,13,19,25,9,26,24,16,13,15,14,8,12,16,11,13,12,12,16,11,10,6.82,30,20,171
viz.js,2023-07-18,https://github.com/mdaines/viz.js,0,0,0,0,0,0,0,0,0,0,0,0,0,0,0,0,0,0,0,0,0,0,0,0,0,0,0,0,0,0,0,0,0,0,0,0,0,0,0,0,0,0,0,0,0,0,0,0,447020.0,518991.0,490333.0,468289.0,441248.0,367547.0,403047.0,414271.0,456902.0,372732.0,414773.0,409927.0,362553.0,326981.0,327161.0,283979.0,229929.0,266726.0,256075.0,260891.0,266785.0,270138.0,230629.0,254784.0,17,8,4,3,12,7,5,10,6,7,30,25,18,20,19,22,18,17,10,51,22,11,18,23,0,0,0,1,0,2,2,0,0,1,6,0,2,5,0,0,1,0,1,1,0,1,3,0,8.08,12,29,172
remotedev-serialize,2022-06-26,https://github.com/reduxjs/redux-devtools,3,13,1,3,6,96,2,48,4,42,5,20,6,15,23,36,10,14,6,18,5,17,3,28,7,3,3,13,3,6,1,32,3,13,8,18,7,18,3,15,5,16,7,12,2,12,3,9,321416.0,321087.0,334248.0,336281.0,326908.0,340364.0,332279.0,356786.0,273023.0,356542.0,363434.0,326303.0,217549.0,239032.0,221533.0,229329.0,232793.0,185851.0,202490.0,189974.0,208770.0,181219.0,201319.0,194620.0,52,37,53,37,50,44,36,156,97,91,124,101,86,60,68,83,72,54,68,72,68,51,47,55,3,2,6,3,1,3,4,10,14,15,13,13,12,9,13,12,10,6,15,10,11,12,13,11,5.46,30,11,15
@aws-cdk/aws-codedeploy,2023-11-21,https://github.com/aws/aws-cdk,170,228,118,156,168,237,185,266,157,235,169,301,146,229,141,219,158,180,171,178,163,206,173,204,129,164,151,224,171,181,144,187,157,166,149,202,141,154,109,139,102,150,122,184,138,190,147,222,417295.0,384267.0,403780.0,364857.0,428265.0,379081.0,374075.0,390543.0,364942.0,256541.0,222223.0,265452.0,266607.0,306081.0,294924.0,277635.0,270701.0,265893.0,138907.0,128651.0,119100.0,127849.0,117359.0,112768.0,113,111,120,125,126,127,128,108,87,105,70,91,77,98,95,85,89,88,94,86,71,85,98,76,71,50,76,57,69,60,57,45,49,59,46,42,33,47,56,51,42,47,31,46,31,44,47,28,5.31,30,288,28
@aws-cdk/aws-globalaccelerator,2023-11-21,https://github.com/aws/aws-cdk,170,228,118,156,168,237,185,266,157,235,169,301,146,229,141,219,158,180,171,178,163,206,173,204,129,164,151,224,171,181,144,187,157,166,149,202,141,154,109,139,102,150,122,184,138,190,147,222,1536751.0,1517997.0,1602803.0,1455286.0,1696507.0,1471043.0,1539788.0,1355962.0,1206748.0,504385.0,408797.0,415820.0,403763.0,400353.0,385924.0,357960.0,332761.0,354472.0,197174.0,182486.0,168076.0,173242.0,164146.0,146401.0,113,111,120,125,126,127,128,108,87,105,70,91,77,98,95,85,89,88,94,86,71,85,98,76,71,50,76,57,69,60,57,45,49,59,46,42,33,47,56,51,42,47,31,46,31,44,47,28,3.49,30,187,12
call,2024-01-02,https://github.com/hapijs/call,0,1,0,0,0,0,0,0,0,0,0,0,0,0,0,0,0,0,0,0,0,1,0,0,0,0,0,0,0,0,0,0,0,0,0,0,0,0,0,0,0,0,0,0,0,0,0,0,320862.0,296931.0,316834.0,265280.0,295633.0,270083.0,250222.0,299961.0,322746.0,276373.0,200579.0,156390.0,184460.0,183356.0,191756.0,208911.0,182516.0,211999.0,202310.0,207731.0,209687.0,228807.0,146304.0,161048.0,0,0,0,0,1,0,0,0,0,0,0,0,0,0,0,0,0,0,0,0,0,0,0,0,0,0,0,0,0,0,0,0,0,0,0,0,0,1,0,0,0,0,0,0,0,0,0,0,11.72,16,18,37
react-jsonschema-form,2023-02-28,https://github.com/mozilla-services/react-jsonschema-form,0,0,0,0,0,0,0,0,0,0,0,0,0,0,0,0,0,0,0,0,0,0,0,0,0,0,0,0,0,0,0,0,0,0,0,0,0,0,0,0,0,0,0,0,0,0,0,0,216648.0,313214.0,289110.0,220881.0,225349.0,214014.0,241347.0,228290.0,221306.0,213924.0,176078.0,199845.0,242352.0,210480.0,227583.0,223034.0,217725.0,234350.0,226417.0,244559.0,217446.0,224928.0,279227.0,280243.0,133,112,115,98,85,135,110,85,73,84,58,140,148,107,101,92,92,100,98,97,101,82,104,96,27,18,13,15,9,22,21,13,20,16,18,17,15,14,11,10,11,12,14,19,15,14,11,10,7.2,30,103,322
unimported,2024-03-10,https://github.com/smeijer/unimported,2,3,1,3,5,9,4,1,3,4,1,1,2,4,2,6,4,4,2,0,1,0,0,0,0,0,0,0,0,0,0,0,0,0,0,0,0,0,0,0,0,0,0,0,0,0,0,0,313390.0,270373.0,339649.0,340752.0,323078.0,338919.0,361146.0,406284.0,504465.0,341496.0,402464.0,604141.0,372264.0,361822.0,323614.0,344182.0,353183.0,304517.0,368451.0,295492.0,257196.0,314991.0,274735.0,242235.0,27,30,34,36,21,41,20,31,21,31,22,19,4,8,2,2,3,2,5,2,0,0,0,1,4,2,2,1,1,1,3,2,2,0,1,0,0,0,0,0,0,0,0,0,0,0,0,0,3.87,30,47,68
heavy,2024-01-04,https://github.com/hapijs/heavy,0,1,0,0,0,0,0,0,0,0,0,0,0,0,0,0,0,0,0,0,0,1,0,0,0,0,0,0,0,0,0,0,0,0,0,0,0,0,0,0,0,0,0,0,0,0,0,0,329880.0,302974.0,318007.0,271234.0,293077.0,265384.0,241179.0,266759.0,258717.0,241539.0,201834.0,155744.0,185373.0,185849.0,195696.0,216723.0,185409.0,214980.0,208196.0,214131.0,217962.0,233511.0,151975.0,165253.0,0,0,1,0,0,0,0,0,0,0,0,0,0,0,0,0,0,0,0,0,0,0,1,0,0,0,0,0,0,0,0,0,0,0,0,0,0,0,0,0,0,0,0,0,0,0,0,0,9.25,11,18,15
@aws-cdk/aws-codepipeline-actions,2023-11-21,https://github.com/aws/aws-cdk,170,228,118,156,168,237,185,266,157,235,169,301,146,229,141,219,158,180,171,178,163,206,173,204,129,164,151,224,171,181,144,187,157,166,149,202,141,154,109,139,102,150,122,184,138,190,147,222,361206.0,325733.0,339329.0,311719.0,371156.0,326358.0,319162.0,345609.0,329486.0,237335.0,209804.0,259133.0,260245.0,305544.0,292294.0,277687.0,270782.0,267972.0,147706.0,137411.0,127033.0,136078.0,114040.0,109462.0,113,111,120,125,126,127,128,108,87,105,70,91,77,98,95,85,89,88,94,86,71,85,98,76,71,50,76,57,69,60,57,45,49,59,46,42,33,47,56,51,42,47,31,46,31,44,47,28,4.65,30,257,102
catbox,2024-01-02,https://github.com/hapijs/catbox,0,1,0,0,0,0,0,0,0,0,0,0,0,0,0,0,0,0,0,0,0,1,0,0,1,0,0,0,0,0,0,0,0,0,0,0,0,0,0,0,0,0,0,0,0,0,0,0,321323.0,295708.0,310817.0,262106.0,287533.0,263842.0,235693.0,260082.0,255087.0,239056.0,200444.0,156556.0,182147.0,180584.0,205356.0,232561.0,197384.0,246236.0,250075.0,235870.0,203340.0,216113.0,138849.0,151975.0,0,0,0,0,0,0,0,0,2,1,1,1,2,0,0,0,0,0,0,0,0,1,2,0,0,0,0,0,0,0,0,0,1,0,0,0,1,0,1,0,0,0,0,0,0,0,0,0,11.06,30,74,91
vue-analytics,2022-06-28,https://github.com/MatteoGabriele/vue-analytics,0,0,0,0,0,0,0,0,0,0,0,0,0,0,0,0,0,0,0,0,0,0,0,0,0,0,0,0,0,0,0,0,0,0,0,0,0,0,0,0,0,0,0,0,0,0,0,0,402396.0,368303.0,371224.0,468058.0,453502.0,417648.0,360931.0,345694.0,348684.0,411524.0,339877.0,359647.0,372450.0,354224.0,345941.0,334823.0,349418.0,300356.0,321394.0,311367.0,326003.0,265794.0,281404.0,256799.0,9,4,5,6,5,2,3,2,6,3,2,5,5,3,2,0,4,3,1,5,1,5,5,0,2,1,1,1,1,0,1,1,1,1,0,0,2,0,0,0,0,0,0,1,0,1,0,0,5.65,30,101,127
jscs-preset-wikimedia,2022-06-19,https://github.com/wikimedia/jscs-preset-wikimedia,0,0,0,0,0,0,0,0,0,0,0,0,0,0,0,0,0,0,0,0,0,0,0,0,0,0,0,0,0,0,0,0,0,0,0,0,0,0,0,0,0,0,0,0,0,0,0,0,221440.0,224563.0,239626.0,228658.0,216734.0,222903.0,185398.0,211964.0,223129.0,242202.0,239688.0,231916.0,228324.0,233621.0,253121.0,293909.0,273907.0,187919.0,210512.0,198247.0,219967.0,196288.0,204839.0,266048.0,0,0,0,0,1,3,0,1,0,0,0,1,0,0,0,0,0,1,0,0,2,0,1,1,0,0,0,0,2,0,0,0,1,0,0,0,0,0,0,1,0,0,1,0,0,0,2,0,6.64,19,2,5
content,2024-01-06,https://github.com/hapijs/content,0,0,0,0,0,0,0,0,0,0,1,0,0,0,0,0,0,0,0,0,0,1,0,0,0,0,0,0,0,0,0,0,0,0,0,0,0,0,0,0,0,0,0,0,0,0,0,0,312541.0,287493.0,303577.0,255660.0,282219.0,255154.0,229128.0,256604.0,250271.0,228713.0,191112.0,149570.0,177677.0,175563.0,189047.0,210873.0,186434.0,209462.0,202891.0,203188.0,205928.0,221823.0,139079.0,153281.0,0,0,0,0,0,0,0,0,0,0,0,0,0,0,0,0,0,0,0,0,0,0,0,0,0,0,0,0,0,0,0,0,0,0,0,0,0,0,0,0,0,0,0,1,0,0,0,0,11.63,15,21,22
subtext,2024-01-06,https://github.com/hapijs/subtext,0,1,1,0,0,0,0,0,1,0,0,0,0,0,0,0,0,0,0,0,0,1,0,0,0,0,0,0,0,0,0,0,0,0,0,0,0,0,0,0,0,0,0,0,0,0,0,0,314550.0,288961.0,306396.0,256445.0,282931.0,255772.0,230758.0,252890.0,249836.0,229571.0,193392.0,150369.0,176769.0,176429.0,202868.0,233084.0,200657.0,249295.0,249103.0,237439.0,202345.0,217367.0,140270.0,154265.0,0,0,0,0,0,0,0,0,0,0,0,0,0,0,0,0,0,0,0,0,0,0,0,0,0,0,0,0,0,0,0,0,0,0,0,0,0,0,0,0,0,0,0,0,0,0,0,0,9.27,15,40,20
catbox-memory,2024-01-03,https://github.com/hapijs/catbox-memory,0,1,0,0,0,0,0,0,0,0,0,0,0,0,0,0,0,0,0,0,0,1,0,0,0,0,1,0,0,0,0,0,0,1,0,0,0,0,0,0,0,0,0,0,0,0,0,0,317967.0,292992.0,308002.0,260803.0,286116.0,261697.0,233539.0,256916.0,252035.0,234819.0,196776.0,151853.0,180047.0,178275.0,188118.0,202874.0,173488.0,203114.0,195865.0,200287.0,201103.0,214752.0,138290.0,151078.0,0,1,0,0,0,0,0,0,0,0,0,0,1,0,0,0,0,0,0,0,0,0,0,0,0,0,0,0,0,0,0,0,0,0,1,0,0,0,0,0,1,0,0,1,0,0,0,0,9.84,18,23,77
shot,2024-01-06,https://github.com/hapijs/shot,0,2,0,0,0,0,0,0,0,0,0,0,0,0,0,0,0,0,0,0,0,1,0,0,0,0,0,0,0,0,0,0,0,0,0,0,0,0,1,0,0,0,0,0,0,0,0,0,327001.0,296657.0,312113.0,270237.0,283266.0,255969.0,229377.0,253137.0,252339.0,231814.0,194877.0,151336.0,178760.0,176857.0,188385.0,202667.0,174920.0,201112.0,194436.0,185305.0,186377.0,213779.0,137645.0,150259.0,0,0,0,0,0,0,0,0,0,0,0,0,1,0,1,0,0,0,0,0,0,0,0,0,1,0,0,0,0,0,0,0,0,0,0,0,0,0,0,0,0,0,0,0,0,0,0,0,11.3,24,70,42
js-joda,2022-06-19,https://github.com/js-joda/js-joda,1,1,2,1,2,21,3,3,0,19,1,0,6,4,3,8,2,4,4,1,1,2,1,2,1,5,4,7,1,5,3,4,4,4,4,11,1,10,0,1,3,2,2,1,1,2,1,0,99829.0,86585.0,97970.0,109342.0,103653.0,112469.0,90719.0,98348.0,110775.0,126453.0,148472.0,156067.0,149423.0,185037.0,150214.0,151264.0,148554.0,119300.0,132302.0,147569.0,169493.0,132414.0,129593.0,121188.0,12,7,10,14,13,2,8,6,5,10,16,15,8,7,10,10,5,6,10,8,8,6,6,10,0,1,0,1,0,0,2,1,2,1,1,0,0,0,1,1,4,0,2,1,1,0,0,0,6.58,30,63,101
vise,2024-01-06,https://github.com/hapijs/vise,0,1,0,0,0,0,0,0,0,0,1,0,0,0,0,0,0,0,0,0,0,1,0,0,0,0,0,0,0,0,0,0,0,0,0,0,0,0,0,1,0,0,0,0,0,0,0,0,312800.0,290033.0,305761.0,258567.0,284640.0,257912.0,231363.0,259047.0,250413.0,230702.0,193652.0,153596.0,179379.0,177338.0,191584.0,212514.0,187749.0,210272.0,203646.0,202853.0,203209.0,219812.0,142269.0,152771.0,0,0,0,0,0,0,0,0,0,0,0,0,1,0,0,0,0,0,0,0,0,0,0,0,0,0,0,0,0,0,0,0,0,0,0,0,0,0,0,0,0,0,0,1,0,0,0,0,9.29,12,9,6
pez,2024-01-06,https://github.com/hapijs/pez,0,1,1,0,0,0,0,0,0,0,1,0,0,0,0,0,0,0,0,0,0,1,0,0,0,0,0,0,1,0,0,0,0,0,0,0,0,0,0,0,0,0,0,0,0,0,0,0,311501.0,286931.0,302735.0,255399.0,281706.0,254519.0,228394.0,256306.0,247391.0,228034.0,190640.0,149382.0,175926.0,174176.0,187913.0,209113.0,185040.0,207200.0,201158.0,201260.0,202161.0,219510.0,141604.0,152171.0,0,0,0,0,0,0,0,0,0,0,0,0,0,0,0,0,0,0,0,0,0,0,0,0,0,0,0,0,0,0,0,0,0,0,0,0,0,0,0,0,0,0,0,0,0,0,0,0,9.31,10,19,12
nigel,2024-01-06,https://github.com/hapijs/nigel,0,1,0,0,0,0,0,0,0,0,1,0,0,0,0,0,0,0,0,0,0,1,0,0,0,0,0,0,0,0,0,0,0,0,0,0,0,0,0,0,0,0,0,0,0,0,0,0,308490.0,285665.0,300700.0,254283.0,280229.0,253473.0,227391.0,255267.0,246746.0,227301.0,189584.0,148735.0,175746.0,173858.0,187650.0,208897.0,184782.0,207036.0,200848.0,201119.0,201952.0,219032.0,141580.0,152055.0,0,0,0,0,0,0,0,0,0,0,0,0,0,0,0,0,0,0,0,0,0,0,0,0,0,0,0,0,0,0,0,0,0,0,0,0,0,0,0,0,0,0,0,0,0,0,0,0,9.29,11,12,6
shiki-es,2024-01-10,https://github.com/unjs/shiki-es,0,0,0,0,0,0,0,0,0,0,0,0,0,0,0,0,0,0,0,0,0,0,0,0,0,0,0,0,0,0,0,0,0,0,0,0,0,0,0,0,0,0,0,0,0,0,0,0,129880.0,129644.0,151892.0,141562.0,170369.0,190025.0,190375.0,224962.0,237985.0,288038.0,305687.0,303968.0,292024.0,257525.0,243243.0,216589.0,225520.0,237144.0,207354.0,237502.0,262948.0,225608.0,196762.0,215600.0,6,0,3,1,4,3,7,1,2,2,1,3,0,0,0,0,0,0,0,0,0,0,0,0,1,0,0,0,1,1,0,0,0,0,0,0,0,0,0,0,0,0,0,0,0,0,0,0,1.93,5,6,53
react-uuid,2023-03-02,https://github.com/RickBr0wn/react-uuid,0,0,0,0,0,0,0,0,0,0,0,0,0,1,0,0,0,1,0,0,0,1,1,0,0,0,0,0,0,0,0,0,0,0,0,0,0,0,0,1,0,0,1,0,0,0,0,0,157625.0,132081.0,138096.0,145927.0,134702.0,159699.0,179099.0,184738.0,203714.0,189641.0,217325.0,235909.0,269056.0,266786.0,246628.0,241239.0,283914.0,274194.0,278304.0,240223.0,211994.0,253892.0,250543.0,268908.0,0,0,0,0,0,0,0,0,2,0,1,0,0,0,1,0,1,0,0,0,0,1,0,0,0,0,0,0,0,0,1,1,1,0,0,1,0,0,0,0,1,0,0,0,0,0,0,0,3.91,5,9,242
bourne,2024-01-01,https://github.com/hapijs/bourne,0,0,0,0,0,0,0,0,0,0,0,0,0,0,0,0,0,0,0,0,0,1,0,0,0,0,0,0,0,0,0,0,0,0,0,0,0,0,0,0,0,0,0,0,0,0,0,0,308259.0,288578.0,333163.0,279967.0,283830.0,279899.0,255461.0,262999.0,238575.0,245845.0,206517.0,174221.0,191905.0,186870.0,179380.0,182461.0,170808.0,183457.0,160672.0,173402.0,196162.0,206796.0,150079.0,166574.0,0,2,0,1,1,0,0,0,1,1,1,1,1,0,1,0,4,0,0,2,0,1,2,2,0,0,0,0,0,0,0,0,0,0,0,0,0,0,0,0,0,0,0,0,0,0,0,0,10.15,11,10,15
mimos,2024-01-06,https://github.com/hapijs/mimos,0,1,0,0,0,0,0,0,0,0,0,0,0,0,0,0,0,0,0,0,0,1,0,0,0,0,0,0,0,0,0,0,0,0,0,0,0,0,0,0,0,0,0,1,0,0,0,0,307405.0,283964.0,297621.0,251716.0,275930.0,250531.0,224047.0,247943.0,244454.0,226357.0,189467.0,145796.0,172656.0,171789.0,182451.0,198250.0,169081.0,197775.0,192301.0,195836.0,196349.0,210769.0,135533.0,147863.0,0,0,1,0,0,1,0,0,0,0,0,0,0,0,0,0,0,0,0,0,0,0,0,0,0,0,0,0,0,0,0,0,0,0,0,0,0,0,0,0,0,0,0,0,0,0,0,0,9.29,12,13,18
draft-js-plugins-editor,2022-06-15,https://github.com/draft-js-plugins/draft-js-plugins,6,54,7,55,6,43,6,52,3,60,2,38,4,51,7,57,9,50,11,44,5,58,4,49,2,33,6,32,2,34,5,31,4,27,2,28,1,27,4,17,5,25,3,30,2,29,0,28,282185.0,265978.0,283869.0,300148.0,288886.0,290578.0,250877.0,274686.0,259431.0,307988.0,279623.0,297366.0,309770.0,377284.0,351500.0,340133.0,372949.0,327767.0,357269.0,343614.0,423215.0,326900.0,388900.0,372627.0,11,21,24,25,16,19,12,10,14,14,15,11,9,5,12,7,7,7,2,8,9,8,11,4,8,4,4,3,5,8,5,5,6,8,9,9,7,11,8,7,5,10,5,6,4,3,3,7,6.23,30,37,226
loadash,2022-06-19,https://github.com/npm/deprecate-holder,0,0,0,0,0,0,0,0,0,0,0,0,0,0,0,0,0,0,0,0,0,0,0,0,0,0,0,0,0,0,0,2,0,0,0,0,0,0,0,0,0,0,0,0,0,0,0,0,117367.0,118886.0,137359.0,140666.0,140864.0,149779.0,172484.0,134938.0,148100.0,189988.0,177715.0,206786.0,205529.0,182196.0,166628.0,154957.0,161880.0,149152.0,149714.0,152355.0,174652.0,155476.0,185245.0,169084.0,1,0,0,0,0,0,1,1,0,2,0,0,0,0,0,1,0,0,0,0,0,0,0,0,1,0,0,0,0,0,0,0,0,0,0,0,0,1,0,1,0,0,0,0,0,0,0,0,5.74,1,2,329
dispensary,2022-06-15,https://github.com/mozilla/dispensary,0,4,0,1,0,1,0,1,2,17,1,4,0,0,0,0,0,0,0,0,0,0,0,0,0,0,0,0,0,0,0,0,0,0,0,0,0,0,0,0,0,0,0,0,0,0,0,0,97047.0,136350.0,141886.0,149202.0,129858.0,121923.0,93804.0,89768.0,95896.0,98369.0,125444.0,136668.0,84596.0,76921.0,66249.0,40589.0,28999.0,27341.0,33005.0,51843.0,72315.0,72476.0,74071.0,52420.0,1,2,0,0,1,0,0,0,0,0,0,0,0,0,0,0,0,0,0,0,0,0,0,0,0,0,0,0,0,0,0,0,0,0,0,0,0,0,0,0,0,0,0,0,0,0,0,0,6.42,17,86,4
@types/react-leaflet,2023-01-28,https://github.com/DefinitelyTyped/DefinitelyTyped,28,430,19,415,21,457,21,355,11,354,25,347,16,356,23,421,26,358,16,419,13,275,7,227,13,333,14,297,5,321,9,184,6,233,13,244,9,243,15,290,15,291,12,392,13,250,18,294,206466.0,230432.0,305751.0,276752.0,311231.0,312646.0,297791.0,352773.0,354154.0,320201.0,279693.0,213431.0,236103.0,281693.0,266059.0,295443.0,300503.0,300284.0,314307.0,301730.0,283955.0,261689.0,216399.0,259701.0,380,417,433,460,488,405,417,444,434,394,393,424,398,483,401,314,328,316,340,328,279,290,273,305,252,216,232,216,231,210,177,218,213,219,184,164,208,180,164,108,150,135,108,127,138,122,84,120,6.04,30,32,174
tsparticles-engine,2023-12-07,https://github.com/matteobruni/tsparticles,0,0,0,0,0,0,0,0,0,0,0,0,0,0,0,0,0,0,0,0,0,0,0,0,0,0,0,0,0,0,0,0,0,0,0,0,0,0,0,0,0,0,0,0,0,0,0,0,93017.0,3816765.0,50427877.0,27646157.0,5547292.0,190429.0,219402.0,224270.0,243560.0,7765678.0,264751.0,223385.0,217382.0,215630.0,199419.0,190095.0,189113.0,178979.0,190598.0,171537.0,179909.0,188734.0,176637.0,169724.0,175,167,196,213,115,107,124,131,90,98,95,99,110,86,475,152,157,111,105,98,106,83,95,99,31,22,12,24,8,16,15,19,15,6,6,11,14,9,18,17,15,11,11,9,13,7,12,11,2.74,30,47,133
@aws-cdk/aws-acmpca,2023-11-21,https://github.com/aws/aws-cdk,170,228,118,156,168,237,185,266,157,235,169,301,146,229,141,219,158,180,171,178,163,206,173,204,129,164,151,224,171,181,144,187,157,166,149,202,141,154,109,139,102,150,122,184,138,190,147,222,1792426.0,1815353.0,2006032.0,1781351.0,2055561.0,1841171.0,1957568.0,1733873.0,1562322.0,566501.0,487717.0,458395.0,295004.0,274019.0,272167.0,226943.0,200921.0,228840.0,184183.0,206662.0,178409.0,197256.0,156008.0,137841.0,113,111,120,125,126,127,128,108,87,105,70,91,77,98,95,85,89,88,94,86,71,85,98,76,71,50,76,57,69,60,57,45,49,59,46,42,33,47,56,51,42,47,31,46,31,44,47,28,3.79,30,211,14
react-three-fiber,2022-05-15,https://github.com/pmndrs/react-three-fiber,21,15,16,6,12,4,13,3,17,12,23,21,20,10,11,15,16,14,18,9,15,19,22,18,16,17,16,16,11,17,17,19,25,15,10,10,14,9,16,15,10,16,15,12,12,8,6,1,168825.0,173181.0,152261.0,156614.0,177385.0,199268.0,211767.0,218599.0,282184.0,292622.0,364625.0,311906.0,308409.0,223996.0,235907.0,219382.0,210551.0,234106.0,203524.0,236276.0,233437.0,280766.0,208379.0,231923.0,424,309,290,698,291,307,403,369,354,373,382,381,347,376,360,426,383,366,303,331,422,433,350,367,25,20,15,22,21,18,20,23,19,22,34,34,19,32,22,21,21,27,29,18,27,24,24,28,3.21,30,289,146
sendgrid,2022-06-26,https://github.com/sendgrid/sendgrid-nodejs,3,1,5,2,5,1,10,5,3,2,5,1,1,2,5,8,6,4,5,3,3,3,0,2,0,0,0,6,0,1,0,0,0,3,0,0,0,1,0,1,0,1,0,0,0,0,0,2,377907.0,372404.0,373861.0,398806.0,381900.0,367220.0,335480.0,367509.0,351361.0,400045.0,334607.0,339426.0,323330.0,358421.0,349611.0,321282.0,340013.0,282526.0,313502.0,327809.0,381198.0,307198.0,324318.0,329567.0,30,27,22,34,34,19,12,17,15,20,23,20,16,26,23,21,17,17,24,13,16,17,14,7,6,8,6,4,9,6,3,4,5,5,9,8,6,7,6,7,2,2,7,3,5,5,1,3,10.4,30,101,191
@extra-number/significant-digits,2023-05-11,https://github.com/nodef/extra-number,0,0,0,1,0,2,0,0,0,0,0,0,0,0,0,0,1,1,0,0,0,0,3,0,0,0,0,0,0,0,0,0,0,1,0,0,0,0,0,0,0,0,0,0,0,0,0,0,58187.0,57666.0,56587.0,63790.0,64848.0,58561.0,64434.0,59567.0,70079.0,73929.0,81486.0,65356.0,89729.0,86936.0,87212.0,86235.0,97353.0,92607.0,100478.0,120683.0,97199.0,101852.0,112200.0,110981.0,0,0,0,0,0,0,0,0,0,0,0,0,0,0,0,0,0,0,0,0,0,0,0,0,0,0,0,0,0,0,0,0,0,0,0,0,0,0,0,0,0,0,0,0,0,0,0,0,4.63,1,22,4
@ckeditor/ckeditor5-dev-webpack-plugin,2022-12-20,https://github.com/ckeditor/ckeditor5-dev,0,7,0,8,0,8,0,7,0,1,0,7,0,3,0,4,0,2,0,15,0,14,0,11,0,5,0,15,0,11,0,10,0,19,0,10,0,7,0,10,0,6,0,2,0,3,0,4,123708.0,155988.0,172120.0,197841.0,162555.0,158722.0,164181.0,152623.0,176922.0,170724.0,171580.0,180825.0,169716.0,168109.0,184939.0,142373.0,157200.0,161400.0,141678.0,142974.0,144005.0,157952.0,138901.0,109109.0,2,1,0,0,0,0,0,1,0,1,0,1,0,0,1,2,2,0,1,1,0,0,2,1,0,0,0,1,1,0,0,0,0,0,0,0,0,1,0,0,0,0,0,1,0,0,1,1,5.97,30,153,2228
@types/minio,2023-06-06,https://github.com/DefinitelyTyped/DefinitelyTyped,15,341,23,374,19,372,21,365,25,365,12,413,13,269,4,245,12,323,16,340,10,318,7,250,8,227,11,234,11,250,17,316,15,257,8,405,13,239,18,351,9,287,5,286,11,186,5,135,188259.0,173336.0,208885.0,225699.0,237145.0,236364.0,219556.0,250664.0,247154.0,297953.0,242841.0,313088.0,310681.0,284176.0,258993.0,239634.0,205588.0,165517.0,192569.0,191438.0,192082.0,194231.0,205928.0,178958.0,425,412,427,438,406,427,374,433,435,400,482,381,334,319,305,322,290,275,296,282,286,300,261,226,221,200,200,208,206,210,190,160,203,192,183,140,134,139,113,131,125,112,95,140,144,110,104,92,5.3,30,29,197
@types/prosemirror-history,2022-10-26,https://github.com/DefinitelyTyped/DefinitelyTyped,16,460,20,444,13,341,25,439,20,427,25,459,21,338,12,358,21,349,21,349,21,425,22,346,13,291,7,222,12,319,11,308,17,321,4,329,10,186,5,238,12,234,9,242,15,274,17,305,591529.0,667219.0,625114.0,736749.0,830148.0,1054412.0,985796.0,1243850.0,1128905.0,879792.0,789400.0,580523.0,549559.0,438643.0,457530.0,410667.0,419286.0,308542.0,306848.0,290695.0,294103.0,389693.0,242302.0,202575.0,414,406,396,387,397,444,440,502,411,424,428,441,392,375,468,414,487,396,328,321,330,324,344,273,259,221,214,235,217,237,229,209,219,188,206,213,197,146,199,211,178,174,107,149,127,122,124,136,5.63,30,9,164
react-instantsearch-hooks,2023-10-18,https://github.com/algolia/instantsearch.js,0,0,0,0,0,0,0,0,0,0,0,0,0,0,0,0,0,0,0,0,0,0,0,0,0,0,0,0,0,0,0,0,0,0,0,0,0,0,0,0,0,0,0,0,0,0,0,0,229580.0,249210.0,216479.0,287007.0,308620.0,434283.0,402122.0,458997.0,443213.0,454685.0,466754.0,392676.0,408118.0,358466.0,440886.0,453458.0,445472.0,455054.0,464622.0,402391.0,372119.0,242070.0,195651.0,201988.0,20,16,29,34,53,47,40,41,33,22,36,43,22,28,32,33,18,21,30,35,28,39,29,34,1,2,4,7,9,9,8,5,4,4,3,6,5,0,6,8,3,2,3,4,5,9,3,3,2.0,30,64,18
@bazel/typescript,2023-03-27,https://github.com/bazelbuild/rules_nodejs,0,0,0,0,0,0,0,0,0,0,0,0,0,0,0,0,0,0,0,0,0,0,0,0,0,0,0,0,0,0,0,0,0,0,0,0,0,0,0,0,0,0,0,0,0,0,0,0,888919.0,794393.0,564003.0,960790.0,948942.0,1102317.0,781019.0,737890.0,679751.0,585998.0,601947.0,596505.0,594282.0,573914.0,538010.0,407269.0,395149.0,318878.0,301011.0,244936.0,245429.0,277202.0,256192.0,263207.0,8,9,15,8,13,3,2,10,4,8,3,1,6,3,0,6,4,2,2,2,1,2,3,4,7,12,10,3,1,2,6,3,0,0,1,1,2,1,1,1,3,2,0,3,1,0,1,1,5.6,30,188,93
backbone-undo,2023-09-22,https://github.com/osartun/Backbone.Undo.js,0,0,0,0,0,0,0,0,0,0,0,0,0,0,0,0,0,0,0,0,0,0,0,0,0,0,0,0,0,0,0,0,0,0,0,0,0,0,0,0,0,0,0,0,0,0,0,0,149409.0,163214.0,177655.0,135536.0,148655.0,163391.0,238826.0,230828.0,261040.0,271988.0,250214.0,283776.0,241432.0,220274.0,194224.0,218657.0,234220.0,166114.0,193033.0,176831.0,165565.0,189760.0,153353.0,133408.0,0,0,0,0,0,1,0,1,0,0,0,0,0,1,0,0,0,0,0,0,0,0,0,0,0,0,0,0,0,0,0,0,0,0,0,0,0,0,0,0,0,0,0,0,0,0,0,0,9.23,10,3,37
@sindresorhus/chunkify,2023-12-27,https://github.com/sindresorhus/chunkify,0,0,0,0,0,0,0,0,0,0,0,0,0,0,0,0,0,0,0,0,0,0,0,0,0,0,0,0,0,0,0,0,0,0,0,0,0,0,0,0,0,0,0,0,0,0,0,0,28012.0,34146.0,33395.0,37337.0,32226.0,40406.0,39406.0,40645.0,44892.0,38698.0,41044.0,34207.0,37599.0,43170.0,46914.0,65075.0,49611.0,42880.0,57886.0,58912.0,54240.0,55835.0,48420.0,44346.0,0,2,0,1,0,1,1,0,0,0,0,0,0,1,1,1,0,0,3,0,0,1,0,0,0,0,0,0,0,0,0,0,0,0,0,0,0,0,0,0,0,0,0,0,0,0,0,0,2.91,2,4,5
ngx-perfect-scrollbar,2022-08-06,https://github.com/zefoy/ngx-perfect-scrollbar,0,1,1,1,2,0,1,0,1,0,2,0,1,0,0,0,0,1,2,0,0,3,2,1,1,0,2,0,0,0,0,2,0,0,0,2,0,1,0,0,0,0,0,0,0,0,0,0,354961.0,366938.0,354355.0,354232.0,337656.0,349163.0,359627.0,412719.0,377734.0,386422.0,413127.0,395749.0,452713.0,430985.0,454238.0,417716.0,425703.0,457015.0,536759.0,417932.0,491583.0,454561.0,441135.0,409682.0,1,5,0,2,3,4,1,1,1,1,1,2,0,0,0,2,2,2,0,0,1,1,0,0,0,2,3,0,1,0,1,1,0,0,1,1,0,1,0,0,0,0,0,0,0,2,1,1,5.36,15,86,452
qunitjs,2022-06-25,https://github.com/qunitjs/qunit,3,8,2,8,4,4,2,7,1,1,1,1,1,0,1,1,4,6,3,3,6,1,1,0,0,1,0,2,1,1,2,1,0,2,0,0,0,0,1,1,0,0,1,3,1,0,3,0,267389.0,248552.0,190093.0,183313.0,188371.0,182540.0,165246.0,185952.0,272948.0,368918.0,214579.0,198775.0,184983.0,205158.0,190339.0,236263.0,215257.0,181439.0,217652.0,207833.0,236962.0,158735.0,169616.0,169960.0,12,9,7,8,2,7,3,4,8,11,4,9,9,6,8,9,3,5,6,10,6,1,0,5,4,0,3,0,1,0,1,1,1,2,3,1,1,1,4,0,2,1,1,0,0,2,0,0,9.95,30,32,1552
@google/maps,2022-06-12,https://github.com/googlemaps/google-maps-services-js,2,12,0,4,1,9,4,25,6,23,2,11,0,19,3,18,5,16,3,15,1,8,1,19,0,12,2,6,2,9,0,11,5,13,2,14,1,14,3,13,6,11,2,13,1,12,5,6,265104.0,247784.0,242085.0,257121.0,243941.0,247006.0,210834.0,234212.0,246858.0,303137.0,255698.0,308720.0,306012.0,314965.0,285387.0,275081.0,256120.0,222172.0,254001.0,281527.0,314212.0,264229.0,301889.0,251091.0,22,30,13,10,15,15,13,24,12,16,16,13,9,7,10,16,11,8,10,13,10,20,10,17,3,5,5,4,2,2,3,2,2,3,1,1,2,1,3,7,4,2,3,4,3,1,3,1,5.82,30,24,151
react-axe,2022-06-25,https://github.com/dequelabs/react-axe,0,0,0,0,0,0,0,0,0,0,0,0,0,0,0,0,0,0,0,0,0,0,0,0,0,0,0,0,0,0,0,0,0,0,0,0,0,0,0,0,0,0,0,0,0,0,0,0,300950.0,237389.0,240646.0,254712.0,250434.0,256146.0,199055.0,201325.0,201546.0,235483.0,196230.0,193492.0,171795.0,182237.0,165555.0,161049.0,172724.0,126423.0,155071.0,135083.0,142674.0,111053.0,136141.0,132485.0,5,2,0,0,1,0,1,1,0,1,0,0,0,0,0,1,0,0,0,0,0,0,0,1,0,0,0,0,0,0,0,0,0,0,0,0,1,0,0,0,0,0,0,1,0,0,0,0,6.12,20,55,104
redux-devtools-core,2022-05-15,https://github.com/reduxjs/redux-devtools,2,1,6,30,1,1,1,73,5,61,4,33,6,32,2,12,26,34,10,25,5,6,6,24,3,16,6,3,3,11,3,7,2,19,2,20,7,13,5,25,7,14,3,15,5,16,5,7,209034.0,235958.0,245613.0,254416.0,253192.0,252076.0,272467.0,268725.0,289066.0,208608.0,264448.0,240743.0,210756.0,162851.0,180893.0,166017.0,171494.0,173709.0,139007.0,148109.0,137630.0,148185.0,129798.0,150806.0,42,56,33,49,46,37,51,38,107,133,90,117,96,82,76,58,77,76,65,57,73,74,60,45,7,4,1,6,5,0,3,2,8,15,12,12,12,11,8,9,15,10,8,12,15,8,10,15,3.38,30,5,7
ariakit,2023-06-20,https://github.com/ariakit/ariakit,22,94,17,90,10,95,8,72,2,84,8,59,5,77,2,17,2,2,5,1,14,124,18,108,9,53,11,76,11,99,11,86,7,112,15,136,12,102,6,108,4,101,3,89,17,68,5,60,45854.0,59295.0,53644.0,72971.0,86571.0,86593.0,71545.0,77141.0,73562.0,105004.0,125765.0,130935.0,229373.0,231044.0,165629.0,142287.0,122447.0,105625.0,101426.0,99235.0,96798.0,112767.0,144458.0,96085.0,72,77,104,92,73,63,60,48,41,74,119,97,106,77,84,87,73,89,59,48,85,51,27,42,10,2,3,5,3,5,1,4,1,1,5,0,3,3,3,3,4,0,3,2,2,2,1,1,2.87,30,46,29
phantomjs,2022-06-23,https://github.com/Medium/phantomjs,0,0,0,0,0,0,0,0,0,0,0,0,0,0,0,0,0,0,0,0,0,0,0,0,0,0,0,0,0,0,0,0,0,0,0,0,0,0,0,0,0,0,0,0,0,0,0,0,260220.0,246035.0,264765.0,293025.0,287849.0,278197.0,260635.0,280026.0,272018.0,293913.0,294618.0,281505.0,223200.0,256406.0,276199.0,310320.0,360545.0,222399.0,212968.0,192132.0,205003.0,174055.0,193679.0,183801.0,1,2,2,0,1,2,0,1,1,0,0,0,1,2,1,2,0,0,0,0,0,0,1,1,1,1,0,2,0,1,0,0,1,2,1,0,3,1,1,0,0,0,2,0,1,0,0,1,9.78,30,84,5062
@aws-cdk/aws-rds,2023-11-21,https://github.com/aws/aws-cdk,170,228,118,156,168,237,185,266,157,235,169,301,146,229,141,219,158,180,171,178,163,206,173,204,129,164,151,224,171,181,144,187,157,166,149,202,141,154,109,139,102,150,122,184,138,190,147,222,709915.0,663363.0,708097.0,685389.0,821174.0,643252.0,661582.0,587922.0,524797.0,339689.0,309459.0,312562.0,322997.0,319113.0,296392.0,296267.0,281762.0,304719.0,160371.0,143702.0,128378.0,129682.0,127888.0,124825.0,113,111,120,125,126,127,128,108,87,105,70,91,77,98,95,85,89,88,94,86,71,85,98,76,71,50,76,57,69,60,57,45,49,59,46,42,33,47,56,51,42,47,31,46,31,44,47,28,5.31,30,288,95
electron-rebuild,2022-11-01,https://github.com/electron/electron-rebuild,0,0,0,0,0,0,0,0,0,0,0,0,0,0,0,0,0,0,0,0,0,0,0,0,0,0,0,0,0,0,0,0,0,0,0,0,0,0,0,0,0,0,0,0,0,0,0,0,356584.0,333524.0,383420.0,393418.0,460820.0,467095.0,477247.0,454132.0,444944.0,523110.0,495094.0,636316.0,423959.0,443006.0,496461.0,465244.0,348995.0,338140.0,309663.0,280646.0,297453.0,257563.0,243125.0,205731.0,11,3,4,7,4,6,8,5,4,5,11,7,7,8,5,5,8,5,6,1,6,4,5,7,1,2,1,4,1,0,0,2,0,2,1,0,3,3,2,2,1,0,1,1,1,0,2,1,7.5,30,79,540
@aws-cdk/aws-s3-deployment,2023-11-21,https://github.com/aws/aws-cdk,170,228,118,156,168,237,185,266,157,235,169,301,146,229,141,219,158,180,171,178,163,206,173,204,129,164,151,224,171,181,144,187,157,166,149,202,141,154,109,139,102,150,122,184,138,190,147,222,258515.0,228969.0,237707.0,209292.0,219690.0,187133.0,202712.0,179156.0,146940.0,66915.0,72256.0,71916.0,40818.0,45543.0,45244.0,41832.0,36505.0,30420.0,27180.0,29056.0,29711.0,32019.0,27527.0,28002.0,113,111,120,125,126,127,128,108,87,105,70,91,77,98,95,85,89,88,94,86,71,85,98,76,71,50,76,57,69,60,57,45,49,59,46,42,33,47,56,51,42,47,31,46,31,44,47,28,5.09,30,280,116
angular-i18n,2022-06-13,https://github.com/angular/angular.js,2,9,0,1,2,4,2,1,0,1,1,0,1,2,2,5,4,1,2,2,1,0,0,0,0,0,0,0,0,0,0,0,0,0,0,0,0,0,0,0,0,0,0,0,0,0,0,0,740295.0,256054.0,172172.0,161982.0,160292.0,309151.0,138033.0,146340.0,155645.0,191930.0,168185.0,187109.0,326435.0,356027.0,370043.0,211585.0,200853.0,180077.0,208322.0,189384.0,223268.0,184802.0,232694.0,210002.0,65,45,37,45,40,41,45,48,44,46,39,35,39,33,28,35,25,23,22,26,31,25,25,25,28,27,27,33,29,24,27,27,34,27,36,28,22,24,16,26,25,14,17,33,20,26,28,13,7.68,30,99,81
@aws-cdk/aws-s3-notifications,2023-11-21,https://github.com/aws/aws-cdk,170,228,118,156,168,237,185,266,157,235,169,301,146,229,141,219,158,180,171,178,163,206,173,204,129,164,151,224,171,181,144,187,157,166,149,202,141,154,109,139,102,150,122,184,138,190,147,222,785004.0,803283.0,829699.0,732740.0,800064.0,755378.0,816151.0,727901.0,636067.0,230220.0,188286.0,197396.0,119171.0,97539.0,84628.0,52382.0,47277.0,60356.0,34957.0,39633.0,33913.0,36218.0,39294.0,48508.0,113,111,120,125,126,127,128,108,87,105,70,91,77,98,95,85,89,88,94,86,71,85,98,76,71,50,76,57,69,60,57,45,49,59,46,42,33,47,56,51,42,47,31,46,31,44,47,28,5.27,30,286,38
vimeo,2023-03-21,https://github.com/vimeo/vimeo.js,1,0,1,0,0,0,0,1,0,1,0,0,0,0,1,0,0,0,0,0,1,11,3,5,1,0,0,0,1,0,1,2,2,0,0,0,0,0,0,0,1,0,0,0,0,0,0,0,56143.0,51829.0,50829.0,58424.0,53729.0,61397.0,68291.0,71047.0,76532.0,58140.0,63499.0,66215.0,65257.0,69293.0,61340.0,60048.0,60546.0,57620.0,64273.0,72068.0,66544.0,182195.0,188897.0,278275.0,3,1,1,5,1,1,1,1,1,2,0,2,0,1,1,1,1,0,0,0,0,1,1,2,0,0,0,1,1,1,1,0,1,1,0,0,0,1,0,0,0,0,0,0,0,1,0,1,10.91,19,20,40
angular-material,2022-06-13,https://github.com/angular/material,7,0,3,1,2,0,1,1,3,1,4,0,1,1,1,3,3,2,0,2,1,1,0,0,0,0,0,0,0,0,0,0,0,0,0,0,0,0,0,0,0,0,0,0,0,0,0,0,196618.0,181670.0,187057.0,199137.0,208416.0,210256.0,179312.0,198779.0,195553.0,222459.0,188754.0,202178.0,179384.0,193539.0,191359.0,190044.0,192256.0,171793.0,181877.0,183173.0,214649.0,182762.0,188314.0,189147.0,17,17,18,17,17,11,13,17,11,12,14,12,4,2,7,3,11,7,4,4,1,4,4,1,3,7,3,6,8,5,7,6,7,3,4,3,2,1,2,0,2,2,3,3,3,0,4,1,7.36,30,68,349
@aws-cdk/aws-servicecatalog,2023-11-21,https://github.com/aws/aws-cdk,170,228,118,156,168,237,185,266,157,235,169,301,146,229,141,219,158,180,171,178,163,206,173,204,129,164,151,224,171,181,144,187,157,166,149,202,141,154,109,139,102,150,122,184,138,190,147,222,188379.0,175065.0,180672.0,168368.0,189947.0,174105.0,164203.0,196392.0,200379.0,145487.0,131099.0,156563.0,220563.0,256669.0,248271.0,246754.0,247140.0,245965.0,121702.0,109562.0,97981.0,110662.0,104450.0,94700.0,113,111,120,125,126,127,128,108,87,105,70,91,77,98,95,85,89,88,94,86,71,85,98,76,71,50,76,57,69,60,57,45,49,59,46,42,33,47,56,51,42,47,31,46,31,44,47,28,5.31,30,288,13
@aws-cdk/aws-lambda-event-sources,2023-11-21,https://github.com/aws/aws-cdk,170,228,118,156,168,237,185,266,157,235,169,301,146,229,141,219,158,180,171,178,163,206,173,204,129,164,151,224,171,181,144,187,157,166,149,202,141,154,109,139,102,150,122,184,138,190,147,222,730669.0,752195.0,773701.0,683169.0,744821.0,699561.0,752766.0,670450.0,597480.0,215966.0,172975.0,187293.0,111360.0,88080.0,76877.0,49250.0,44279.0,57900.0,33287.0,37074.0,31491.0,33354.0,36673.0,46208.0,113,111,120,125,126,127,128,108,87,105,70,91,77,98,95,85,89,88,94,86,71,85,98,76,71,50,76,57,69,60,57,45,49,59,46,42,33,47,56,51,42,47,31,46,31,44,47,28,5.05,30,277,102
ember-ajax,2022-11-16,https://github.com/ember-cli/ember-ajax,1,1,0,0,0,0,0,3,0,0,0,0,0,2,2,1,0,0,0,0,0,1,0,2,0,2,0,0,0,0,0,0,0,0,0,0,0,0,0,0,0,0,0,0,0,0,0,0,267562.0,210148.0,229536.0,223437.0,247494.0,233451.0,233704.0,222006.0,192725.0,243791.0,232428.0,227822.0,192151.0,225799.0,209160.0,232572.0,186812.0,202173.0,184363.0,217530.0,199299.0,189466.0,176278.0,188923.0,1,0,0,0,0,0,0,0,0,0,0,0,0,0,0,0,0,0,0,0,0,0,0,0,0,0,0,0,0,0,0,0,0,0,1,0,0,0,0,0,0,1,0,0,0,0,0,0,7.28,30,40,3782
podium,2024-01-06,https://github.com/hapijs/podium,1,1,0,0,0,0,0,0,0,0,0,0,0,0,0,0,0,0,0,0,0,1,0,0,0,0,0,0,0,0,0,0,0,0,0,0,0,0,0,0,0,0,0,0,0,0,0,1,255688.0,232075.0,256460.0,223289.0,230200.0,221610.0,195909.0,199607.0,187443.0,191844.0,161190.0,136676.0,141785.0,133167.0,130071.0,131770.0,121977.0,139896.0,113701.0,119568.0,149766.0,176242.0,110854.0,127776.0,1,0,0,0,0,0,0,0,2,0,0,0,1,0,0,0,0,0,0,0,0,0,0,0,0,0,0,0,0,0,0,0,0,0,0,0,0,0,0,0,0,0,0,0,0,0,0,0,7.39,19,24,7
@aws-cdk/lambda-layer-awscli,2023-11-21,https://github.com/aws/aws-cdk,170,228,118,156,168,237,185,266,157,235,169,301,146,229,141,219,158,180,171,178,163,206,173,204,129,164,151,224,171,181,144,187,157,166,149,202,141,154,109,139,102,150,122,184,138,190,147,222,464194.0,438005.0,455680.0,396651.0,423468.0,388236.0,412042.0,353914.0,289482.0,98854.0,92754.0,90254.0,54902.0,56875.0,59701.0,51145.0,46891.0,53993.0,32526.0,32157.0,30244.0,33800.0,33571.0,31794.0,113,111,120,125,126,127,128,108,87,105,70,91,77,98,95,85,89,88,94,86,71,85,98,76,71,50,76,57,69,60,57,45,49,59,46,42,33,47,56,51,42,47,31,46,31,44,47,28,2.89,30,143,13
@aws-cdk/aws-cloudwatch-actions,2023-11-21,https://github.com/aws/aws-cdk,170,228,118,156,168,237,185,266,157,235,169,301,146,229,141,219,158,180,171,178,163,206,173,204,129,164,151,224,171,181,144,187,157,166,149,202,141,154,109,139,102,150,122,184,138,190,147,222,372768.0,326461.0,358240.0,349147.0,462431.0,323395.0,341547.0,304830.0,262733.0,170039.0,153786.0,162006.0,81124.0,61287.0,46420.0,39789.0,33005.0,32046.0,24770.0,28496.0,26417.0,24706.0,20850.0,28579.0,113,111,120,125,126,127,128,108,87,105,70,91,77,98,95,85,89,88,94,86,71,85,98,76,71,50,76,57,69,60,57,45,49,59,46,42,33,47,56,51,42,47,31,46,31,44,47,28,4.46,30,251,43
angular-touch,2022-06-13,https://github.com/angular/angular.js,2,9,0,1,2,4,2,1,0,1,1,0,1,2,2,5,4,1,2,2,1,0,0,0,0,0,0,0,0,0,0,0,0,0,0,0,0,0,0,0,0,0,0,0,0,0,0,0,260014.0,243773.0,249784.0,267089.0,247733.0,235550.0,208768.0,224884.0,234384.0,312112.0,309910.0,378358.0,329390.0,352042.0,376318.0,379717.0,412156.0,427918.0,410685.0,368108.0,329610.0,221557.0,301110.0,314911.0,65,45,37,45,40,41,45,48,44,46,39,35,39,33,28,35,25,23,22,26,31,25,25,25,28,27,27,33,29,24,27,27,34,27,36,28,22,24,16,26,25,14,17,33,20,26,28,13,7.68,30,99,157
@tippy.js/react,2022-04-07,https://github.com/atomiks/tippy.js-react,0,0,0,0,0,0,0,0,0,0,0,0,0,0,0,0,0,0,0,0,0,0,0,0,0,0,0,0,0,0,0,0,0,0,0,0,0,0,0,0,0,0,0,0,0,0,0,0,242583.0,217800.0,230009.0,219674.0,222456.0,230154.0,226884.0,230957.0,196633.0,208811.0,218882.0,246798.0,294768.0,359643.0,293371.0,236007.0,246779.0,265132.0,301717.0,231561.0,204876.0,200122.0,230574.0,260212.0,23,40,31,31,37,41,31,30,32,28,24,27,15,21,21,16,20,18,19,16,23,12,21,9,0,0,1,0,3,1,1,0,1,1,3,1,1,1,2,1,0,2,0,0,1,2,2,0,3.6,14,21,166
mongodb-stitch-core-sdk,2022-06-30,https://github.com/mongodb/stitch-js-sdk,0,1,0,1,0,0,0,0,0,2,0,0,0,1,0,1,0,0,0,0,0,0,0,0,0,2,0,0,0,0,0,0,0,0,0,0,0,0,0,0,0,0,0,0,0,0,0,0,13546.0,10400.0,10113.0,14187.0,12180.0,13317.0,11607.0,11596.0,12471.0,23485.0,20749.0,8259.0,6076.0,6939.0,6450.0,5800.0,3907.0,3141.0,3716.0,2513.0,3373.0,3251.0,4123.0,2704.0,0,0,0,1,0,0,0,1,0,0,0,0,0,0,0,0,0,0,0,0,0,0,0,0,1,0,1,0,1,0,0,0,0,0,0,0,0,0,1,0,0,0,0,0,1,0,0,0,4.03,30,50,32
@volar/vue-code-gen,2023-07-17,https://github.com/johnsoncodehk/volar,0,0,0,0,0,0,0,0,0,0,0,0,0,0,0,0,0,0,0,0,0,0,0,0,0,0,0,0,0,0,0,0,0,0,0,0,0,0,0,0,0,0,0,0,0,0,0,0,728053.0,794546.0,624901.0,559563.0,523938.0,398269.0,404003.0,372766.0,366519.0,282467.0,297641.0,291868.0,267766.0,222733.0,231203.0,202995.0,176987.0,196418.0,175837.0,193497.0,184367.0,183435.0,162748.0,176393.0,142,134,141,222,116,90,83,117,50,105,109,72,125,50,57,47,55,43,46,198,105,89,60,100,16,6,7,20,7,11,13,9,8,11,11,6,5,3,5,7,5,6,5,23,13,6,14,6,1.69,30,79,7
gulp-angular-templatecache,2022-06-18,https://github.com/miickel/gulp-angular-templatecache,0,0,0,0,0,0,0,0,0,0,1,1,0,0,0,0,0,0,0,0,0,0,0,0,0,0,0,0,0,0,0,0,0,0,0,0,0,0,0,0,0,0,0,0,0,0,0,0,216091.0,218233.0,258940.0,225730.0,233475.0,222587.0,197580.0,207089.0,199476.0,236352.0,203815.0,220519.0,185965.0,242168.0,214170.0,187828.0,203441.0,176209.0,187695.0,189006.0,230971.0,184888.0,210168.0,202697.0,0,0,1,0,1,0,0,0,0,0,0,0,0,0,0,0,0,0,0,0,0,0,0,0,0,0,0,0,0,1,0,0,1,0,0,0,0,0,0,0,0,0,0,0,0,0,0,0,8.45,24,39,797
react-native-image-resizer,2022-08-25,https://github.com/bamlab/react-native-image-resizer,1,0,0,1,2,0,1,0,3,0,0,0,2,2,0,1,0,1,1,1,1,0,1,0,6,7,5,1,1,1,1,2,3,4,1,0,0,1,1,5,1,4,3,2,1,4,1,3,166097.0,173179.0,186502.0,188195.0,163214.0,178602.0,165117.0,189495.0,175423.0,187646.0,196063.0,175865.0,194868.0,189968.0,206264.0,173239.0,183617.0,188346.0,220167.0,184076.0,223569.0,225503.0,209627.0,211745.0,9,11,7,11,18,6,5,9,8,6,12,7,15,16,12,10,11,17,18,7,15,4,7,11,2,2,4,2,2,1,1,1,0,0,1,0,1,1,1,2,2,2,1,3,0,3,1,0,6.73,30,32,76
typescript-styled-plugin,2023-04-04,https://github.com/Microsoft/typescript-styled-plugin,0,0,1,0,0,0,3,0,3,0,0,0,0,1,0,0,2,3,0,0,1,0,0,0,0,0,0,0,0,0,0,0,0,0,0,0,0,0,0,0,0,0,0,0,0,0,0,0,315153.0,218895.0,244306.0,197941.0,227267.0,230912.0,224171.0,237066.0,194230.0,219383.0,234979.0,311266.0,183966.0,178247.0,169691.0,171078.0,155107.0,168657.0,176489.0,144167.0,176435.0,198999.0,187479.0,174863.0,7,6,6,9,7,5,5,9,4,4,5,1,3,1,1,3,2,1,0,2,1,1,1,1,0,0,0,2,0,1,1,0,1,0,0,0,0,0,0,0,0,1,0,0,0,0,0,0,5.51,13,39,255
gc-stats,2024-04-02,https://github.com/dainis/node-gcstats,0,3,0,0,0,0,0,1,0,0,0,0,0,0,0,0,0,0,0,0,0,0,0,1,0,0,0,0,0,0,0,0,0,0,0,0,0,0,0,0,0,0,0,0,0,0,0,0,594941.0,555839.0,530258.0,649073.0,543491.0,370869.0,361793.0,323844.0,265766.0,295106.0,289024.0,503908.0,270772.0,223025.0,259659.0,250203.0,231072.0,256736.0,224929.0,180485.0,197578.0,185394.0,200130.0,202246.0,0,1,0,1,0,1,1,0,0,0,0,0,0,0,0,0,0,0,0,0,0,0,0,0,0,0,1,0,0,0,1,0,0,0,0,0,0,0,0,0,0,0,0,0,0,0,0,0,10.61,15,17,71
ngx-dropzone,2023-08-26,https://github.com/peterfreeman/ngx-dropzone,1,0,2,0,1,2,3,3,1,2,1,3,0,1,0,0,1,0,0,0,0,0,0,0,0,0,0,0,0,0,0,0,0,0,0,0,0,0,0,0,0,0,0,0,0,0,0,0,179342.0,200673.0,192872.0,178272.0,153026.0,180591.0,177570.0,204718.0,176264.0,197241.0,191757.0,184647.0,181599.0,195642.0,178998.0,164121.0,195678.0,186678.0,179705.0,188337.0,181646.0,175242.0,198587.0,193295.0,2,1,1,0,1,1,0,5,3,0,2,0,0,0,0,1,0,0,1,0,0,0,1,0,0,0,2,1,1,1,1,1,0,0,1,0,0,1,0,1,1,1,0,0,0,0,1,0,4.64,12,29,65
react-instantsearch-hooks-web,2023-10-18,https://github.com/algolia/instantsearch.js,0,0,0,0,0,0,0,0,0,0,0,0,0,0,0,0,0,0,0,0,0,0,0,0,0,0,0,0,0,0,0,0,0,0,0,0,0,0,0,0,0,0,0,0,0,0,0,0,201609.0,218998.0,193981.0,262880.0,282560.0,379172.0,339906.0,393814.0,385047.0,397413.0,411386.0,341634.0,368753.0,327137.0,399222.0,408842.0,400467.0,413878.0,426644.0,365827.0,327300.0,199157.0,152589.0,166355.0,20,16,29,34,53,47,40,41,33,22,36,43,22,28,32,33,18,21,30,35,28,39,29,34,1,2,4,7,9,9,8,5,4,4,3,6,5,0,6,8,3,2,3,4,5,9,3,3,1.55,30,49,45
react-scrollspy,2022-06-26,https://github.com/makotot/react-scrollspy,0,4,1,3,0,0,0,0,0,0,0,0,0,0,0,0,0,0,0,0,0,0,0,0,0,0,0,0,0,0,0,0,0,0,0,0,0,0,0,0,0,0,0,0,0,0,0,0,173860.0,178292.0,180337.0,177628.0,175574.0,160356.0,136300.0,152302.0,142670.0,169672.0,147159.0,141216.0,204093.0,218434.0,236177.0,245565.0,229411.0,205342.0,156047.0,159723.0,248446.0,336452.0,265342.0,242551.0,7,7,1,0,2,0,1,1,1,1,1,5,0,1,0,0,0,1,2,0,0,0,0,0,2,0,0,0,0,0,0,1,0,0,0,0,1,1,1,0,0,0,0,1,0,0,0,0,6.86,17,53,61
ng-click-outside,2022-06-21,https://github.com/arkon/ng-click-outside,0,1,0,1,0,1,1,1,0,0,0,1,0,0,0,0,0,0,0,0,0,0,0,0,0,0,0,0,0,0,0,0,0,0,0,0,0,0,0,0,0,0,0,0,0,0,0,0,283582.0,266682.0,274154.0,290078.0,271178.0,273583.0,248169.0,251739.0,266233.0,286527.0,245309.0,255694.0,224807.0,250035.0,245470.0,280053.0,285101.0,247760.0,253808.0,239446.0,274902.0,228589.0,264998.0,250823.0,2,4,1,2,1,1,0,0,0,0,3,0,0,0,0,1,0,0,0,0,0,0,0,0,0,1,0,1,0,0,1,0,1,1,3,1,0,0,0,0,0,1,1,0,0,0,0,0,5.52,10,31,91
vision,2023-12-01,https://github.com/hapijs/vision,0,0,0,0,0,1,0,0,0,0,0,0,1,2,0,0,0,1,0,0,0,0,0,1,0,0,0,0,0,0,0,0,0,0,0,0,0,0,1,0,0,0,0,0,0,0,0,0,169933.0,189328.0,178181.0,184139.0,141730.0,171892.0,159404.0,159208.0,227067.0,286168.0,229728.0,126909.0,107820.0,107402.0,107567.0,114286.0,126418.0,108486.0,131801.0,154757.0,122813.0,101558.0,99150.0,74422.0,0,1,1,0,0,0,0,0,0,0,0,1,0,0,0,0,0,0,0,1,0,0,0,0,0,1,0,0,0,0,0,0,0,0,0,0,0,0,0,0,0,0,0,0,0,0,0,0,9.7,30,38,417
typings,2022-06-28,https://github.com/typings/typings,0,0,0,0,0,0,0,0,0,0,0,0,0,0,0,0,0,0,0,0,0,0,0,0,0,0,0,0,0,0,0,0,0,0,0,0,0,0,0,0,0,0,0,0,0,0,0,0,155516.0,147003.0,155191.0,163690.0,144059.0,147296.0,129086.0,165959.0,156194.0,171267.0,139149.0,137189.0,142410.0,160005.0,162699.0,187689.0,215036.0,193268.0,258170.0,185049.0,205486.0,177439.0,179261.0,201238.0,3,1,2,2,0,5,4,0,1,0,3,3,2,5,2,2,0,0,0,0,3,1,0,2,0,0,1,0,0,0,0,0,0,0,0,0,0,0,0,0,0,0,0,0,2,0,0,0,6.66,28,79,4746
bounce,2023-12-01,https://github.com/hapijs/bounce,0,0,0,0,0,1,0,0,0,0,0,0,0,0,0,0,0,0,0,0,0,0,0,1,0,0,0,0,0,0,0,0,0,0,0,0,0,0,0,0,0,0,0,0,0,2,0,0,229630.0,252186.0,228602.0,241933.0,197332.0,207868.0,201266.0,166396.0,178971.0,223542.0,199318.0,127357.0,118226.0,115138.0,101567.0,97644.0,94119.0,91669.0,104138.0,87355.0,103281.0,130005.0,136774.0,101413.0,0,0,0,0,0,0,0,0,0,0,0,0,1,0,0,0,0,0,0,0,0,0,0,0,0,0,0,0,0,0,0,0,0,0,0,0,0,0,0,0,0,0,0,0,0,0,0,0,6.08,11,12,57
@types/pollyjs__core,2022-10-26,https://github.com/DefinitelyTyped/DefinitelyTyped,16,460,20,444,13,341,25,439,20,427,25,459,21,338,12,358,21,349,21,349,21,425,22,346,13,291,7,222,12,319,11,308,17,321,4,329,10,186,5,238,12,234,9,242,15,274,17,305,115791.0,109026.0,146209.0,378185.0,414348.0,454631.0,540600.0,189246.0,181215.0,152693.0,151914.0,127886.0,138610.0,115718.0,134790.0,127640.0,156213.0,90210.0,115604.0,124000.0,118090.0,115737.0,126559.0,116778.0,414,406,396,387,397,444,440,502,411,424,428,441,392,375,468,414,487,396,328,321,330,324,344,273,259,221,214,235,217,237,229,209,219,188,206,213,197,146,199,211,178,174,107,149,127,122,124,136,3.93,30,14,42
webextension-polyfill-ts,2022-06-28,https://github.com/Lusito/webextension-polyfill-ts,4,0,0,0,0,0,1,0,2,1,1,0,1,0,0,0,0,2,1,6,0,0,0,0,0,0,2,0,2,0,1,0,0,0,2,1,0,2,0,1,1,0,1,0,0,0,1,1,48318.0,57225.0,64677.0,86022.0,77429.0,89312.0,94902.0,115321.0,143336.0,210472.0,196635.0,237597.0,229279.0,301685.0,249546.0,206682.0,311041.0,222495.0,238588.0,323969.0,332919.0,293863.0,286340.0,275391.0,7,13,4,2,0,2,9,6,3,5,4,3,1,5,4,4,8,2,5,6,2,2,0,3,0,0,0,0,1,0,0,0,1,2,0,1,0,0,1,0,0,0,0,0,0,0,0,1,4.44,11,27,66
js-select,2022-06-19,https://github.com/npm/deprecate-holder,0,0,0,0,0,0,0,0,0,0,0,0,0,0,0,0,0,0,0,0,0,0,0,0,0,0,0,0,0,0,0,2,0,0,0,0,0,0,0,0,0,0,0,0,0,0,0,0,58344.0,94731.0,102913.0,107259.0,82872.0,80846.0,75761.0,69606.0,78713.0,84406.0,117388.0,127624.0,77571.0,72406.0,70084.0,45602.0,32075.0,28177.0,31749.0,53231.0,72654.0,72737.0,79727.0,56356.0,1,0,0,0,0,0,1,1,0,2,0,0,0,0,0,1,0,0,0,0,0,0,0,0,1,0,0,0,0,0,0,0,0,0,0,0,0,1,0,1,0,0,0,0,0,0,0,0,10.91,1,7,8
sapper,2023-01-11,https://github.com/sveltejs/sapper,0,3,0,1,0,0,1,2,0,0,0,4,0,0,0,0,0,0,0,0,0,0,0,0,0,0,0,0,0,0,0,0,0,0,0,0,0,0,0,0,0,0,0,0,0,0,0,0,140451.0,144625.0,152399.0,139976.0,138227.0,139040.0,141437.0,143265.0,141638.0,151869.0,153122.0,152941.0,151072.0,170128.0,168696.0,172226.0,165889.0,174004.0,183035.0,169940.0,170619.0,152356.0,158973.0,159042.0,16,21,13,17,9,10,6,5,3,8,4,4,3,2,5,2,4,0,2,4,3,3,1,2,3,1,2,1,1,1,0,0,1,0,1,0,0,0,0,1,1,0,0,0,0,1,1,2,5.08,30,192,61
serverless-pseudo-parameters,2022-06-26,https://github.com/svdgraaf/serverless-pseudo-parameters,0,8,0,0,0,2,0,0,0,0,0,0,1,0,0,0,0,0,0,0,0,0,0,0,0,0,0,0,0,0,0,0,0,0,0,0,1,0,0,0,0,0,0,0,0,0,0,0,590094.0,605497.0,641996.0,580734.0,545000.0,561885.0,497530.0,508171.0,476697.0,527285.0,490511.0,494383.0,454221.0,540625.0,464771.0,470248.0,535943.0,430721.0,363699.0,332071.0,407673.0,321763.0,274571.0,259430.0,4,1,1,0,0,1,0,1,0,1,0,0,0,0,0,0,0,0,1,0,0,0,0,0,0,0,0,0,0,1,0,0,0,0,0,0,0,0,0,0,0,0,0,0,1,0,0,0,5.17,13,23,75
nuxt-i18n,2022-06-22,https://github.com/nuxt-community/i18n-module,0,0,0,0,0,0,0,0,0,0,0,0,0,0,0,0,0,0,0,0,0,0,0,0,0,0,0,0,0,0,0,0,0,0,0,0,0,0,0,0,0,0,0,0,0,0,0,0,375540.0,380747.0,379948.0,371503.0,342816.0,350146.0,298812.0,300031.0,292935.0,332650.0,293948.0,291436.0,255331.0,291722.0,277628.0,266923.0,265902.0,224631.0,242496.0,235712.0,250357.0,207331.0,216950.0,217839.0,8,9,11,8,8,9,12,9,11,7,14,16,9,17,16,28,25,22,16,24,20,24,32,34,2,5,2,5,5,5,3,4,6,6,6,5,1,2,1,5,5,6,2,2,8,8,9,8,4.61,30,167,68
mocha-allure-reporter,2024-03-22,https://github.com/allure-framework/mocha-allure-reporter,0,0,0,0,0,0,0,0,0,0,0,0,0,0,0,0,0,0,0,0,0,0,0,0,0,0,0,0,0,0,0,0,0,0,0,0,0,0,0,0,0,0,0,0,0,0,0,0,158605.0,138551.0,156014.0,138293.0,135190.0,145521.0,143402.0,152295.0,119754.0,116966.0,134794.0,138261.0,133398.0,134755.0,125829.0,131495.0,132277.0,120190.0,121057.0,114462.0,112960.0,120029.0,93137.0,106376.0,0,0,0,0,0,0,0,0,0,0,0,1,0,0,1,0,0,0,0,0,0,0,0,0,0,0,0,0,0,0,0,0,0,0,0,0,0,0,1,0,0,0,0,0,0,0,0,0,8.9,4,14,43
xterm-addon-webgl,2024-04-05,https://github.com/xtermjs/xterm.js,23,14,19,14,16,13,16,11,46,57,52,39,12,18,13,14,22,8,6,12,11,4,22,23,7,9,4,6,5,28,14,5,7,11,17,6,12,7,16,10,17,21,4,4,8,5,2,0,128975.0,231629.0,221808.0,257811.0,333709.0,332518.0,341462.0,260815.0,216537.0,281488.0,301901.0,206148.0,143609.0,140972.0,146881.0,140727.0,136436.0,130967.0,116392.0,104190.0,122567.0,118172.0,143187.0,135122.0,159,145,170,147,163,178,133,152,168,139,135,168,144,161,147,241,170,153,129,164,142,144,151,171,18,12,17,21,14,13,13,7,15,6,5,14,18,12,8,14,13,5,14,8,13,15,14,12,4.81,30,345,58
@types/pollyjs__adapter,2022-10-26,https://github.com/DefinitelyTyped/DefinitelyTyped,16,460,20,444,13,341,25,439,20,427,25,459,21,338,12,358,21,349,21,349,21,425,22,346,13,291,7,222,12,319,11,308,17,321,4,329,10,186,5,238,12,234,9,242,15,274,17,305,102142.0,99632.0,129165.0,361446.0,389931.0,428142.0,515866.0,169237.0,173104.0,143703.0,140464.0,117408.0,120100.0,97213.0,110140.0,95638.0,116078.0,66626.0,92678.0,100208.0,92613.0,90635.0,100693.0,87091.0,414,406,396,387,397,444,440,502,411,424,428,441,392,375,468,414,487,396,328,321,330,324,344,273,259,221,214,235,217,237,229,209,219,188,206,213,197,146,199,211,178,174,107,149,127,122,124,136,3.93,30,7,9
@types/storybook__addon-actions,2022-04-07,https://github.com/storybooks/storybook,0,0,0,0,0,0,0,0,0,0,0,0,0,0,0,0,0,0,0,0,0,0,0,0,0,0,0,0,0,0,0,0,0,0,0,0,0,0,0,0,0,0,0,0,0,0,0,0,280648.0,186542.0,153173.0,141586.0,140233.0,163556.0,142980.0,145282.0,114626.0,120742.0,126307.0,137350.0,93583.0,97601.0,102252.0,108916.0,106818.0,112263.0,106740.0,85964.0,92849.0,86740.0,96358.0,75848.0,997,1192,850,669,671,682,573,916,1164,702,672,612,739,737,1105,593,595,618,560,495,517,827,668,685,113,100,98,111,79,97,86,105,134,105,107,72,85,96,100,100,87,97,93,78,65,114,106,120,4.78,30,10,514
tsparticles-updater-opacity,2023-12-07,https://github.com/matteobruni/tsparticles,0,0,0,0,0,0,0,0,0,0,0,0,0,0,0,0,0,0,0,0,0,0,0,0,0,0,0,0,0,0,0,0,0,0,0,0,0,0,0,0,0,0,0,0,0,0,0,0,73332.0,166745.0,1828274.0,1181302.0,337814.0,164356.0,187855.0,191399.0,205356.0,535570.0,211101.0,181508.0,184629.0,187706.0,169559.0,161438.0,157153.0,142324.0,150037.0,137933.0,145944.0,150391.0,138895.0,129103.0,175,167,196,213,115,107,124,131,90,98,95,99,110,86,475,152,157,111,105,98,106,83,95,99,31,22,12,24,8,16,15,19,15,6,6,11,14,9,18,17,15,11,11,9,13,7,12,11,2.87,30,52,20
tsparticles-shape-circle,2023-12-07,https://github.com/matteobruni/tsparticles,0,0,0,0,0,0,0,0,0,0,0,0,0,0,0,0,0,0,0,0,0,0,0,0,0,0,0,0,0,0,0,0,0,0,0,0,0,0,0,0,0,0,0,0,0,0,0,0,73320.0,163232.0,1828346.0,1181319.0,337814.0,164281.0,187866.0,191379.0,205352.0,535483.0,211068.0,181509.0,184596.0,187684.0,169531.0,161382.0,157132.0,142322.0,150008.0,137908.0,145975.0,150361.0,138891.0,129101.0,175,167,196,213,115,107,124,131,90,98,95,99,110,86,475,152,157,111,105,98,106,83,95,99,31,22,12,24,8,16,15,19,15,6,6,11,14,9,18,17,15,11,11,9,13,7,12,11,2.87,30,53,20
tsparticles-move-base,2023-12-07,https://github.com/matteobruni/tsparticles,0,0,0,0,0,0,0,0,0,0,0,0,0,0,0,0,0,0,0,0,0,0,0,0,0,0,0,0,0,0,0,0,0,0,0,0,0,0,0,0,0,0,0,0,0,0,0,0,73282.0,163069.0,1828013.0,1180475.0,337366.0,163843.0,187182.0,191191.0,205209.0,535507.0,210996.0,181441.0,184592.0,187689.0,169612.0,161447.0,157135.0,142286.0,150062.0,137851.0,145997.0,150350.0,138887.0,128861.0,175,167,196,213,115,107,124,131,90,98,95,99,110,86,475,152,157,111,105,98,106,83,95,99,31,22,12,24,8,16,15,19,15,6,6,11,14,9,18,17,15,11,11,9,13,7,12,11,1.85,30,40,20
tsparticles-updater-color,2023-12-07,https://github.com/matteobruni/tsparticles,0,0,0,0,0,0,0,0,0,0,0,0,0,0,0,0,0,0,0,0,0,0,0,0,0,0,0,0,0,0,0,0,0,0,0,0,0,0,0,0,0,0,0,0,0,0,0,0,73330.0,166758.0,1828296.0,1181360.0,337865.0,164325.0,187882.0,191332.0,205361.0,535550.0,211107.0,181524.0,184702.0,187713.0,169903.0,161435.0,157145.0,142309.0,150019.0,137901.0,145989.0,150386.0,138885.0,128864.0,175,167,196,213,115,107,124,131,90,98,95,99,110,86,475,152,157,111,105,98,106,83,95,99,31,22,12,24,8,16,15,19,15,6,6,11,14,9,18,17,15,11,11,9,13,7,12,11,2.87,30,52,20
tsparticles-updater-out-modes,2023-12-07,https://github.com/matteobruni/tsparticles,0,0,0,0,0,0,0,0,0,0,0,0,0,0,0,0,0,0,0,0,0,0,0,0,0,0,0,0,0,0,0,0,0,0,0,0,0,0,0,0,0,0,0,0,0,0,0,0,72991.0,166357.0,1827736.0,1180394.0,337331.0,163494.0,187383.0,191192.0,205199.0,535526.0,211061.0,181491.0,184533.0,187698.0,169663.0,161433.0,157130.0,142301.0,150047.0,137932.0,145968.0,150397.0,138873.0,128931.0,175,167,196,213,115,107,124,131,90,98,95,99,110,86,475,152,157,111,105,98,106,83,95,99,31,22,12,24,8,16,15,19,15,6,6,11,14,9,18,17,15,11,11,9,13,7,12,11,2.87,30,52,19
tsparticles-updater-size,2023-12-07,https://github.com/matteobruni/tsparticles,0,0,0,0,0,0,0,0,0,0,0,0,0,0,0,0,0,0,0,0,0,0,0,0,0,0,0,0,0,0,0,0,0,0,0,0,0,0,0,0,0,0,0,0,0,0,0,0,73207.0,166380.0,1827818.0,1180369.0,337303.0,163458.0,187335.0,191173.0,205232.0,535516.0,211076.0,181466.0,184647.0,187696.0,169582.0,161432.0,157104.0,142252.0,149993.0,137894.0,145947.0,150379.0,138814.0,128917.0,175,167,196,213,115,107,124,131,90,98,95,99,110,86,475,152,157,111,105,98,106,83,95,99,31,22,12,24,8,16,15,19,15,6,6,11,14,9,18,17,15,11,11,9,13,7,12,11,2.87,30,52,20
ckeditor,2023-05-23,https://github.com/ckeditor/ckeditor-releases,0,0,0,0,0,0,0,0,0,0,0,0,0,0,0,0,0,0,0,0,0,0,0,0,0,0,0,0,0,0,0,0,0,0,0,0,0,0,0,0,0,0,0,0,0,0,0,0,191707.0,200625.0,226381.0,255350.0,243571.0,172429.0,182089.0,157524.0,167040.0,169315.0,214355.0,201926.0,203020.0,182875.0,176525.0,172187.0,180400.0,158808.0,132968.0,156942.0,161064.0,181191.0,159182.0,153322.0,2,1,1,1,2,1,1,0,0,0,0,0,0,0,0,1,0,1,0,1,1,0,0,1,0,0,1,1,0,1,0,0,0,0,1,2,0,1,0,1,0,1,0,0,2,0,0,1,7.32,12,26,106
picturefill,2022-09-06,https://github.com/scottjehl/picturefill,0,0,0,0,0,0,0,0,0,0,0,0,0,0,0,0,0,0,1,0,0,0,0,0,0,0,0,0,0,0,0,0,0,0,0,0,0,0,0,0,0,0,0,0,0,0,0,0,495730.0,460056.0,494767.0,458341.0,519490.0,495064.0,593945.0,528447.0,597763.0,556912.0,401855.0,427940.0,426426.0,432919.0,335294.0,349417.0,353522.0,398949.0,301342.0,342142.0,282657.0,257189.0,268672.0,254094.0,5,8,4,3,4,1,5,3,4,5,3,2,3,3,2,2,2,2,2,1,1,2,1,1,1,3,1,0,1,0,1,1,0,2,0,0,1,0,0,0,0,0,0,0,1,0,0,0,9.84,30,11,87
glamorous,2022-06-18,https://github.com/paypal/glamorous,0,0,0,0,0,0,0,0,0,0,0,0,0,0,0,0,0,0,0,0,0,0,0,0,0,0,0,0,0,0,0,0,0,0,0,0,0,0,0,0,0,0,0,0,0,0,0,0,212799.0,195594.0,198437.0,180886.0,171784.0,181462.0,133746.0,144131.0,149567.0,169438.0,142003.0,138614.0,119937.0,152383.0,171591.0,151387.0,187356.0,141513.0,176241.0,177040.0,195533.0,159693.0,187618.0,165945.0,2,2,1,2,2,2,1,4,1,0,0,1,2,2,1,2,2,0,1,1,0,1,1,0,0,0,0,0,0,0,0,0,0,0,0,0,1,0,0,0,0,1,0,1,0,0,0,0,5.21,30,96,228
xterm-addon-web-links,2024-04-05,https://github.com/xtermjs/xterm.js,23,14,19,14,16,13,16,11,46,57,52,39,12,18,13,14,22,8,6,12,11,4,22,23,7,9,4,6,5,28,14,5,7,11,17,6,12,7,16,10,17,21,4,4,8,5,2,0,182750.0,292888.0,276864.0,299028.0,342556.0,308730.0,294709.0,268672.0,239427.0,287637.0,297429.0,207677.0,152016.0,126452.0,122943.0,122109.0,115479.0,119707.0,106823.0,95911.0,106746.0,107003.0,132706.0,124577.0,159,145,170,147,163,178,133,152,168,139,135,168,144,161,147,241,170,153,129,164,142,144,151,171,18,12,17,21,14,13,13,7,15,6,5,14,18,12,8,14,13,5,14,8,13,15,14,12,5.25,30,144,126
react-bootstrap-slider,2023-03-30,https://github.com/brownieboy/react-bootstrap-slider,0,1,0,1,0,1,0,0,0,1,0,1,0,0,0,0,0,4,0,2,0,0,0,0,0,0,0,0,0,0,0,0,0,0,0,0,0,0,0,0,0,0,0,0,0,0,0,0,72232.0,62285.0,53936.0,58010.0,58031.0,63689.0,62813.0,59516.0,64653.0,58009.0,67727.0,67478.0,59460.0,66024.0,66700.0,63952.0,64360.0,54614.0,56309.0,61037.0,56939.0,78784.0,76166.0,82029.0,0,0,0,0,0,0,0,0,0,0,0,0,0,0,0,0,0,0,0,0,0,0,1,0,0,0,0,0,0,0,0,0,0,0,0,0,0,0,0,0,0,0,0,0,0,0,0,0,8.28,14,33,108
newman-reporter-junitfull,2022-05-10,https://github.com/martijnvandervlag/newman-reporter-junitfull,0,0,0,0,0,0,0,0,0,0,0,0,0,0,0,0,0,0,1,0,0,0,0,0,0,0,0,0,1,0,0,0,0,0,0,0,0,0,0,0,0,0,0,0,0,0,0,0,72139.0,96266.0,119602.0,87210.0,93721.0,87228.0,77660.0,79026.0,83907.0,78257.0,90637.0,87880.0,80498.0,76813.0,85879.0,79863.0,85234.0,88809.0,87993.0,91094.0,80090.0,83099.0,76348.0,86566.0,0,0,0,0,0,1,0,1,0,0,1,0,1,0,0,0,0,0,0,0,0,0,1,0,0,0,0,0,0,0,0,0,0,1,0,0,1,0,0,0,0,0,0,0,0,0,0,0,3.55,1,3,6
ethjs-format,2022-06-17,https://github.com/ethjs/ethjs-format,0,0,0,0,0,0,0,0,0,0,0,0,0,0,0,0,0,0,0,0,0,0,0,0,0,0,0,0,0,0,0,0,0,2,0,0,0,0,0,0,0,0,0,0,0,0,0,0,26944.0,25138.0,28866.0,30423.0,27764.0,33568.0,35711.0,47726.0,38135.0,37955.0,31142.0,37509.0,34372.0,41253.0,41020.0,43199.0,46143.0,39980.0,41530.0,38418.0,35233.0,29269.0,31599.0,36313.0,0,0,0,0,0,0,0,0,0,0,0,0,0,0,0,0,0,0,0,0,0,0,0,0,0,0,0,0,0,0,0,0,0,0,0,0,0,0,2,0,0,1,0,0,0,0,0,0,5.56,1,26,13
later,2022-06-19,https://github.com/bunkat/later,0,0,0,0,0,0,1,0,0,0,0,0,0,0,0,0,0,0,0,0,0,0,0,0,0,0,0,0,0,0,0,0,0,0,0,0,0,0,0,0,0,0,0,0,1,0,0,0,113205.0,109571.0,112225.0,123717.0,142616.0,134850.0,134490.0,168690.0,126927.0,147989.0,150876.0,165777.0,167150.0,225589.0,239039.0,227919.0,312909.0,352791.0,332020.0,270893.0,182433.0,150826.0,176890.0,188362.0,5,3,3,5,1,2,3,4,3,5,2,1,2,3,5,6,2,1,2,5,6,1,4,4,0,0,2,2,0,1,0,1,0,0,0,1,0,1,1,1,0,0,0,0,2,0,0,0,10.36,7,30,170
@types/mermaid,2022-11-23,https://github.com/DefinitelyTyped/DefinitelyTyped,17,431,14,342,28,430,20,428,22,463,20,355,15,362,19,322,20,356,22,430,23,352,22,430,7,232,7,309,15,308,17,340,4,316,10,197,6,226,12,242,8,244,14,262,18,310,12,226,53927.0,47153.0,56763.0,66083.0,88733.0,77445.0,88367.0,90546.0,101118.0,133922.0,128234.0,133425.0,94788.0,96020.0,98814.0,106843.0,93924.0,79880.0,81213.0,81457.0,84801.0,83796.0,78774.0,65030.0,388,391,403,393,427,447,521,407,411,429,443,409,378,451,429,484,399,307,348,336,310,357,271,277,211,212,243,216,236,225,215,212,193,209,218,213,151,193,210,185,168,113,140,140,121,119,134,124,4.41,30,15,122
@iconify/iconify,2024-02-04,https://github.com/iconify/iconify,8,3,2,0,8,2,5,0,7,0,3,0,6,6,5,1,2,0,2,0,8,1,6,1,8,1,5,1,8,3,6,0,1,1,11,3,2,1,6,0,6,1,3,0,5,1,2,2,124230.0,145033.0,134368.0,149585.0,156026.0,163951.0,189181.0,172216.0,188557.0,178985.0,165559.0,198820.0,185518.0,182497.0,193977.0,184911.0,195238.0,177450.0,170954.0,171760.0,164065.0,165660.0,163943.0,156985.0,174,137,111,87,109,115,108,90,84,80,103,112,109,109,153,95,109,107,91,121,116,116,108,97,7,1,2,5,0,0,2,1,1,2,5,5,3,2,5,2,5,7,3,2,0,1,4,5,5.29,30,48,211
tsparticles-shape-square,2023-12-07,https://github.com/matteobruni/tsparticles,0,0,0,0,0,0,0,0,0,0,0,0,0,0,0,0,0,0,0,0,0,0,0,0,0,0,0,0,0,0,0,0,0,0,0,0,0,0,0,0,0,0,0,0,0,0,0,0,69899.0,162323.0,1353002.0,827994.0,262020.0,148017.0,160480.0,164364.0,185523.0,357882.0,202173.0,174021.0,172390.0,175753.0,157155.0,149429.0,147461.0,132152.0,138011.0,127803.0,133650.0,138808.0,127142.0,115477.0,175,167,196,213,115,107,124,131,90,98,95,99,110,86,475,152,157,111,105,98,106,83,95,99,31,22,12,24,8,16,15,19,15,6,6,11,14,9,18,17,15,11,11,9,13,7,12,11,2.87,30,52,7
draft-js-mention-plugin,2022-06-15,https://github.com/draft-js-plugins/draft-js-plugins,6,54,7,55,6,43,6,52,3,60,2,38,4,51,7,57,9,50,11,44,5,58,4,49,2,33,6,32,2,34,5,31,4,27,2,28,1,27,4,17,5,25,3,30,2,29,0,28,134554.0,127278.0,130939.0,122439.0,116795.0,126626.0,112621.0,124614.0,109982.0,137407.0,134310.0,147062.0,157183.0,183162.0,209903.0,206612.0,220973.0,187016.0,214047.0,199403.0,247778.0,192179.0,231934.0,229188.0,11,21,24,25,16,19,12,10,14,14,15,11,9,5,12,7,7,7,2,8,9,8,11,4,8,4,4,3,5,8,5,5,6,8,9,9,7,11,8,7,5,10,5,6,4,3,3,7,6.23,30,44,59
@types/pollyjs__adapter-node-http,2022-10-26,https://github.com/DefinitelyTyped/DefinitelyTyped,16,460,20,444,13,341,25,439,20,427,25,459,21,338,12,358,21,349,21,349,21,425,22,346,13,291,7,222,12,319,11,308,17,321,4,329,10,186,5,238,12,234,9,242,15,274,17,305,41928.0,40520.0,44779.0,41018.0,52517.0,58621.0,53076.0,63867.0,73603.0,70007.0,68018.0,62845.0,60512.0,48391.0,53559.0,50693.0,62715.0,28179.0,34858.0,37915.0,38673.0,38296.0,48551.0,41254.0,414,406,396,387,397,444,440,502,411,424,428,441,392,375,468,414,487,396,328,321,330,324,344,273,259,221,214,235,217,237,229,209,219,188,206,213,197,146,199,211,178,174,107,149,127,122,124,136,3.81,30,4,47
react-awesome-query-builder,2023-03-29,https://github.com/ukrbublik/react-awesome-query-builder,7,6,7,3,11,3,1,3,7,8,20,16,13,1,9,8,9,6,10,16,8,2,9,3,8,7,7,0,8,3,7,12,14,1,5,5,6,3,4,4,4,1,3,1,3,1,2,1,101131.0,77638.0,89813.0,108914.0,105513.0,117306.0,118877.0,127103.0,151447.0,168112.0,227784.0,238936.0,156971.0,197152.0,172239.0,153065.0,161943.0,159889.0,163077.0,141002.0,119396.0,161683.0,149540.0,164836.0,24,21,17,28,27,27,15,17,26,60,43,38,35,22,23,36,25,19,19,20,18,21,15,15,11,8,4,9,10,7,2,5,8,7,7,3,4,4,5,3,3,9,4,3,3,5,3,0,5.66,30,152,24
tsparticles-updater-life,2023-12-07,https://github.com/matteobruni/tsparticles,0,0,0,0,0,0,0,0,0,0,0,0,0,0,0,0,0,0,0,0,0,0,0,0,0,0,0,0,0,0,0,0,0,0,0,0,0,0,0,0,0,0,0,0,0,0,0,0,70298.0,162493.0,1824108.0,1175507.0,329642.0,147570.0,160154.0,163992.0,185093.0,442975.0,201450.0,173153.0,172004.0,174926.0,156444.0,148623.0,146497.0,131304.0,137450.0,127737.0,133312.0,138190.0,126861.0,115789.0,175,167,196,213,115,107,124,131,90,98,95,99,110,86,475,152,157,111,105,98,106,83,95,99,31,22,12,24,8,16,15,19,15,6,6,11,14,9,18,17,15,11,11,9,13,7,12,11,2.87,30,52,11
swig,2022-06-27,https://github.com/paularmstrong/swig,0,0,0,0,0,0,0,0,0,0,0,0,0,0,0,0,0,0,0,0,0,0,0,0,0,0,0,0,0,0,0,0,0,0,0,0,0,0,0,0,0,0,0,0,0,0,0,0,170605.0,128565.0,138239.0,142905.0,131447.0,128637.0,105098.0,114589.0,105341.0,137135.0,142987.0,145095.0,140449.0,140970.0,135352.0,143457.0,144612.0,127103.0,142375.0,130075.0,164858.0,124503.0,141671.0,149268.0,1,2,1,0,0,1,3,1,0,1,1,1,1,0,1,1,1,1,0,0,1,1,0,1,1,1,0,0,1,2,2,1,1,0,0,0,2,0,0,0,0,0,0,0,0,0,0,0,10.82,30,54,1150
pino-multi-stream,2023-03-13,https://github.com/pinojs/pino-multi-stream,0,4,0,2,0,0,1,2,0,0,0,0,0,0,0,0,0,0,0,0,0,0,0,0,0,0,0,0,0,0,0,0,0,0,0,0,0,0,0,0,0,0,0,0,0,0,0,0,229044.0,201838.0,225330.0,234838.0,213314.0,246501.0,240143.0,282185.0,303818.0,230884.0,266153.0,264628.0,202645.0,229211.0,215610.0,190580.0,182474.0,176716.0,173239.0,268012.0,134980.0,172003.0,156987.0,147389.0,1,1,0,1,0,0,0,0,0,0,0,0,0,0,2,0,0,0,0,0,0,0,0,1,0,0,0,0,0,0,0,0,0,0,0,0,0,0,0,0,0,0,0,0,0,0,0,0,6.38,16,26,101
tsparticles-shape-image,2023-12-07,https://github.com/matteobruni/tsparticles,0,0,0,0,0,0,0,0,0,0,0,0,0,0,0,0,0,0,0,0,0,0,0,0,0,0,0,0,0,0,0,0,0,0,0,0,0,0,0,0,0,0,0,0,0,0,0,0,64130.0,150556.0,1343422.0,813305.0,250490.0,137597.0,149415.0,156480.0,177186.0,343640.0,183827.0,159344.0,157108.0,159712.0,143531.0,134836.0,135716.0,121391.0,127578.0,118899.0,121687.0,130829.0,120545.0,108892.0,175,167,196,213,115,107,124,131,90,98,95,99,110,86,475,152,157,111,105,98,106,83,95,99,31,22,12,24,8,16,15,19,15,6,6,11,14,9,18,17,15,11,11,9,13,7,12,11,2.87,30,53,6
tsparticles-shape-star,2023-12-07,https://github.com/matteobruni/tsparticles,0,0,0,0,0,0,0,0,0,0,0,0,0,0,0,0,0,0,0,0,0,0,0,0,0,0,0,0,0,0,0,0,0,0,0,0,0,0,0,0,0,0,0,0,0,0,0,0,63954.0,153949.0,1343399.0,813483.0,251108.0,138101.0,150043.0,156991.0,177923.0,343603.0,183658.0,159437.0,157644.0,160823.0,144516.0,135852.0,136843.0,122280.0,128327.0,119374.0,122023.0,130735.0,120411.0,108792.0,175,167,196,213,115,107,124,131,90,98,95,99,110,86,475,152,157,111,105,98,106,83,95,99,31,22,12,24,8,16,15,19,15,6,6,11,14,9,18,17,15,11,11,9,13,7,12,11,2.87,30,52,6
tsparticles-shape-polygon,2023-12-07,https://github.com/matteobruni/tsparticles,0,0,0,0,0,0,0,0,0,0,0,0,0,0,0,0,0,0,0,0,0,0,0,0,0,0,0,0,0,0,0,0,0,0,0,0,0,0,0,0,0,0,0,0,0,0,0,0,63986.0,153933.0,1343441.0,813570.0,251000.0,137990.0,150003.0,156926.0,177850.0,343550.0,183534.0,159375.0,157583.0,160737.0,144347.0,135780.0,136806.0,122255.0,128296.0,119321.0,121965.0,130614.0,120379.0,108788.0,175,167,196,213,115,107,124,131,90,98,95,99,110,86,475,152,157,111,105,98,106,83,95,99,31,22,12,24,8,16,15,19,15,6,6,11,14,9,18,17,15,11,11,9,13,7,12,11,2.87,30,52,6
@types/wanakana,2024-02-24,https://github.com/DefinitelyTyped/DefinitelyTyped,14,354,13,287,6,299,9,199,5,225,13,258,12,228,14,308,17,275,8,406,13,231,18,325,7,296,9,187,6,144,5,179,4,175,9,183,4,281,8,238,5,211,7,179,8,214,8,250,18300.0,16964.0,11712.0,11575.0,13249.0,10716.0,13588.0,19106.0,20666.0,12187.0,12219.0,12230.0,13534.0,12533.0,15051.0,14721.0,14558.0,11701.0,10725.0,13378.0,11727.0,10040.0,9297.0,10900.0,401,480,387,314,335,316,332,338,281,281,275,306,303,268,240,254,264,228,225,235,282,200,172,230,208,179,156,117,147,132,109,136,130,119,86,129,118,108,95,100,128,88,103,105,110,84,93,96,4.34,30,8,8
tsparticles-shape-text,2023-12-07,https://github.com/matteobruni/tsparticles,0,0,0,0,0,0,0,0,0,0,0,0,0,0,0,0,0,0,0,0,0,0,0,0,0,0,0,0,0,0,0,0,0,0,0,0,0,0,0,0,0,0,0,0,0,0,0,0,64011.0,153978.0,1343451.0,813197.0,250470.0,137541.0,149366.0,156399.0,177064.0,343142.0,182691.0,158305.0,156760.0,159628.0,143351.0,134680.0,135473.0,121132.0,127442.0,118812.0,121247.0,129564.0,119693.0,108272.0,175,167,196,213,115,107,124,131,90,98,95,99,110,86,475,152,157,111,105,98,106,83,95,99,31,22,12,24,8,16,15,19,15,6,6,11,14,9,18,17,15,11,11,9,13,7,12,11,2.87,30,52,6
vite-plugin-rewrite-all,2023-11-21,https://github.com/ivesia/vite-plugin-rewrite-all,0,0,0,0,0,0,0,0,0,0,0,0,0,0,0,1,0,0,0,0,1,0,1,0,1,0,0,0,0,0,1,0,0,0,0,0,0,0,0,0,0,0,0,0,0,0,0,0,90000.0,78541.0,101847.0,97001.0,108340.0,100419.0,140708.0,138426.0,134348.0,143922.0,146494.0,169796.0,126067.0,146435.0,126424.0,123946.0,117261.0,118587.0,110023.0,106407.0,94101.0,93408.0,99072.0,96520.0,2,1,5,7,0,1,0,2,4,1,2,1,1,1,0,0,0,0,1,0,0,0,0,0,0,0,0,0,0,0,0,1,0,0,0,0,0,2,0,1,0,0,1,0,0,0,0,0,2.74,2,6,22
tsparticles-interaction-particles-links,2023-12-07,https://github.com/matteobruni/tsparticles,0,0,0,0,0,0,0,0,0,0,0,0,0,0,0,0,0,0,0,0,0,0,0,0,0,0,0,0,0,0,0,0,0,0,0,0,0,0,0,0,0,0,0,0,0,0,0,0,64642.0,151198.0,876618.0,466815.0,182132.0,135985.0,146433.0,151689.0,169438.0,252310.0,174968.0,148291.0,148130.0,150626.0,134212.0,125778.0,127068.0,113692.0,117777.0,108677.0,111358.0,121663.0,113011.0,103546.0,175,167,196,213,115,107,124,131,90,98,95,99,110,86,475,152,157,111,105,98,106,83,95,99,31,22,12,24,8,16,15,19,15,6,6,11,14,9,18,17,15,11,11,9,13,7,12,11,2.87,30,53,8
material-ui-pickers,2022-05-08,https://github.com/dmtrKovalenko/material-ui-pickers,0,0,0,0,0,0,0,0,0,0,0,0,0,0,0,0,0,0,0,0,0,0,0,0,0,0,0,0,0,0,0,0,0,0,0,0,0,0,0,0,0,0,0,0,0,0,0,0,255915.0,258340.0,250030.0,236920.0,239289.0,224202.0,218241.0,196458.0,201985.0,208623.0,228618.0,207843.0,213386.0,185141.0,194598.0,178218.0,174260.0,185602.0,156957.0,167210.0,172244.0,186344.0,153310.0,164410.0,16,23,18,11,12,7,6,6,4,7,3,9,1,3,2,4,4,1,3,2,6,5,4,3,6,5,10,7,6,12,8,5,3,2,2,13,1,5,6,4,8,7,6,3,1,1,2,1,4.54,30,66,252
@aspnet/signalr,2022-06-12,https://github.com/aspnet/SignalR,0,0,0,0,0,0,0,0,0,0,0,0,0,0,0,0,0,0,0,0,0,0,0,0,0,0,0,0,0,0,0,0,0,0,0,0,0,0,0,0,0,0,0,0,0,0,0,0,370303.0,340709.0,345262.0,347044.0,323925.0,304710.0,262921.0,275846.0,277291.0,301324.0,271363.0,313117.0,241844.0,262694.0,250190.0,243868.0,256609.0,220956.0,237642.0,253513.0,293174.0,232575.0,258340.0,254634.0,1,0,2,1,5,5,4,5,2,6,2,3,0,3,0,1,1,3,2,0,3,1,3,0,3,2,1,1,1,2,0,1,0,1,0,0,0,0,0,0,2,0,0,0,0,1,1,0,4.29,30,23,425
@pixi/particles,2022-12-21,https://github.com/pixijs/pixi.js,0,0,0,0,0,0,0,0,0,0,0,0,0,0,0,0,0,0,0,0,0,0,0,0,0,0,0,0,0,0,0,0,0,0,0,0,0,0,0,0,0,0,0,0,0,0,0,0,108868.0,113291.0,119587.0,141234.0,100259.0,105842.0,86370.0,79559.0,86959.0,78693.0,88832.0,88256.0,84593.0,113247.0,97746.0,89935.0,100073.0,114102.0,87789.0,99015.0,91918.0,104367.0,96875.0,85259.0,275,287,300,302,314,250,295,269,261,299,312,301,325,397,355,364,310,258,277,251,265,228,239,237,36,25,28,28,18,12,32,25,19,23,20,27,19,25,22,20,13,24,11,17,7,26,13,25,4.76,30,51,10
tsparticles-slim,2023-12-07,https://github.com/matteobruni/tsparticles,0,0,0,0,0,0,0,0,0,0,0,0,0,0,0,0,0,0,0,0,0,0,0,0,0,0,0,0,0,0,0,0,0,0,0,0,0,0,0,0,0,0,0,0,0,0,0,0,64536.0,1198998.0,873890.0,464748.0,180907.0,134533.0,145108.0,151190.0,168866.0,250986.0,173568.0,147328.0,144954.0,148465.0,131420.0,123737.0,125164.0,112305.0,115958.0,106887.0,110101.0,120879.0,112315.0,102742.0,175,167,196,213,115,107,124,131,90,98,95,99,110,86,475,152,157,111,105,98,106,83,95,99,31,22,12,24,8,16,15,19,15,6,6,11,14,9,18,17,15,11,11,9,13,7,12,11,2.87,30,53,17
tsparticles-shape-line,2023-12-07,https://github.com/matteobruni/tsparticles,0,0,0,0,0,0,0,0,0,0,0,0,0,0,0,0,0,0,0,0,0,0,0,0,0,0,0,0,0,0,0,0,0,0,0,0,0,0,0,0,0,0,0,0,0,0,0,0,64195.0,150586.0,1345571.0,812112.0,248740.0,134193.0,144768.0,150775.0,168471.0,335977.0,173088.0,146614.0,144648.0,148192.0,131053.0,123355.0,125065.0,112048.0,115774.0,106874.0,110095.0,121038.0,112360.0,102857.0,175,167,196,213,115,107,124,131,90,98,95,99,110,86,475,152,157,111,105,98,106,83,95,99,31,22,12,24,8,16,15,19,15,6,6,11,14,9,18,17,15,11,11,9,13,7,12,11,2.87,30,53,7
tsparticles-updater-stroke-color,2023-12-07,https://github.com/matteobruni/tsparticles,0,0,0,0,0,0,0,0,0,0,0,0,0,0,0,0,0,0,0,0,0,0,0,0,0,0,0,0,0,0,0,0,0,0,0,0,0,0,0,0,0,0,0,0,0,0,0,0,64188.0,154165.0,1345547.0,812053.0,248788.0,134240.0,144823.0,150790.0,168490.0,336075.0,173172.0,146578.0,144672.0,148211.0,131068.0,123401.0,125061.0,112092.0,115762.0,106860.0,110176.0,121050.0,112407.0,103015.0,175,167,196,213,115,107,124,131,90,98,95,99,110,86,475,152,157,111,105,98,106,83,95,99,31,22,12,24,8,16,15,19,15,6,6,11,14,9,18,17,15,11,11,9,13,7,12,11,2.87,30,52,7
tsparticles-interaction-external-push,2023-12-07,https://github.com/matteobruni/tsparticles,0,0,0,0,0,0,0,0,0,0,0,0,0,0,0,0,0,0,0,0,0,0,0,0,0,0,0,0,0,0,0,0,0,0,0,0,0,0,0,0,0,0,0,0,0,0,0,0,64295.0,150758.0,874674.0,464389.0,180588.0,134426.0,144392.0,150455.0,168140.0,250632.0,172910.0,146391.0,144480.0,147872.0,130705.0,123056.0,124589.0,111933.0,115489.0,106548.0,109630.0,120780.0,112029.0,102463.0,175,167,196,213,115,107,124,131,90,98,95,99,110,86,475,152,157,111,105,98,106,83,95,99,31,22,12,24,8,16,15,19,15,6,6,11,14,9,18,17,15,11,11,9,13,7,12,11,2.17,30,45,7
tsparticles-move-parallax,2023-12-07,https://github.com/matteobruni/tsparticles,0,0,0,0,0,0,0,0,0,0,0,0,0,0,0,0,0,0,0,0,0,0,0,0,0,0,0,0,0,0,0,0,0,0,0,0,0,0,0,0,0,0,0,0,0,0,0,0,64094.0,150656.0,874565.0,464328.0,180487.0,134374.0,144210.0,150353.0,168086.0,250472.0,172796.0,146255.0,144176.0,147773.0,130634.0,123030.0,124500.0,111858.0,115422.0,106404.0,109608.0,120478.0,112034.0,102576.0,175,167,196,213,115,107,124,131,90,98,95,99,110,86,475,152,157,111,105,98,106,83,95,99,31,22,12,24,8,16,15,19,15,6,6,11,14,9,18,17,15,11,11,9,13,7,12,11,1.85,30,40,5
tsparticles-particles.js,2023-12-07,https://github.com/matteobruni/tsparticles,0,0,0,0,0,0,0,0,0,0,0,0,0,0,0,0,0,0,0,0,0,0,0,0,0,0,0,0,0,0,0,0,0,0,0,0,0,0,0,0,0,0,0,0,0,0,0,0,63936.0,153890.0,874422.0,464162.0,180426.0,133944.0,144060.0,150323.0,167998.0,250513.0,172779.0,146289.0,144212.0,147783.0,130703.0,123004.0,124496.0,111859.0,115421.0,106391.0,109739.0,120483.0,112007.0,102384.0,175,167,196,213,115,107,124,131,90,98,95,99,110,86,475,152,157,111,105,98,106,83,95,99,31,22,12,24,8,16,15,19,15,6,6,11,14,9,18,17,15,11,11,9,13,7,12,11,2.01,30,42,5
tsparticles-interaction-external-pause,2023-12-07,https://github.com/matteobruni/tsparticles,0,0,0,0,0,0,0,0,0,0,0,0,0,0,0,0,0,0,0,0,0,0,0,0,0,0,0,0,0,0,0,0,0,0,0,0,0,0,0,0,0,0,0,0,0,0,0,0,64030.0,150332.0,874539.0,464192.0,180363.0,133967.0,144013.0,150327.0,167980.0,250441.0,172710.0,146265.0,144163.0,147732.0,130700.0,122975.0,124447.0,111859.0,115425.0,106413.0,109661.0,120478.0,111934.0,102321.0,175,167,196,213,115,107,124,131,90,98,95,99,110,86,475,152,157,111,105,98,106,83,95,99,31,22,12,24,8,16,15,19,15,6,6,11,14,9,18,17,15,11,11,9,13,7,12,11,2.17,30,45,6
tsparticles-interaction-external-remove,2023-12-07,https://github.com/matteobruni/tsparticles,0,0,0,0,0,0,0,0,0,0,0,0,0,0,0,0,0,0,0,0,0,0,0,0,0,0,0,0,0,0,0,0,0,0,0,0,0,0,0,0,0,0,0,0,0,0,0,0,64042.0,150399.0,874358.0,464175.0,180377.0,133997.0,144089.0,150333.0,168001.0,250468.0,172724.0,146228.0,144163.0,147735.0,130643.0,122975.0,124497.0,111833.0,115424.0,106406.0,109599.0,120439.0,111937.0,102367.0,175,167,196,213,115,107,124,131,90,98,95,99,110,86,475,152,157,111,105,98,106,83,95,99,31,22,12,24,8,16,15,19,15,6,6,11,14,9,18,17,15,11,11,9,13,7,12,11,2.17,30,45,6
@types/whatwg-fetch,2022-06-13,https://github.com/DefinitelyTyped/DefinitelyTyped,37,541,24,490,26,504,20,450,14,662,17,408,18,365,25,453,21,401,19,452,16,420,23,342,21,380,18,396,21,335,25,389,12,388,13,267,5,251,12,320,15,344,10,309,7,258,10,197,45754.0,41812.0,54219.0,50856.0,80078.0,75642.0,62096.0,65176.0,96305.0,65250.0,48080.0,63495.0,62119.0,74441.0,63827.0,73962.0,72960.0,65809.0,75948.0,80372.0,103548.0,65194.0,62153.0,60017.0,666,429,413,506,463,419,368,424,372,403,465,507,416,441,419,412,415,375,435,442,417,459,385,332,248,238,260,238,265,254,202,235,229,226,238,202,207,209,195,217,207,181,164,201,193,178,146,126,6.07,30,16,221
tsparticles-interaction-external-bounce,2023-12-07,https://github.com/matteobruni/tsparticles,0,0,0,0,0,0,0,0,0,0,0,0,0,0,0,0,0,0,0,0,0,0,0,0,0,0,0,0,0,0,0,0,0,0,0,0,0,0,0,0,0,0,0,0,0,0,0,0,64097.0,154018.0,874405.0,464150.0,180499.0,133991.0,144335.0,150400.0,168078.0,250526.0,172749.0,146218.0,144170.0,147720.0,130741.0,123010.0,124460.0,111839.0,115413.0,106413.0,109668.0,120453.0,112013.0,102681.0,175,167,196,213,115,107,124,131,90,98,95,99,110,86,475,152,157,111,105,98,106,83,95,99,31,22,12,24,8,16,15,19,15,6,6,11,14,9,18,17,15,11,11,9,13,7,12,11,2.87,30,53,6
tsparticles-interaction-external-grab,2023-12-07,https://github.com/matteobruni/tsparticles,0,0,0,0,0,0,0,0,0,0,0,0,0,0,0,0,0,0,0,0,0,0,0,0,0,0,0,0,0,0,0,0,0,0,0,0,0,0,0,0,0,0,0,0,0,0,0,0,64023.0,150398.0,874472.0,464175.0,180484.0,133945.0,144479.0,150437.0,168103.0,250549.0,172794.0,146329.0,144228.0,147811.0,130701.0,123018.0,124557.0,111906.0,115429.0,106467.0,109721.0,120480.0,111961.0,102375.0,175,167,196,213,115,107,124,131,90,98,95,99,110,86,475,152,157,111,105,98,106,83,95,99,31,22,12,24,8,16,15,19,15,6,6,11,14,9,18,17,15,11,11,9,13,7,12,11,2.87,30,53,6
tsparticles-interaction-external-repulse,2023-12-07,https://github.com/matteobruni/tsparticles,0,0,0,0,0,0,0,0,0,0,0,0,0,0,0,0,0,0,0,0,0,0,0,0,0,0,0,0,0,0,0,0,0,0,0,0,0,0,0,0,0,0,0,0,0,0,0,0,64073.0,154021.0,874425.0,464176.0,180526.0,134005.0,144455.0,150434.0,168082.0,250520.0,172763.0,146298.0,144237.0,147743.0,130721.0,123007.0,124434.0,111888.0,115409.0,106440.0,109765.0,120506.0,111944.0,102407.0,175,167,196,213,115,107,124,131,90,98,95,99,110,86,475,152,157,111,105,98,106,83,95,99,31,22,12,24,8,16,15,19,15,6,6,11,14,9,18,17,15,11,11,9,13,7,12,11,2.87,30,54,6
tsparticles-interaction-external-attract,2023-12-07,https://github.com/matteobruni/tsparticles,0,0,0,0,0,0,0,0,0,0,0,0,0,0,0,0,0,0,0,0,0,0,0,0,0,0,0,0,0,0,0,0,0,0,0,0,0,0,0,0,0,0,0,0,0,0,0,0,64011.0,150424.0,874522.0,464187.0,180455.0,133979.0,144381.0,150420.0,168022.0,250476.0,172792.0,146251.0,144284.0,147766.0,130663.0,123027.0,124496.0,111898.0,115428.0,106453.0,109596.0,120498.0,112011.0,102595.0,175,167,196,213,115,107,124,131,90,98,95,99,110,86,475,152,157,111,105,98,106,83,95,99,31,22,12,24,8,16,15,19,15,6,6,11,14,9,18,17,15,11,11,9,13,7,12,11,2.87,30,53,6
tsparticles-interaction-particles-collisions,2023-12-07,https://github.com/matteobruni/tsparticles,0,0,0,0,0,0,0,0,0,0,0,0,0,0,0,0,0,0,0,0,0,0,0,0,0,0,0,0,0,0,0,0,0,0,0,0,0,0,0,0,0,0,0,0,0,0,0,0,63963.0,150400.0,874334.0,464245.0,180501.0,133980.0,144434.0,150447.0,168078.0,250562.0,172758.0,146309.0,144216.0,147728.0,130675.0,123001.0,124518.0,111860.0,115403.0,106421.0,109619.0,120456.0,111968.0,102401.0,175,167,196,213,115,107,124,131,90,98,95,99,110,86,475,152,157,111,105,98,106,83,95,99,31,22,12,24,8,16,15,19,15,6,6,11,14,9,18,17,15,11,11,9,13,7,12,11,2.87,30,53,5
tsparticles-interaction-external-bubble,2023-12-07,https://github.com/matteobruni/tsparticles,0,0,0,0,0,0,0,0,0,0,0,0,0,0,0,0,0,0,0,0,0,0,0,0,0,0,0,0,0,0,0,0,0,0,0,0,0,0,0,0,0,0,0,0,0,0,0,0,64035.0,153999.0,874462.0,464195.0,180520.0,133974.0,144445.0,150456.0,168104.0,250548.0,172761.0,146287.0,144209.0,147782.0,130736.0,123042.0,124546.0,111925.0,115437.0,106489.0,109826.0,120493.0,111929.0,102406.0,175,167,196,213,115,107,124,131,90,98,95,99,110,86,475,152,157,111,105,98,106,83,95,99,31,22,12,24,8,16,15,19,15,6,6,11,14,9,18,17,15,11,11,9,13,7,12,11,2.87,30,53,6
tsparticles-interaction-particles-attract,2023-12-07,https://github.com/matteobruni/tsparticles,0,0,0,0,0,0,0,0,0,0,0,0,0,0,0,0,0,0,0,0,0,0,0,0,0,0,0,0,0,0,0,0,0,0,0,0,0,0,0,0,0,0,0,0,0,0,0,0,64006.0,150404.0,874370.0,464139.0,180460.0,133962.0,144355.0,150378.0,168052.0,250552.0,172756.0,146249.0,144178.0,147751.0,130648.0,123014.0,124510.0,111853.0,115465.0,106475.0,109694.0,120469.0,111988.0,102380.0,175,167,196,213,115,107,124,131,90,98,95,99,110,86,475,152,157,111,105,98,106,83,95,99,31,22,12,24,8,16,15,19,15,6,6,11,14,9,18,17,15,11,11,9,13,7,12,11,2.87,30,53,5
ethereumjs-testrpc,2022-06-17,https://github.com/ethereumjs/testrpc,0,0,0,0,0,0,0,0,0,0,0,0,0,0,0,0,0,0,0,0,0,0,0,0,0,0,0,0,0,0,0,0,0,0,0,0,0,0,0,0,0,0,0,0,0,0,0,0,27015.0,43783.0,77370.0,122663.0,137873.0,167754.0,146990.0,131334.0,117603.0,84596.0,65770.0,68660.0,43968.0,42166.0,36511.0,35282.0,33633.0,29651.0,26127.0,18593.0,22904.0,17193.0,22822.0,25773.0,50,40,21,4,12,19,23,14,5,6,5,6,6,5,2,3,4,2,2,2,1,2,1,1,6,7,3,1,3,4,3,3,0,3,2,1,1,2,2,1,1,1,0,1,0,0,0,0,6.44,30,46,266
tsparticles-interaction-external-connect,2023-12-07,https://github.com/matteobruni/tsparticles,0,0,0,0,0,0,0,0,0,0,0,0,0,0,0,0,0,0,0,0,0,0,0,0,0,0,0,0,0,0,0,0,0,0,0,0,0,0,0,0,0,0,0,0,0,0,0,0,64019.0,154003.0,874466.0,464192.0,180516.0,133947.0,144456.0,150400.0,168139.0,250583.0,172782.0,146311.0,144242.0,147778.0,130675.0,123000.0,124493.0,111887.0,115442.0,106447.0,109689.0,120466.0,111911.0,102460.0,175,167,196,213,115,107,124,131,90,98,95,99,110,86,475,152,157,111,105,98,106,83,95,99,31,22,12,24,8,16,15,19,15,6,6,11,14,9,18,17,15,11,11,9,13,7,12,11,2.87,30,53,6
inert,2023-12-01,https://github.com/hapijs/inert,0,0,0,0,1,1,0,1,1,0,0,0,0,0,0,0,0,0,0,0,0,0,0,1,0,0,0,0,0,0,0,0,0,0,0,0,1,0,0,0,0,1,0,0,0,0,0,0,185005.0,200296.0,186772.0,195370.0,152570.0,170609.0,151210.0,147369.0,191513.0,238211.0,197208.0,123713.0,100516.0,100308.0,94939.0,106804.0,114769.0,94904.0,114418.0,127640.0,114146.0,106072.0,109627.0,72607.0,0,0,0,0,0,0,0,0,0,0,0,0,1,0,0,0,0,0,0,0,0,0,0,0,0,0,0,0,0,0,0,0,0,0,0,0,0,0,0,2,0,0,0,0,1,0,0,0,9.14,22,44,648
release-it-yarn-workspaces,2022-07-20,https://github.com/rwjblue/release-it-yarn-workspaces,0,0,0,0,0,0,0,0,0,0,0,0,0,0,0,0,0,0,0,0,0,0,0,0,0,0,0,0,0,0,0,0,0,0,0,0,0,0,0,0,0,0,0,0,0,0,0,0,7181.0,8891.0,11117.0,11767.0,12330.0,9779.0,12697.0,11300.0,13424.0,11594.0,15961.0,13103.0,9601.0,9388.0,8828.0,9228.0,8483.0,9022.0,7993.0,6826.0,5268.0,5162.0,4377.0,3715.0,0,3,0,1,3,1,2,1,0,0,1,0,0,0,1,2,2,3,1,0,2,1,1,1,1,1,0,0,1,0,0,0,0,0,0,0,0,0,0,1,0,0,0,0,0,1,0,1,2.31,11,14,17
tsparticles-interaction-external-slow,2023-12-07,https://github.com/matteobruni/tsparticles,0,0,0,0,0,0,0,0,0,0,0,0,0,0,0,0,0,0,0,0,0,0,0,0,0,0,0,0,0,0,0,0,0,0,0,0,0,0,0,0,0,0,0,0,0,0,0,0,55924.0,142716.0,867297.0,456495.0,175293.0,129275.0,139143.0,145148.0,162426.0,243893.0,166789.0,143242.0,141118.0,144597.0,128237.0,120936.0,122594.0,110459.0,113712.0,105076.0,108386.0,118960.0,110904.0,101139.0,175,167,196,213,115,107,124,131,90,98,95,99,110,86,475,152,157,111,105,98,106,83,95,99,31,22,12,24,8,16,15,19,15,6,6,11,14,9,18,17,15,11,11,9,13,7,12,11,1.24,30,22,5
mcrypt,2022-06-19,https://github.com/tugrul/node-mcrypt,0,0,0,0,0,0,0,0,0,0,0,0,0,0,0,0,0,0,0,0,0,0,0,0,0,0,0,0,0,0,0,0,0,0,0,0,0,0,0,0,0,0,0,0,0,0,0,0,10029.0,9168.0,7609.0,6911.0,7078.0,7082.0,6821.0,10734.0,8712.0,17283.0,13199.0,11812.0,11907.0,13874.0,12282.0,12747.0,13509.0,12476.0,14344.0,20618.0,10213.0,7119.0,8519.0,7542.0,0,0,0,1,0,0,0,0,0,0,0,0,0,0,0,0,0,0,0,0,0,0,0,0,1,0,0,0,0,0,0,0,0,0,0,0,0,0,0,0,0,1,0,0,0,0,0,0,8.74,10,31,36
sfdx-cli,2023-07-17,https://github.com/salesforcecli/sfdx-cli,0,25,0,29,0,35,0,53,0,38,0,31,0,64,0,96,0,83,0,78,0,66,0,66,0,0,0,0,0,0,0,0,0,0,0,0,0,1,0,0,0,0,0,0,0,0,0,0,254118.0,286519.0,305887.0,306094.0,435359.0,372592.0,414287.0,404565.0,465697.0,431079.0,489072.0,484176.0,436109.0,375805.0,379315.0,344181.0,297210.0,315116.0,289938.0,276207.0,269758.0,270876.0,247413.0,257465.0,1,1,2,3,1,0,2,4,0,3,2,5,0,1,0,1,1,0,0,1,1,0,0,0,2,2,0,0,0,1,0,1,0,2,0,1,1,0,1,0,0,0,0,0,0,0,0,0,5.97,19,481,26
azure-keyvault,2022-06-13,https://github.com/azure/azure-sdk-for-node,1,0,0,0,0,0,1,0,0,0,5,4,1,0,1,1,0,0,4,0,1,3,0,0,0,0,2,1,1,1,0,0,0,0,0,0,0,0,0,0,0,0,3,0,0,2,0,0,207973.0,154904.0,143073.0,164404.0,150165.0,140730.0,103945.0,112854.0,110790.0,115555.0,108287.0,98840.0,97521.0,100783.0,91889.0,94817.0,86009.0,84474.0,98008.0,71092.0,81551.0,72880.0,79732.0,87319.0,3,4,3,4,2,1,1,0,3,2,3,2,1,2,2,1,4,0,3,1,5,1,3,0,1,2,1,1,0,0,1,1,0,0,1,1,0,0,0,0,0,0,0,1,0,0,1,0,7.14,30,19,60
rollup-watch,2022-06-26,https://github.com/rollup/rollup-watch,0,0,0,0,0,0,0,0,0,0,0,0,0,0,0,0,0,0,0,0,0,0,0,0,0,0,0,0,0,0,0,0,0,0,0,0,0,0,0,0,0,0,0,0,0,0,0,0,27762.0,30390.0,24381.0,23697.0,21824.0,22665.0,21791.0,26269.0,26514.0,29789.0,24411.0,25935.0,23870.0,27753.0,32312.0,36659.0,34017.0,26608.0,29891.0,26517.0,27717.0,25438.0,52029.0,70459.0,0,0,1,1,0,0,0,0,0,0,0,0,0,0,0,1,0,0,0,0,0,0,0,0,0,0,0,0,0,0,0,0,0,0,0,0,0,0,0,0,0,0,0,0,0,0,0,0,6.05,9,18,3569
css-mqpacker,2022-06-14,https://github.com/hail2u/node-css-mqpacker,0,0,1,0,0,0,0,0,0,0,0,0,1,0,0,0,0,0,0,1,0,1,0,0,0,0,0,0,0,0,0,0,0,1,0,0,0,0,0,0,0,0,0,0,0,0,0,0,208612.0,198868.0,200153.0,219602.0,226711.0,231322.0,209241.0,210831.0,215521.0,240193.0,220591.0,277001.0,246337.0,234428.0,216290.0,185405.0,190107.0,178480.0,190304.0,208966.0,234743.0,199239.0,222895.0,208872.0,1,3,3,1,2,2,1,2,1,1,0,1,0,0,0,2,0,1,0,1,1,0,1,0,0,0,0,0,1,0,1,0,0,0,1,0,1,0,0,0,0,0,0,0,0,0,0,0,8.32,8,26,678
mongodb-stitch-core-services-mongodb-remote,2022-06-30,https://github.com/mongodb/stitch-js-sdk,0,1,0,1,0,0,0,0,0,2,0,0,0,1,0,1,0,0,0,0,0,0,0,0,0,2,0,0,0,0,0,0,0,0,0,0,0,0,0,0,0,0,0,0,0,0,0,0,13485.0,10265.0,10085.0,14224.0,12199.0,13353.0,11646.0,11426.0,12341.0,23510.0,20703.0,8234.0,6079.0,6914.0,6370.0,5780.0,3856.0,3123.0,3703.0,2530.0,3352.0,3239.0,3957.0,2682.0,0,0,0,1,0,0,0,1,0,0,0,0,0,0,0,0,0,0,0,0,0,0,0,0,1,0,1,0,1,0,0,0,0,0,0,0,0,0,1,0,0,0,0,0,1,0,0,0,4.03,30,48,6
@aws-cdk/yaml-cfn,2023-11-21,https://github.com/aws/aws-cdk,170,228,118,156,168,237,185,266,157,235,169,301,146,229,141,219,158,180,171,178,163,206,173,204,129,164,151,224,171,181,144,187,157,166,149,202,141,154,109,139,102,150,122,184,138,190,147,222,73816.0,59723.0,60013.0,55288.0,64627.0,52816.0,55983.0,45815.0,37287.0,33553.0,30595.0,27976.0,16798.0,24215.0,24946.0,24600.0,23120.0,25507.0,26432.0,26115.0,26146.0,22399.0,13173.0,24122.0,113,111,120,125,126,127,128,108,87,105,70,91,77,98,95,85,89,88,94,86,71,85,98,76,71,50,76,57,69,60,57,45,49,59,46,42,33,47,56,51,42,47,31,46,31,44,47,28,3.16,30,168,14
h2o2,2023-12-01,https://github.com/hapijs/h2o2,0,0,0,0,0,0,0,0,0,0,0,0,0,1,0,0,0,1,0,0,0,1,0,1,0,0,0,0,1,0,0,0,0,0,0,0,0,0,0,0,0,0,0,0,0,0,0,0,127710.0,137865.0,132557.0,138933.0,102998.0,134274.0,117872.0,123841.0,172426.0,189865.0,142040.0,96495.0,84405.0,93018.0,92503.0,102470.0,118540.0,97514.0,113356.0,129352.0,118549.0,94730.0,116967.0,70385.0,0,0,0,0,0,1,0,0,1,0,0,0,0,1,0,0,0,0,0,0,0,0,0,0,0,0,0,0,0,0,0,0,0,0,0,0,0,0,0,0,0,0,0,0,0,0,0,0,9.2,30,29,132
set-tz,2022-06-26,https://github.com/capaj/set-tz,0,0,0,2,0,1,0,0,0,0,0,0,0,0,0,0,0,0,0,0,0,0,0,0,0,0,0,0,0,0,0,0,0,1,0,1,0,0,0,1,0,0,0,0,0,0,0,0,28784.0,28955.0,34986.0,37943.0,44617.0,46859.0,35085.0,39497.0,38426.0,46725.0,32225.0,40561.0,53759.0,78731.0,66848.0,79044.0,90202.0,86729.0,96148.0,75561.0,105658.0,85211.0,82758.0,81910.0,1,0,0,0,2,0,1,0,1,0,0,0,0,0,0,0,0,0,0,0,0,0,0,0,0,0,0,0,0,0,1,0,0,0,0,0,0,0,0,0,0,0,0,0,0,0,0,0,5.46,3,5,17
react-native-swipeout,2022-06-26,https://github.com/dancormier/react-native-swipeout,0,0,0,0,0,0,0,0,0,0,0,0,0,0,0,0,0,0,0,0,0,0,0,0,0,0,0,0,0,0,0,0,0,0,0,0,0,0,0,0,0,0,0,0,0,0,0,0,184326.0,177600.0,185496.0,181115.0,171261.0,194255.0,174676.0,171197.0,155841.0,196266.0,179011.0,181098.0,166622.0,183852.0,163793.0,163231.0,169846.0,139872.0,136934.0,148395.0,169045.0,148074.0,157744.0,154612.0,2,3,5,5,1,5,2,0,2,3,5,1,3,3,0,3,2,2,1,2,2,1,1,1,0,0,2,1,1,0,2,1,1,0,1,0,1,3,1,4,3,1,2,0,0,1,0,2,7.08,30,64,65
wdio-image-comparison-service,2024-04-02,https://github.com/wswebcreation/wdio-image-comparison-service,0,0,0,0,0,0,0,0,0,0,0,0,0,0,0,0,0,0,0,0,0,0,0,0,0,0,0,0,0,0,0,0,0,0,0,0,0,0,0,0,0,0,0,0,0,0,0,0,154118.0,195450.0,175317.0,149937.0,144636.0,174686.0,185519.0,231571.0,151871.0,162978.0,139436.0,157908.0,204358.0,130011.0,153735.0,144834.0,157700.0,148694.0,132970.0,119256.0,133709.0,100963.0,90686.0,81441.0,0,1,2,0,0,2,0,0,2,1,2,1,0,1,2,1,1,2,0,2,0,1,1,16,1,0,2,0,0,0,0,0,0,0,0,0,1,0,1,0,0,2,1,0,0,0,1,5,4.96,21,41,20
tsparticles-plugin-easing-quad,2023-12-07,https://github.com/matteobruni/tsparticles,0,0,0,0,0,0,0,0,0,0,0,0,0,0,0,0,0,0,0,0,0,0,0,0,0,0,0,0,0,0,0,0,0,0,0,0,0,0,0,0,0,0,0,0,0,0,0,0,41870.0,129898.0,854851.0,441291.0,166100.0,120928.0,130987.0,137494.0,154976.0,236847.0,159066.0,136773.0,134645.0,138109.0,123030.0,116534.0,118232.0,106839.0,109050.0,100920.0,104683.0,113337.0,106080.0,97302.0,175,167,196,213,115,107,124,131,90,98,95,99,110,86,475,152,157,111,105,98,106,83,95,99,31,22,12,24,8,16,15,19,15,6,6,11,14,9,18,17,15,11,11,9,13,7,12,11,1.1,30,18,5
adal-angular,2023-11-07,https://github.com/AzureAD/azure-activedirectory-library-for-js,0,0,0,0,0,0,0,0,0,0,0,0,0,0,0,0,0,0,0,0,0,0,0,0,0,0,0,0,0,0,0,0,0,0,0,0,0,0,0,0,0,0,0,0,0,0,0,0,134055.0,114532.0,128886.0,130167.0,142451.0,115755.0,129022.0,121317.0,115637.0,119152.0,115772.0,120426.0,98827.0,116461.0,119639.0,112617.0,111318.0,117615.0,106303.0,111409.0,107799.0,108466.0,112867.0,102238.0,0,0,0,0,0,0,0,0,0,2,0,1,0,0,0,0,0,0,0,0,1,0,0,0,0,0,0,1,0,0,0,1,0,0,0,0,0,0,0,0,0,0,0,0,0,0,0,0,7.59,30,11,332
graphql-toolkit,2022-05-04,https://github.com/ardatan/graphql-toolkit,0,0,0,0,0,0,0,0,0,0,0,0,0,0,0,0,0,0,0,0,0,0,0,0,0,0,0,0,0,0,0,0,0,0,0,0,0,0,0,0,0,0,0,0,0,0,0,0,336592.0,385334.0,366726.0,290132.0,194865.0,161596.0,159753.0,128480.0,122902.0,132350.0,153936.0,135526.0,109872.0,90912.0,97653.0,114960.0,119903.0,132652.0,89682.0,106202.0,106059.0,120084.0,79293.0,82635.0,1,0,0,1,0,0,0,0,0,1,1,0,0,0,0,0,0,0,0,1,0,0,0,0,0,0,0,0,0,0,0,0,0,0,0,0,0,0,0,0,0,0,0,0,0,0,0,0,3.26,30,957,81
@zendeskgarden/container-keyboardfocus,2024-01-26,https://github.com/zendeskgarden/react-containers,2,4,0,8,0,13,0,4,0,7,0,4,0,25,0,11,0,19,0,2,0,6,0,1,0,3,0,9,0,2,0,6,0,3,0,7,0,4,0,11,0,0,0,6,0,5,0,7,39684.0,42705.0,56565.0,49553.0,47132.0,44042.0,47982.0,48859.0,46898.0,37586.0,28220.0,29438.0,21640.0,12903.0,8143.0,8509.0,6255.0,7719.0,6599.0,19296.0,17604.0,20760.0,15148.0,15592.0,1,0,4,2,0,1,0,1,2,1,0,0,2,0,0,0,1,4,1,0,0,0,0,0,2,0,0,0,0,0,0,0,0,0,0,0,0,0,0,1,0,0,0,0,0,0,0,0,4.88,17,45,6
tsd-lite,2024-03-31,https://github.com/mrazauskas/tsd-lite,0,19,0,15,0,26,0,22,0,4,0,2,1,1,1,5,0,0,0,1,0,0,0,0,0,0,0,0,0,0,0,0,0,0,0,0,0,0,0,0,0,0,0,0,0,0,0,0,39041.0,50544.0,63877.0,68315.0,59988.0,66401.0,65320.0,67958.0,67330.0,44656.0,37055.0,28647.0,32117.0,30009.0,27480.0,36476.0,34690.0,37331.0,37138.0,30045.0,29253.0,36042.0,28584.0,39593.0,0,1,0,7,5,2,0,4,0,0,0,0,0,0,0,0,1,0,0,0,0,0,0,0,0,0,0,0,0,0,0,0,0,0,0,0,0,0,0,0,0,0,0,0,0,0,0,0,2.24,6,18,37
ethjs-contract,2022-06-17,https://github.com/ethjs/ethjs-contract,0,0,0,0,0,0,0,0,0,0,0,0,0,0,0,0,0,0,0,0,0,0,0,0,0,0,0,0,0,0,0,0,0,0,0,0,0,0,0,0,0,0,0,0,0,0,0,0,26972.0,26241.0,30192.0,34039.0,31275.0,38095.0,37744.0,49569.0,40142.0,40644.0,32232.0,39518.0,37793.0,44160.0,43914.0,45446.0,48516.0,42507.0,42314.0,39647.0,38156.0,31357.0,37094.0,43035.0,0,0,0,0,0,0,0,0,0,0,0,0,0,0,0,0,0,0,0,0,0,0,0,0,0,0,0,0,0,0,0,0,0,0,0,0,0,0,1,0,1,1,0,0,0,0,0,0,5.55,3,13,89
apollo-codegen,2022-06-13,https://github.com/apollographql/apollo-codegen,0,0,0,0,0,0,0,0,0,0,0,0,0,0,0,0,0,0,0,0,0,0,0,0,0,0,0,0,0,0,0,0,0,0,0,0,0,0,0,0,0,0,0,0,0,0,0,0,275787.0,286264.0,287009.0,284035.0,245405.0,262585.0,233396.0,262236.0,240361.0,255509.0,212035.0,216436.0,183703.0,217590.0,227261.0,218272.0,231648.0,155308.0,175412.0,178789.0,256616.0,249822.0,279816.0,243198.0,20,20,21,18,16,13,10,13,15,12,14,11,7,7,7,4,8,3,5,3,3,9,3,4,4,5,3,2,1,1,1,2,3,2,2,1,0,1,0,1,5,0,1,1,0,0,0,2,5.83,30,102,103
@react-native-community/cameraroll,2022-09-09,https://github.com/react-native-community/react-native-cameraroll,0,0,0,0,0,0,0,0,0,0,0,0,0,0,0,0,0,0,0,0,0,0,0,0,0,0,0,0,0,0,0,0,0,0,0,0,0,0,0,0,0,0,0,0,0,0,0,0,185654.0,199200.0,206149.0,196182.0,221282.0,201605.0,232608.0,215656.0,231864.0,238810.0,222619.0,269067.0,215690.0,200935.0,158324.0,160488.0,155798.0,159893.0,113106.0,119141.0,105866.0,103385.0,99666.0,79973.0,9,11,9,15,17,9,12,13,5,15,10,17,19,12,15,9,13,19,11,13,16,14,17,9,6,9,8,5,5,4,0,3,1,5,8,7,3,4,5,6,5,10,1,4,3,4,6,5,3.52,30,38,67
storybook-chromatic,2022-05-18,https://github.com/chromaui/chromatic-cli,13,9,12,6,6,3,4,4,13,11,14,11,9,10,11,17,7,16,15,11,11,5,4,4,6,6,10,12,8,5,5,7,6,17,5,9,7,11,5,4,6,4,5,3,7,8,5,3,274120.0,244835.0,185112.0,168568.0,140209.0,115563.0,102698.0,81429.0,81618.0,77367.0,83099.0,69531.0,64572.0,55925.0,63021.0,58744.0,53642.0,55449.0,48790.0,46783.0,46192.0,52954.0,48122.0,53153.0,8,3,3,3,3,2,3,3,7,5,9,4,6,6,5,8,6,4,6,7,4,6,11,10,0,0,1,1,0,2,1,0,2,5,1,0,0,0,0,1,1,3,1,1,1,0,3,0,4.14,30,63,220
@turf/inside,2024-06-22,https://github.com/Turfjs/turf,4,3,12,4,8,12,8,9,12,11,9,4,4,6,8,7,7,1,8,1,5,4,5,5,8,19,10,23,8,6,6,9,10,4,11,14,14,5,10,6,8,5,8,5,8,3,14,6,90191.0,97388.0,95832.0,93304.0,83207.0,71227.0,61602.0,74248.0,49388.0,56854.0,46252.0,47784.0,58702.0,63754.0,69768.0,79607.0,64818.0,55179.0,62115.0,51331.0,61667.0,83959.0,97728.0,113501.0,78,78,62,80,73,71,52,84,68,60,79,67,94,106,69,71,83,70,61,54,64,67,65,63,7,9,9,6,4,4,6,7,7,8,4,1,11,1,5,6,3,6,7,6,7,4,3,11,7.96,30,32,43
craco-alias,2022-05-19,https://github.com/risenforces/craco-alias,0,0,0,0,0,0,0,0,0,0,0,0,0,0,0,0,0,0,0,0,0,0,0,0,0,0,0,0,0,0,0,0,0,0,0,0,0,0,0,0,0,0,0,0,0,0,0,0,71872.0,87585.0,97642.0,111749.0,136476.0,165577.0,192801.0,178263.0,199825.0,208726.0,249906.0,231154.0,229322.0,204559.0,225499.0,225555.0,223803.0,233345.0,185756.0,204214.0,221376.0,231491.0,194233.0,230171.0,6,5,2,2,2,2,7,5,1,3,2,2,1,1,2,1,0,0,0,0,0,0,0,0,1,0,0,1,0,0,0,0,0,1,0,0,0,0,0,0,0,0,0,0,0,0,0,0,2.72,4,14,88
@aws-cdk/aws-elasticsearch,2023-11-21,https://github.com/aws/aws-cdk,170,228,118,156,168,237,185,266,157,235,169,301,146,229,141,219,158,180,171,178,163,206,173,204,129,164,151,224,171,181,144,187,157,166,149,202,141,154,109,139,102,150,122,184,138,190,147,222,777180.0,811227.0,822925.0,743697.0,787644.0,755193.0,774664.0,648731.0,567410.0,177132.0,164303.0,161694.0,229962.0,247829.0,249275.0,249543.0,238203.0,243518.0,124708.0,101725.0,88780.0,94836.0,95176.0,82334.0,113,111,120,125,126,127,128,108,87,105,70,91,77,98,95,85,89,88,94,86,71,85,98,76,71,50,76,57,69,60,57,45,49,59,46,42,33,47,56,51,42,47,31,46,31,44,47,28,5.31,30,288,36
clipboard-js,2022-06-13,https://github.com/lgarron/clipboard.js,0,0,0,0,0,0,0,0,0,0,0,0,0,0,0,0,0,0,0,0,0,0,0,0,0,0,0,0,0,0,0,0,0,0,0,0,0,0,0,0,0,0,0,0,0,0,0,0,96790.0,123739.0,139936.0,140547.0,122793.0,120332.0,103108.0,135126.0,146081.0,176372.0,201981.0,181796.0,106991.0,117834.0,99465.0,90535.0,73820.0,72851.0,80321.0,138178.0,136079.0,138122.0,120509.0,113137.0,11,6,22,8,9,8,8,3,3,3,2,2,1,4,2,1,0,0,2,9,4,3,6,1,0,0,1,0,1,0,0,0,1,0,1,0,0,1,0,0,0,0,0,0,0,0,0,0,7.1,17,10,38
@aws-cdk/aws-appsync,2023-11-21,https://github.com/aws/aws-cdk,170,228,118,156,168,237,185,266,157,235,169,301,146,229,141,219,158,180,171,178,163,206,173,204,129,164,151,224,171,181,144,187,157,166,149,202,141,154,109,139,102,150,122,184,138,190,147,222,277624.0,261590.0,265278.0,256236.0,268305.0,233996.0,227552.0,198776.0,196241.0,164829.0,149868.0,145316.0,227619.0,245702.0,237928.0,248959.0,236878.0,242911.0,123092.0,101323.0,88113.0,95502.0,96140.0,82138.0,113,111,120,125,126,127,128,108,87,105,70,91,77,98,95,85,89,88,94,86,71,85,98,76,71,50,76,57,69,60,57,45,49,59,46,42,33,47,56,51,42,47,31,46,31,44,47,28,5.31,30,288,63
@material/mwc-base,2024-04-04,https://github.com/material-components/material-components-web-components,0,0,0,0,0,0,0,0,0,0,0,0,0,0,0,0,0,0,0,0,0,0,0,0,0,0,0,0,0,0,0,0,0,0,0,0,0,0,0,0,0,0,0,0,0,0,0,0,117833.0,143000.0,144164.0,143530.0,144575.0,123115.0,134164.0,105196.0,103726.0,121804.0,114185.0,108783.0,101512.0,92551.0,94091.0,110771.0,108102.0,121440.0,106742.0,88163.0,112839.0,92259.0,91896.0,96783.0,231,289,257,344,299,302,341,266,159,167,168,216,140,150,144,102,151,88,97,100,78,79,127,93,15,23,13,15,14,15,23,15,17,20,12,15,15,15,13,10,18,15,11,9,9,11,11,11,5.91,30,721,79
fontsource-fira-code,2022-05-02,https://github.com/fontsource/fontsource,15,34,9,18,7,19,8,16,6,30,9,23,5,6,2,6,8,1,9,16,7,13,5,15,8,1,4,5,10,21,16,6,5,7,2,9,1,4,3,1,7,1,8,13,4,0,2,2,21702.0,24246.0,25038.0,25125.0,22320.0,23806.0,26538.0,26248.0,27234.0,24612.0,30260.0,26394.0,29433.0,34428.0,35742.0,32493.0,30971.0,33566.0,32368.0,38003.0,38477.0,41813.0,41104.0,38452.0,115,115,94,102,122,83,137,98,87,175,128,111,96,130,95,127,124,105,83,105,85,94,73,81,3,5,2,2,1,4,3,1,6,7,7,4,3,4,8,7,4,3,5,4,5,8,1,5,1.95,30,22,4
ts-simple-ast,2022-07-13,https://github.com/dsherret/ts-simple-ast,0,0,0,0,0,0,0,0,0,0,0,0,0,0,0,0,0,0,0,0,0,0,0,0,0,0,0,0,0,0,0,0,0,0,0,0,0,0,0,0,0,0,0,0,0,0,0,0,711012.0,517843.0,484354.0,414118.0,414715.0,322477.0,313303.0,289471.0,330271.0,254735.0,243952.0,221388.0,204178.0,186645.0,210108.0,178381.0,149950.0,164172.0,168419.0,174461.0,135134.0,148911.0,133877.0,123629.0,59,75,62,66,81,61,60,79,89,67,73,65,89,99,75,85,76,112,84,93,76,102,92,104,1,2,1,3,3,1,1,3,2,2,2,5,1,4,3,2,3,2,1,4,2,2,4,2,5.36,30,247,194
azure-arm-network,2022-06-13,https://github.com/azure/azure-sdk-for-node,1,0,0,0,0,0,1,0,0,0,5,4,1,0,1,1,0,0,4,0,1,3,0,0,0,0,2,1,1,1,0,0,0,0,0,0,0,0,0,0,0,0,3,0,0,2,0,0,99441.0,102736.0,136482.0,149276.0,111624.0,75382.0,55465.0,58983.0,54886.0,60290.0,50416.0,61353.0,49275.0,43249.0,34605.0,44692.0,29317.0,37609.0,51171.0,45281.0,60716.0,63842.0,64078.0,71910.0,3,4,3,4,2,1,1,0,3,2,3,2,1,2,2,1,4,0,3,1,5,1,3,0,1,2,1,1,0,0,1,1,0,0,1,1,0,0,0,0,0,0,0,1,0,0,1,0,7.11,30,41,16
@types/structured-source,2023-01-11,https://github.com/DefinitelyTyped/DefinitelyTyped,26,448,21,423,18,469,16,385,23,348,20,328,19,387,19,395,22,341,24,403,12,362,14,261,14,302,12,341,10,312,8,251,9,194,11,230,9,240,12,271,15,300,15,247,9,403,15,255,48480.0,46105.0,54726.0,48018.0,51077.0,63666.0,63318.0,75938.0,77863.0,84179.0,79862.0,83395.0,64221.0,61154.0,37674.0,40097.0,40696.0,34096.0,27604.0,25708.0,28831.0,26552.0,27617.0,28319.0,416,367,418,459,502,432,413,421,438,417,392,382,442,442,444,363,329,319,326,329,292,298,280,287,232,241,223,231,202,223,210,196,209,218,196,178,202,187,171,147,126,137,137,124,120,127,113,92,4.88,30,2,15
@azure/msal,2023-11-07,https://github.com/AzureAD/microsoft-authentication-library-for-js,35,32,32,39,51,45,41,62,32,54,26,70,32,72,33,43,44,44,43,54,44,66,38,37,38,32,34,13,31,40,25,29,32,34,23,43,20,32,18,20,19,25,21,28,26,38,19,19,4083.0,3067.0,3586.0,4638.0,5516.0,4345.0,5716.0,5719.0,5311.0,5938.0,6021.0,6313.0,5272.0,6120.0,6011.0,5728.0,5458.0,5580.0,4607.0,5808.0,5502.0,5662.0,5842.0,5825.0,54,46,58,42,59,54,61,47,29,36,49,41,40,26,44,35,48,40,35,45,39,38,34,32,44,39,36,51,35,46,37,31,13,20,11,19,18,18,16,11,10,20,17,13,17,16,12,8,5.25,30,29,11
ember-cli-template-lint,2022-06-16,https://github.com/ember-template-lint/ember-cli-template-lint,0,5,0,3,0,2,0,1,0,0,0,0,0,0,0,1,0,4,0,0,0,0,0,0,0,0,0,0,0,0,0,0,0,0,0,0,0,0,0,0,0,0,0,0,0,0,0,0,139814.0,131931.0,151847.0,151915.0,180644.0,175004.0,152899.0,146179.0,147320.0,160867.0,126980.0,101944.0,85026.0,91480.0,78139.0,75455.0,76563.0,65810.0,82365.0,74763.0,80209.0,68289.0,79316.0,67535.0,0,0,0,0,0,0,0,0,0,0,0,0,0,0,1,0,0,0,0,0,0,0,0,0,0,0,0,0,0,0,0,0,0,0,0,0,0,0,0,0,0,0,0,0,0,0,0,0,6.89,30,54,1223
tsparticles-updater-wobble,2023-12-07,https://github.com/matteobruni/tsparticles,0,0,0,0,0,0,0,0,0,0,0,0,0,0,0,0,0,0,0,0,0,0,0,0,0,0,0,0,0,0,0,0,0,0,0,0,0,0,0,0,0,0,0,0,0,0,0,0,71217.0,128961.0,1297466.0,829305.0,266339.0,159799.0,183106.0,184596.0,191231.0,348695.0,190184.0,161772.0,160862.0,163302.0,144338.0,139840.0,133270.0,121126.0,126755.0,114775.0,118877.0,125699.0,118575.0,103650.0,175,167,196,213,115,107,124,131,90,98,95,99,110,86,475,152,157,111,105,98,106,83,95,99,31,22,12,24,8,16,15,19,15,6,6,11,14,9,18,17,15,11,11,9,13,7,12,11,2.17,30,45,9
prismic-javascript,2022-06-24,https://github.com/prismicio/prismic-javascript,0,0,0,0,0,0,0,0,0,0,0,0,0,0,0,0,0,0,0,0,0,0,0,0,0,0,0,0,0,0,0,0,0,0,0,0,0,0,0,0,0,0,0,0,0,0,0,0,283979.0,266625.0,279666.0,291064.0,264793.0,248499.0,208200.0,215702.0,207795.0,210650.0,178321.0,196314.0,182565.0,189328.0,172887.0,167954.0,168016.0,145675.0,153303.0,137805.0,161847.0,120565.0,114771.0,100960.0,3,2,4,0,1,2,7,2,5,3,0,1,1,0,1,4,0,0,1,2,1,0,3,2,0,1,0,0,0,0,1,2,0,0,0,1,0,0,0,0,0,0,0,0,0,1,0,0,5.12,30,50,119
utilities,2023-02-27,https://github.com/mde/utilities,0,0,0,0,0,0,0,0,0,0,0,0,0,0,0,0,0,0,0,0,1,0,0,0,0,0,0,0,0,0,0,0,0,0,0,0,0,0,0,0,0,0,0,0,0,0,0,0,42733.0,82815.0,87220.0,98643.0,81028.0,54354.0,57132.0,48068.0,47577.0,57916.0,41096.0,78712.0,90336.0,67773.0,77968.0,77655.0,81740.0,69669.0,71437.0,67991.0,64526.0,31470.0,30564.0,23213.0,0,0,0,0,0,0,0,0,1,0,0,0,0,0,0,0,0,0,0,0,0,0,0,1,0,0,0,0,0,1,0,0,0,0,0,0,0,0,0,0,0,0,0,0,0,0,0,0,10.58,13,41,37
koa-multer,2022-06-19,https://github.com/koa-modules/multer,0,0,0,0,0,0,0,0,0,0,0,0,0,0,0,0,0,0,0,0,0,0,0,0,0,0,0,0,0,0,0,0,0,0,0,0,0,0,0,0,0,0,0,0,0,0,0,0,101830.0,124647.0,140498.0,150830.0,137053.0,161890.0,139697.0,145935.0,146509.0,171432.0,170843.0,184992.0,157460.0,175921.0,172853.0,177038.0,186172.0,167316.0,160458.0,151130.0,154807.0,135309.0,123934.0,107949.0,1,1,1,0,0,1,0,1,0,2,1,2,1,1,2,0,2,0,0,0,0,0,0,0,0,0,0,0,0,0,0,0,0,0,1,0,1,0,0,0,0,0,0,0,0,0,0,0,7.21,4,6,201
i18next-express-middleware,2022-06-18,https://github.com/i18next/i18next-express-middleware,0,0,0,0,0,0,0,0,0,0,0,0,0,0,0,0,0,1,0,0,0,0,0,0,0,0,0,0,0,0,0,0,0,0,0,0,0,0,0,0,1,0,0,0,0,0,0,0,151687.0,141822.0,148039.0,159957.0,147028.0,149136.0,131463.0,127256.0,150829.0,145253.0,120971.0,135288.0,112498.0,130167.0,123536.0,127775.0,153295.0,100902.0,127639.0,167841.0,170855.0,105042.0,107815.0,106894.0,1,0,0,0,1,0,1,1,0,1,0,0,2,0,0,1,0,0,0,1,0,0,0,0,0,0,1,0,0,0,0,0,0,0,0,0,0,0,0,0,0,0,0,0,0,0,0,0,6.62,25,58,138
node-opcua-client-crawler,2024-06-27,https://github.com/node-opcua/node-opcua,4,0,2,2,6,4,9,7,2,2,5,6,4,2,0,3,4,8,6,3,4,2,4,1,5,1,2,0,8,0,0,1,0,4,1,5,5,3,3,3,5,4,11,7,1,1,3,2,46278.0,39599.0,40406.0,39394.0,41414.0,79687.0,68427.0,91027.0,110802.0,79690.0,76785.0,79102.0,79202.0,76899.0,85384.0,97326.0,68978.0,72070.0,99977.0,90203.0,66177.0,76088.0,79143.0,101513.0,11,10,12,11,13,8,9,11,13,15,8,12,13,10,10,10,6,13,7,6,3,14,7,8,0,1,2,3,0,3,2,1,2,3,0,4,2,1,2,2,2,1,1,1,2,7,1,4,6.8,30,285,14
@google/markerclusterer,2022-05-18,https://github.com/googlemaps/v3-utility-library,1,2,0,3,0,0,0,0,0,0,0,0,0,0,0,0,0,0,0,0,0,0,0,0,0,0,0,0,0,0,0,0,0,0,0,0,0,0,0,0,0,0,0,0,0,0,0,0,65894.0,65522.0,61702.0,63483.0,61757.0,69764.0,61981.0,51227.0,63229.0,71839.0,83885.0,74263.0,80253.0,74640.0,87793.0,85131.0,79942.0,94577.0,73905.0,81411.0,78292.0,93486.0,78054.0,80065.0,10,4,2,0,4,1,2,1,5,2,1,2,1,0,2,1,0,0,1,1,0,2,0,1,3,0,0,2,1,3,4,0,0,1,1,1,1,0,1,1,1,0,0,2,0,0,0,1,3.91,30,19,29
angular-translate-loader-static-files,2024-01-21,https://github.com/angular-translate/bower-angular-translate-loader-static-files,0,0,0,0,0,0,0,0,0,0,0,0,0,0,0,0,0,0,0,0,0,0,0,0,0,0,0,0,0,0,0,0,0,0,0,0,0,0,0,0,0,0,0,0,0,0,0,0,109091.0,115287.0,127149.0,104733.0,114085.0,113648.0,111970.0,124586.0,113905.0,121028.0,115388.0,99788.0,123688.0,120928.0,118166.0,118684.0,111794.0,127281.0,113196.0,116367.0,126174.0,114655.0,94271.0,107318.0,0,0,0,0,0,0,0,0,0,0,0,0,0,0,0,0,0,0,0,0,0,0,0,0,0,0,0,0,0,0,0,0,0,0,1,0,0,0,1,1,0,0,0,0,0,1,0,0,8.71,3,28,48
typedoc-plugin-resolve-crossmodule-references,2023-04-26,https://github.com/nlepage/typedoc-plugin-resolve-crossmodule-references,0,0,0,0,0,0,2,3,0,0,1,1,1,1,0,1,1,1,0,0,0,0,0,0,0,0,0,0,0,0,0,0,0,0,0,0,0,0,0,0,0,0,0,0,0,0,0,0,239.0,233.0,96.0,206.0,330.0,455.0,1665.0,3923.0,4212.0,4472.0,51502.0,254474.0,320401.0,335925.0,399124.0,371097.0,340447.0,368254.0,330959.0,283637.0,271382.0,273579.0,269060.0,181751.0,0,0,0,1,0,0,0,1,0,0,2,1,0,0,0,0,0,1,0,0,0,0,0,0,0,0,0,0,0,0,0,1,0,0,0,0,0,0,0,0,0,0,0,0,0,0,0,0,1.29,3,9,23
tsparticles-plugin-emitters,2023-12-07,https://github.com/matteobruni/tsparticles,0,0,0,0,0,0,0,0,0,0,0,0,0,0,0,0,0,0,0,0,0,0,0,0,0,0,0,0,0,0,0,0,0,0,0,0,0,0,0,0,0,0,0,0,0,0,0,0,69485.0,124679.0,1766873.0,1174202.0,328966.0,146209.0,159091.0,160378.0,174686.0,430417.0,185613.0,158126.0,153642.0,155314.0,136785.0,132401.0,128108.0,114479.0,118864.0,108706.0,110501.0,118338.0,110332.0,94392.0,175,167,196,213,115,107,124,131,90,98,95,99,110,86,475,152,157,111,105,98,106,83,95,99,31,22,12,24,8,16,15,19,15,6,6,11,14,9,18,17,15,11,11,9,13,7,12,11,2.87,30,54,15
jointjs,2024-03-14,https://github.com/clientIO/joint,4,15,6,24,2,5,2,11,6,5,7,8,5,13,1,6,3,13,2,22,3,33,3,14,3,7,3,6,4,8,5,5,2,10,2,5,4,1,1,5,4,7,0,9,0,9,2,10,69388.0,62835.0,74553.0,69459.0,63408.0,71408.0,71507.0,79863.0,75799.0,70555.0,84656.0,84768.0,95316.0,91003.0,84567.0,89779.0,78787.0,74876.0,197490.0,112820.0,73281.0,72357.0,78288.0,85083.0,50,47,46,41,32,39,40,44,62,42,46,86,41,51,51,35,39,45,43,44,37,28,32,52,3,7,6,5,3,3,2,3,5,0,1,5,8,1,4,3,2,4,5,3,4,0,5,4,10.36,30,69,93
turf-intersect,2022-06-27,https://github.com/Turfjs/turf-intersect,0,0,0,0,0,0,0,0,0,0,0,0,0,0,0,0,0,0,0,0,0,0,0,0,0,0,0,0,0,0,0,0,0,0,0,0,0,0,0,0,0,0,0,0,0,0,0,0,48543.0,46771.0,52033.0,59036.0,64354.0,58018.0,43503.0,48568.0,55661.0,62513.0,57068.0,58086.0,50332.0,58210.0,58008.0,61653.0,62276.0,56572.0,63037.0,67568.0,78925.0,70543.0,77405.0,79672.0,0,0,1,0,1,0,0,0,0,0,0,0,1,0,1,0,0,0,0,0,0,0,0,0,0,0,0,0,0,0,0,0,0,0,0,0,0,0,0,0,0,0,0,0,0,0,0,0,8.08,6,18,40
@beemo/core,2022-08-16,https://github.com/beemojs/beemo,1,1,5,1,0,1,0,1,2,0,1,0,0,0,1,1,0,0,1,0,2,0,0,0,0,0,0,0,0,1,0,0,0,0,0,0,0,0,0,0,0,0,0,0,0,0,0,0,16030.0,13879.0,12890.0,16414.0,18134.0,17994.0,15110.0,21443.0,17702.0,14520.0,11838.0,14523.0,17431.0,17187.0,16607.0,13747.0,17430.0,14989.0,21914.0,18543.0,20295.0,20593.0,18863.0,17315.0,3,3,6,3,0,3,2,0,2,3,2,1,1,0,0,0,0,0,0,0,0,2,0,0,0,1,0,0,0,0,0,0,0,0,0,0,0,0,0,0,0,0,0,0,0,0,0,0,4.56,6,100,65
@types/mri,2024-02-26,https://github.com/DefinitelyTyped/DefinitelyTyped,13,332,13,287,6,290,10,206,5,221,15,249,11,238,13,308,16,267,9,411,14,242,16,325,7,304,10,181,5,138,5,188,5,175,8,180,4,288,8,241,5,211,7,167,10,220,6,247,60618.0,86798.0,77790.0,90058.0,71890.0,71765.0,70946.0,34760.0,39249.0,34669.0,33613.0,39620.0,32034.0,26900.0,26859.0,24689.0,31876.0,28422.0,24352.0,27463.0,30542.0,21086.0,24487.0,26323.0,405,470,389,320,333,305,339,328,279,288,275,304,311,251,241,266,252,243,213,235,279,199,170,238,203,180,154,118,142,133,113,136,127,119,84,130,117,109,90,108,124,82,107,108,107,82,93,98,6.51,30,7,110
tar.gz,2022-06-27,https://github.com/alanhoff/node-tar.gz,0,0,0,0,0,0,0,0,0,0,0,0,0,0,0,0,0,0,0,0,0,0,0,0,0,0,0,0,0,0,0,0,0,0,0,0,0,0,0,0,0,0,0,0,0,0,0,0,51507.0,38542.0,35990.0,35286.0,34598.0,35391.0,30413.0,30228.0,35363.0,39693.0,35760.0,39649.0,32521.0,34843.0,37216.0,36001.0,34319.0,26748.0,26492.0,25257.0,26071.0,35205.0,33694.0,24441.0,0,0,0,0,0,0,1,0,0,0,0,0,0,0,0,0,0,0,0,0,0,0,0,0,0,0,0,0,0,0,0,0,0,0,0,0,0,0,0,1,1,0,0,0,0,0,0,0,9.56,9,10,302
tsparticles-updater-tilt,2023-12-07,https://github.com/matteobruni/tsparticles,0,0,0,0,0,0,0,0,0,0,0,0,0,0,0,0,0,0,0,0,0,0,0,0,0,0,0,0,0,0,0,0,0,0,0,0,0,0,0,0,0,0,0,0,0,0,0,0,69126.0,126104.0,1295697.0,826508.0,260661.0,145960.0,158411.0,159847.0,174319.0,344775.0,184999.0,157637.0,152858.0,154709.0,136274.0,131741.0,127253.0,113982.0,118309.0,108226.0,110047.0,117511.0,109618.0,93535.0,175,167,196,213,115,107,124,131,90,98,95,99,110,86,475,152,157,111,105,98,106,83,95,99,31,22,12,24,8,16,15,19,15,6,6,11,14,9,18,17,15,11,11,9,13,7,12,11,2.17,30,45,8
apollo-server-cache-redis,2022-11-17,https://github.com/apollographql/apollo-server,12,43,15,41,47,44,16,70,19,91,18,78,21,106,18,96,17,93,13,98,20,79,23,100,15,39,12,50,16,44,12,60,10,40,5,35,5,22,11,34,5,28,9,21,8,17,5,14,218446.0,207993.0,238460.0,268928.0,295406.0,257021.0,303886.0,311372.0,289744.0,343559.0,325412.0,326471.0,225060.0,253692.0,244685.0,284596.0,192192.0,219378.0,213504.0,180163.0,193770.0,183588.0,211025.0,180598.0,89,108,101,98,88,100,114,66,87,71,69,79,62,68,73,81,61,35,49,42,38,49,41,35,15,17,19,13,23,16,12,17,6,7,9,14,10,15,14,16,7,12,10,7,8,8,2,7,4.33,30,70,33
tsparticles-updater-roll,2023-12-07,https://github.com/matteobruni/tsparticles,0,0,0,0,0,0,0,0,0,0,0,0,0,0,0,0,0,0,0,0,0,0,0,0,0,0,0,0,0,0,0,0,0,0,0,0,0,0,0,0,0,0,0,0,0,0,0,0,69176.0,126120.0,1295669.0,826259.0,260098.0,145509.0,157712.0,159243.0,173586.0,344395.0,184054.0,156622.0,152026.0,153597.0,135241.0,130660.0,125955.0,112909.0,117524.0,107686.0,109281.0,116435.0,108902.0,93004.0,175,167,196,213,115,107,124,131,90,98,95,99,110,86,475,152,157,111,105,98,106,83,95,99,31,22,12,24,8,16,15,19,15,6,6,11,14,9,18,17,15,11,11,9,13,7,12,11,2.17,30,45,8
serverless-layers,2024-06-14,https://github.com/agutoli/serverless-layers,0,0,1,0,1,0,2,0,2,1,1,1,0,1,1,0,2,0,5,7,2,0,0,0,0,0,0,0,0,0,0,0,0,0,0,0,0,0,0,0,0,0,0,0,0,0,0,0,103693.0,106478.0,92588.0,84451.0,92182.0,86171.0,84733.0,89499.0,84209.0,101497.0,104953.0,110258.0,104239.0,112375.0,103692.0,103362.0,94233.0,90477.0,104957.0,101805.0,101434.0,102715.0,95924.0,94076.0,1,0,1,2,0,0,1,0,0,1,2,4,1,0,0,0,1,0,0,0,0,0,0,0,1,1,0,0,1,1,1,0,0,1,0,0,0,1,0,0,0,0,0,0,0,0,0,0,5.33,19,68,7
fontsource-roboto,2022-05-02,https://github.com/fontsource/fontsource,15,34,9,18,7,19,8,16,6,30,9,23,5,6,2,6,8,1,9,16,7,13,5,15,8,1,4,5,10,21,16,6,5,7,2,9,1,4,3,1,7,1,8,13,4,0,2,2,93729.0,91972.0,85274.0,82624.0,85467.0,82280.0,84888.0,66743.0,68553.0,72154.0,77445.0,65703.0,60314.0,58757.0,64974.0,60713.0,62045.0,66647.0,56196.0,59108.0,58534.0,58741.0,48838.0,53625.0,115,115,94,102,122,83,137,98,87,175,128,111,96,130,95,127,124,105,83,105,85,94,73,81,3,5,2,2,1,4,3,1,6,7,7,4,3,4,8,7,4,3,5,4,5,8,1,5,1.95,30,11,82
asciidoctor.js,2022-06-13,https://github.com/asciidoctor/asciidoctor.js,2,26,5,35,1,25,2,18,0,26,4,21,4,36,2,46,4,38,0,26,0,3,1,0,0,0,2,4,2,7,2,4,3,4,0,1,1,10,2,1,2,1,2,4,3,2,3,0,128520.0,151416.0,207695.0,246689.0,333170.0,230527.0,167560.0,129713.0,119105.0,133208.0,116882.0,220359.0,168714.0,214124.0,185051.0,157930.0,100928.0,82865.0,80489.0,83881.0,85551.0,80712.0,81393.0,76538.0,4,5,7,5,6,6,8,8,5,10,8,4,4,6,5,5,4,5,8,5,6,6,4,4,4,2,1,2,1,1,2,0,0,1,1,0,1,0,0,0,0,0,2,1,0,0,1,0,7.87,29,32,103
@material/mwc-ripple,2024-04-04,https://github.com/material-components/material-components-web-components,0,0,0,0,0,0,0,0,0,0,0,0,0,0,0,0,0,0,0,0,0,0,0,0,0,0,0,0,0,0,0,0,0,0,0,0,0,0,0,0,0,0,0,0,0,0,0,0,97857.0,122478.0,123175.0,127829.0,125852.0,105902.0,117514.0,92853.0,88670.0,102976.0,94574.0,91743.0,86055.0,78464.0,75703.0,82422.0,85585.0,93561.0,74738.0,65588.0,85685.0,76337.0,76376.0,83086.0,231,289,257,344,299,302,341,266,159,167,168,216,140,150,144,102,151,88,97,100,78,79,127,93,15,23,13,15,14,15,23,15,17,20,12,15,15,15,13,10,18,15,11,9,9,11,11,11,5.91,30,723,68
@web3-js/scrypt-shim,2023-02-27,https://github.com/web3-js/scrypt-shim,0,0,0,0,0,0,0,0,0,0,0,0,0,0,0,0,0,0,0,0,0,0,0,0,0,0,0,0,0,0,0,2,0,0,0,0,0,0,0,0,0,0,0,0,0,0,0,0,55642.0,56348.0,50324.0,46990.0,44998.0,43244.0,53225.0,49043.0,53858.0,34103.0,29530.0,31234.0,38878.0,28900.0,28914.0,25561.0,21109.0,17910.0,17867.0,14459.0,11049.0,10013.0,10746.0,11179.0,0,0,1,0,0,0,0,0,0,0,0,0,0,0,0,0,0,0,0,0,0,0,0,0,0,0,0,0,0,0,0,0,0,0,0,0,0,0,0,0,0,0,0,0,0,0,0,0,3.33,2,1,21
react-instantsearch-native,2023-10-18,https://github.com/algolia/instantsearch.js,0,0,0,0,0,0,0,0,0,0,0,0,0,0,0,0,0,0,0,0,0,0,0,0,0,0,0,0,0,0,0,0,0,0,0,0,0,0,0,0,0,0,0,0,0,0,0,0,82442.0,80484.0,66840.0,73999.0,72401.0,89180.0,66167.0,69909.0,69635.0,61747.0,58708.0,56318.0,49664.0,75201.0,86228.0,95171.0,82327.0,48876.0,50927.0,47375.0,59707.0,49537.0,48819.0,49070.0,20,16,29,34,53,47,40,41,33,22,36,43,22,28,32,33,18,21,30,35,28,39,29,34,1,2,4,7,9,9,8,5,4,4,3,6,5,0,6,8,3,2,3,4,5,9,3,3,5.37,30,92,5
formik-material-ui,2022-06-18,https://github.com/stackworx/formik-material-ui,0,0,0,0,0,0,0,0,0,0,0,0,0,0,0,0,0,0,0,0,0,0,0,0,0,0,0,0,0,0,0,0,0,0,0,0,0,0,0,0,0,0,0,0,0,0,0,0,255413.0,252531.0,224623.0,236240.0,232729.0,232182.0,200275.0,209105.0,208409.0,222407.0,187771.0,180626.0,184037.0,191969.0,185148.0,161964.0,163494.0,136050.0,163510.0,171353.0,265159.0,261101.0,151647.0,173589.0,9,10,13,13,12,12,12,7,16,10,7,4,8,7,7,5,1,7,7,5,3,8,5,1,0,2,2,5,2,3,0,1,0,2,1,1,2,1,1,0,2,0,0,1,1,0,0,0,4.06,30,34,56
node-sass-chokidar,2022-06-30,https://github.com/michaelwayman/node-sass-chokidar,0,0,0,1,0,0,0,0,0,0,0,0,0,0,0,2,1,0,0,0,1,0,0,0,1,0,0,0,0,0,0,0,0,0,0,1,0,2,0,1,0,0,0,0,0,0,0,0,252210.0,226766.0,228370.0,241015.0,222255.0,210752.0,178692.0,174093.0,173393.0,208501.0,182544.0,171219.0,154952.0,173608.0,158889.0,153178.0,146059.0,125012.0,130933.0,110877.0,117566.0,87751.0,95640.0,85368.0,0,1,1,1,0,0,0,0,0,0,0,0,0,0,0,0,0,0,0,0,0,0,0,1,0,0,0,0,0,0,0,0,0,1,0,0,0,0,0,0,0,0,0,0,0,0,0,0,5.2,14,20,717
react-s-alert,2022-06-26,https://github.com/juliancwirko/react-s-alert,0,0,0,0,0,0,0,0,0,0,0,0,0,0,0,0,0,0,0,0,0,0,0,0,0,0,0,0,0,0,0,0,0,0,0,0,0,0,0,0,0,0,0,0,0,0,0,0,181518.0,172581.0,184441.0,198826.0,207254.0,167560.0,147943.0,155289.0,175528.0,190906.0,161911.0,154369.0,144171.0,174883.0,167747.0,152828.0,171860.0,153582.0,157874.0,148992.0,146666.0,114190.0,131107.0,132293.0,0,0,1,0,0,0,0,1,0,0,0,0,0,2,0,0,0,0,0,0,0,1,1,0,0,0,0,0,0,0,0,0,0,1,0,0,0,0,1,0,0,0,0,0,0,0,0,0,6.48,10,17,78
merge-graphql-schemas,2022-06-19,https://github.com/Urigo/merge-graphql-schemas,0,0,0,0,0,0,0,0,0,0,1,0,0,0,0,0,0,0,0,0,0,0,0,0,0,0,0,0,0,0,0,0,0,0,0,0,0,0,0,0,0,0,0,0,0,0,0,0,292070.0,279755.0,276406.0,292750.0,294461.0,321677.0,273748.0,222178.0,203572.0,229979.0,217118.0,235259.0,196609.0,209019.0,188465.0,191996.0,175246.0,146718.0,161388.0,151581.0,174304.0,125049.0,143477.0,133090.0,0,1,0,0,2,1,0,1,2,3,0,0,1,0,0,1,1,1,0,0,0,0,0,0,0,0,0,0,0,0,0,0,0,0,0,0,0,0,0,0,0,0,0,0,0,0,0,1,5.27,30,270,246
tinyurl,2022-06-27,https://github.com/JeffResc/TinyURL-Node.js,0,0,0,0,0,0,0,0,1,0,2,0,0,0,0,0,0,0,0,0,0,0,0,0,0,0,0,0,0,0,0,0,0,0,0,0,0,0,0,0,0,0,0,0,0,0,0,0,57800.0,76771.0,96713.0,97355.0,89102.0,85851.0,67909.0,65724.0,67269.0,69302.0,57574.0,54326.0,59547.0,69585.0,63047.0,63356.0,67418.0,55467.0,68650.0,73088.0,85712.0,86699.0,92815.0,92364.0,0,1,1,1,0,0,0,0,0,0,0,0,0,0,0,2,0,0,0,0,0,0,0,0,0,0,0,0,0,0,0,0,0,0,0,0,0,0,0,0,0,0,0,0,0,0,0,0,7.01,8,17,64
react-native-testing-library,2023-03-20,https://github.com/callstack/react-native-testing-library,3,13,8,14,6,10,10,5,4,24,8,54,12,48,16,36,6,29,5,21,6,21,14,38,9,15,4,9,4,3,4,10,15,30,6,21,3,4,5,14,4,7,3,5,6,3,4,7,135177.0,110177.0,98221.0,102369.0,88144.0,92755.0,82184.0,81091.0,111445.0,73210.0,86345.0,90270.0,77781.0,71706.0,72293.0,61509.0,69681.0,62477.0,70189.0,55116.0,45994.0,53034.0,52429.0,46910.0,36,29,44,46,45,33,39,30,31,25,41,36,22,16,21,23,23,11,22,25,23,25,19,18,2,6,8,2,4,5,6,6,2,1,2,0,2,1,0,6,8,6,1,2,2,3,1,2,4.46,30,40,193
@ag-grid-community/all-modules,2022-07-22,https://github.com/ag-grid/ag-grid,37,6,39,2,43,2,43,7,52,10,35,2,45,2,50,3,49,63,31,38,43,40,41,40,41,37,51,65,45,56,40,59,38,50,58,113,56,82,79,78,62,69,69,84,85,48,49,34,254968.0,272888.0,281900.0,281369.0,288309.0,252487.0,292744.0,319007.0,380521.0,331682.0,331668.0,349680.0,354136.0,348673.0,313702.0,306632.0,257395.0,283746.0,261046.0,297382.0,238850.0,262661.0,257364.0,241347.0,77,122,85,88,95,74,96,98,109,120,414,116,109,103,121,93,74,86,158,129,124,130,316,146,16,17,11,18,22,12,25,18,14,17,16,22,15,21,13,12,10,10,17,18,15,13,21,17,2.71,30,28,52
geojson-area,2022-09-20,https://github.com/mapbox/geojson-area,0,0,0,0,0,0,0,0,0,0,0,0,0,0,0,0,0,0,0,0,0,0,0,0,0,0,0,0,0,0,0,0,0,0,0,0,0,0,0,0,0,0,0,0,0,0,0,0,88128.0,102677.0,96727.0,79104.0,66610.0,71240.0,81904.0,69229.0,66904.0,61103.0,60205.0,71424.0,69297.0,70757.0,63717.0,72236.0,73754.0,83786.0,78467.0,84334.0,90766.0,78526.0,78184.0,72547.0,1,2,0,2,0,2,2,1,0,0,1,0,4,0,0,1,0,0,0,0,0,0,0,0,0,0,0,0,0,0,1,0,0,0,1,1,0,0,0,0,0,0,0,0,0,0,0,0,8.77,3,4,24
clickhouse,2022-08-25,https://github.com/TimonKK/clickhouse,2,2,1,2,1,0,1,1,3,1,4,2,1,1,1,0,3,1,3,1,1,1,1,2,3,0,1,1,1,0,0,0,0,0,0,0,1,0,0,0,0,0,4,0,0,0,0,0,25487.0,23900.0,23836.0,27166.0,27432.0,30508.0,33724.0,37060.0,31770.0,30524.0,37085.0,48866.0,65636.0,66769.0,70732.0,61716.0,62956.0,68545.0,83442.0,69111.0,71357.0,84535.0,81087.0,80889.0,6,3,5,4,8,2,5,6,8,5,3,9,4,2,1,1,1,1,2,1,4,3,1,1,2,2,0,0,3,5,3,3,1,2,2,2,0,3,1,0,0,0,0,2,0,0,0,1,6.17,26,57,63
@web3-js/websocket,2023-02-27,https://github.com/web3-js/WebSocket-Node,0,0,0,0,0,0,0,0,0,0,0,0,0,0,0,0,0,0,0,0,0,0,0,0,0,0,0,0,0,0,0,0,0,0,0,0,0,0,0,0,0,0,0,0,0,0,0,0,52708.0,52285.0,47325.0,43795.0,41918.0,39670.0,49256.0,45348.0,50314.0,30504.0,26427.0,27629.0,35985.0,25289.0,24129.0,21036.0,16774.0,14925.0,15244.0,11480.0,8593.0,8191.0,8835.0,9502.0,0,0,1,0,0,0,0,0,0,0,0,0,0,0,0,0,0,0,0,0,0,0,0,0,0,0,0,0,0,0,0,0,0,0,0,0,0,1,0,0,0,0,1,0,0,0,0,0,3.33,0,2,12
tsparticles-plugin-absorbers,2023-12-07,https://github.com/matteobruni/tsparticles,0,0,0,0,0,0,0,0,0,0,0,0,0,0,0,0,0,0,0,0,0,0,0,0,0,0,0,0,0,0,0,0,0,0,0,0,0,0,0,0,0,0,0,0,0,0,0,0,63276.0,115936.0,817106.0,462520.0,179095.0,131832.0,142509.0,145776.0,156243.0,236402.0,154161.0,128368.0,121509.0,123532.0,107368.0,103206.0,102492.0,92177.0,94186.0,84943.0,84337.0,97348.0,93447.0,79770.0,175,167,196,213,115,107,124,131,90,98,95,99,110,86,475,152,157,111,105,98,106,83,95,99,31,22,12,24,8,16,15,19,15,6,6,11,14,9,18,17,15,11,11,9,13,7,12,11,2.87,30,54,6
tsparticles-interaction-external-trail,2023-12-07,https://github.com/matteobruni/tsparticles,0,0,0,0,0,0,0,0,0,0,0,0,0,0,0,0,0,0,0,0,0,0,0,0,0,0,0,0,0,0,0,0,0,0,0,0,0,0,0,0,0,0,0,0,0,0,0,0,63438.0,115928.0,817090.0,462421.0,178995.0,131872.0,142358.0,145755.0,156325.0,236512.0,154172.0,128442.0,121591.0,123636.0,107266.0,103183.0,102483.0,92125.0,94062.0,85007.0,84505.0,97367.0,93312.0,80065.0,175,167,196,213,115,107,124,131,90,98,95,99,110,86,475,152,157,111,105,98,106,83,95,99,31,22,12,24,8,16,15,19,15,6,6,11,14,9,18,17,15,11,11,9,13,7,12,11,2.87,30,53,6
@react-native-community/viewpager,2022-05-12,https://github.com/callstack/react-native-viewpager,0,0,0,0,0,0,0,0,0,0,0,0,0,0,0,0,0,0,0,0,0,0,0,0,0,0,0,0,0,0,0,0,0,0,0,0,0,0,0,0,0,0,0,0,0,0,0,0,210373.0,218784.0,207088.0,202905.0,206036.0,193839.0,186299.0,165672.0,164340.0,157292.0,191167.0,158921.0,154326.0,134805.0,167649.0,150629.0,146350.0,156293.0,128000.0,140659.0,118528.0,121158.0,100304.0,110056.0,43,59,41,53,67,60,47,42,41,39,47,40,39,34,42,53,41,35,33,34,55,34,31,36,15,5,13,4,10,10,10,12,7,9,11,10,5,7,3,8,5,4,1,5,10,2,4,3,3.24,30,45,166
tsparticles-updater-twinkle,2023-12-07,https://github.com/matteobruni/tsparticles,0,0,0,0,0,0,0,0,0,0,0,0,0,0,0,0,0,0,0,0,0,0,0,0,0,0,0,0,0,0,0,0,0,0,0,0,0,0,0,0,0,0,0,0,0,0,0,0,63159.0,117654.0,816985.0,462400.0,178748.0,131827.0,141958.0,145496.0,156198.0,236349.0,154117.0,128366.0,121469.0,123547.0,107157.0,103126.0,102308.0,92038.0,94045.0,84811.0,84166.0,97213.0,93219.0,79665.0,175,167,196,213,115,107,124,131,90,98,95,99,110,86,475,152,157,111,105,98,106,83,95,99,31,22,12,24,8,16,15,19,15,6,6,11,14,9,18,17,15,11,11,9,13,7,12,11,1.67,30,35,5
@beemo/cli,2022-08-16,https://github.com/beemojs/beemo,1,1,5,1,0,1,0,1,2,0,1,0,0,0,1,1,0,0,1,0,2,0,0,0,0,0,0,0,0,1,0,0,0,0,0,0,0,0,0,0,0,0,0,0,0,0,0,0,13839.0,11424.0,9808.0,13779.0,11244.0,12904.0,12119.0,17490.0,14196.0,10709.0,9771.0,11768.0,15124.0,15516.0,14746.0,11521.0,14881.0,12427.0,17130.0,15111.0,15891.0,16665.0,13103.0,12440.0,3,3,6,3,0,3,2,0,2,3,2,1,1,0,0,0,0,0,0,0,0,2,0,0,0,1,0,0,0,0,0,0,0,0,0,0,0,0,0,0,0,0,0,0,0,0,0,0,4.55,6,67,28
bossy,2023-12-01,https://github.com/hapijs/bossy,0,0,0,0,0,1,0,0,0,0,0,0,0,0,0,0,0,0,0,0,0,0,0,0,0,0,0,0,0,0,0,0,0,0,0,0,0,0,0,0,0,0,0,0,0,0,0,1,85924.0,65229.0,58478.0,58756.0,40368.0,40392.0,46392.0,49233.0,56443.0,65874.0,48072.0,40345.0,50029.0,38849.0,36795.0,38035.0,45468.0,47344.0,44476.0,31473.0,35871.0,37712.0,41994.0,35904.0,0,0,0,0,0,0,0,0,0,0,0,0,0,0,0,0,0,0,0,0,0,0,0,0,0,0,0,0,0,0,0,0,0,0,0,0,0,0,0,0,0,0,0,0,0,0,0,1,9.22,17,17,42
agora-access-token,2023-03-15,https://github.com/AgoraIO/Tools,3,2,2,3,1,3,1,2,1,7,8,15,1,11,1,5,3,7,2,7,2,5,1,1,3,0,2,1,0,4,2,6,0,0,0,1,1,1,1,1,3,2,0,1,0,1,2,0,92180.0,76757.0,81493.0,88143.0,76738.0,85508.0,79951.0,73484.0,70649.0,66092.0,74603.0,82527.0,79863.0,79321.0,74308.0,71116.0,71728.0,64996.0,69537.0,57604.0,56032.0,68041.0,64848.0,67965.0,3,7,10,2,5,9,9,9,6,6,6,2,7,4,2,4,3,4,4,5,2,3,1,4,14,18,8,9,8,11,8,11,16,8,5,7,5,7,2,2,2,1,3,3,3,2,0,1,4.03,30,10,15
azure-sb,2023-05-08,https://github.com/Azure/azure-sdk-for-node,0,1,2,0,0,1,2,1,1,1,0,0,0,0,0,0,0,0,0,0,0,0,3,0,0,0,0,0,0,0,0,0,0,0,0,0,0,0,0,0,0,0,0,0,0,0,0,0,74016.0,73192.0,65524.0,63073.0,54760.0,58083.0,51717.0,48891.0,61918.0,56994.0,73517.0,65935.0,66663.0,74327.0,73419.0,76201.0,79463.0,71710.0,71638.0,77197.0,75423.0,76950.0,73239.0,77169.0,2,2,1,2,2,1,4,0,3,1,5,1,0,2,0,0,0,0,0,0,1,1,0,1,1,0,0,0,0,0,0,0,0,1,0,0,0,0,0,0,1,1,0,0,0,0,0,0,8.77,30,18,59
turf,2022-07-13,https://github.com/turfjs/turf,14,10,8,25,9,1,7,3,9,3,6,6,8,6,5,0,11,5,3,2,6,3,9,2,6,1,7,1,10,5,8,7,7,4,4,1,5,4,12,4,8,1,9,3,6,0,10,5,43269.0,46407.0,50676.0,55151.0,49257.0,39548.0,45161.0,53745.0,63425.0,58344.0,59610.0,53023.0,64125.0,53550.0,58046.0,53662.0,49906.0,54542.0,58935.0,68107.0,63023.0,70529.0,82347.0,64784.0,148,97,70,75,55,102,76,62,73,92,60,118,71,70,64,95,79,83,95,82,83,61,84,82,12,6,7,5,10,12,7,9,4,5,6,7,9,3,6,12,4,3,8,10,4,7,3,8,8.7,30,122,189
@sendinblue/client,2023-08-17,https://github.com/sendinblue/APIv3-typescript-library,2,1,1,0,0,0,3,1,0,1,0,0,1,1,1,1,2,0,0,0,0,0,2,1,0,0,0,0,0,0,0,0,0,0,0,0,0,0,0,0,0,0,0,0,0,0,0,0,27246.0,28390.0,29749.0,36292.0,34799.0,43993.0,43598.0,50219.0,48590.0,61461.0,63292.0,64181.0,138188.0,64040.0,53963.0,43039.0,54950.0,50739.0,48112.0,47869.0,47954.0,46868.0,53390.0,45749.0,0,0,0,1,1,1,5,2,0,1,1,0,1,2,1,0,0,0,0,0,1,0,0,0,0,0,0,1,0,0,0,3,0,0,1,1,0,0,0,0,0,0,0,0,0,0,0,0,2.02,4,8,6
redux-devtools-dock-monitor,2022-06-26,https://github.com/reduxjs/redux-devtools,3,13,1,3,6,96,2,48,4,42,5,20,6,15,23,36,10,14,6,18,5,17,3,28,7,3,3,13,3,6,1,32,3,13,8,18,7,18,3,15,5,16,7,12,2,12,3,9,173924.0,157521.0,180429.0,180489.0,155969.0,157851.0,137805.0,139471.0,146001.0,164509.0,151273.0,150125.0,126646.0,122162.0,116659.0,118731.0,136883.0,116492.0,119764.0,111239.0,134866.0,118568.0,110583.0,101327.0,52,37,53,37,50,44,36,156,97,91,124,101,86,60,68,83,72,54,68,72,68,51,47,55,3,2,6,3,1,3,4,10,14,15,13,13,12,9,13,12,10,6,15,10,11,12,13,11,6.69,30,11,524
geojson-normalize,2022-09-20,https://github.com/mapbox/geojson-normalize,0,0,0,0,0,0,0,0,0,0,0,0,0,0,0,0,0,0,0,0,0,0,0,0,0,0,0,0,0,0,0,0,0,0,0,0,0,0,0,0,0,0,0,0,0,0,0,0,69487.0,75900.0,67560.0,54575.0,60998.0,65198.0,75759.0,67725.0,69490.0,61210.0,58331.0,66122.0,64863.0,55835.0,52694.0,57638.0,61093.0,70760.0,64842.0,71261.0,76736.0,66391.0,67110.0,62494.0,0,0,1,0,0,0,0,2,0,0,0,2,0,0,0,0,0,0,0,0,0,0,0,0,0,0,0,0,0,0,0,0,0,0,0,1,0,0,0,0,0,0,0,0,0,0,0,0,8.43,1,2,37
array.prototype.flatten,2022-04-11,https://github.com/es-shims/Array.prototype.flatten,0,0,0,0,0,0,0,0,0,0,0,0,0,0,0,0,0,0,0,0,0,0,0,0,0,0,0,0,0,0,0,0,0,0,0,0,0,0,0,0,0,0,0,0,0,0,0,0,91812.0,77855.0,80159.0,75935.0,83677.0,75626.0,74908.0,76533.0,64312.0,58873.0,60805.0,74295.0,63463.0,53363.0,44167.0,51063.0,45372.0,54100.0,50014.0,35494.0,38547.0,40189.0,45024.0,36876.0,0,0,0,0,0,0,0,0,0,0,0,0,1,1,0,0,0,0,0,1,0,0,0,0,0,0,0,0,0,0,0,0,0,0,0,1,0,0,0,0,0,0,0,0,0,0,0,0,4.52,3,6,10
koa-views,2023-06-09,https://github.com/queckezz/koa-views,0,1,0,0,0,0,0,0,0,0,0,0,0,1,0,3,0,0,0,1,0,0,0,0,0,0,0,0,0,0,0,0,0,0,0,0,0,0,0,0,0,0,0,0,0,0,0,0,82104.0,80859.0,100267.0,97639.0,99033.0,105102.0,94687.0,101592.0,106889.0,125174.0,103782.0,120298.0,106762.0,111181.0,95838.0,114401.0,101817.0,100104.0,124677.0,137024.0,144450.0,141119.0,122437.0,111155.0,2,2,1,1,3,2,0,0,1,3,0,1,0,1,0,1,0,1,0,0,0,1,0,0,0,0,0,0,0,0,0,0,0,0,0,0,0,0,0,0,0,1,0,0,0,0,0,0,9.31,30,43,535
redux-devtools-log-monitor,2022-06-26,https://github.com/reduxjs/redux-devtools,3,13,1,3,6,96,2,48,4,42,5,20,6,15,23,36,10,14,6,18,5,17,3,28,7,3,3,13,3,6,1,32,3,13,8,18,7,18,3,15,5,16,7,12,2,12,3,9,178644.0,163290.0,186829.0,186943.0,160326.0,162201.0,142090.0,143778.0,149780.0,169381.0,151117.0,149371.0,130035.0,124211.0,120504.0,123055.0,140521.0,118637.0,122487.0,114233.0,137260.0,120967.0,111548.0,102296.0,52,37,53,37,50,44,36,156,97,91,124,101,86,60,68,83,72,54,68,72,68,51,47,55,3,2,6,3,1,3,4,10,14,15,13,13,12,9,13,12,10,6,15,10,11,12,13,11,6.75,30,33,506
vscode-vue-languageservice,2022-05-23,https://github.com/johnsoncodehk/volar,0,0,0,0,0,0,0,0,0,0,0,0,0,0,0,0,0,0,0,0,0,0,0,0,0,0,0,0,0,0,0,0,0,0,0,0,0,0,0,0,0,0,0,0,0,0,0,0,15086.0,33297.0,46195.0,85672.0,121858.0,147801.0,181405.0,205761.0,259120.0,358863.0,421753.0,310225.0,290563.0,240683.0,251594.0,210734.0,212120.0,216977.0,152400.0,144223.0,130558.0,123150.0,99540.0,103723.0,119,92,109,252,191,179,187,131,154,188,194,211,147,142,134,141,222,116,90,83,117,50,105,109,5,3,1,6,6,8,6,8,3,8,14,11,7,16,6,7,20,7,11,13,9,8,11,11,1.06,30,119,6
@types/iconv-lite,2022-06-13,https://github.com/DefinitelyTyped/DefinitelyTyped,37,541,24,490,26,504,20,450,14,662,17,408,18,365,25,453,21,401,19,452,16,420,23,342,21,380,18,396,21,335,25,389,12,388,13,267,5,251,12,320,15,344,10,309,7,258,10,197,46591.0,49155.0,52912.0,47552.0,40833.0,48394.0,45606.0,39313.0,38579.0,44019.0,37518.0,45786.0,42863.0,48729.0,45551.0,45141.0,55945.0,50360.0,41216.0,34985.0,36694.0,31727.0,37048.0,31747.0,666,429,413,506,463,419,368,424,372,403,465,507,416,441,419,412,415,375,435,442,417,459,385,332,248,238,260,238,265,254,202,235,229,226,238,202,207,209,195,217,207,181,164,201,193,178,146,126,5.69,30,1,92
tsparticles-updater-destroy,2023-12-07,https://github.com/matteobruni/tsparticles,0,0,0,0,0,0,0,0,0,0,0,0,0,0,0,0,0,0,0,0,0,0,0,0,0,0,0,0,0,0,0,0,0,0,0,0,0,0,0,0,0,0,0,0,0,0,0,0,54217.0,106983.0,1279788.0,800312.0,239242.0,125219.0,134639.0,138274.0,148025.0,312979.0,145760.0,123443.0,115632.0,117801.0,102606.0,98953.0,98337.0,88968.0,89641.0,80910.0,80338.0,91558.0,88682.0,76199.0,175,167,196,213,115,107,124,131,90,98,95,99,110,86,475,152,157,111,105,98,106,83,95,99,31,22,12,24,8,16,15,19,15,6,6,11,14,9,18,17,15,11,11,9,13,7,12,11,1.24,30,22,8
vscode-typescript-languageservice,2022-05-23,https://github.com/johnsoncodehk/volar,0,0,0,0,0,0,0,0,0,0,0,0,0,0,0,0,0,0,0,0,0,0,0,0,0,0,0,0,0,0,0,0,0,0,0,0,0,0,0,0,0,0,0,0,0,0,0,0,14641.0,33223.0,45899.0,85619.0,120180.0,144071.0,180796.0,205264.0,258595.0,358433.0,420878.0,310382.0,290088.0,240870.0,251256.0,210847.0,212018.0,216494.0,152144.0,144182.0,130356.0,122690.0,99481.0,103657.0,119,92,109,252,191,179,187,131,154,188,194,211,147,142,134,141,222,116,90,83,117,50,105,109,5,3,1,6,6,8,6,8,3,8,14,11,7,16,6,7,20,7,11,13,9,8,11,11,1.06,30,98,11
vscode-pug-languageservice,2022-05-23,https://github.com/johnsoncodehk/volar,0,0,0,0,0,0,0,0,0,0,0,0,0,0,0,0,0,0,0,0,0,0,0,0,0,0,0,0,0,0,0,0,0,0,0,0,0,0,0,0,0,0,0,0,0,0,0,0,14026.0,33161.0,45882.0,85635.0,118377.0,143369.0,180450.0,205125.0,258389.0,358220.0,420238.0,309528.0,290029.0,240298.0,251223.0,210496.0,211848.0,216372.0,151902.0,144059.0,129945.0,122646.0,99201.0,103262.0,119,92,109,252,191,179,187,131,154,188,194,211,147,142,134,141,222,116,90,83,117,50,105,109,5,3,1,6,6,8,6,8,3,8,14,11,7,16,6,7,20,7,11,13,9,8,11,11,1.06,30,93,4
html-webpack-include-assets-plugin,2022-06-18,https://github.com/jharris4/html-webpack-include-assets-plugin,0,0,0,0,0,0,0,0,0,0,0,0,0,0,0,0,0,0,0,0,0,0,0,0,0,0,0,0,0,0,0,0,0,0,0,0,0,0,0,0,0,0,0,0,0,0,0,0,105632.0,92257.0,93957.0,95930.0,96376.0,95829.0,76140.0,76043.0,70707.0,80259.0,69804.0,62260.0,69005.0,67207.0,58569.0,56973.0,60847.0,53337.0,54379.0,63274.0,63627.0,50192.0,54038.0,55728.0,3,0,1,1,1,2,0,2,3,3,1,1,1,1,1,4,1,1,3,1,0,1,1,1,0,0,0,0,0,0,0,0,0,0,0,0,0,0,0,1,0,0,0,0,0,1,0,0,5.4,12,20,367
@material/mwc-button,2024-04-04,https://github.com/material-components/material-components-web-components,0,0,0,0,0,0,0,0,0,0,0,0,0,0,0,0,0,0,0,0,0,0,0,0,0,0,0,0,0,0,0,0,0,0,0,0,0,0,0,0,0,0,0,0,0,0,0,0,83231.0,109028.0,110470.0,115997.0,110735.0,95437.0,98724.0,78029.0,73215.0,89681.0,80106.0,78120.0,76151.0,69100.0,65268.0,76844.0,76623.0,86280.0,65066.0,54527.0,76113.0,68383.0,66600.0,74577.0,231,289,257,344,299,302,341,266,159,167,168,216,140,150,144,102,151,88,97,100,78,79,127,93,15,23,13,15,14,15,23,15,17,20,12,15,15,15,13,10,18,15,11,9,9,11,11,11,5.91,30,720,250
@types/google-cloud__storage,2022-06-13,https://github.com/googleapis/nodejs-storage,5,14,2,14,12,45,15,44,7,56,9,23,2,10,6,27,10,23,10,18,22,43,22,53,7,7,11,33,13,11,11,10,2,8,7,10,5,4,9,11,7,8,8,8,7,9,10,12,212853.0,204120.0,205989.0,204401.0,183418.0,170659.0,139422.0,152942.0,165664.0,173031.0,180506.0,171801.0,148377.0,157324.0,144585.0,134818.0,139131.0,114221.0,115651.0,126325.0,147272.0,149240.0,231336.0,216324.0,9,12,6,8,7,2,8,3,10,12,8,10,10,11,11,8,7,12,6,15,6,12,11,9,5,3,1,5,3,4,6,0,5,6,2,2,5,7,2,4,2,6,1,3,5,3,1,3,5.11,30,15,44
typescript-tslint-plugin,2022-05-22,https://github.com/microsoft/typescript-tslint-plugin,0,0,0,0,0,0,0,2,0,0,0,0,0,0,0,0,0,0,0,1,0,0,0,0,0,0,0,0,0,0,0,0,0,0,0,0,0,0,0,0,0,0,0,0,0,2,0,0,202178.0,209242.0,187107.0,177982.0,176882.0,166444.0,169543.0,159072.0,169182.0,165100.0,180081.0,150252.0,136740.0,114863.0,136949.0,147474.0,148997.0,151711.0,121986.0,134366.0,127928.0,147428.0,119302.0,127444.0,0,3,0,2,0,0,1,1,0,0,0,0,1,0,0,0,1,0,0,0,0,0,1,0,2,1,0,0,0,1,0,0,0,0,0,0,0,0,0,0,0,0,0,0,0,0,0,0,3.59,23,24,906
nvm,2024-05-31,https://github.com/creationix/nvm,0,0,0,0,0,0,0,0,0,0,0,0,0,0,0,0,0,0,0,0,0,0,0,0,0,0,0,0,0,0,0,0,0,0,0,0,0,0,0,0,0,0,0,0,0,0,0,0,65113.0,62175.0,71291.0,69621.0,64120.0,67890.0,69977.0,67442.0,80258.0,74878.0,83333.0,77962.0,65007.0,67802.0,66760.0,69327.0,74432.0,72840.0,63442.0,63045.0,65528.0,102143.0,70246.0,67981.0,775,732,796,777,716,763,787,751,773,901,808,780,882,641,674,707,605,916,694,629,687,1211,629,637,63,59,69,65,57,56,79,72,68,83,55,56,94,54,64,60,64,63,57,92,93,290,160,149,11.87,30,5,100
vue-bootstrap-typeahead,2022-07-26,https://github.com/alexurquhart/vue-bootstrap-typeahead,0,0,0,0,0,0,2,0,1,0,1,0,0,0,0,1,0,0,0,0,0,0,0,0,0,0,0,0,0,0,0,0,0,0,0,0,0,0,0,0,0,0,0,0,0,0,0,0,45284.0,44197.0,60391.0,41196.0,41634.0,46811.0,46243.0,43126.0,42323.0,48082.0,44195.0,36210.0,34642.0,31537.0,30430.0,31457.0,26521.0,33674.0,33774.0,44770.0,42262.0,39228.0,44005.0,43400.0,3,0,0,1,1,1,0,0,0,2,0,0,1,0,0,1,0,0,0,0,0,0,0,1,0,0,0,0,0,2,1,0,0,0,1,1,0,0,0,1,0,0,1,0,0,0,0,0,3.92,4,9,9
@aws-cdk/aws-lambda-nodejs,2023-11-21,https://github.com/aws/aws-cdk,170,228,118,156,168,237,185,266,157,235,169,301,146,229,141,219,158,180,171,178,163,206,173,204,129,164,151,224,171,181,144,187,157,166,149,202,141,154,109,139,102,150,122,184,138,190,147,222,343018.0,331585.0,349801.0,319952.0,354340.0,321393.0,344811.0,273902.0,224369.0,101405.0,67589.0,80376.0,60718.0,66522.0,69291.0,52258.0,47592.0,43629.0,36736.0,42757.0,36881.0,37484.0,38261.0,39182.0,113,111,120,125,126,127,128,108,87,105,70,91,77,98,95,85,89,88,94,86,71,85,98,76,71,50,76,57,69,60,57,45,49,59,46,42,33,47,56,51,42,47,31,46,31,44,47,28,3.79,30,211,140
@tsconfig/esm,2023-10-07,https://github.com/tsconfig/bases,4,5,1,3,4,5,1,3,1,0,3,1,7,9,8,8,1,1,6,2,3,2,7,4,4,4,0,4,1,3,3,3,2,5,4,2,1,3,0,2,2,1,0,0,1,0,1,3,864.0,776.0,767.0,875.0,782.0,1703.0,12027.0,30276.0,50199.0,49503.0,60829.0,49397.0,62352.0,58174.0,81728.0,82926.0,75321.0,68860.0,66895.0,72937.0,75989.0,69414.0,64611.0,63163.0,122,107,138,110,144,169,172,153,103,87,213,281,125,112,175,131,119,201,139,139,121,101,127,79,6,3,10,6,7,2,6,8,1,2,4,11,8,5,3,4,5,7,7,2,3,6,1,1,1.64,30,6,177
react-geosuggest,2023-08-07,https://github.com/ubilabs/react-geosuggest,0,0,0,1,0,0,0,0,0,0,0,0,1,0,0,0,0,0,0,0,1,1,0,0,0,0,1,1,0,0,0,0,0,0,0,1,0,0,0,0,0,0,0,0,0,1,1,0,124500.0,119076.0,118297.0,116496.0,94768.0,113128.0,102796.0,113273.0,105981.0,117436.0,108656.0,99167.0,94893.0,104249.0,94926.0,58914.0,69097.0,68978.0,61871.0,64512.0,67569.0,57893.0,66540.0,57619.0,1,1,1,1,1,0,2,2,1,1,3,0,0,0,3,1,1,1,3,1,1,0,0,2,0,1,1,0,0,1,0,2,1,0,1,0,0,1,2,0,0,1,0,0,0,0,0,0,8.47,30,64,63
ink-box,2023-06-10,https://github.com/sindresorhus/ink-box,0,0,0,0,0,0,0,0,0,0,0,0,0,0,0,0,0,0,0,0,0,0,0,0,0,0,0,0,0,0,0,0,0,0,0,0,0,0,0,0,0,0,0,0,0,0,0,0,80678.0,79226.0,87561.0,84551.0,78728.0,70945.0,51600.0,54216.0,50991.0,49479.0,44306.0,43217.0,34383.0,33845.0,31362.0,32263.0,29014.0,33152.0,36996.0,32446.0,30813.0,29213.0,25104.0,22958.0,2,0,1,0,0,2,0,0,0,0,1,0,0,0,0,0,0,0,0,0,0,1,0,0,0,0,0,0,0,0,0,0,0,0,0,0,0,0,0,0,0,0,0,0,0,0,0,0,5.19,3,3,75
azure-arm-compute,2022-06-13,https://github.com/azure/azure-sdk-for-node,1,0,0,0,0,0,1,0,0,0,5,4,1,0,1,1,0,0,4,0,1,3,0,0,0,0,2,1,1,1,0,0,0,0,0,0,0,0,0,0,0,0,3,0,0,2,0,0,114701.0,110513.0,127547.0,141984.0,102535.0,66915.0,46379.0,50073.0,51452.0,66468.0,65000.0,80313.0,54092.0,45060.0,39501.0,46468.0,37851.0,38394.0,45130.0,58731.0,75181.0,67865.0,71174.0,76216.0,3,4,3,4,2,1,1,0,3,2,3,2,1,2,2,1,4,0,3,1,5,1,3,0,1,2,1,1,0,0,1,1,0,0,1,1,0,0,0,0,0,0,0,1,0,0,1,0,7.11,30,35,22
storybook-builder-vite,2022-05-18,https://github.com/storybookjs/builder-vite,4,2,29,15,12,5,10,0,11,4,22,11,21,11,8,11,21,13,27,17,19,15,27,24,12,8,23,17,13,3,7,6,6,3,7,1,8,1,5,3,7,3,5,0,3,1,2,0,750.0,6338.0,27336.0,34846.0,46318.0,55045.0,86497.0,93802.0,110718.0,192594.0,262235.0,242812.0,128908.0,87924.0,105134.0,91021.0,91855.0,77225.0,61755.0,57523.0,51769.0,48386.0,33616.0,33510.0,26,44,34,24,31,32,34,34,43,50,100,71,35,38,32,20,28,8,17,16,15,9,6,5,3,5,4,3,2,9,2,4,5,5,5,4,7,5,3,4,4,1,2,4,3,1,2,1,1.1,30,37,283
stimulus-reveal-controller,2024-03-22,https://github.com/stimulus-components/stimulus-reveal-controller,0,0,0,0,1,1,1,0,0,0,0,0,0,0,0,0,1,0,1,0,0,0,0,0,0,0,0,1,0,0,0,0,0,0,0,0,0,0,0,0,0,0,0,0,0,0,0,0,23264.0,23507.0,19698.0,23454.0,30218.0,37018.0,29958.0,32789.0,26009.0,28088.0,38580.0,36245.0,31697.0,25810.0,21972.0,27008.0,27583.0,21442.0,25384.0,22592.0,21781.0,24696.0,31884.0,47820.0,0,0,0,2,0,1,0,0,0,1,1,1,1,0,0,0,0,0,0,0,0,0,0,0,0,0,0,0,0,0,0,0,0,0,0,0,0,1,0,0,0,0,0,0,0,0,0,0,3.43,2,5,2
@google/markerclustererplus,2022-04-05,https://github.com/googlemaps/v3-utility-library,0,4,1,4,0,5,0,0,0,0,0,0,0,0,0,0,0,0,0,0,0,0,0,0,0,0,0,0,0,0,0,0,0,0,0,0,0,0,0,0,0,0,0,0,0,0,0,0,145409.0,151914.0,140341.0,126513.0,127458.0,140505.0,138600.0,145971.0,131896.0,140876.0,135133.0,157128.0,156242.0,150130.0,118924.0,150749.0,168241.0,170975.0,177416.0,148179.0,157849.0,153820.0,160602.0,134025.0,6,10,8,2,1,3,1,1,2,6,2,1,3,4,0,2,0,1,0,0,1,1,1,1,2,3,1,0,1,1,3,5,0,0,1,0,1,0,1,1,1,1,0,0,2,0,0,0,3.79,30,24,23
turf-distance,2022-06-27,https://github.com/Turfjs/turf-distance,0,0,0,0,0,0,0,0,0,0,0,0,0,0,0,0,0,0,0,0,0,0,0,0,0,0,0,0,0,0,0,0,0,0,0,0,0,0,0,0,0,0,0,0,0,0,0,0,48214.0,50103.0,52929.0,59229.0,60322.0,55222.0,43406.0,54064.0,56136.0,72541.0,79314.0,75802.0,58193.0,72170.0,69968.0,78005.0,85718.0,61560.0,71953.0,81150.0,80206.0,56739.0,65115.0,70103.0,0,0,0,0,1,0,0,1,0,0,0,2,0,0,1,0,0,0,0,0,0,0,0,0,0,0,0,0,0,0,0,1,0,0,0,0,0,0,0,0,0,0,0,0,0,0,0,0,8.23,9,16,52
@aws-cdk/aws-location,2023-11-21,https://github.com/aws/aws-cdk,170,228,118,156,168,237,185,266,157,235,169,301,146,229,141,219,158,180,171,178,163,206,173,204,129,164,151,224,171,181,144,187,157,166,149,202,141,154,109,139,102,150,122,184,138,190,147,222,118609.0,123132.0,124712.0,110155.0,121153.0,110412.0,107524.0,95231.0,97848.0,96964.0,87362.0,85368.0,190854.0,206209.0,198235.0,210670.0,201358.0,208648.0,93098.0,67600.0,59473.0,67102.0,69809.0,60185.0,113,111,120,125,126,127,128,108,87,105,70,91,77,98,95,85,89,88,94,86,71,85,98,76,71,50,76,57,69,60,57,45,49,59,46,42,33,47,56,51,42,47,31,46,31,44,47,28,2.44,30,109,9
cordova-plugin-whitelist,2023-01-06,https://github.com/apache/cordova-plugin-whitelist,0,0,0,0,0,0,0,0,0,0,0,0,0,0,0,0,0,0,0,0,0,0,0,0,0,0,0,0,0,0,0,0,0,0,0,0,0,0,0,0,0,0,0,0,0,0,0,0,265830.0,260207.0,293693.0,235427.0,232975.0,239450.0,198831.0,216195.0,206227.0,198618.0,184964.0,144838.0,138791.0,154771.0,130779.0,140769.0,132367.0,119770.0,126188.0,116172.0,98618.0,84923.0,72789.0,85768.0,0,2,0,1,0,0,1,1,1,2,0,1,0,0,0,0,0,0,0,0,0,0,0,0,1,0,0,1,1,1,0,3,0,1,0,1,1,0,0,0,0,0,0,0,0,0,0,0,7.77,30,13,233
draft-js-linkify-plugin,2022-06-15,https://github.com/draft-js-plugins/draft-js-plugins,6,54,7,55,6,43,6,52,3,60,2,38,4,51,7,57,9,50,11,44,5,58,4,49,2,33,6,32,2,34,5,31,4,27,2,28,1,27,4,17,5,25,3,30,2,29,0,28,51176.0,52093.0,57137.0,54664.0,53490.0,51074.0,45887.0,42856.0,43259.0,55197.0,49347.0,51510.0,59129.0,70221.0,65688.0,62530.0,63354.0,56610.0,62224.0,67578.0,91390.0,78677.0,101574.0,80254.0,11,21,24,25,16,19,12,10,14,14,15,11,9,5,12,7,7,7,2,8,9,8,11,4,8,4,4,3,5,8,5,5,6,8,9,9,7,11,8,7,5,10,5,6,4,3,3,7,6.23,30,28,61
@rari-capital/solmate,2022-07-19,https://github.com/Rari-Capital/solmate,0,0,0,0,0,0,0,0,0,0,0,0,0,0,0,0,0,0,0,0,0,0,0,0,0,0,0,0,0,0,0,0,0,0,0,0,0,0,0,0,0,0,0,0,0,0,0,0,522.0,448.0,160.0,418.0,452.0,657.0,3335.0,3279.0,5902.0,11691.0,19345.0,30101.0,20823.0,19028.0,19795.0,21679.0,19334.0,18221.0,17634.0,22498.0,21083.0,20195.0,16892.0,18136.0,31,19,16,56,68,491,299,143,174,157,269,136,152,129,108,101,76,71,86,101,84,87,53,60,3,2,2,5,6,38,27,27,27,34,36,25,31,23,22,13,14,13,17,17,7,11,16,13,1.0,30,34,113
turf-inside,2022-06-27,https://github.com/Turfjs/turf-inside,0,0,0,0,0,0,0,0,0,0,0,0,0,0,0,0,0,0,0,0,0,0,0,0,0,0,0,0,0,0,0,0,0,0,0,0,0,0,0,0,0,0,0,0,0,0,0,0,48701.0,47169.0,48920.0,52521.0,57775.0,52452.0,42196.0,45845.0,50126.0,58735.0,53455.0,54355.0,46850.0,55828.0,49274.0,54669.0,50302.0,51290.0,55049.0,56802.0,64483.0,59562.0,67048.0,72539.0,1,0,0,2,0,0,0,0,0,1,0,1,0,0,0,0,0,0,0,0,0,1,0,0,0,0,0,0,0,0,0,0,0,0,0,0,0,0,0,0,0,0,0,0,0,0,0,0,8.24,7,18,50
jira-connector,2022-06-19,https://github.com/floralvikings/jira-connector,0,0,0,0,0,0,0,0,0,0,0,0,0,0,0,0,0,0,0,0,0,0,0,0,0,0,0,0,0,0,0,0,0,0,0,0,0,0,0,0,0,0,0,0,0,0,0,0,90724.0,79232.0,71452.0,73931.0,80437.0,86555.0,78891.0,87927.0,82028.0,100962.0,91451.0,99269.0,91433.0,92688.0,97033.0,103479.0,111792.0,84713.0,97387.0,95488.0,114564.0,87626.0,99244.0,97121.0,2,0,1,1,1,0,1,1,0,0,3,0,0,0,0,0,0,1,0,0,0,1,0,0,3,1,1,0,1,0,0,1,0,0,2,0,0,0,1,0,0,0,0,0,0,0,3,0,7.45,30,47,69
code,2023-12-01,https://github.com/hapijs/code,0,1,0,0,1,1,0,0,1,0,0,0,0,0,0,0,0,0,0,0,0,0,0,1,0,0,0,0,0,0,0,0,0,0,0,0,0,0,0,0,0,0,0,0,0,0,0,0,29562.0,32815.0,31569.0,33698.0,30581.0,30329.0,31701.0,28898.0,30775.0,37713.0,27315.0,23460.0,23773.0,23106.0,24076.0,24305.0,30468.0,35339.0,31111.0,23723.0,27134.0,28758.0,29621.0,29478.0,0,0,0,0,0,0,0,0,0,0,0,1,0,0,0,0,0,0,0,0,0,0,0,0,0,0,0,0,1,0,0,0,0,0,0,0,0,0,0,0,0,0,0,0,0,0,0,0,11.64,30,31,2380
@firebase/testing,2022-06-08,https://github.com/firebase/firebase-js-sdk,58,47,50,70,52,117,53,86,53,61,43,43,29,38,41,42,30,67,35,36,30,39,35,76,38,48,32,43,26,40,25,65,46,50,30,45,31,17,32,56,23,61,26,64,25,49,25,34,82714.0,99229.0,115582.0,121979.0,106499.0,146493.0,117587.0,130772.0,133540.0,161315.0,90234.0,88328.0,71221.0,82560.0,75053.0,67840.0,61202.0,52817.0,53770.0,57211.0,59019.0,60971.0,62489.0,52853.0,42,44,45,53,46,96,42,42,51,50,40,33,30,40,47,37,45,35,33,39,30,37,27,23,6,7,11,10,7,9,9,8,16,16,14,3,9,12,10,14,10,13,8,7,5,7,9,8,3.62,30,1206,114
@aws-cdk/aws-eks,2023-11-21,https://github.com/aws/aws-cdk,170,228,118,156,168,237,185,266,157,235,169,301,146,229,141,219,158,180,171,178,163,206,173,204,129,164,151,224,171,181,144,187,157,166,149,202,141,154,109,139,102,150,122,184,138,190,147,222,280693.0,278689.0,291376.0,245302.0,262194.0,248449.0,263070.0,218639.0,174152.0,46239.0,40969.0,33325.0,22484.0,31924.0,31052.0,26407.0,27136.0,43397.0,27865.0,27200.0,24882.0,22134.0,11400.0,10633.0,113,111,120,125,126,127,128,108,87,105,70,91,77,98,95,85,89,88,94,86,71,85,98,76,71,50,76,57,69,60,57,45,49,59,46,42,33,47,56,51,42,47,31,46,31,44,47,28,5.31,30,288,33
swagger-express-middleware,2022-12-02,https://github.com/APIDevTools/swagger-express-middleware,0,0,0,0,0,0,0,0,0,0,0,0,0,0,0,0,0,0,2,1,2,0,0,0,0,0,0,0,0,0,0,0,0,1,0,0,0,0,0,0,0,0,1,0,0,0,0,0,38508.0,39808.0,47201.0,48407.0,43763.0,41780.0,40684.0,37010.0,48351.0,40938.0,38091.0,36815.0,30032.0,28845.0,37109.0,31796.0,33792.0,33227.0,35808.0,33035.0,26284.0,22887.0,22095.0,27689.0,1,2,2,0,1,1,2,1,1,3,2,0,2,1,1,0,1,1,1,4,0,0,0,1,0,0,0,1,0,3,0,0,1,1,1,1,1,0,0,0,1,0,0,0,0,0,0,1,7.75,14,51,51
tslint-sonarts,2024-03-25,https://github.com/SonarSource/SonarTS,0,0,0,0,0,0,0,0,0,0,0,0,0,0,0,0,0,0,0,0,0,0,0,0,0,0,0,0,0,0,0,0,0,0,0,0,0,0,0,0,0,0,0,0,0,0,0,0,137620.0,111279.0,124501.0,113600.0,107312.0,104764.0,99268.0,88686.0,67593.0,54400.0,64088.0,62040.0,54857.0,54407.0,50315.0,79145.0,56112.0,49882.0,78127.0,142797.0,46298.0,57193.0,44817.0,48818.0,2,0,0,0,0,0,0,0,1,0,0,0,0,1,1,0,1,0,0,0,0,1,0,1,0,0,1,0,0,0,0,0,0,0,0,0,0,0,0,0,0,0,0,0,0,0,0,0,6.82,28,38,551
draft-js-buttons,2022-06-15,https://github.com/draft-js-plugins/draft-js-plugins,6,54,7,55,6,43,6,52,3,60,2,38,4,51,7,57,9,50,11,44,5,58,4,49,2,33,6,32,2,34,5,31,4,27,2,28,1,27,4,17,5,25,3,30,2,29,0,28,104943.0,101046.0,106145.0,106156.0,110603.0,108153.0,94685.0,99276.0,92669.0,105275.0,82729.0,87693.0,87594.0,100372.0,98666.0,98821.0,95771.0,83329.0,85118.0,94646.0,109702.0,90200.0,127783.0,144311.0,11,21,24,25,16,19,12,10,14,14,15,11,9,5,12,7,7,7,2,8,9,8,11,4,8,4,4,3,5,8,5,5,6,8,9,9,7,11,8,7,5,10,5,6,4,3,3,7,5.58,30,17,87
turf-bbox,2022-06-27,https://github.com/Turfjs/turf,15,34,14,30,7,3,9,0,8,4,8,3,5,5,6,6,8,1,7,6,6,1,10,3,9,3,7,1,5,5,12,4,9,7,1,2,6,3,11,1,10,5,5,3,10,0,5,0,43306.0,41514.0,43826.0,48204.0,52875.0,47659.0,37951.0,41559.0,46473.0,54336.0,49160.0,50007.0,41899.0,48310.0,42572.0,47661.0,45931.0,44035.0,48822.0,52295.0,60290.0,55371.0,62556.0,67287.0,66,157,87,62,76,72,93,65,72,72,83,62,77,70,63,79,88,84,76,99,68,89,76,71,14,9,8,4,8,9,12,6,7,5,8,4,9,7,5,11,8,2,3,9,11,4,5,6,6.11,30,7,9
lab,2023-12-01,https://github.com/hapijs/lab,0,2,0,0,0,2,1,0,0,0,1,0,0,0,0,1,1,0,1,0,1,0,0,2,0,2,0,0,0,0,0,0,0,0,0,0,0,1,0,4,0,0,1,0,1,3,0,0,21019.0,23620.0,19704.0,21970.0,19083.0,20577.0,21183.0,19248.0,18577.0,31124.0,22462.0,17445.0,18925.0,18566.0,17445.0,17002.0,22195.0,25713.0,21453.0,16154.0,18742.0,20548.0,22012.0,22549.0,0,0,2,0,0,1,0,0,0,2,0,0,0,0,0,1,0,0,0,0,0,0,0,0,0,0,1,0,1,0,0,1,0,0,0,0,0,0,0,0,0,0,0,0,0,0,0,0,10.74,30,191,2615
@cloudnative/health,2022-07-25,https://github.com/CloudNativeJS/cloud-health,0,10,0,0,0,0,0,0,0,0,0,0,0,0,0,0,0,0,0,0,0,0,0,0,0,0,0,0,0,0,0,0,0,0,0,0,0,0,0,0,0,0,0,0,0,0,0,0,49135.0,57930.0,65053.0,64837.0,62373.0,55256.0,64876.0,66655.0,87638.0,89720.0,108624.0,98037.0,95131.0,95795.0,84290.0,86006.0,75056.0,82961.0,80395.0,91359.0,79695.0,85623.0,86965.0,81437.0,0,0,0,0,0,0,0,0,1,0,0,0,0,0,0,0,0,0,0,0,0,0,0,0,0,1,0,0,0,0,0,0,0,0,0,0,0,0,1,0,0,0,0,0,1,0,0,0,4.02,8,7,15
@gnosis.pm/safe-deployments,2023-03-30,https://github.com/gnosis/safe-deployments,0,0,0,0,0,0,0,0,0,0,0,0,0,0,0,0,0,0,0,0,0,0,0,0,0,0,0,0,0,0,0,0,0,0,0,0,0,0,0,0,0,0,0,0,0,0,0,0,16093.0,23309.0,96176.0,31932.0,36604.0,50940.0,65028.0,69439.0,71277.0,74483.0,77417.0,93057.0,96101.0,75655.0,70234.0,57686.0,55888.0,43010.0,51533.0,51660.0,37969.0,42773.0,35962.0,29962.0,6,3,5,6,3,8,5,2,3,3,2,6,3,4,2,5,3,2,4,1,1,3,1,2,6,5,6,3,4,5,9,11,5,1,4,5,4,4,6,5,5,6,11,7,5,4,9,12,1.9,30,22,38
incstr,2022-06-19,https://github.com/grabantot/incstr,0,0,0,0,0,0,0,0,0,0,0,0,0,0,0,0,0,0,0,0,0,0,0,0,0,0,0,0,0,0,0,0,0,0,0,0,0,0,0,0,0,0,0,0,0,0,0,0,34971.0,30104.0,31191.0,31615.0,31515.0,34377.0,31467.0,33722.0,31596.0,37641.0,35693.0,38254.0,33089.0,44012.0,51817.0,47141.0,40575.0,31168.0,37858.0,39558.0,45330.0,36683.0,40859.0,41724.0,1,0,1,0,1,0,2,2,0,1,0,0,0,0,0,0,0,1,0,0,0,1,0,0,0,0,0,0,0,0,0,1,0,0,0,0,0,0,0,0,0,1,0,0,0,0,0,0,5.1,1,11,43
turf-buffer,2022-06-27,https://github.com/Turfjs/turf-buffer,0,0,0,0,0,0,0,0,0,0,0,0,0,0,0,0,0,0,0,0,0,0,0,0,0,0,0,0,0,0,0,0,0,0,0,0,0,0,0,0,0,0,0,0,0,0,0,0,43815.0,42065.0,44661.0,48631.0,53395.0,47909.0,38212.0,41842.0,46478.0,53680.0,49043.0,49467.0,41146.0,47755.0,42227.0,47442.0,45606.0,43926.0,48673.0,51680.0,59508.0,54955.0,61883.0,66586.0,1,0,0,0,0,0,1,0,0,0,0,0,1,0,0,0,0,1,0,0,0,0,0,0,1,0,0,0,0,0,0,0,0,0,0,1,0,0,0,0,0,0,0,0,0,0,0,0,8.08,8,18,15
@kazupon/vue-i18n-loader,2022-06-12,https://github.com/kazupon/vue-i18n-loader,0,0,0,0,0,0,0,0,0,0,0,0,0,0,0,0,0,0,0,0,0,0,0,0,0,0,0,0,0,0,0,0,0,0,0,0,0,0,0,0,0,0,0,0,0,0,0,0,153787.0,138644.0,133928.0,142802.0,145008.0,152681.0,129760.0,132497.0,131116.0,145508.0,123287.0,118317.0,110886.0,124614.0,116298.0,110655.0,113281.0,100991.0,109648.0,98520.0,105129.0,88147.0,92684.0,91748.0,1,3,2,2,3,3,1,1,1,2,0,1,1,0,2,1,2,0,0,0,1,0,1,2,1,0,2,0,1,0,0,0,0,0,0,0,0,0,0,0,0,0,0,0,0,0,0,0,5.2,12,8,194
prismic-dom,2022-06-24,https://github.com/prismicio/prismic-dom,0,0,0,1,0,0,0,0,0,0,1,0,0,0,0,0,0,2,0,0,0,0,0,0,0,1,0,0,0,0,0,0,0,2,0,1,0,1,0,0,0,0,0,0,0,0,0,0,220269.0,202503.0,216963.0,227443.0,218905.0,250693.0,192329.0,197610.0,223981.0,240262.0,1454090.0,261885.0,173197.0,200962.0,225974.0,177769.0,171957.0,118335.0,88036.0,78741.0,98099.0,79396.0,83161.0,76401.0,1,0,1,0,0,0,0,0,0,0,0,0,1,0,0,0,0,0,0,0,0,0,0,0,0,0,0,0,0,0,0,0,0,0,0,0,0,0,0,0,0,0,0,0,0,0,0,0,5.12,8,30,66
@types/hapi__boom,2022-04-07,https://github.com/hapijs/boom,1,0,1,0,1,0,1,1,1,2,0,0,1,0,0,0,1,2,0,0,0,0,0,0,1,1,0,1,0,0,0,0,0,0,0,0,0,0,0,0,1,0,0,1,1,0,0,0,80114.0,81572.0,106771.0,87858.0,83895.0,95355.0,67194.0,74139.0,60121.0,72970.0,98858.0,94899.0,68811.0,73355.0,71796.0,77308.0,80126.0,79373.0,80031.0,73065.0,61487.0,59368.0,72749.0,63562.0,7,8,11,13,4,8,6,5,5,3,4,5,9,4,2,4,6,4,10,6,4,3,1,3,0,0,0,0,1,1,1,0,1,0,0,0,2,1,0,2,0,0,1,0,0,0,0,0,2.99,30,4,122
@material/mwc-list,2024-04-04,https://github.com/material-components/material-web,14,83,15,117,25,134,17,91,18,140,29,162,35,82,34,53,30,77,22,29,20,36,19,33,11,14,3,14,8,27,4,7,5,11,4,9,3,7,1,6,3,1,3,8,8,1,3,8,65185.0,79776.0,78378.0,74233.0,67914.0,60146.0,76296.0,56468.0,51855.0,64671.0,57385.0,53454.0,53073.0,45028.0,48248.0,49905.0,53041.0,58689.0,53774.0,44613.0,55205.0,48986.0,51257.0,54000.0,231,289,257,344,299,302,341,266,159,167,168,216,140,150,144,102,151,88,97,100,78,79,127,93,15,23,13,15,14,15,23,15,17,20,12,15,15,15,13,10,18,15,11,9,9,11,11,11,4.16,30,695,113
@aws-cdk/lambda-layer-kubectl,2023-11-21,https://github.com/aws/aws-cdk,170,228,118,156,168,237,185,266,157,235,169,301,146,229,141,219,158,180,171,178,163,206,173,204,129,164,151,224,171,181,144,187,157,166,149,202,141,154,109,139,102,150,122,184,138,190,147,222,281898.0,279831.0,292612.0,248254.0,265541.0,250597.0,266427.0,219917.0,176600.0,43772.0,37111.0,30276.0,22181.0,22550.0,26085.0,19992.0,21028.0,35642.0,16850.0,15653.0,12297.0,12320.0,10448.0,8013.0,113,111,120,125,126,127,128,108,87,105,70,91,77,98,95,85,89,88,94,86,71,85,98,76,71,50,76,57,69,60,57,45,49,59,46,42,33,47,56,51,42,47,31,46,31,44,47,28,2.89,30,143,9
vuejs-datetimepicker,2022-06-28,https://github.com/tjohnn/vuejs-datetimepicker,0,0,0,0,0,0,0,0,0,0,0,0,0,0,0,0,0,0,0,0,0,0,0,0,0,0,0,0,0,0,0,0,0,0,0,0,0,0,0,0,0,0,0,0,0,0,0,0,19860.0,17472.0,15163.0,18589.0,19947.0,15378.0,15757.0,17846.0,15134.0,12717.0,11977.0,13844.0,12094.0,11573.0,12233.0,12150.0,13012.0,11708.0,16555.0,16028.0,22140.0,24504.0,22342.0,25023.0,0,0,0,0,0,0,0,0,1,0,1,0,0,0,0,0,0,0,0,0,0,0,0,0,0,1,0,0,0,0,1,0,0,1,0,1,0,0,0,0,1,1,0,1,0,0,0,0,4.8,6,19,4
cloudant-follow,2022-06-13,https://github.com/cloudant-labs/cloudant-follow,0,0,0,1,0,1,0,0,0,0,0,0,0,0,0,1,0,0,0,0,0,0,0,0,0,0,0,0,0,0,0,0,0,0,0,0,0,0,0,0,0,0,0,0,0,0,0,0,207091.0,258349.0,361034.0,321163.0,322773.0,341016.0,287764.0,252320.0,172295.0,154185.0,141875.0,143915.0,108138.0,117425.0,115290.0,122970.0,111448.0,97691.0,99056.0,104020.0,127726.0,102258.0,112203.0,102376.0,0,0,0,0,0,0,0,0,0,0,0,0,0,0,0,0,0,0,0,0,0,0,0,0,0,0,0,0,0,0,0,0,0,0,0,0,0,0,0,0,0,0,0,0,0,0,0,0,5.08,0,76,10
web3.storage,2024-01-09,https://github.com/web3-storage/web3.storage,7,10,19,15,9,23,2,0,3,4,4,10,5,10,9,2,2,1,1,3,3,14,4,4,0,2,2,5,1,0,0,0,0,0,2,0,0,0,0,0,0,0,0,0,0,0,2,0,20236.0,22489.0,34274.0,34679.0,132800.0,127338.0,129394.0,38757.0,33333.0,33263.0,31827.0,28226.0,15619.0,15264.0,10938.0,8967.0,9002.0,14141.0,12445.0,11181.0,11671.0,8696.0,7686.0,8096.0,12,11,7,7,10,6,7,7,7,6,2,2,0,4,2,0,1,0,1,1,1,3,2,0,5,2,2,1,3,4,1,2,0,2,2,1,0,1,0,0,0,4,1,0,0,1,0,0,2.5,30,29,147
mongodb-stitch-server-sdk,2022-06-30,https://github.com/mongodb/stitch-js-sdk,0,1,0,1,0,0,0,0,0,2,0,0,0,1,0,1,0,0,0,0,0,0,0,0,0,2,0,0,0,0,0,0,0,0,0,0,0,0,0,0,0,0,0,0,0,0,0,0,9996.0,6810.0,6500.0,11318.0,9133.0,10298.0,9231.0,9208.0,9895.0,20899.0,18180.0,5156.0,4014.0,4029.0,4250.0,3844.0,2319.0,2104.0,2324.0,1600.0,2249.0,2228.0,2806.0,1688.0,0,0,0,1,0,0,0,1,0,0,0,0,0,0,0,0,0,0,0,0,0,0,0,0,1,0,1,0,1,0,0,0,0,0,0,0,0,0,1,0,0,0,0,0,1,0,0,0,4.0,30,38,6
mongodb-stitch-server-core,2022-06-30,https://github.com/mongodb/stitch-js-sdk,0,1,0,1,0,0,0,0,0,2,0,0,0,1,0,1,0,0,0,0,0,0,0,0,0,2,0,0,0,0,0,0,0,0,0,0,0,0,0,0,0,0,0,0,0,0,0,0,10000.0,6824.0,6512.0,11312.0,9144.0,10297.0,9240.0,9248.0,9875.0,20898.0,18188.0,5123.0,3990.0,4033.0,4326.0,3836.0,2320.0,2102.0,2334.0,1587.0,2269.0,2228.0,2853.0,1677.0,0,0,0,1,0,0,0,1,0,0,0,0,0,0,0,0,0,0,0,0,0,0,0,0,1,0,1,0,1,0,0,0,0,0,0,0,0,0,1,0,0,0,0,0,1,0,0,0,4.0,30,39,10
mongodb-stitch-server-services-mongodb-remote,2022-06-30,https://github.com/mongodb/stitch-js-sdk,0,1,0,1,0,0,0,0,0,2,0,0,0,1,0,1,0,0,0,0,0,0,0,0,0,2,0,0,0,0,0,0,0,0,0,0,0,0,0,0,0,0,0,0,0,0,0,0,9988.0,6810.0,6461.0,11311.0,9136.0,10297.0,9238.0,9267.0,9875.0,20894.0,18186.0,5134.0,4023.0,4018.0,4278.0,3835.0,2322.0,2139.0,2328.0,1609.0,2258.0,2233.0,2756.0,1684.0,0,0,0,1,0,0,0,1,0,0,0,0,0,0,0,0,0,0,0,0,0,0,0,0,1,0,1,0,1,0,0,0,0,0,0,0,0,0,1,0,0,0,0,0,1,0,0,0,4.0,30,38,4
mocha-typescript,2022-06-20,https://github.com/PanayotCankov/mocha-typescript,0,0,0,0,0,0,0,0,0,0,0,0,0,0,0,0,0,0,0,0,0,0,0,0,0,0,0,0,0,0,0,0,0,0,0,0,0,0,0,0,0,0,0,0,0,0,0,0,86862.0,84657.0,79042.0,75440.0,75435.0,80110.0,85309.0,89234.0,71104.0,68483.0,57335.0,64119.0,58064.0,64397.0,60512.0,60827.0,61154.0,51718.0,51248.0,45705.0,52890.0,44948.0,47769.0,46485.0,0,1,1,0,1,3,0,0,1,4,0,1,0,0,1,0,0,1,4,0,1,2,1,0,0,0,0,0,0,0,0,0,1,1,1,1,0,0,1,0,0,0,0,0,0,0,0,0,6.21,23,39,872
undefined,2022-06-28,https://github.com/Gozala/undefined.js,0,0,0,0,0,0,0,0,0,0,0,0,0,0,0,0,0,0,0,0,0,0,0,1,0,0,0,0,0,0,0,0,0,0,0,0,0,0,0,0,0,0,0,0,0,0,0,0,45939.0,45055.0,46787.0,42378.0,47057.0,41303.0,36790.0,77128.0,42162.0,53051.0,58767.0,48949.0,34849.0,40093.0,37111.0,35911.0,34416.0,29063.0,54979.0,79205.0,42293.0,49873.0,47559.0,54606.0,1,0,0,0,0,0,0,0,0,0,0,1,0,0,0,0,0,1,0,0,0,0,0,0,0,0,0,0,0,0,0,0,0,0,0,0,0,0,0,0,0,0,1,0,0,0,0,0,9.0,3,1,162
@types/pkijs,2022-10-05,https://github.com/DefinitelyTyped/DefinitelyTyped,17,645,19,453,20,381,17,415,26,384,16,430,19,467,24,342,11,348,26,377,22,344,18,395,13,421,14,262,4,239,12,335,14,327,12,319,6,269,11,196,4,218,15,250,11,244,13,302,17607.0,20542.0,18069.0,19595.0,18780.0,25307.0,18105.0,16968.0,16012.0,15825.0,21453.0,16027.0,20927.0,16491.0,16475.0,17315.0,18545.0,8304.0,11667.0,10578.0,10089.0,12038.0,11855.0,16210.0,552,429,380,397,387,412,444,480,460,409,431,437,429,356,439,440,402,478,388,319,333,300,336,321,262,261,211,218,234,226,235,212,232,204,182,212,217,180,160,207,197,185,148,121,135,135,115,134,5.92,30,15,29
@material/mwc-icon-button,2024-04-04,https://github.com/material-components/material-components-web-components,0,0,0,0,0,0,0,0,0,0,0,0,0,0,0,0,0,0,0,0,0,0,0,0,0,0,0,0,0,0,0,0,0,0,0,0,0,0,0,0,0,0,0,0,0,0,0,0,56146.0,78724.0,80162.0,82383.0,75718.0,66974.0,75270.0,53066.0,51193.0,67539.0,57174.0,57863.0,55381.0,52107.0,46889.0,54076.0,52075.0,57413.0,36621.0,35187.0,52870.0,49539.0,46926.0,55341.0,231,289,257,344,299,302,341,266,159,167,168,216,140,150,144,102,151,88,97,100,78,79,127,93,15,23,13,15,14,15,23,15,17,20,12,15,15,15,13,10,18,15,11,9,9,11,11,11,4.83,30,707,156
ag-grid,2022-06-13,https://github.com/ag-grid/ag-grid,48,4,37,11,40,2,44,2,49,8,49,8,37,3,37,3,53,2,47,39,40,55,38,41,46,52,49,52,43,43,55,64,40,57,46,70,50,75,50,92,73,92,68,58,66,84,83,64,114459.0,106365.0,101788.0,100953.0,93548.0,95593.0,87087.0,95042.0,93919.0,106353.0,99629.0,104582.0,104256.0,102364.0,101961.0,102470.0,100143.0,85569.0,99643.0,90763.0,104760.0,89214.0,105769.0,94742.0,80,81,115,72,103,94,79,98,99,89,132,105,140,114,97,113,117,77,73,139,142,128,119,284,15,18,13,14,19,21,13,27,14,15,16,15,16,16,23,14,13,9,10,16,19,16,12,18,6.72,30,125,180
@ckeditor/vite-plugin-ckeditor5,2024-06-26,https://github.com/ckeditor/vite-plugin-ckeditor5,1,0,2,0,1,0,0,0,0,0,1,0,0,0,1,0,0,0,0,0,0,0,0,0,0,0,0,0,0,0,0,0,0,0,0,0,0,0,0,0,0,0,0,0,0,0,0,0,14567.0,17219.0,21238.0,23105.0,32954.0,34767.0,40061.0,50612.0,60638.0,77887.0,84515.0,97282.0,94504.0,86684.0,82294.0,91861.0,75464.0,66415.0,71016.0,71822.0,72178.0,63677.0,61101.0,65557.0,1,0,1,0,0,1,1,0,0,0,0,1,0,0,0,0,0,0,0,0,0,0,0,0,0,0,0,0,0,1,0,0,0,0,0,0,0,0,0,0,0,0,0,0,0,0,0,0,1.51,4,4,32
azure-arm-storage,2022-06-13,https://github.com/azure/azure-sdk-for-node,1,0,0,0,0,0,1,0,0,0,5,4,1,0,1,1,0,0,4,0,1,3,0,0,0,0,2,1,1,1,0,0,0,0,0,0,0,0,0,0,0,0,3,0,0,2,0,0,115492.0,111132.0,127432.0,142922.0,102958.0,66512.0,46092.0,49383.0,48217.0,52021.0,43896.0,50795.0,36775.0,33119.0,27963.0,33924.0,25526.0,28080.0,35009.0,32116.0,43082.0,41674.0,40796.0,45078.0,3,4,3,4,2,1,1,0,3,2,3,2,1,2,2,1,4,0,3,1,5,1,3,0,1,2,1,1,0,0,1,1,0,0,1,1,0,0,0,0,0,0,0,1,0,0,1,0,7.11,30,32,26
vue-gtm,2022-06-28,https://github.com/mib200/vue-gtm,0,0,1,1,0,0,0,1,0,0,0,0,0,0,0,0,0,0,0,1,0,0,0,0,0,0,0,0,0,0,1,0,0,2,0,2,0,0,0,0,0,0,0,0,0,0,0,0,146690.0,142134.0,132756.0,138328.0,140593.0,136529.0,116645.0,119593.0,117745.0,145180.0,136205.0,154155.0,136525.0,134874.0,127043.0,139084.0,148069.0,116379.0,138958.0,143459.0,160433.0,130006.0,142037.0,143397.0,1,0,2,0,0,0,0,0,0,1,2,0,0,1,0,1,2,0,0,0,1,0,0,1,0,0,0,0,1,0,0,0,0,0,0,0,0,0,0,0,0,0,0,0,0,0,0,0,5.48,27,44,27
cspell-dict-fullstack,2023-04-10,https://github.com/streetsidesoftware/cspell-dicts,4,62,4,79,6,64,3,97,2,92,8,67,3,52,4,119,6,67,6,103,1,106,4,132,2,46,1,70,2,105,3,55,5,108,2,130,1,69,3,86,4,102,5,57,3,43,3,75,14411.0,13055.0,13718.0,12065.0,13708.0,12040.0,12293.0,11527.0,11149.0,9896.0,7440.0,9617.0,9954.0,10138.0,9096.0,9759.0,8028.0,7060.0,5174.0,4381.0,5672.0,5164.0,4486.0,3309.0,5,5,6,1,3,4,2,3,5,3,7,3,5,2,4,2,2,6,5,3,5,2,7,4,1,4,5,5,3,2,1,3,0,3,3,1,5,1,2,1,2,1,3,7,7,5,4,4,4.25,30,33,5
@percy/agent,2023-12-12,https://github.com/percy/percy-agent,0,4,0,2,0,1,0,0,0,0,0,0,0,1,0,1,0,0,0,1,0,1,0,1,0,3,0,1,0,1,0,1,0,1,0,3,0,4,0,0,0,3,0,1,0,1,0,2,118529.0,136077.0,124253.0,128505.0,112713.0,103398.0,103221.0,95218.0,91421.0,64689.0,66383.0,56253.0,68155.0,64662.0,64269.0,59946.0,61416.0,55437.0,60941.0,64769.0,74932.0,84090.0,67341.0,56540.0,0,0,0,1,0,0,0,0,0,0,0,0,0,0,0,0,0,0,0,0,0,0,0,0,0,0,0,0,0,0,0,0,0,0,0,0,0,0,0,0,0,0,0,0,0,0,0,0,5.42,22,179,31
@types/metro-config,2023-04-27,https://github.com/DefinitelyTyped/DefinitelyTyped,20,344,12,364,25,353,16,349,22,407,26,355,16,434,14,278,6,229,11,323,12,318,16,309,9,192,5,227,13,247,10,239,15,278,15,302,12,397,12,250,18,282,10,346,8,301,5,181,37692.0,36039.0,37807.0,34730.0,36829.0,37111.0,39495.0,39647.0,36955.0,39083.0,38169.0,67790.0,21873.0,54699.0,101693.0,66315.0,58520.0,67668.0,57970.0,48015.0,61034.0,133245.0,148429.0,151646.0,451,492,409,414,447,434,393,392,423,445,396,477,317,319,325,335,327,277,296,278,305,270,295,273,213,227,217,173,211,218,221,186,159,199,205,178,111,149,136,107,122,139,125,87,119,156,118,101,1.47,30,5,33
react-particles,2023-12-07,https://github.com/tsparticles/react,0,0,1,5,0,5,0,9,2,2,1,6,2,1,2,2,1,6,4,2,1,1,0,4,2,4,3,3,4,9,1,7,1,0,1,0,1,0,1,0,0,0,1,0,4,1,0,9,17267.0,261786.0,751415.0,382468.0,107469.0,56294.0,56748.0,61825.0,69350.0,2441449.0,3954959.0,76504.0,74119.0,76280.0,69648.0,65152.0,69038.0,62282.0,62672.0,61206.0,64880.0,69842.0,65519.0,53755.0,0,6,7,13,7,10,20,20,17,18,25,19,22,17,46,26,12,20,15,16,19,19,13,13,0,0,1,2,0,2,0,0,1,1,1,2,3,3,1,2,0,1,1,1,1,1,3,1,1.36,6,30,35
newman-reporter-xunit,2022-05-20,https://github.com/bhecquet/newman-reporter-xunit,0,0,0,0,0,0,1,0,0,0,0,0,0,0,0,0,2,3,0,0,0,0,0,0,0,0,0,0,0,0,0,0,0,0,0,0,0,1,0,0,0,0,0,0,0,0,0,0,44.0,60.0,77.0,106.0,118.0,65.0,82.0,86.0,351.0,220.0,227.0,283.0,250.0,438.0,491.0,426.0,643.0,561.0,577.0,20724.0,49330.0,30953.0,6021.0,6222.0,0,0,0,0,0,0,0,0,1,0,0,0,0,0,0,0,0,0,0,1,0,0,0,0,0,0,0,0,0,0,0,0,1,0,0,0,0,0,0,0,0,0,1,0,0,0,0,0,1.48,0,13,4
@bundlr-network/client,2023-10-11,https://github.com/Bundlr-Network/js-client,0,0,0,0,0,0,0,0,0,0,0,0,0,0,0,0,0,0,0,0,0,0,0,0,0,0,0,0,0,0,0,0,0,0,0,0,0,0,0,0,0,0,0,0,0,0,0,0,132746.0,151755.0,148416.0,162280.0,168034.0,190570.0,154479.0,172580.0,153898.0,142825.0,156733.0,161643.0,113931.0,101001.0,115522.0,123220.0,124545.0,131424.0,97157.0,83835.0,97026.0,105229.0,94049.0,78515.0,3,1,3,3,1,1,2,1,3,1,0,1,2,4,1,2,6,5,1,1,3,1,1,0,18,5,1,3,2,0,1,1,2,7,1,0,1,0,1,2,2,0,0,1,0,1,1,0,1.96,10,176,116
micro-base,2022-05-09,https://github.com/paulmillr/micro-base,0,0,0,0,0,0,0,0,0,0,0,0,0,0,0,0,0,0,0,0,0,0,0,0,0,0,0,0,0,0,0,0,0,0,0,0,0,0,0,0,0,0,0,0,0,0,0,0,4.0,24.0,25.0,7.0,3.0,298.0,16859.0,63644.0,93569.0,73107.0,49147.0,40863.0,48833.0,64166.0,57509.0,40473.0,34215.0,27642.0,26568.0,29014.0,24385.0,20660.0,17953.0,18872.0,0,0,0,0,0,7,2,2,13,2,0,0,3,2,1,4,0,1,0,3,2,6,2,0,0,0,0,0,0,0,0,0,0,0,0,0,1,0,0,0,0,0,0,1,0,1,0,0,4.23,10,26,13
swig-templates,2023-02-03,https://github.com/node-swig/swig-templates,0,0,0,0,0,1,0,1,0,0,0,0,0,0,0,0,0,0,0,0,0,2,0,0,0,0,0,0,0,0,0,0,0,0,0,0,0,0,0,0,0,0,0,0,0,0,0,0,63425.0,80666.0,56721.0,57142.0,60145.0,55701.0,64341.0,55532.0,57418.0,54510.0,50570.0,46671.0,49454.0,50553.0,51016.0,51489.0,54663.0,53754.0,47157.0,51901.0,49301.0,41666.0,41726.0,43386.0,0,1,0,0,0,2,0,0,0,0,0,0,0,0,0,0,0,1,0,0,0,0,0,0,0,0,0,0,0,0,0,0,0,0,1,0,1,0,0,0,0,0,0,0,0,0,0,0,6.82,30,4,103
runjs,2022-06-26,https://github.com/pawelgalazka/runjs,0,0,0,0,0,0,0,0,0,0,0,0,0,0,0,0,0,0,0,0,0,0,0,0,0,0,0,0,0,0,0,0,0,0,0,0,0,0,0,0,0,0,0,0,0,0,0,0,100591.0,101164.0,101932.0,96223.0,83189.0,106357.0,105542.0,88675.0,77524.0,115936.0,105665.0,102227.0,97648.0,99624.0,90918.0,87375.0,84210.0,75279.0,58858.0,79569.0,98708.0,85958.0,83680.0,80757.0,3,4,3,1,0,3,2,1,2,1,1,0,0,0,0,0,1,0,0,0,0,1,0,0,0,0,0,0,1,0,0,0,0,0,0,0,0,0,0,0,0,0,0,0,0,0,0,0,6.86,6,43,593
pastebin-js,2022-06-23,https://github.com/j3lte/pastebin-js,0,0,0,0,0,0,0,0,0,0,0,0,0,0,0,0,0,0,0,0,0,0,0,0,0,0,0,0,0,0,0,0,0,0,0,0,0,0,0,0,0,0,0,0,0,0,0,0,1663.0,1279.0,1301.0,1226.0,1220.0,1549.0,1866.0,1216.0,1140.0,441.0,632.0,846.0,2477.0,1976.0,3799.0,6392.0,5305.0,7466.0,5113.0,4664.0,7356.0,6319.0,5663.0,7527.0,1,0,0,0,0,0,0,1,0,0,0,1,0,0,0,0,1,0,0,1,1,0,1,1,1,1,0,0,0,0,0,0,0,0,0,1,0,0,0,0,0,0,0,0,0,0,0,0,8.57,13,28,26
js-polyfills,2022-06-19,https://github.com/inexorabletash/polyfill,0,0,0,0,0,1,0,0,1,0,0,0,0,0,0,0,0,0,0,0,0,0,0,0,0,0,0,0,0,0,0,0,0,0,0,0,0,0,0,0,0,0,0,0,0,0,0,0,123293.0,115170.0,107588.0,122242.0,123245.0,125677.0,97991.0,98729.0,92470.0,106711.0,92230.0,85451.0,69515.0,71225.0,61950.0,66920.0,69921.0,64930.0,68349.0,69672.0,86370.0,72359.0,80693.0,94570.0,7,1,6,4,2,7,2,2,3,1,2,2,1,2,0,2,2,1,2,2,1,1,0,1,5,2,2,0,1,2,0,1,3,1,3,2,4,0,2,1,0,1,0,0,0,0,0,0,6.85,20,25,209
azure-arm-trafficmanager,2022-06-13,https://github.com/azure/azure-sdk-for-node,1,0,0,0,0,0,1,0,0,0,5,4,1,0,1,1,0,0,4,0,1,3,0,0,0,0,2,1,1,1,0,0,0,0,0,0,0,0,0,0,0,0,3,0,0,2,0,0,40054.0,42525.0,41266.0,44337.0,45745.0,39111.0,34554.0,38616.0,34738.0,37465.0,32882.0,36436.0,27869.0,25622.0,22566.0,28737.0,18723.0,23393.0,31034.0,26938.0,36946.0,38281.0,36997.0,41421.0,3,4,3,4,2,1,1,0,3,2,3,2,1,2,2,1,4,0,3,1,5,1,3,0,1,2,1,1,0,0,1,1,0,0,1,1,0,0,0,0,0,0,0,1,0,0,1,0,7.01,30,15,7
clj-fuzzy,2022-06-13,https://github.com/Yomguithereal/clj-fuzzy,0,0,0,0,0,0,0,0,0,0,0,0,0,0,0,0,0,0,0,0,0,0,0,0,0,0,0,0,0,0,0,0,0,0,0,0,0,0,0,0,0,0,0,0,0,0,0,0,18243.0,17134.0,17238.0,14825.0,16233.0,18796.0,16933.0,24193.0,25831.0,27951.0,27024.0,29442.0,21621.0,30455.0,40649.0,38913.0,34231.0,62865.0,88340.0,142331.0,130064.0,138646.0,158776.0,152228.0,3,1,0,3,0,0,1,1,1,0,2,0,4,1,0,1,1,1,0,1,2,1,0,0,0,0,0,0,0,0,0,0,0,1,0,0,0,0,0,0,0,0,0,1,0,0,0,0,8.3,6,12,11
react-intercom,2022-06-26,https://github.com/nhagen/react-intercom,0,0,0,0,0,0,0,0,0,0,0,0,0,0,0,0,0,0,0,0,0,0,0,0,0,0,0,0,0,0,0,0,0,0,0,0,0,0,0,0,0,0,0,0,0,0,1,0,200367.0,180159.0,176057.0,178662.0,171377.0,173050.0,147696.0,162950.0,160292.0,176575.0,145376.0,157440.0,144342.0,179599.0,167501.0,161980.0,161675.0,129074.0,124833.0,127779.0,134360.0,106977.0,129011.0,126396.0,0,0,0,1,0,0,0,0,0,0,0,0,0,0,0,0,0,0,0,0,0,1,0,0,0,0,1,0,0,0,0,0,0,0,0,0,0,0,0,0,0,0,0,0,0,0,0,0,6.59,13,17,22
@ag-grid-enterprise/all-modules,2022-07-22,https://github.com/ag-grid/ag-grid,37,6,39,2,43,2,43,7,52,10,35,2,45,2,50,3,49,63,31,38,43,40,41,40,41,37,51,65,45,56,40,59,38,50,58,113,56,82,79,78,62,69,69,84,85,48,49,34,178646.0,191995.0,202659.0,213980.0,222327.0,194627.0,229629.0,250707.0,299726.0,256190.0,255436.0,272831.0,274653.0,275004.0,246739.0,234505.0,193750.0,214692.0,190140.0,214144.0,171733.0,192855.0,193012.0,180752.0,77,122,85,88,95,74,96,98,109,120,414,116,109,103,121,93,74,86,158,129,124,130,316,146,16,17,11,18,22,12,25,18,14,17,16,22,15,21,13,12,10,10,17,18,15,13,21,17,2.71,30,29,72
azure-arm-authorization,2022-06-13,https://github.com/azure/azure-sdk-for-node,1,0,0,0,0,0,1,0,0,0,5,4,1,0,1,1,0,0,4,0,1,3,0,0,0,0,2,1,1,1,0,0,0,0,0,0,0,0,0,0,0,0,3,0,0,2,0,0,73010.0,68597.0,52402.0,57767.0,53992.0,49469.0,42809.0,45641.0,43568.0,47330.0,39759.0,47019.0,32783.0,29273.0,24544.0,31746.0,22864.0,26566.0,32954.0,29333.0,39597.0,39135.0,37988.0,42095.0,3,4,3,4,2,1,1,0,3,2,3,2,1,2,2,1,4,0,3,1,5,1,3,0,1,2,1,1,0,0,1,1,0,0,1,1,0,0,0,0,0,0,0,1,0,0,1,0,7.11,30,21,12
css-inline,2024-04-06,https://github.com/Stranger6667/css-inline,0,0,1,0,2,25,2,7,1,21,4,8,1,5,2,6,2,27,4,25,2,4,4,6,3,4,1,4,0,6,0,3,0,3,1,0,3,9,1,8,2,10,0,5,2,7,0,5,2059.0,1876.0,1650.0,1903.0,2180.0,8487.0,19101.0,25534.0,61111.0,194863.0,242040.0,188185.0,144580.0,116533.0,114627.0,102118.0,94381.0,107978.0,118206.0,116084.0,104693.0,109274.0,92888.0,70414.0,3,4,24,7,9,4,5,4,5,6,3,1,5,5,7,5,5,2,5,3,4,4,4,6,0,2,1,1,0,0,2,0,0,1,0,0,0,0,1,0,0,0,1,0,1,0,1,0,9.59,17,26,9
@gnosis.pm/safe-react-gateway-sdk,2022-12-08,https://github.com/gnosis/safe-react-gateway-sdk,0,0,0,0,0,0,0,0,0,0,0,0,0,0,0,0,0,0,0,0,0,0,0,0,0,0,0,0,0,0,0,0,0,0,0,0,0,0,0,0,0,0,0,0,0,0,0,0,10115.0,19162.0,38499.0,56607.0,63449.0,72810.0,73997.0,70321.0,91810.0,104390.0,110926.0,112368.0,96865.0,107999.0,105919.0,89840.0,81261.0,76135.0,72705.0,68857.0,61225.0,51761.0,45618.0,43623.0,0,0,0,0,2,1,1,0,0,0,1,1,1,0,0,0,2,0,0,2,1,0,1,0,1,0,0,1,0,1,0,0,1,0,0,1,2,0,1,0,0,0,0,0,0,1,0,2,1.37,16,62,7
microcli,2022-06-19,https://github.com/pawelgalazka/microcli,0,0,0,0,0,0,0,0,0,0,0,0,0,0,0,0,0,0,0,0,0,0,0,0,0,0,0,0,0,0,0,0,0,0,0,0,0,0,0,0,0,0,0,0,0,0,0,0,97594.0,97860.0,98182.0,93108.0,80754.0,102818.0,102215.0,85887.0,74830.0,111021.0,101538.0,97779.0,93822.0,95467.0,86920.0,82626.0,79533.0,72476.0,56651.0,75825.0,93476.0,81449.0,79324.0,75953.0,0,0,0,0,0,1,0,0,0,0,0,0,0,0,0,0,0,1,0,0,0,0,0,0,0,0,0,0,0,0,0,1,0,0,0,0,0,0,0,0,0,0,0,0,0,0,0,0,4.66,1,7,5
project-name-generator,2023-05-01,https://github.com/aceakash/project-name-generator,0,0,0,0,0,0,1,0,0,0,0,0,0,0,0,0,0,1,0,0,0,0,1,0,0,0,0,0,0,0,0,0,0,0,0,0,0,0,0,0,0,0,0,0,0,0,0,0,44852.0,48311.0,52110.0,53932.0,44536.0,45357.0,42453.0,36328.0,43549.0,38837.0,49816.0,42168.0,48524.0,42201.0,46202.0,37648.0,41419.0,34524.0,29772.0,39187.0,39662.0,33449.0,32379.0,33428.0,1,0,0,2,1,1,0,3,3,2,1,0,1,0,1,0,0,1,0,0,1,0,1,0,0,0,0,0,0,0,0,1,1,0,1,0,0,0,0,0,0,0,0,1,0,0,0,0,8.45,9,12,86
@types/gapi.client.drive,2023-03-15,https://github.com/DefinitelyTyped/DefinitelyTyped,17,431,18,389,21,355,22,324,17,372,22,422,22,334,21,395,14,354,12,251,6,296,12,297,9,334,8,217,8,195,11,239,9,242,13,261,14,306,17,243,9,393,14,274,18,337,7,345,130416.0,126022.0,141621.0,115470.0,116210.0,172030.0,154948.0,161945.0,179067.0,90773.0,106362.0,114176.0,66971.0,65826.0,67230.0,58834.0,61305.0,60159.0,63382.0,60017.0,50111.0,61091.0,64612.0,64945.0,436,436,509,439,405,430,439,410,387,385,439,445,434,336,345,323,316,330,297,288,273,297,295,272,219,233,209,220,202,199,226,206,194,172,180,208,176,125,136,131,135,123,128,123,109,94,150,137,5.43,30,16,16
guid,2022-06-18,https://github.com/dandean/guid,0,0,0,0,0,0,0,0,0,0,0,0,0,0,0,0,0,0,0,0,0,0,0,0,0,0,0,0,0,0,0,0,0,0,0,0,0,0,0,0,0,0,0,0,0,0,0,0,71523.0,68255.0,72702.0,94479.0,105987.0,104935.0,72477.0,69263.0,75364.0,83008.0,72738.0,70421.0,70837.0,77400.0,69580.0,65244.0,81413.0,60114.0,61256.0,61615.0,63271.0,53781.0,60331.0,57927.0,0,0,1,0,0,0,0,0,0,0,0,0,0,0,0,1,0,0,0,0,1,0,0,0,0,0,0,0,0,0,0,0,0,0,0,0,0,0,0,0,0,0,0,0,0,0,0,0,10.93,3,8,239
@aws-cdk/aws-batch-alpha,2023-11-21,https://github.com/aws/aws-cdk,170,228,118,156,168,237,185,266,157,235,169,301,146,229,141,219,158,180,171,178,163,206,173,204,129,164,151,224,171,181,144,187,157,166,149,202,141,154,109,139,102,150,122,184,138,190,147,222,16435.0,15650.0,15865.0,20493.0,27285.0,27049.0,38993.0,45529.0,38185.0,42711.0,50142.0,56049.0,101526.0,95192.0,71061.0,73211.0,60394.0,59777.0,63722.0,54228.0,49098.0,45876.0,58900.0,57428.0,113,111,120,125,126,127,128,108,87,105,70,91,77,98,95,85,89,88,94,86,71,85,98,76,71,50,76,57,69,60,57,45,49,59,46,42,33,47,56,51,42,47,31,46,31,44,47,28,2.11,30,139,8
azure-arm-website,2022-06-13,https://github.com/azure/azure-sdk-for-node,1,0,0,0,0,0,1,0,0,0,5,4,1,0,1,1,0,0,4,0,1,3,0,0,0,0,2,1,1,1,0,0,0,0,0,0,0,0,0,0,0,0,3,0,0,2,0,0,47564.0,49947.0,52191.0,57142.0,52149.0,48706.0,40606.0,42760.0,41012.0,45200.0,37505.0,44510.0,31794.0,27084.0,22070.0,26371.0,19623.0,22812.0,29855.0,26753.0,36263.0,35717.0,35376.0,39091.0,3,4,3,4,2,1,1,0,3,2,3,2,1,2,2,1,4,0,3,1,5,1,3,0,1,2,1,1,0,0,1,1,0,0,1,1,0,0,0,0,0,0,0,1,0,0,1,0,7.11,30,21,28
ant-design-palettes,2022-04-11,https://github.com/ant-design/ant-design-palettes,0,0,0,0,0,0,0,0,0,0,0,0,0,0,0,0,0,0,0,0,0,0,0,0,0,0,0,0,0,0,0,0,0,0,0,0,0,0,0,0,0,0,0,0,0,0,0,0,104013.0,102280.0,102857.0,97023.0,94744.0,77365.0,74066.0,71430.0,69482.0,73211.0,68860.0,76439.0,65620.0,62634.0,47501.0,50437.0,45036.0,41127.0,37003.0,34026.0,36501.0,38984.0,39723.0,36331.0,5,2,5,5,6,2,2,6,8,3,6,9,7,1,1,6,4,3,8,3,9,10,4,5,0,1,2,2,1,1,0,2,2,1,0,1,0,3,0,0,0,1,0,1,4,1,2,1,4.08,20,5,96
azure-asm-compute,2022-06-13,https://github.com/Azure/azure-sdk-for-node,1,0,0,0,0,0,1,0,0,0,5,4,1,0,1,1,0,0,4,0,1,3,0,0,0,0,2,1,1,1,0,0,0,0,0,0,0,0,0,0,0,0,3,0,0,2,0,0,43607.0,46891.0,48324.0,54305.0,49534.0,45267.0,38674.0,40854.0,39510.0,42194.0,34994.0,42272.0,29466.0,25587.0,20396.0,25201.0,18180.0,21962.0,28970.0,25726.0,34762.0,34639.0,34121.0,38042.0,3,4,3,4,2,1,1,0,3,2,3,2,1,2,2,1,4,0,3,1,5,1,3,0,1,2,1,1,0,0,1,1,0,0,1,1,0,0,0,0,0,0,0,1,0,0,1,0,7.11,30,9,9
azure-asm-storage,2022-06-13,https://github.com/Azure/azure-sdk-for-node,1,0,0,0,0,0,1,0,0,0,5,4,1,0,1,1,0,0,4,0,1,3,0,0,0,0,2,1,1,1,0,0,0,0,0,0,0,0,0,0,0,0,3,0,0,2,0,0,43635.0,46811.0,48211.0,54210.0,49450.0,45194.0,38524.0,40758.0,39360.0,42171.0,34906.0,42201.0,29425.0,25596.0,20403.0,25204.0,17987.0,21966.0,28933.0,25707.0,34749.0,34620.0,34050.0,38011.0,3,4,3,4,2,1,1,0,3,2,3,2,1,2,2,1,4,0,3,1,5,1,3,0,1,2,1,1,0,0,1,1,0,0,1,1,0,0,0,0,0,0,0,1,0,0,1,0,7.11,30,5,10
azure-monitoring,2022-06-13,https://github.com/Azure/azure-sdk-for-node,1,0,0,0,0,0,1,0,0,0,5,4,1,0,1,1,0,0,4,0,1,3,0,0,0,0,2,1,1,1,0,0,0,0,0,0,0,0,0,0,0,0,3,0,0,2,0,0,43870.0,47146.0,48519.0,54481.0,49608.0,45447.0,38868.0,41092.0,39848.0,42635.0,35271.0,42567.0,29604.0,25749.0,20522.0,25415.0,19123.0,22071.0,28868.0,25731.0,34780.0,34742.0,34320.0,38197.0,3,4,3,4,2,1,1,0,3,2,3,2,1,2,2,1,4,0,3,1,5,1,3,0,1,2,1,1,0,0,1,1,0,0,1,1,0,0,0,0,0,0,0,1,0,0,1,0,8.12,30,21,8
azure-arm-dns,2022-06-13,https://github.com/azure/azure-sdk-for-node,1,0,0,0,0,0,1,0,0,0,5,4,1,0,1,1,0,0,4,0,1,3,0,0,0,0,2,1,1,1,0,0,0,0,0,0,0,0,0,0,0,0,3,0,0,2,0,0,44390.0,47820.0,48702.0,54651.0,49754.0,45465.0,38985.0,41004.0,39531.0,42603.0,35060.0,42282.0,29726.0,25595.0,20679.0,25349.0,18671.0,22261.0,29902.0,26112.0,35476.0,35203.0,34779.0,38480.0,3,4,3,4,2,1,1,0,3,2,3,2,1,2,2,1,4,0,3,1,5,1,3,0,1,2,1,1,0,0,1,1,0,0,1,1,0,0,0,0,0,0,0,1,0,0,1,0,7.11,30,12,8
react-resizable-box,2022-06-26,https://github.com/bokuweb/react-resizable-box,0,0,0,0,0,0,0,0,0,0,0,0,0,0,0,0,0,0,0,0,0,0,0,0,0,0,0,0,0,0,0,0,0,0,0,0,0,0,0,0,0,0,0,0,0,0,0,0,5369.0,4671.0,4711.0,5133.0,4928.0,5506.0,5396.0,5945.0,6048.0,5676.0,7099.0,7364.0,8689.0,9944.0,7791.0,6829.0,6866.0,7092.0,5600.0,7603.0,8825.0,5352.0,5808.0,7596.0,33,22,33,24,24,18,21,22,27,18,26,33,32,31,19,37,39,14,23,22,26,22,29,23,1,0,3,3,2,2,4,1,3,2,2,1,2,1,5,2,3,2,3,4,0,3,3,1,6.58,30,55,27
azure-asm-website,2022-06-13,https://github.com/Azure/azure-sdk-for-node,1,0,0,0,0,0,1,0,0,0,5,4,1,0,1,1,0,0,4,0,1,3,0,0,0,0,2,1,1,1,0,0,0,0,0,0,0,0,0,0,0,0,3,0,0,2,0,0,43637.0,46925.0,48306.0,54292.0,49503.0,45235.0,38617.0,40831.0,39507.0,42216.0,34993.0,42192.0,29345.0,25474.0,20270.0,25157.0,18054.0,21898.0,28714.0,25478.0,34551.0,34592.0,34107.0,37979.0,3,4,3,4,2,1,1,0,3,2,3,2,1,2,2,1,4,0,3,1,5,1,3,0,1,2,1,1,0,0,1,1,0,0,1,1,0,0,0,0,0,0,0,1,0,0,1,0,7.11,30,8,10
azure-asm-sql,2022-06-13,https://github.com/Azure/azure-sdk-for-node,1,0,0,0,0,0,1,0,0,0,5,4,1,0,1,1,0,0,4,0,1,3,0,0,0,0,2,1,1,1,0,0,0,0,0,0,0,0,0,0,0,0,3,0,0,2,0,0,43706.0,46896.0,48357.0,54314.0,49527.0,45253.0,38644.0,40819.0,39454.0,42197.0,34971.0,42274.0,29462.0,25641.0,20447.0,25228.0,17923.0,22000.0,28788.0,25526.0,34603.0,34619.0,34083.0,38014.0,3,4,3,4,2,1,1,0,3,2,3,2,1,2,2,1,4,0,3,1,5,1,3,0,1,2,1,1,0,0,1,1,0,0,1,1,0,0,0,0,0,0,0,1,0,0,1,0,7.11,30,4,9
@types/ziggy-js,2023-10-09,https://github.com/DefinitelyTyped/DefinitelyTyped,23,406,14,353,12,262,4,280,14,297,14,344,9,321,7,242,9,190,11,232,9,243,13,267,15,246,9,403,15,255,18,344,7,331,5,241,10,173,5,144,5,194,8,162,5,214,5,305,17720.0,19770.0,21549.0,26290.0,37894.0,67321.0,54227.0,58838.0,55976.0,61862.0,70271.0,74463.0,56977.0,48075.0,54589.0,53971.0,47568.0,46309.0,47749.0,44276.0,46076.0,47712.0,49036.0,47017.0,418,383,379,447,449,442,441,353,332,321,330,326,296,281,284,293,279,291,256,226,294,228,255,215,217,192,175,179,201,186,174,142,128,135,138,121,128,117,87,148,146,105,97,100,116,99,101,112,3.03,30,9,17
azure-asm-hdinsight,2022-06-13,https://github.com/Azure/azure-sdk-for-node,1,0,0,0,0,0,1,0,0,0,5,4,1,0,1,1,0,0,4,0,1,3,0,0,0,0,2,1,1,1,0,0,0,0,0,0,0,0,0,0,0,0,3,0,0,2,0,0,43615.0,46807.0,48206.0,54192.0,49431.0,45180.0,38502.0,40734.0,39365.0,42130.0,34883.0,42162.0,29396.0,25581.0,20376.0,25165.0,17850.0,21939.0,28744.0,25493.0,34599.0,34606.0,34078.0,38003.0,3,4,3,4,2,1,1,0,3,2,3,2,1,2,2,1,4,0,3,1,5,1,3,0,1,2,1,1,0,0,1,1,0,0,1,1,0,0,0,0,0,0,0,1,0,0,1,0,7.11,30,4,10
azure-asm-network,2022-06-13,https://github.com/Azure/azure-sdk-for-node,1,0,0,0,0,0,1,0,0,0,5,4,1,0,1,1,0,0,4,0,1,3,0,0,0,0,2,1,1,1,0,0,0,0,0,0,0,0,0,0,0,0,3,0,0,2,0,0,43615.0,46793.0,48185.0,54197.0,49424.0,45188.0,38500.0,40737.0,39343.0,42150.0,34898.0,42171.0,29415.0,25608.0,20396.0,25172.0,18009.0,21951.0,28765.0,25519.0,34624.0,34637.0,34086.0,38033.0,3,4,3,4,2,1,1,0,3,2,3,2,1,2,2,1,4,0,3,1,5,1,3,0,1,2,1,1,0,0,1,1,0,0,1,1,0,0,0,0,0,0,0,1,0,0,1,0,7.11,30,7,9
azure-asm-trafficmanager,2022-06-13,https://github.com/Azure/azure-sdk-for-node,1,0,0,0,0,0,1,0,0,0,5,4,1,0,1,1,0,0,4,0,1,3,0,0,0,0,2,1,1,1,0,0,0,0,0,0,0,0,0,0,0,0,3,0,0,2,0,0,43611.0,46785.0,48171.0,54181.0,49426.0,45182.0,38504.0,40732.0,39351.0,42125.0,34882.0,42153.0,29395.0,25578.0,20372.0,25172.0,17845.0,21933.0,28754.0,25491.0,34596.0,34615.0,34072.0,38005.0,3,4,3,4,2,1,1,0,3,2,3,2,1,2,2,1,4,0,3,1,5,1,3,0,1,2,1,1,0,0,1,1,0,0,1,1,0,0,0,0,0,0,0,1,0,0,1,0,7.11,30,4,9
ytpl,2024-01-09,https://github.com/TimeForANinja/node-ytpl,3,1,0,0,0,0,0,3,0,0,0,0,0,1,0,0,0,0,1,1,0,0,0,0,0,0,0,0,0,0,0,0,0,0,0,0,0,0,0,0,0,0,0,0,0,0,0,0,28453.0,21029.0,14811.0,10521.0,10150.0,9288.0,8647.0,12062.0,12786.0,16645.0,13959.0,14590.0,16129.0,24916.0,24554.0,17226.0,17555.0,15668.0,13768.0,12372.0,13186.0,14610.0,13987.0,15706.0,2,2,2,2,0,1,1,2,2,4,3,0,1,0,0,0,0,0,1,0,2,0,0,0,0,1,2,0,0,0,0,0,0,1,0,0,0,1,0,0,0,0,0,0,0,0,0,0,6.87,18,48,125
google-maps-api-loader,2022-06-18,https://github.com/laurencedorman/google-maps-api-loader,0,0,1,0,0,0,0,0,0,0,0,0,0,0,0,0,0,0,0,0,0,0,0,0,0,0,0,0,0,0,0,0,0,0,0,0,0,0,0,0,0,0,0,0,0,0,0,0,154685.0,150315.0,151508.0,168097.0,172966.0,120228.0,81520.0,98844.0,94973.0,109042.0,88097.0,80766.0,79675.0,93623.0,110567.0,108410.0,116824.0,91116.0,96743.0,97896.0,86011.0,66008.0,67769.0,67757.0,0,0,0,1,0,0,0,0,0,0,0,0,0,0,0,0,0,0,0,0,0,0,0,0,0,1,0,0,0,0,0,0,0,0,0,0,0,0,0,0,0,0,0,0,0,0,1,0,7.07,4,9,25
@aws-cdk/aws-stepfunctions-tasks,2023-11-21,https://github.com/aws/aws-cdk,170,228,118,156,168,237,185,266,157,235,169,301,146,229,141,219,158,180,171,178,163,206,173,204,129,164,151,224,171,181,144,187,157,166,149,202,141,154,109,139,102,150,122,184,138,190,147,222,170861.0,164557.0,165042.0,142483.0,155144.0,139663.0,145749.0,122562.0,100194.0,27990.0,28485.0,22579.0,13227.0,16584.0,17551.0,14253.0,14863.0,29905.0,11352.0,12648.0,9999.0,9531.0,9561.0,8406.0,113,111,120,125,126,127,128,108,87,105,70,91,77,98,95,85,89,88,94,86,71,85,98,76,71,50,76,57,69,60,57,45,49,59,46,42,33,47,56,51,42,47,31,46,31,44,47,28,4.53,30,253,47
azure-arm-keyvault,2022-06-13,https://github.com/azure/azure-sdk-for-node,1,0,0,0,0,0,1,0,0,0,5,4,1,0,1,1,0,0,4,0,1,3,0,0,0,0,2,1,1,1,0,0,0,0,0,0,0,0,0,0,0,0,3,0,0,2,0,0,65113.0,62320.0,46454.0,50544.0,43675.0,41463.0,35390.0,36257.0,35505.0,38167.0,31865.0,38128.0,30290.0,25654.0,20664.0,24919.0,18761.0,21951.0,28333.0,25454.0,34554.0,33434.0,34001.0,38036.0,3,4,3,4,2,1,1,0,3,2,3,2,1,2,2,1,4,0,3,1,5,1,3,0,1,2,1,1,0,0,1,1,0,0,1,1,0,0,0,0,0,0,0,1,0,0,1,0,7.11,30,14,11
@types/storybook__addon-knobs,2022-04-07,https://github.com/storybooks/storybook,0,0,0,0,0,0,0,0,0,0,0,0,0,0,0,0,0,0,0,0,0,0,0,0,0,0,0,0,0,0,0,0,0,0,0,0,0,0,0,0,0,0,0,0,0,0,0,0,309482.0,211824.0,178239.0,165024.0,185968.0,207045.0,191217.0,182009.0,150619.0,158193.0,154677.0,184382.0,143831.0,159511.0,148856.0,162107.0,157353.0,136736.0,165582.0,119146.0,138812.0,146992.0,136601.0,103164.0,997,1192,850,669,671,682,573,916,1164,702,672,612,739,737,1105,593,595,618,560,495,517,827,668,685,113,100,98,111,79,97,86,105,134,105,107,72,85,96,100,100,87,97,93,78,65,114,106,120,4.79,30,23,564
good,2023-12-01,https://github.com/hapijs/good,0,0,0,0,0,0,0,0,0,0,0,0,0,0,0,0,0,0,0,0,0,0,0,0,0,0,0,0,0,0,0,0,0,0,0,0,0,0,0,0,0,0,0,0,0,0,0,0,67827.0,73172.0,51402.0,53420.0,47964.0,63671.0,48746.0,51897.0,75138.0,84575.0,74394.0,60952.0,49135.0,50384.0,53917.0,49735.0,61396.0,45516.0,35416.0,40869.0,35362.0,46884.0,45928.0,23235.0,0,0,0,0,0,0,1,1,0,0,0,0,1,1,0,0,0,2,0,0,0,0,0,0,0,0,0,2,0,0,0,1,0,0,0,0,0,0,1,0,0,1,0,0,0,0,0,0,10.79,30,98,301
azure-asm-subscription,2022-06-13,https://github.com/Azure/azure-sdk-for-node,1,0,0,0,0,0,1,0,0,0,5,4,1,0,1,1,0,0,4,0,1,3,0,0,0,0,2,1,1,1,0,0,0,0,0,0,0,0,0,0,0,0,3,0,0,2,0,0,43610.0,46786.0,48179.0,54180.0,49428.0,45165.0,38502.0,40752.0,39353.0,42138.0,34892.0,42169.0,29393.0,25577.0,20377.0,25168.0,17850.0,21936.0,28745.0,25557.0,34626.0,34625.0,34077.0,38013.0,3,4,3,4,2,1,1,0,3,2,3,2,1,2,2,1,4,0,3,1,5,1,3,0,1,2,1,1,0,0,1,1,0,0,1,1,0,0,0,0,0,0,0,1,0,0,1,0,7.11,30,4,13
azure-scheduler,2022-06-13,https://github.com/Azure/azure-sdk-for-node,1,0,0,0,0,0,1,0,0,0,5,4,1,0,1,1,0,0,4,0,1,3,0,0,0,0,2,1,1,1,0,0,0,0,0,0,0,0,0,0,0,0,3,0,0,2,0,0,37936.0,42530.0,43015.0,48313.0,41304.0,38899.0,33576.0,34682.0,33283.0,35403.0,28161.0,35947.0,27564.0,23890.0,18830.0,23634.0,17374.0,20721.0,27140.0,23826.0,32375.0,32149.0,32370.0,36343.0,3,4,3,4,2,1,1,0,3,2,3,2,1,2,2,1,4,0,3,1,5,1,3,0,1,2,1,1,0,0,1,1,0,0,1,1,0,0,0,0,0,0,0,1,0,0,1,0,8.12,30,19,7
stimulus-sortable,2024-03-22,https://github.com/stimulus-components/stimulus-sortable,0,1,1,2,1,0,1,0,0,0,0,0,0,0,0,0,0,0,0,1,0,1,0,0,0,1,0,0,0,0,0,0,0,1,0,0,1,0,0,0,0,0,0,0,0,0,0,0,48396.0,48255.0,46651.0,50700.0,44575.0,53510.0,46310.0,63993.0,72145.0,56411.0,63953.0,75400.0,72449.0,68003.0,51986.0,48316.0,45406.0,43107.0,49336.0,43773.0,36724.0,38715.0,49901.0,64113.0,3,2,1,1,1,2,2,0,0,1,1,4,0,0,0,0,2,0,0,0,0,0,0,1,1,2,0,0,0,0,0,0,0,0,1,0,0,0,0,1,1,0,1,0,0,0,0,0,3.43,5,12,8
azure-graph,2022-06-13,https://github.com/azure/azure-sdk-for-node,1,0,0,0,0,0,1,0,0,0,5,4,1,0,1,1,0,0,4,0,1,3,0,0,0,0,2,1,1,1,0,0,0,0,0,0,0,0,0,0,0,0,3,0,0,2,0,0,62522.0,58452.0,41201.0,44152.0,43155.0,37109.0,31745.0,34815.0,31651.0,34062.0,35556.0,33793.0,26341.0,22909.0,20190.0,23411.0,16431.0,21283.0,29026.0,25757.0,34844.0,34971.0,34907.0,38677.0,3,4,3,4,2,1,1,0,3,2,3,2,1,2,2,1,4,0,3,1,5,1,3,0,1,2,1,1,0,0,1,1,0,0,1,1,0,0,0,0,0,0,0,1,0,0,1,0,6.28,30,15,18
azure-asm-sb,2022-06-13,https://github.com/Azure/azure-sdk-for-node,1,0,0,0,0,0,1,0,0,0,5,4,1,0,1,1,0,0,4,0,1,3,0,0,0,0,2,1,1,1,0,0,0,0,0,0,0,0,0,0,0,0,3,0,0,2,0,0,43613.0,46787.0,48164.0,54178.0,49436.0,45170.0,38503.0,40729.0,39350.0,42126.0,34876.0,42156.0,29388.0,25567.0,20359.0,25171.0,17825.0,21931.0,28743.0,25489.0,34585.0,34604.0,34062.0,37987.0,3,4,3,4,2,1,1,0,3,2,3,2,1,2,2,1,4,0,3,1,5,1,3,0,1,2,1,1,0,0,1,1,0,0,1,1,0,0,0,0,0,0,0,1,0,0,1,0,7.11,30,3,9
azure-asm-scheduler,2022-06-13,https://github.com/Azure/azure-sdk-for-node,1,0,0,0,0,0,1,0,0,0,5,4,1,0,1,1,0,0,4,0,1,3,0,0,0,0,2,1,1,1,0,0,0,0,0,0,0,0,0,0,0,0,3,0,0,2,0,0,37679.0,42275.0,42783.0,48108.0,41191.0,38669.0,33314.0,34355.0,32941.0,34896.0,27845.0,35587.0,27334.0,23699.0,18638.0,23413.0,16364.0,20603.0,27053.0,23650.0,32266.0,32073.0,32301.0,36253.0,3,4,3,4,2,1,1,0,3,2,3,2,1,2,2,1,4,0,3,1,5,1,3,0,1,2,1,1,0,0,1,1,0,0,1,1,0,0,0,0,0,0,0,1,0,0,1,0,7.11,30,3,8
azure-asm-store,2022-06-13,https://github.com/Azure/azure-sdk-for-node,1,0,0,0,0,0,1,0,0,0,5,4,1,0,1,1,0,0,4,0,1,3,0,0,0,0,2,1,1,1,0,0,0,0,0,0,0,0,0,0,0,0,3,0,0,2,0,0,37684.0,42275.0,42786.0,48106.0,41190.0,38672.0,33319.0,34360.0,32950.0,34905.0,27845.0,35578.0,27345.0,23703.0,18638.0,23402.0,16383.0,20604.0,27048.0,23649.0,32245.0,32071.0,32287.0,36245.0,3,4,3,4,2,1,1,0,3,2,3,2,1,2,2,1,4,0,3,1,5,1,3,0,1,2,1,1,0,0,1,1,0,0,1,1,0,0,0,0,0,0,0,1,0,0,1,0,7.11,30,3,8
test-results-reporter,2024-05-27,https://github.com/test-results-reporter/reporter,0,0,0,0,0,0,0,0,0,0,0,0,0,0,0,0,0,0,0,0,0,0,0,0,0,0,0,0,0,0,0,0,0,0,0,0,0,0,0,0,0,0,0,0,0,0,0,0,23291.0,28016.0,30457.0,37063.0,36778.0,39948.0,41426.0,43866.0,52314.0,50775.0,53349.0,56278.0,48197.0,56856.0,57659.0,49858.0,50377.0,45294.0,47682.0,46564.0,40042.0,56803.0,54572.0,50322.0,2,2,0,0,3,2,1,1,1,2,2,8,2,4,1,0,2,2,0,3,3,0,1,1,0,0,0,1,0,0,1,0,0,0,0,2,3,0,0,0,0,0,0,0,0,0,0,1,2.74,12,46,2
@material/mwc-floating-label,2024-04-04,https://github.com/material-components/material-components-web-components,0,0,0,0,0,0,0,0,0,0,0,0,0,0,0,0,0,0,0,0,0,0,0,0,0,0,0,0,0,0,0,0,0,0,0,0,0,0,0,0,0,0,0,0,0,0,0,0,55853.0,72431.0,75365.0,73804.0,70395.0,61292.0,76581.0,50401.0,41551.0,51921.0,46846.0,49303.0,50107.0,46927.0,41237.0,47251.0,43688.0,48017.0,32137.0,30532.0,45237.0,40632.0,38694.0,46479.0,231,289,257,344,299,302,341,266,159,167,168,216,140,150,144,102,151,88,97,100,78,79,127,93,15,23,13,15,14,15,23,15,17,20,12,15,15,15,13,10,18,15,11,9,9,11,11,11,4.61,30,708,8
ytsr,2024-01-09,https://github.com/TimeForANinja/node-ytsr,2,3,3,0,3,5,5,1,5,1,1,1,1,2,1,3,0,1,0,1,0,0,6,0,0,0,0,0,0,0,0,0,0,0,0,0,0,0,0,0,0,0,0,0,0,0,0,0,43331.0,36101.0,27734.0,13838.0,11940.0,11091.0,11126.0,14277.0,15322.0,18875.0,18712.0,17449.0,17149.0,22098.0,24578.0,15707.0,15782.0,18393.0,17775.0,13499.0,15156.0,15061.0,15818.0,17583.0,0,6,7,6,3,4,4,4,3,3,2,4,0,1,1,1,0,0,2,1,1,3,0,0,2,1,1,4,1,2,1,2,0,0,1,0,1,0,0,0,0,0,0,1,0,0,1,0,6.85,22,54,53
azure-arm-rediscache,2022-06-13,https://github.com/azure/azure-sdk-for-node,1,0,0,0,0,0,1,0,0,0,5,4,1,0,1,1,0,0,4,0,1,3,0,0,0,0,2,1,1,1,0,0,0,0,0,0,0,0,0,0,0,0,3,0,0,2,0,0,60040.0,55690.0,38185.0,41804.0,41761.0,35895.0,30212.0,33890.0,30396.0,32411.0,28821.0,32286.0,25089.0,21734.0,18606.0,21949.0,14648.0,19624.0,27399.0,23764.0,32973.0,33780.0,33418.0,37218.0,3,4,3,4,2,1,1,0,3,2,3,2,1,2,2,1,4,0,3,1,5,1,3,0,1,2,1,1,0,0,1,1,0,0,1,1,0,0,0,0,0,0,0,1,0,0,1,0,6.92,30,11,8
ngx-swiper-wrapper,2022-12-07,https://github.com/zefoy/ngx-swiper-wrapper,0,0,0,1,0,2,0,2,0,1,0,1,0,2,0,1,0,0,0,0,0,0,0,0,0,0,0,0,0,0,0,0,0,0,0,0,0,0,0,0,0,0,0,0,0,0,0,0,124648.0,128523.0,132391.0,150707.0,134954.0,141617.0,144555.0,122151.0,137354.0,142030.0,135369.0,138056.0,123807.0,121964.0,135283.0,109649.0,116659.0,110875.0,101233.0,106190.0,115836.0,89371.0,76108.0,66003.0,1,0,1,0,0,1,0,2,0,0,0,1,0,0,0,4,0,0,0,0,0,0,1,0,0,0,1,1,0,0,0,1,0,0,0,0,0,0,0,0,0,0,0,0,3,0,0,1,5.7,13,69,42
azure-arm-cdn,2022-06-13,https://github.com/azure/azure-sdk-for-node,1,0,0,0,0,0,1,0,0,0,5,4,1,0,1,1,0,0,4,0,1,3,0,0,0,0,2,1,1,1,0,0,0,0,0,0,0,0,0,0,0,0,3,0,0,2,0,0,39217.0,41839.0,41745.0,43942.0,46325.0,40790.0,35327.0,38617.0,35096.0,35526.0,30463.0,34534.0,25757.0,21877.0,18794.0,22216.0,15056.0,20054.0,28009.0,24204.0,33804.0,34420.0,34675.0,38871.0,3,4,3,4,2,1,1,0,3,2,3,2,1,2,2,1,4,0,3,1,5,1,3,0,1,2,1,1,0,0,1,1,0,0,1,1,0,0,0,0,0,0,0,1,0,0,1,0,6.27,30,16,10
azure-batch,2022-06-13,https://github.com/Azure/azure-sdk-for-node,1,0,0,0,0,0,1,0,0,0,5,4,1,0,1,1,0,0,4,0,1,3,0,0,0,0,2,1,1,1,0,0,0,0,0,0,0,0,0,0,0,0,3,0,0,2,0,0,36107.0,38999.0,38601.0,41967.0,42099.0,35910.0,30287.0,34124.0,30534.0,32557.0,28958.0,32747.0,25177.0,22390.0,19312.0,22675.0,15438.0,20026.0,28107.0,24176.0,33770.0,33899.0,33138.0,36972.0,3,4,3,4,2,1,1,0,3,2,3,2,1,2,2,1,4,0,3,1,5,1,3,0,1,2,1,1,0,0,1,1,0,0,1,1,0,0,0,0,0,0,0,1,0,0,1,0,6.22,30,27,7
azure-arm-commerce,2022-06-13,https://github.com/azure/azure-sdk-for-node,1,0,0,0,0,0,1,0,0,0,5,4,1,0,1,1,0,0,4,0,1,3,0,0,0,0,2,1,1,1,0,0,0,0,0,0,0,0,0,0,0,0,3,0,0,2,0,0,35679.0,39008.0,38376.0,41806.0,41982.0,36242.0,30568.0,33992.0,31051.0,33074.0,29001.0,32623.0,25384.0,22361.0,19059.0,23031.0,15287.0,20080.0,27445.0,23819.0,33181.0,33962.0,33629.0,37533.0,3,4,3,4,2,1,1,0,3,2,3,2,1,2,2,1,4,0,3,1,5,1,3,0,1,2,1,1,0,0,1,1,0,0,1,1,0,0,0,0,0,0,0,1,0,0,1,0,6.91,30,8,9
@material/mwc-notched-outline,2024-04-04,https://github.com/material-components/material-components-web-components,0,0,0,0,0,0,0,0,0,0,0,0,0,0,0,0,0,0,0,0,0,0,0,0,0,0,0,0,0,0,0,0,0,0,0,0,0,0,0,0,0,0,0,0,0,0,0,0,60959.0,78194.0,80067.0,78493.0,74843.0,65442.0,78144.0,54389.0,45368.0,56438.0,50494.0,52330.0,52859.0,49209.0,43665.0,48115.0,44397.0,49008.0,33091.0,32073.0,46148.0,41887.0,39571.0,47034.0,231,289,257,344,299,302,341,266,159,167,168,216,140,150,144,102,151,88,97,100,78,79,127,93,15,23,13,15,14,15,23,15,17,20,12,15,15,15,13,10,18,15,11,9,9,11,11,11,4.61,30,707,14
@strictsoftware/typedoc-plugin-monorepo,2022-09-08,https://github.com/unstubbable/typedoc-plugin-monorepo,0,0,1,0,0,1,0,0,0,0,0,0,0,0,0,0,0,0,0,0,0,0,0,0,0,0,0,0,0,0,0,0,0,0,0,0,0,0,0,0,0,0,0,0,0,0,0,0,15171.0,16460.0,13113.0,12140.0,12017.0,11590.0,19658.0,14505.0,11008.0,8706.0,9068.0,11059.0,9632.0,9254.0,7327.0,10792.0,9559.0,12095.0,7367.0,8521.0,7923.0,7773.0,11583.0,16198.0,0,0,0,0,0,0,1,0,0,0,0,0,0,0,0,0,0,0,0,0,0,0,0,0,0,0,0,0,0,1,0,0,0,0,0,0,0,0,0,0,0,0,0,0,0,0,0,0,3.48,0,8,9
azure-arm-powerbiembedded,2022-06-13,https://github.com/Azure/azure-sdk-for-node,1,0,0,0,0,0,1,0,0,0,5,4,1,0,1,1,0,0,4,0,1,3,0,0,0,0,2,1,1,1,0,0,0,0,0,0,0,0,0,0,0,0,3,0,0,2,0,0,35200.0,38187.0,37693.0,41200.0,41374.0,35266.0,29819.0,33491.0,30074.0,31860.0,28100.0,31714.0,24614.0,21307.0,18158.0,21655.0,14163.0,19349.0,26947.0,23360.0,32615.0,33440.0,33024.0,36769.0,3,4,3,4,2,1,1,0,3,2,3,2,1,2,2,1,4,0,3,1,5,1,3,0,1,2,1,1,0,0,1,1,0,0,1,1,0,0,0,0,0,0,0,1,0,0,1,0,6.06,30,5,6
azure-arm-hdinsight,2022-06-13,https://github.com/azure/azure-sdk-for-node,1,0,0,0,0,0,1,0,0,0,5,4,1,0,1,1,0,0,4,0,1,3,0,0,0,0,2,1,1,1,0,0,0,0,0,0,0,0,0,0,0,0,3,0,0,2,0,0,35274.0,38288.0,37779.0,41305.0,41420.0,35342.0,29912.0,33592.0,30309.0,31918.0,28337.0,31846.0,24749.0,21607.0,18365.0,21802.0,14491.0,19429.0,27104.0,23452.0,32719.0,33512.0,33054.0,36854.0,3,4,3,4,2,1,1,0,3,2,3,2,1,2,2,1,4,0,3,1,5,1,3,0,1,2,1,1,0,0,1,1,0,0,1,1,0,0,0,0,0,0,0,1,0,0,1,0,6.56,30,16,9
azure-arm-batch,2022-06-13,https://github.com/azure/azure-sdk-for-node,1,0,0,0,0,0,1,0,0,0,5,4,1,0,1,1,0,0,4,0,1,3,0,0,0,0,2,1,1,1,0,0,0,0,0,0,0,0,0,0,0,0,3,0,0,2,0,0,35252.0,38317.0,37791.0,41296.0,41403.0,35341.0,29886.0,33523.0,30154.0,32014.0,28212.0,31786.0,24714.0,21393.0,18241.0,21755.0,14482.0,19385.0,27065.0,23412.0,32712.0,33478.0,33026.0,36845.0,3,4,3,4,2,1,1,0,3,2,3,2,1,2,2,1,4,0,3,1,5,1,3,0,1,2,1,1,0,0,1,1,0,0,1,1,0,0,0,0,0,0,0,1,0,0,1,0,6.22,30,17,7
azure-arm-iothub,2022-06-13,https://github.com/azure/azure-sdk-for-node,1,0,0,0,0,0,1,0,0,0,5,4,1,0,1,1,0,0,4,0,1,3,0,0,0,0,2,1,1,1,0,0,0,0,0,0,0,0,0,0,0,0,3,0,0,2,0,0,35364.0,38303.0,37827.0,41293.0,41480.0,35375.0,29923.0,33597.0,30210.0,31965.0,28211.0,31914.0,24855.0,21587.0,18435.0,21782.0,14390.0,19448.0,27090.0,23437.0,32742.0,33513.0,33090.0,36860.0,3,4,3,4,2,1,1,0,3,2,3,2,1,2,2,1,4,0,3,1,5,1,3,0,1,2,1,1,0,0,1,1,0,0,1,1,0,0,0,0,0,0,0,1,0,0,1,0,5.9,30,12,8
@material/mwc-line-ripple,2024-04-04,https://github.com/material-components/material-components-web-components,0,0,0,0,0,0,0,0,0,0,0,0,0,0,0,0,0,0,0,0,0,0,0,0,0,0,0,0,0,0,0,0,0,0,0,0,0,0,0,0,0,0,0,0,0,0,0,0,56824.0,72421.0,74638.0,73770.0,70353.0,60493.0,69386.0,50372.0,41515.0,52093.0,46736.0,49216.0,50030.0,46336.0,41229.0,45852.0,41943.0,47132.0,31427.0,30337.0,45039.0,40121.0,38526.0,46218.0,231,289,257,344,299,302,341,266,159,167,168,216,140,150,144,102,151,88,97,100,78,79,127,93,15,23,13,15,14,15,23,15,17,20,12,15,15,15,13,10,18,15,11,9,9,11,11,11,4.61,30,708,11
azure-arm-devtestlabs,2022-06-13,https://github.com/azure/azure-sdk-for-node,1,0,0,0,0,0,1,0,0,0,5,4,1,0,1,1,0,0,4,0,1,3,0,0,0,0,2,1,1,1,0,0,0,0,0,0,0,0,0,0,0,0,3,0,0,2,0,0,35123.0,38157.0,37648.0,41171.0,41346.0,35262.0,29794.0,33473.0,30111.0,31863.0,28112.0,31662.0,24565.0,21228.0,18088.0,21618.0,14211.0,19289.0,26935.0,23329.0,32621.0,33426.0,33018.0,36759.0,3,4,3,4,2,1,1,0,3,2,3,2,1,2,2,1,4,0,3,1,5,1,3,0,1,2,1,1,0,0,1,1,0,0,1,1,0,0,0,0,0,0,0,1,0,0,1,0,6.06,30,9,6
@iconify/json-tools,2022-11-13,https://github.com/iconify/json-tools.js,0,0,0,0,0,0,0,1,0,0,0,0,0,0,0,0,0,0,0,0,0,0,2,0,0,0,0,0,0,0,0,0,0,0,0,4,0,0,0,0,0,0,0,0,0,0,0,0,18199.0,16727.0,15775.0,14411.0,12944.0,8997.0,11234.0,10992.0,7886.0,8711.0,8772.0,9567.0,8533.0,9676.0,10276.0,8827.0,8363.0,8534.0,8182.0,7639.0,7212.0,7315.0,7912.0,11146.0,1,0,0,0,0,0,1,0,1,0,0,0,0,0,0,0,0,0,0,0,0,0,0,0,0,0,0,0,0,0,0,0,0,0,0,0,0,0,0,0,0,0,0,0,0,0,0,0,4.04,1,13,15
@material/mwc-formfield,2024-04-04,https://github.com/material-components/material-components-web-components,0,0,0,0,0,0,0,0,0,0,0,0,0,0,0,0,0,0,0,0,0,0,0,0,0,0,0,0,0,0,0,0,0,0,0,0,0,0,0,0,0,0,0,0,0,0,0,0,50308.0,66008.0,62901.0,64753.0,59693.0,52297.0,60972.0,41579.0,35499.0,43597.0,39420.0,36727.0,35713.0,30747.0,30728.0,34563.0,35567.0,40744.0,37392.0,26908.0,34526.0,29773.0,33370.0,38785.0,231,289,257,344,299,302,341,266,159,167,168,216,140,150,144,102,151,88,97,100,78,79,127,93,15,23,13,15,14,15,23,15,17,20,12,15,15,15,13,10,18,15,11,9,9,11,11,11,5.81,30,720,122
regenerator-babel,2024-04-16,https://github.com/facebook/regenerator,0,4,0,7,0,4,0,3,1,12,2,9,0,3,0,2,0,8,0,4,0,3,0,0,0,0,0,0,0,0,2,0,1,1,0,0,0,0,0,0,0,0,0,0,0,0,0,0,81360.0,96708.0,102920.0,101923.0,104175.0,100551.0,90931.0,70002.0,65222.0,78902.0,83948.0,202774.0,231703.0,70892.0,63398.0,55883.0,36993.0,43879.0,47694.0,32347.0,39210.0,39502.0,44800.0,43318.0,7,6,3,7,5,9,5,5,6,6,6,3,10,5,7,6,3,8,4,6,4,3,7,2,2,0,1,2,0,4,3,2,2,2,2,0,2,2,3,1,1,0,6,1,0,0,0,1,9.17,30,4,12
vi-fetch,2024-05-10,https://github.com/sheremet-va/vi-fetch,0,0,0,0,0,0,0,0,0,0,0,0,0,0,0,0,0,0,0,0,0,0,0,0,0,0,0,0,0,0,0,0,0,0,0,0,0,0,0,0,0,0,0,0,0,0,0,0,57475.0,67225.0,70072.0,66279.0,62724.0,66729.0,58513.0,56646.0,66183.0,67055.0,65301.0,62932.0,64638.0,66912.0,55619.0,51058.0,47201.0,37731.0,33822.0,39788.0,35987.0,42306.0,43509.0,47660.0,0,0,0,1,0,0,0,0,0,1,0,2,0,0,0,0,0,0,0,0,0,0,0,0,0,0,0,0,0,0,0,0,0,0,0,0,0,0,0,0,0,0,0,0,0,0,0,0,2.35,5,29,9
@material/mwc-textfield,2024-04-04,https://github.com/material-components/material-components-web-components,0,0,0,0,0,0,0,0,0,0,0,0,0,0,0,0,0,0,0,0,0,0,0,0,0,0,0,0,0,0,0,0,0,0,0,0,0,0,0,0,0,0,0,0,0,0,0,0,63943.0,85227.0,88829.0,88188.0,81222.0,71654.0,81216.0,55342.0,48525.0,59258.0,53999.0,54541.0,55882.0,50637.0,45071.0,54079.0,47262.0,54176.0,34423.0,33000.0,49049.0,44018.0,38270.0,44455.0,231,289,257,344,299,302,341,266,159,167,168,216,140,150,144,102,151,88,97,100,78,79,127,93,15,23,13,15,14,15,23,15,17,20,12,15,15,15,13,10,18,15,11,9,9,11,11,11,4.61,30,705,182
ng-inline-svg,2022-06-21,https://github.com/arkon/ng-inline-svg,1,1,0,0,0,3,0,1,1,1,0,1,0,0,0,0,0,0,0,0,0,0,0,0,0,0,0,0,0,0,0,0,0,0,0,0,0,0,0,0,0,0,0,0,0,0,0,0,158093.0,153590.0,165418.0,186304.0,182020.0,175070.0,147205.0,151915.0,161169.0,176483.0,149572.0,154667.0,134589.0,147584.0,142023.0,138878.0,144721.0,122883.0,130349.0,115547.0,122579.0,100104.0,109198.0,102366.0,2,0,2,1,0,0,0,1,0,0,0,0,0,0,1,0,0,0,0,0,0,0,0,0,0,0,0,1,1,2,0,2,1,0,0,1,0,0,0,1,1,0,0,0,0,0,0,1,5.51,25,60,45
azure-arm-sb,2022-06-13,https://github.com/azure/azure-sdk-for-node,1,0,0,0,0,0,1,0,0,0,5,4,1,0,1,1,0,0,4,0,1,3,0,0,0,0,2,1,1,1,0,0,0,0,0,0,0,0,0,0,0,0,3,0,0,2,0,0,53871.0,51249.0,32889.0,35606.0,33663.0,29246.0,25158.0,27627.0,24297.0,25327.0,21621.0,25968.0,23471.0,19971.0,17150.0,20488.0,13326.0,18335.0,25621.0,22092.0,30805.0,31234.0,31632.0,35467.0,3,4,3,4,2,1,1,0,3,2,3,2,1,2,2,1,4,0,3,1,5,1,3,0,1,2,1,1,0,0,1,1,0,0,1,1,0,0,0,0,0,0,0,1,0,0,1,0,5.78,30,12,8
@joeattardi/emoji-button,2022-05-15,https://github.com/joeattardi/emoji-button,0,0,0,0,0,0,0,0,0,0,0,0,0,0,0,0,0,0,0,0,0,0,0,0,0,0,0,0,0,0,0,0,0,0,0,0,0,0,0,0,0,0,0,0,0,0,0,0,23635.0,23927.0,34282.0,33725.0,39908.0,41661.0,56769.0,65145.0,102814.0,175614.0,197205.0,194305.0,80176.0,77358.0,88137.0,84182.0,81900.0,80234.0,67693.0,79003.0,72030.0,76708.0,65122.0,64096.0,13,8,15,11,13,11,10,7,11,8,65,122,22,13,10,14,18,11,12,12,7,9,11,18,2,4,2,3,3,1,0,3,2,0,2,3,2,2,0,1,0,0,2,2,1,0,1,2,2.49,16,46,46
react-countdown-now,2022-06-25,https://github.com/ndresx/react-countdown,3,0,2,2,0,0,3,3,1,4,0,0,4,0,3,1,3,4,2,4,2,3,1,1,1,1,1,0,1,1,3,1,2,6,4,4,1,1,1,0,1,0,0,1,0,0,1,0,111680.0,105989.0,97369.0,106953.0,88675.0,91330.0,83005.0,90423.0,102293.0,172583.0,166067.0,109089.0,96991.0,108621.0,98483.0,92578.0,91967.0,73740.0,82467.0,89668.0,92577.0,66419.0,72298.0,62830.0,12,10,10,11,7,16,8,10,13,14,12,11,5,10,6,6,10,8,12,12,8,7,6,3,1,1,0,2,0,0,2,1,0,2,1,0,0,1,0,1,1,1,1,1,0,1,2,1,5.12,10,11,45
caxa,2023-11-21,https://github.com/leafac/caxa,1,0,0,0,3,0,1,1,3,2,0,0,0,0,1,1,1,0,1,0,3,0,0,0,0,0,0,0,0,0,0,0,0,0,0,0,0,0,0,0,0,0,0,0,0,0,0,0,3295.0,4241.0,4114.0,4226.0,5181.0,5395.0,4087.0,3772.0,5886.0,8382.0,7576.0,8078.0,3972.0,7029.0,8567.0,8962.0,5649.0,4549.0,6755.0,8688.0,8930.0,4529.0,4161.0,4531.0,16,8,11,3,8,6,7,6,9,8,7,7,2,3,1,1,1,0,2,1,0,1,1,1,1,1,1,2,2,0,0,1,0,0,0,0,1,0,0,0,0,0,2,0,0,0,1,0,2.77,3,8,23
azure-arm-eventhub,2022-06-13,https://github.com/azure/azure-sdk-for-node,1,0,0,0,0,0,1,0,0,0,5,4,1,0,1,1,0,0,4,0,1,3,0,0,0,0,2,1,1,1,0,0,0,0,0,0,0,0,0,0,0,0,3,0,0,2,0,0,56176.0,52320.0,33979.0,35700.0,33744.0,29316.0,25114.0,27535.0,24222.0,25217.0,21568.0,25729.0,23164.0,19975.0,16982.0,20415.0,13150.0,18223.0,25551.0,21729.0,30504.0,31109.0,31422.0,35357.0,3,4,3,4,2,1,1,0,3,2,3,2,1,2,2,1,4,0,3,1,5,1,3,0,1,2,1,1,0,0,1,1,0,0,1,1,0,0,0,0,0,0,0,1,0,0,1,0,5.78,30,11,8
@cloudnative/health-connect,2022-07-25,https://github.com/CloudNativeJS/cloud-health-connect,0,11,0,0,0,0,0,0,0,0,0,0,0,0,0,0,0,0,0,1,0,0,0,0,0,0,0,0,0,0,0,0,0,0,0,0,0,0,0,0,0,0,0,0,0,0,0,0,27399.0,31282.0,38009.0,39950.0,41087.0,36072.0,41396.0,44907.0,57472.0,58004.0,62127.0,66276.0,63927.0,63939.0,61513.0,60732.0,50449.0,60485.0,57326.0,65536.0,53924.0,58924.0,59668.0,58608.0,0,1,0,0,0,0,0,2,4,0,0,1,0,0,0,0,0,0,0,0,0,0,0,0,0,0,0,0,0,0,0,0,0,1,0,0,0,0,0,0,0,0,0,0,0,0,0,0,4.02,6,5,13
azure-arm-notificationhubs,2022-06-13,https://github.com/Azure/azure-sdk-for-node,1,0,0,0,0,0,1,0,0,0,5,4,1,0,1,1,0,0,4,0,1,3,0,0,0,0,2,1,1,1,0,0,0,0,0,0,0,0,0,0,0,0,3,0,0,2,0,0,29353.0,34021.0,32974.0,35996.0,34571.0,29282.0,25162.0,28079.0,24322.0,25130.0,21372.0,25524.0,23073.0,19863.0,16788.0,20669.0,13017.0,18168.0,25688.0,21652.0,30425.0,30986.0,31314.0,35093.0,3,4,3,4,2,1,1,0,3,2,3,2,1,2,2,1,4,0,3,1,5,1,3,0,1,2,1,1,0,0,1,1,0,0,1,1,0,0,0,0,0,0,0,1,0,0,1,0,5.98,30,8,5
azure-arm-servicefabric,2022-06-13,https://github.com/Azure/azure-sdk-for-node,1,0,0,0,0,0,1,0,0,0,5,4,1,0,1,1,0,0,4,0,1,3,0,0,0,0,2,1,1,1,0,0,0,0,0,0,0,0,0,0,0,0,3,0,0,2,0,0,29343.0,33738.0,32362.0,35193.0,33190.0,28829.0,24722.0,27157.0,23734.0,24687.0,21117.0,25221.0,22648.0,19541.0,16519.0,20015.0,12806.0,18063.0,25339.0,21591.0,30366.0,30955.0,31284.0,35066.0,3,4,3,4,2,1,1,0,3,2,3,2,1,2,2,1,4,0,3,1,5,1,3,0,1,2,1,1,0,0,1,1,0,0,1,1,0,0,0,0,0,0,0,1,0,0,1,0,6.22,30,5,6
node-xmpp-core,2022-06-21,https://github.com/node-xmpp/node-xmpp,0,0,0,0,0,0,0,0,0,0,0,0,0,0,0,0,0,0,0,0,0,0,0,0,0,0,0,0,0,0,0,0,0,0,0,0,0,0,0,0,0,0,0,0,0,0,0,0,37692.0,37714.0,39262.0,37855.0,41351.0,39451.0,39337.0,37729.0,36265.0,37716.0,34604.0,45682.0,101394.0,77524.0,159021.0,218692.0,260426.0,271123.0,286186.0,266239.0,286701.0,294875.0,292231.0,294959.0,9,8,8,8,9,10,12,7,9,9,8,9,5,7,4,6,7,2,8,16,6,5,7,6,2,0,0,1,3,1,1,5,2,1,0,3,0,1,0,1,1,0,0,3,0,1,1,0,8.58,30,56,43
vscode-extension-telemetry,2022-06-28,https://github.com/Microsoft/vscode-extension-telemetry,2,1,2,0,1,2,5,2,1,0,7,0,3,0,1,1,0,0,1,1,1,5,2,8,0,0,1,1,0,3,2,5,3,6,0,2,0,1,4,2,2,1,3,1,0,1,3,3,68433.0,79259.0,83076.0,70514.0,63206.0,72613.0,73210.0,87498.0,71029.0,71864.0,61488.0,48920.0,27581.0,29334.0,28764.0,39477.0,32130.0,28303.0,25003.0,26972.0,22790.0,17191.0,18436.0,16882.0,1,5,1,7,0,3,1,5,1,1,2,2,0,0,1,2,3,3,2,3,1,2,1,2,0,1,2,1,0,1,0,1,0,0,0,2,0,0,0,2,3,1,1,0,0,2,0,0,6.38,30,51,30
node-xmpp-client,2022-06-21,https://github.com/node-xmpp/node-xmpp,0,0,0,0,0,0,0,0,0,0,0,0,0,0,0,0,0,0,0,0,0,0,0,0,0,0,0,0,0,0,0,0,0,0,0,0,0,0,0,0,0,0,0,0,0,0,0,0,36492.0,36842.0,38366.0,35708.0,37964.0,36201.0,36849.0,36101.0,33982.0,35070.0,32545.0,44317.0,100807.0,77192.0,158443.0,218206.0,260249.0,270845.0,285792.0,265700.0,286323.0,294725.0,291926.0,294682.0,9,8,8,8,9,10,12,7,9,9,8,9,5,7,4,6,7,2,8,16,6,5,7,6,2,0,0,1,3,1,1,5,2,1,0,3,0,1,0,1,1,0,0,3,0,1,1,0,8.58,30,61,91
@types/turf,2022-06-13,https://github.com/DefinitelyTyped/DefinitelyTyped,37,541,24,490,26,504,20,450,14,662,17,408,18,365,25,453,21,401,19,452,16,420,23,342,21,380,18,396,21,335,25,389,12,388,13,267,5,251,12,320,15,344,10,309,7,258,10,197,22169.0,22026.0,21398.0,23874.0,32077.0,35249.0,27095.0,27002.0,30096.0,30917.0,25850.0,26661.0,21913.0,25819.0,29568.0,38883.0,39475.0,46530.0,39218.0,41152.0,36825.0,31302.0,33695.0,36852.0,666,429,413,506,463,419,368,424,372,403,465,507,416,441,419,412,415,375,435,442,417,459,385,332,248,238,260,238,265,254,202,235,229,226,238,202,207,209,195,217,207,181,164,201,193,178,146,126,6.07,30,18,47
soql-parser-js,2024-06-16,https://github.com/jetstreamapp/soql-parser-js,0,1,0,1,0,0,1,0,0,0,0,0,0,0,2,5,0,0,0,0,0,0,0,0,0,0,0,0,0,5,0,2,0,1,0,0,0,0,0,0,0,0,0,0,0,1,0,0,75463.0,72184.0,74414.0,58392.0,64171.0,48475.0,43072.0,48142.0,44296.0,42914.0,43548.0,40475.0,54875.0,55362.0,55145.0,59545.0,48197.0,41470.0,51556.0,52848.0,50014.0,50684.0,46000.0,49398.0,0,1,1,3,0,1,0,0,1,2,1,0,0,0,1,2,0,0,0,0,0,1,0,1,0,0,0,1,0,0,0,0,0,0,0,0,0,0,0,0,0,0,0,0,1,0,0,0,5.68,8,90,13
honeybadger-js,2023-01-26,https://github.com/honeybadger-io/honeybadger-js,2,16,2,12,5,33,3,29,2,19,3,15,3,25,9,7,7,22,4,24,9,25,4,13,3,14,7,15,4,4,7,16,12,20,4,36,9,14,2,17,7,28,8,15,2,14,2,13,89849.0,81705.0,86173.0,78282.0,64825.0,73994.0,79376.0,94153.0,86809.0,68779.0,62196.0,42317.0,51950.0,63762.0,52003.0,44440.0,44428.0,41398.0,47299.0,40299.0,45338.0,37975.0,31429.0,37928.0,0,1,2,1,1,2,1,1,0,0,1,2,3,2,1,0,1,1,3,0,2,0,0,1,4,1,0,1,1,1,0,0,0,1,0,0,1,1,0,3,1,0,0,0,0,1,0,0,7.44,30,43,16
babel-plugin-module-alias,2022-06-13,https://github.com/tleunen/babel-plugin-module-alias,0,0,0,0,0,0,0,0,0,0,0,0,0,0,0,0,0,0,0,0,0,0,0,0,0,0,0,0,0,0,0,0,0,0,0,0,0,0,0,0,0,0,0,0,0,0,0,0,37940.0,43983.0,45252.0,53137.0,49330.0,49222.0,38105.0,44272.0,50291.0,51431.0,44123.0,52094.0,37666.0,39699.0,38728.0,41483.0,49426.0,37665.0,50512.0,47358.0,44691.0,52220.0,64539.0,58831.0,18,20,21,21,21,21,21,14,16,9,13,12,17,25,25,21,12,14,14,14,18,11,10,8,1,2,4,3,1,1,4,2,1,0,0,2,3,1,2,2,1,0,0,1,0,2,1,1,6.83,30,12,375
tween.js,2023-11-07,https://github.com/tweenjs/tween.js,1,0,1,0,0,0,0,0,1,0,6,6,4,1,2,2,2,2,1,0,1,1,2,1,0,2,1,1,3,1,1,0,0,0,0,3,0,0,0,0,2,1,1,1,2,1,1,0,32982.0,30312.0,33230.0,36483.0,36635.0,28498.0,32552.0,35761.0,33560.0,32171.0,29883.0,33063.0,23574.0,30772.0,28883.0,30960.0,29070.0,29272.0,27931.0,32905.0,30268.0,29799.0,31650.0,30763.0,36,49,48,46,42,57,75,42,69,57,44,35,35,37,42,22,45,37,48,40,41,33,25,31,2,6,1,5,5,6,6,5,6,3,5,3,1,1,1,3,3,4,3,2,4,6,4,2,10.24,30,18,194
@types/monday-sdk-js,2023-02-24,https://github.com/DefinitelyTyped/DefinitelyTyped,21,429,24,471,21,323,11,363,22,350,20,375,21,392,22,354,20,445,14,278,6,228,12,317,16,309,4,332,10,190,5,230,12,240,11,241,14,275,16,307,12,378,11,271,16,278,13,345,3742.0,2779.0,4095.0,4822.0,5065.0,5413.0,5560.0,8941.0,8895.0,9240.0,8560.0,32870.0,201234.0,170518.0,181340.0,245249.0,218974.0,276839.0,248489.0,304339.0,118320.0,109794.0,146139.0,115597.0,411,442,433,500,413,422,429,446,396,389,397,456,484,403,328,310,333,323,343,270,288,282,314,265,225,239,221,218,217,185,200,221,223,186,152,204,176,173,109,151,127,116,127,134,123,95,115,153,2.59,30,6,5
ts-optchain,2022-05-22,https://github.com/rimeto/ts-optchain,0,0,0,0,0,0,0,0,0,0,0,0,0,0,0,0,0,0,0,0,0,0,0,0,0,0,0,0,0,0,0,0,0,0,0,0,0,0,0,0,0,0,0,0,0,0,0,0,58015.0,56963.0,53217.0,52580.0,65160.0,54337.0,59804.0,46767.0,55516.0,54815.0,68173.0,51304.0,50505.0,48409.0,57262.0,50489.0,42326.0,41886.0,33328.0,39219.0,42435.0,42264.0,31953.0,38519.0,0,0,1,0,0,0,0,0,1,1,0,0,0,0,1,0,1,0,0,0,0,0,1,0,0,0,0,0,0,0,0,0,0,0,0,0,0,0,0,0,0,0,0,0,0,0,0,0,3.78,5,11,95
oppsy,2023-12-01,https://github.com/hapijs/oppsy,0,0,0,0,0,1,0,0,0,0,0,0,0,0,0,0,0,0,0,0,0,0,0,0,0,0,0,0,0,0,0,0,0,0,0,0,0,0,0,1,0,0,0,0,0,0,0,0,45454.0,45363.0,43944.0,49946.0,45893.0,62724.0,50149.0,52187.0,74700.0,79357.0,62349.0,50212.0,37657.0,40236.0,42898.0,38640.0,48277.0,32570.0,22436.0,33309.0,30304.0,35284.0,43147.0,17353.0,0,0,0,0,0,0,0,0,0,0,0,0,0,0,0,0,0,0,0,0,0,0,0,0,0,0,0,1,0,0,0,0,0,0,0,0,0,0,0,0,0,0,0,0,0,0,0,0,8.05,13,6,10
@dxatscale/sfp-logger,2024-04-29,https://github.com/dxatscale/sfpowerscripts,8,12,2,16,10,17,10,18,12,9,9,5,7,9,4,5,3,0,4,0,1,1,0,0,0,0,0,0,0,0,0,0,0,0,0,0,0,0,0,0,0,0,0,0,0,0,0,0,47680.0,53516.0,52040.0,48661.0,52619.0,53368.0,62845.0,65075.0,73885.0,67257.0,66582.0,65646.0,63287.0,58267.0,61794.0,54944.0,57297.0,61902.0,54100.0,47724.0,50904.0,49092.0,51910.0,46793.0,2,7,3,3,3,2,0,4,4,4,1,0,2,0,1,1,3,3,0,0,1,0,1,0,4,2,1,2,2,1,3,1,0,0,1,1,0,0,0,0,0,0,0,0,0,0,0,0,1.8,30,12,17
eslint-plugin-no-unsafe-innerhtml,2022-11-24,https://github.com/mozfreddyb/eslint-plugin-no-unsafe-innerhtml,0,0,0,0,0,0,0,0,0,0,0,0,0,0,0,0,0,0,0,0,0,0,0,0,0,0,0,0,0,0,0,0,0,0,0,0,0,0,0,0,0,0,0,0,0,0,0,0,62723.0,47342.0,33149.0,28871.0,34612.0,32544.0,37138.0,37259.0,29470.0,37922.0,36383.0,33368.0,26111.0,31554.0,29396.0,29763.0,33157.0,31717.0,33505.0,32544.0,27206.0,24390.0,36694.0,30110.0,2,6,2,5,5,1,5,6,3,1,0,0,3,3,6,2,4,0,4,5,1,0,2,3,0,1,0,0,0,0,1,0,0,0,0,0,1,0,3,0,0,0,0,0,0,0,0,0,7.53,26,17,47
vite-plugin-components,2022-05-23,https://github.com/antfu/vite-plugin-components,0,0,0,0,0,0,0,0,0,0,0,0,0,0,0,0,0,0,0,0,0,0,0,0,0,0,0,0,0,0,0,0,0,0,0,0,0,0,0,0,0,0,0,0,0,0,0,0,23671.0,27171.0,28356.0,30936.0,29036.0,28672.0,30050.0,28120.0,25739.0,23431.0,24968.0,22803.0,25824.0,20689.0,21260.0,20324.0,19558.0,17683.0,16458.0,16680.0,12665.0,11027.0,9072.0,10144.0,53,52,46,171,119,92,155,102,106,124,126,142,133,108,122,93,98,81,72,82,99,105,72,99,3,4,3,11,10,8,8,15,13,13,18,14,12,10,10,13,13,7,7,11,6,16,10,5,1.75,30,68,126
node-mailer,2022-06-21,https://github.com/srod/node-minify,0,24,0,11,0,20,0,10,0,4,0,6,0,17,1,12,0,7,0,6,0,9,0,11,1,18,0,9,0,10,0,10,1,25,0,34,0,47,1,46,0,54,1,50,0,55,0,37,6928.0,6013.0,6386.0,7335.0,7669.0,8775.0,8476.0,8820.0,9403.0,9022.0,8387.0,7897.0,8498.0,9728.0,18033.0,14541.0,10330.0,9382.0,7376.0,7221.0,8904.0,7530.0,7990.0,8667.0,2,3,4,2,1,1,2,4,1,0,7,3,3,4,1,3,3,3,6,5,1,3,3,1,0,1,0,0,1,0,0,0,1,0,1,0,0,1,0,0,0,0,0,0,0,0,0,0,11.04,30,2,34
rollup-plugin-multi-entry,2022-06-26,https://github.com/rollup/rollup-plugin-multi-entry,0,0,0,4,0,0,0,0,0,0,0,0,0,0,0,0,0,0,0,0,0,0,0,0,0,0,0,0,0,0,0,0,0,0,0,0,0,0,0,0,0,0,0,0,0,0,0,0,28483.0,24012.0,23096.0,27703.0,27200.0,23761.0,20768.0,22495.0,22448.0,27550.0,25381.0,28262.0,22546.0,38756.0,22509.0,30000.0,21523.0,20026.0,22945.0,19739.0,21267.0,17773.0,19593.0,21638.0,0,0,1,0,1,0,0,0,0,1,0,0,0,1,0,0,0,0,0,0,0,0,0,0,0,0,0,0,0,0,0,0,0,0,0,0,0,0,0,0,0,0,0,0,0,0,0,0,6.56,6,10,900
vuescroll,2023-10-08,https://github.com/YvesCoding/vuescroll,0,0,0,0,0,0,0,0,2,0,1,0,0,1,3,0,1,0,1,0,1,0,1,1,0,0,2,0,1,0,0,0,1,0,0,0,0,0,0,0,0,0,0,0,0,0,1,0,60477.0,63004.0,54959.0,53105.0,53428.0,63576.0,54938.0,56581.0,60691.0,59910.0,60847.0,63067.0,68007.0,54148.0,59065.0,53965.0,55137.0,51568.0,50599.0,41591.0,47016.0,48646.0,47051.0,50880.0,4,5,3,2,8,5,4,6,4,3,2,3,5,2,0,3,1,2,0,2,1,0,2,2,0,0,0,0,0,0,1,0,1,1,0,1,1,1,0,0,1,1,0,0,0,0,0,0,5.83,8,294,151
handy-redis,2023-11-07,https://github.com/mmkal/handy-redis,0,0,0,0,0,0,0,0,0,0,0,0,0,0,0,1,0,0,0,0,0,0,0,0,0,0,0,0,0,0,0,0,0,0,0,0,0,0,0,0,0,0,0,0,0,0,0,0,83607.0,79625.0,87164.0,78263.0,85487.0,76409.0,82549.0,83732.0,72750.0,70537.0,54737.0,68680.0,50722.0,58513.0,51703.0,52349.0,50472.0,53164.0,51581.0,56171.0,50364.0,43743.0,34145.0,32106.0,0,0,0,0,0,1,0,0,0,0,0,0,0,0,0,0,0,0,0,0,0,0,0,0,0,0,0,0,0,0,0,0,0,0,0,0,0,0,0,1,0,0,0,0,0,0,0,0,6.52,6,37,57
vscode-debugprotocol,2022-06-28,https://github.com/microsoft/vscode-debugadapter-node,0,0,1,0,1,0,2,0,1,0,1,0,1,0,4,0,1,1,0,0,0,1,1,0,0,4,0,0,1,0,0,5,1,1,1,3,2,2,0,0,0,1,0,0,2,6,0,0,183233.0,183234.0,192815.0,187744.0,244357.0,292854.0,183832.0,178233.0,167644.0,176895.0,147616.0,155313.0,167288.0,257086.0,272385.0,108990.0,117032.0,91590.0,94883.0,102546.0,108033.0,117844.0,201756.0,190295.0,2,1,5,1,7,2,3,5,3,4,2,1,2,0,1,5,4,1,7,6,1,2,1,6,1,0,0,1,0,1,1,1,0,0,0,0,1,0,0,2,1,2,0,0,0,0,0,0,6.55,22,166,55
optimize-js,2023-01-14,https://github.com/nolanlawson/optimize-js,0,0,0,0,0,0,0,0,0,0,0,0,0,0,0,0,0,0,0,0,0,0,0,0,0,0,0,0,0,0,0,0,0,0,0,0,0,0,0,0,0,0,0,0,0,0,0,0,33818.0,33644.0,40190.0,34262.0,30259.0,34124.0,32403.0,34941.0,36902.0,34588.0,35910.0,30727.0,27808.0,31780.0,25758.0,31308.0,32525.0,33573.0,30597.0,26615.0,26429.0,23110.0,18888.0,21594.0,6,7,2,2,1,0,3,3,0,2,1,3,1,2,2,2,1,1,2,1,0,0,0,0,1,0,0,1,0,0,0,0,1,0,0,0,0,0,0,0,0,0,0,0,0,0,0,1,6.32,12,4,36
good-console,2023-12-01,https://github.com/hapijs/good-console,0,0,0,0,0,0,0,0,0,0,0,0,0,0,0,0,0,0,0,0,0,0,0,1,0,0,0,0,0,0,0,0,0,0,0,0,0,0,0,0,0,0,0,0,0,0,0,0,57606.0,62301.0,39569.0,44181.0,41020.0,56360.0,40592.0,45771.0,66860.0,73325.0,59547.0,47501.0,31153.0,33618.0,36630.0,34824.0,46652.0,30962.0,19626.0,28413.0,27733.0,30976.0,36870.0,13841.0,0,0,0,0,0,0,0,0,0,0,0,0,0,0,0,0,0,0,0,0,0,0,1,1,0,0,0,0,0,0,0,0,0,0,0,0,0,0,0,0,0,0,0,0,0,0,0,0,9.08,26,34,237
polyline,2022-09-20,https://github.com/mapbox/polyline,0,0,0,0,1,0,0,0,0,0,0,0,0,0,0,0,0,0,0,0,0,1,0,0,0,0,0,0,1,0,1,0,0,0,0,0,0,2,0,0,0,1,1,0,1,0,0,1,41273.0,40743.0,39617.0,36027.0,49128.0,47587.0,44073.0,33492.0,50176.0,209578.0,224195.0,223772.0,245587.0,98223.0,39797.0,45578.0,59543.0,125598.0,152431.0,40229.0,43823.0,42370.0,37456.0,39619.0,0,0,0,3,4,5,2,2,2,1,2,4,2,2,0,2,6,2,6,2,3,6,0,2,0,0,0,0,1,0,0,2,0,0,0,3,0,0,0,1,0,1,2,0,1,0,1,0,10.15,21,6,66
react-jvectormap,2022-06-26,https://github.com/kadoshms/react-jvectormap,1,0,1,0,3,0,0,1,2,4,5,1,0,0,1,6,1,0,1,0,0,0,0,1,1,4,2,0,0,1,0,0,1,0,0,0,0,0,0,0,0,0,0,0,0,0,0,0,61470.0,64978.0,65410.0,67457.0,67081.0,65664.0,62770.0,61593.0,63724.0,72476.0,66653.0,72309.0,64656.0,74823.0,72205.0,68853.0,67079.0,61656.0,66053.0,62928.0,76811.0,61219.0,66328.0,65115.0,0,1,1,3,1,1,1,2,0,0,0,3,0,0,2,1,1,2,1,2,2,2,0,0,0,0,0,2,0,1,0,0,0,0,0,1,0,0,1,0,1,0,1,0,0,1,0,1,4.66,18,15,35
@aws-cdk/aws-synthetics-alpha,2023-11-21,https://github.com/aws/aws-cdk,170,228,118,156,168,237,185,266,157,235,169,301,146,229,141,219,158,180,171,178,163,206,173,204,129,164,151,224,171,181,144,187,157,166,149,202,141,154,109,139,102,150,122,184,138,190,147,222,127098.0,115890.0,139617.0,135775.0,176486.0,178607.0,197066.0,189283.0,234842.0,209371.0,187587.0,175104.0,129523.0,111966.0,78694.0,77258.0,78000.0,70723.0,70664.0,76975.0,70333.0,60744.0,60498.0,60505.0,113,111,120,125,126,127,128,108,87,105,70,91,77,98,95,85,89,88,94,86,71,85,98,76,71,50,76,57,69,60,57,45,49,59,46,42,33,47,56,51,42,47,31,46,31,44,47,28,2.11,30,148,10
@types/workbox-precaching,2023-01-02,https://github.com/DefinitelyTyped/DefinitelyTyped,17,413,26,388,15,421,20,468,23,354,12,337,24,371,24,360,17,388,24,370,15,420,15,267,12,337,13,332,13,287,6,290,10,206,5,221,15,249,11,238,13,308,16,267,9,411,14,242,382737.0,351143.0,153943.0,78509.0,79261.0,85348.0,71370.0,73500.0,73087.0,72940.0,72784.0,73349.0,69616.0,78460.0,64079.0,66891.0,64365.0,65382.0,65245.0,61114.0,68438.0,66970.0,59658.0,64703.0,395,382,410,439,480,467,410,433,435,420,430,364,445,405,470,389,320,333,305,339,328,279,288,275,221,230,223,238,218,223,203,191,213,203,218,188,201,203,180,154,118,142,133,113,136,127,119,84,3.13,30,3,4
@khanacademy/tota11y,2023-05-18,https://github.com/Khan/tota11y,0,0,0,0,0,0,0,0,0,0,0,0,0,0,0,0,0,0,0,0,0,0,0,0,0,0,0,0,0,0,0,0,0,0,0,0,0,0,0,0,0,0,0,0,0,0,0,0,51747.0,93597.0,184680.0,317062.0,328197.0,256269.0,145400.0,117273.0,206368.0,185793.0,327673.0,182038.0,136073.0,293473.0,158505.0,29275.0,6878.0,5765.0,4276.0,5517.0,5228.0,4160.0,3952.0,3675.0,12,12,14,18,25,13,10,11,10,15,15,6,3,5,6,2,1,3,2,1,3,2,0,2,1,0,2,0,1,0,0,1,1,0,0,0,1,0,0,1,0,0,2,0,0,0,0,0,4.07,14,1,7
vue2-animate,2023-10-02,https://github.com/asika32764/vue2-animate,0,0,0,0,0,0,0,0,0,0,0,0,0,0,0,0,0,0,0,0,0,0,0,0,0,0,0,0,0,0,0,0,0,0,0,0,0,0,0,0,0,0,0,0,0,0,0,0,37038.0,36090.0,32581.0,34240.0,32180.0,35742.0,28592.0,30853.0,31105.0,29396.0,38139.0,30552.0,33868.0,29509.0,32724.0,31202.0,30856.0,32533.0,33420.0,27932.0,30314.0,27959.0,28271.0,29689.0,2,3,4,0,1,0,1,1,3,1,1,0,1,1,0,0,4,1,0,0,0,1,2,2,0,0,0,0,1,0,0,0,0,0,0,0,0,0,0,0,0,0,1,0,0,0,0,0,6.98,2,12,85
azure-arm-intune,2022-06-13,https://github.com/Azure/azure-sdk-for-node,1,0,0,0,0,0,1,0,0,0,5,4,1,0,1,1,0,0,4,0,1,3,0,0,0,0,2,1,1,1,0,0,0,0,0,0,0,0,0,0,0,0,3,0,0,2,0,0,10622.0,10900.0,11990.0,9948.0,11775.0,10921.0,11344.0,12779.0,10065.0,11067.0,10117.0,13592.0,15368.0,12341.0,8839.0,11765.0,4547.0,10968.0,16850.0,14493.0,21122.0,24149.0,25038.0,28193.0,3,4,3,4,2,1,1,0,3,2,3,2,1,2,2,1,4,0,3,1,5,1,3,0,1,2,1,1,0,0,1,1,0,0,1,1,0,0,0,0,0,0,0,1,0,0,1,0,6.55,30,8,5
@uiball/loaders,2023-11-02,https://github.com/GriffinJohnston/uiball-loaders,0,0,0,0,0,0,0,0,0,0,0,0,0,0,0,0,0,0,0,0,0,0,0,0,0,0,0,0,0,0,0,0,0,0,0,0,0,0,0,0,0,0,0,0,0,0,0,0,14064.0,19471.0,33654.0,34921.0,49821.0,80060.0,81789.0,72147.0,88474.0,88743.0,80392.0,82908.0,59226.0,91635.0,92526.0,90566.0,80281.0,103570.0,93247.0,68836.0,40334.0,39568.0,38355.0,36295.0,11,9,22,10,11,29,5,31,7,11,31,14,92,44,23,44,62,54,56,39,75,62,38,44,1,0,0,0,0,1,0,0,1,1,0,1,2,1,0,3,1,0,0,1,2,2,2,1,1.59,3,21,15
sparqlee,2023-09-19,https://github.com/comunica/sparqlee,1,0,0,0,0,2,0,1,0,3,1,1,0,5,0,3,0,0,1,2,0,2,0,0,0,0,0,0,0,0,0,0,0,0,0,0,0,0,0,0,0,0,0,0,0,0,0,0,12850.0,11867.0,14408.0,12027.0,13446.0,12828.0,14086.0,14280.0,14074.0,12384.0,11674.0,12690.0,10551.0,6477.0,5312.0,7753.0,6829.0,6884.0,6326.0,7176.0,6099.0,4691.0,3600.0,3757.0,0,1,1,0,0,0,0,0,0,0,0,0,0,0,0,0,0,0,0,0,0,0,0,0,0,0,1,0,0,1,0,0,0,0,0,0,0,0,0,0,0,0,0,0,0,0,0,0,5.38,13,49,9
es6-module-loader,2022-06-17,https://github.com/ModuleLoader/es6-module-loader,0,0,0,0,0,0,0,0,0,0,0,0,0,0,0,0,0,0,0,0,0,0,0,0,0,0,0,0,0,0,0,0,0,0,0,0,0,0,0,0,0,0,0,0,0,0,0,0,41813.0,33805.0,29525.0,33930.0,36496.0,32399.0,27762.0,28121.0,18341.0,17088.0,15791.0,19443.0,18139.0,17465.0,16330.0,26203.0,20097.0,15286.0,18535.0,16574.0,20639.0,15544.0,16134.0,18114.0,2,2,3,3,0,2,2,1,1,1,1,0,1,0,1,1,0,0,2,0,1,3,1,2,0,0,0,0,0,1,0,0,0,0,0,0,0,0,0,0,0,0,0,0,0,1,0,1,8.95,30,57,270
feathers-memory,2023-03-23,https://github.com/feathersjs-ecosystem/feathers-memory,0,0,0,0,0,0,0,0,0,0,0,0,0,0,0,0,0,0,0,0,0,0,0,0,0,0,0,0,0,0,0,0,0,0,0,0,0,0,0,0,0,0,0,0,0,0,0,0,21329.0,19609.0,20142.0,20862.0,17938.0,21341.0,25195.0,21102.0,24909.0,18492.0,18353.0,19465.0,23914.0,22831.0,23854.0,19755.0,21592.0,20778.0,20999.0,15959.0,15529.0,18695.0,21859.0,18393.0,0,0,0,0,0,1,0,0,0,0,0,0,0,0,0,0,0,0,0,0,0,0,0,0,0,0,0,0,1,0,0,1,0,0,0,0,0,0,0,0,0,0,0,0,0,0,0,0,8.95,13,47,196
angular-tree-component,2022-06-13,https://github.com/500tech/angular-tree-component,0,0,0,0,0,0,0,0,0,0,0,0,0,0,0,0,0,0,0,0,0,0,0,0,0,0,0,0,0,0,0,0,0,0,0,0,0,0,0,0,0,0,0,0,0,0,0,0,106153.0,100311.0,104068.0,102338.0,95743.0,96839.0,91494.0,96014.0,87189.0,102614.0,93172.0,90720.0,79315.0,87228.0,85242.0,78918.0,90342.0,77060.0,81190.0,64671.0,77614.0,61871.0,65897.0,63895.0,1,8,10,5,4,4,2,4,2,2,1,3,3,2,5,3,2,0,2,2,0,1,1,4,1,2,3,0,1,2,6,0,4,4,3,3,2,2,0,2,1,2,1,0,2,1,3,5,5.27,30,56,133
@aws-cdk/lambda-layer-node-proxy-agent,2023-11-21,https://github.com/aws/aws-cdk,170,228,118,156,168,237,185,266,157,235,169,301,146,229,141,219,158,180,171,178,163,206,173,204,129,164,151,224,171,181,144,187,157,166,149,202,141,154,109,139,102,150,122,184,138,190,147,222,243671.0,244737.0,258989.0,218844.0,229909.0,218746.0,236047.0,193827.0,155192.0,34238.0,26663.0,21780.0,14966.0,16292.0,20654.0,15962.0,17193.0,31823.0,13230.0,12218.0,9622.0,10435.0,8905.0,6658.0,113,111,120,125,126,127,128,108,87,105,70,91,77,98,95,85,89,88,94,86,71,85,98,76,71,50,76,57,69,60,57,45,49,59,46,42,33,47,56,51,42,47,31,46,31,44,47,28,2.13,30,90,8
xterm-addon-canvas,2024-04-05,https://github.com/xtermjs/xterm.js,23,14,19,14,16,13,16,11,46,57,52,39,12,18,13,14,22,8,6,12,11,4,22,23,7,9,4,6,5,28,14,5,7,11,17,6,12,7,16,10,17,21,4,4,8,5,2,0,101513.0,196554.0,178524.0,210360.0,253414.0,248827.0,236917.0,215906.0,170302.0,222399.0,236325.0,140219.0,78717.0,64479.0,53943.0,52207.0,45807.0,54095.0,48537.0,36026.0,33682.0,30028.0,47741.0,34272.0,159,145,170,147,163,178,133,152,168,139,135,168,144,161,147,241,170,153,129,164,142,144,151,171,18,12,17,21,14,13,13,7,15,6,5,14,18,12,8,14,13,5,14,8,13,15,14,12,1.69,30,157,31
@types/workbox-expiration,2023-01-02,https://github.com/DefinitelyTyped/DefinitelyTyped,17,413,26,388,15,421,20,468,23,354,12,337,24,371,24,360,17,388,24,370,15,420,15,267,12,337,13,332,13,287,6,290,10,206,5,221,15,249,11,238,13,308,16,267,9,411,14,242,380518.0,348798.0,163137.0,83393.0,83030.0,89247.0,74568.0,76796.0,76906.0,75928.0,74774.0,67378.0,68579.0,77276.0,62735.0,65751.0,62994.0,64310.0,64278.0,59907.0,66981.0,65927.0,59433.0,63642.0,395,382,410,439,480,467,410,433,435,420,430,364,445,405,470,389,320,333,305,339,328,279,288,275,221,230,223,238,218,223,203,191,213,203,218,188,201,203,180,154,118,142,133,113,136,127,119,84,3.13,30,3,4
ng5-slider,2022-06-21,https://github.com/angular-slider/ng5-slider,0,0,0,0,0,0,0,0,0,0,0,0,0,0,0,0,0,0,0,0,0,0,0,0,0,0,0,0,0,0,0,0,0,0,0,0,0,0,0,0,0,0,0,0,0,0,0,0,163823.0,149072.0,144170.0,145630.0,146779.0,144015.0,131665.0,131985.0,128413.0,145957.0,128042.0,137227.0,117329.0,129992.0,128448.0,122384.0,125266.0,108387.0,109660.0,115577.0,121741.0,91445.0,98765.0,96294.0,5,4,5,5,2,0,5,10,5,5,2,3,3,2,2,3,5,4,1,2,3,3,1,3,0,2,2,1,3,4,6,2,0,1,0,1,3,1,1,1,2,1,0,4,3,0,2,4,4.13,22,28,28
react-qr-svg,2022-06-26,https://github.com/no23reason/react-qr-svg,0,0,0,0,0,0,0,0,0,0,0,0,0,0,0,0,0,0,0,0,0,0,0,0,0,0,0,0,0,0,0,0,0,0,0,0,0,0,0,0,0,0,0,0,0,0,0,0,71896.0,69958.0,76328.0,74784.0,72397.0,76897.0,55938.0,65845.0,77770.0,88735.0,60224.0,64037.0,64982.0,53685.0,47426.0,43901.0,49107.0,42251.0,40751.0,56516.0,126618.0,147615.0,43398.0,47733.0,0,0,0,1,0,1,0,0,0,0,0,0,1,0,1,0,0,0,0,0,0,0,0,0,0,0,0,0,0,0,0,0,0,1,0,0,0,0,0,0,0,1,0,0,0,0,0,0,5.33,5,15,26
@types/workbox-strategies,2023-01-02,https://github.com/DefinitelyTyped/DefinitelyTyped,17,413,26,388,15,421,20,468,23,354,12,337,24,371,24,360,17,388,24,370,15,420,15,267,12,337,13,332,13,287,6,290,10,206,5,221,15,249,11,238,13,308,16,267,9,411,14,242,381239.0,349419.0,163666.0,84052.0,83588.0,89773.0,75503.0,77674.0,77575.0,76746.0,75985.0,67970.0,69397.0,77947.0,63014.0,66176.0,63212.0,64377.0,64504.0,60218.0,66959.0,65959.0,59341.0,63604.0,395,382,410,439,480,467,410,433,435,420,430,364,445,405,470,389,320,333,305,339,328,279,288,275,221,230,223,238,218,223,203,191,213,203,218,188,201,203,180,154,118,142,133,113,136,127,119,84,3.13,30,3,4
vue-test-utils,2022-06-28,https://github.com/vuejs/vue-test-utils,13,4,9,5,7,3,2,6,6,3,10,6,6,3,8,3,4,3,2,0,3,1,2,1,13,6,3,0,4,6,5,5,11,5,1,2,5,5,3,1,1,2,5,1,5,0,1,2,80856.0,78676.0,71133.0,71879.0,73847.0,70142.0,60635.0,54291.0,56525.0,68476.0,67262.0,78592.0,72695.0,54952.0,57667.0,56722.0,57831.0,48867.0,52986.0,51100.0,58065.0,47310.0,56466.0,60995.0,25,26,26,15,19,18,14,21,15,20,12,20,8,6,15,15,7,4,8,10,6,9,5,8,10,8,8,4,6,8,5,3,6,2,5,4,5,5,9,5,3,3,5,3,3,2,2,1,6.14,30,13,491
vite-plugin-icons,2022-05-23,https://github.com/antfu/vite-plugin-icons,0,0,0,0,0,0,0,0,0,0,0,0,0,0,0,0,0,0,0,0,0,0,0,0,0,0,0,0,0,0,0,0,0,0,0,0,0,0,0,0,0,0,0,0,0,0,0,0,14421.0,15434.0,13713.0,14240.0,11483.0,10793.0,11735.0,11397.0,11285.0,10834.0,8125.0,5788.0,6717.0,4789.0,4518.0,4946.0,5692.0,5659.0,4431.0,5570.0,4129.0,3856.0,3882.0,4255.0,24,17,15,106,360,73,120,214,93,96,90,79,72,91,85,89,114,71,93,83,151,90,72,74,2,2,1,3,8,2,5,4,3,6,5,3,2,3,3,5,5,4,4,3,2,4,3,2,1.41,30,21,32
yar,2023-12-01,https://github.com/hapijs/yar,0,0,0,0,0,1,0,0,0,0,0,0,0,0,0,0,0,0,0,0,0,0,0,1,0,0,1,1,0,0,1,2,0,0,0,0,0,0,0,0,0,0,0,0,0,0,0,0,4194.0,4240.0,4891.0,5110.0,5242.0,6779.0,6029.0,4851.0,6046.0,6360.0,6127.0,5974.0,5256.0,5050.0,4451.0,4441.0,5897.0,5161.0,5020.0,4837.0,4795.0,5576.0,4518.0,4556.0,0,0,0,1,0,0,0,0,0,0,0,0,0,1,0,0,0,0,0,0,0,0,0,0,0,0,0,0,0,0,0,0,0,0,0,0,0,0,0,1,0,0,0,0,0,0,0,0,10.79,30,46,43
fhir-works-on-aws-interface,2023-04-13,https://github.com/awslabs/fhir-works-on-aws-interface,0,3,0,3,0,0,0,0,0,0,0,0,0,1,0,0,0,3,0,1,0,0,0,0,0,0,0,0,0,0,0,0,0,0,0,0,0,0,0,0,0,0,0,0,0,0,0,0,2235.0,1633.0,1175.0,1501.0,1740.0,1882.0,2352.0,1568.0,1356.0,2344.0,1856.0,1694.0,1404.0,1347.0,1276.0,1782.0,1096.0,1230.0,2036.0,1494.0,2194.0,1604.0,1808.0,1780.0,0,0,1,1,0,0,0,1,0,1,0,1,0,0,0,0,0,0,1,1,0,0,0,0,1,0,0,0,0,0,0,0,0,1,0,0,0,0,0,0,0,0,0,0,0,0,0,0,2.62,14,27,9
@ngneat/transloco-messageformat,2024-05-04,https://github.com/ngneat/transloco,0,0,0,0,0,0,0,0,0,0,0,0,0,0,0,0,0,0,0,0,0,0,0,0,0,0,0,0,0,0,0,0,0,0,0,0,0,0,0,0,0,0,0,0,0,0,0,0,67904.0,69921.0,63467.0,66316.0,78636.0,77657.0,69660.0,63874.0,79355.0,86230.0,95862.0,93974.0,76470.0,71185.0,62575.0,72660.0,76772.0,65699.0,48982.0,54345.0,50696.0,51895.0,37368.0,41957.0,15,26,19,34,19,9,14,19,15,14,27,16,26,14,15,14,13,20,11,13,15,14,22,8,4,2,3,7,4,3,5,4,4,4,2,0,2,3,4,1,0,2,1,3,0,1,1,1,4.67,30,17,6
wikidata-sdk,2023-02-04,https://github.com/maxlath/wikidata-sdk,0,0,0,0,0,0,0,0,0,0,0,0,0,0,0,0,0,0,0,0,0,0,0,0,0,0,0,0,0,0,0,0,0,0,0,0,0,0,0,0,0,0,0,0,0,0,0,0,17668.0,19241.0,18247.0,17191.0,20591.0,17273.0,18636.0,16665.0,27020.0,15167.0,13952.0,16812.0,17844.0,16579.0,19586.0,20732.0,16916.0,134091.0,89133.0,18933.0,11637.0,7855.0,10250.0,8585.0,2,2,1,2,2,2,1,4,2,3,3,2,2,3,2,0,3,2,0,2,6,1,1,2,0,0,0,1,1,0,2,0,0,1,0,0,0,1,0,1,0,0,0,0,0,0,0,0,7.95,17,173,46
to-markdown,2023-02-11,https://github.com/domchristie/to-markdown,0,0,0,0,0,0,0,0,0,0,0,0,0,0,0,0,0,0,0,0,0,0,0,0,0,0,0,0,0,0,0,0,0,0,0,0,0,0,0,0,0,0,0,0,0,0,0,0,53490.0,73038.0,55828.0,66048.0,70340.0,55350.0,63531.0,62072.0,60483.0,65026.0,50007.0,51982.0,98854.0,70008.0,76843.0,77440.0,85775.0,83529.0,80902.0,78283.0,58075.0,53067.0,63147.0,38005.0,43,44,43,62,37,42,52,43,35,54,53,50,73,95,86,68,88,64,56,207,78,66,74,86,1,7,5,2,4,4,5,4,2,8,5,2,7,13,10,4,4,5,6,8,4,6,4,5,10.84,30,30,185
@nguniversal/module-map-ngfactory-loader,2022-06-12,https://github.com/angular/universal,12,33,8,22,10,35,8,30,15,70,10,31,8,20,3,29,11,25,7,28,15,17,10,33,10,31,6,24,12,29,0,36,5,48,5,26,6,29,8,17,5,27,8,38,7,32,5,27,216587.0,208476.0,208426.0,194323.0,179613.0,175434.0,158140.0,154563.0,143654.0,159882.0,135506.0,135366.0,127817.0,132525.0,117319.0,105822.0,102669.0,90086.0,93978.0,94677.0,108030.0,86778.0,80532.0,74870.0,10,16,10,16,11,19,11,19,7,8,13,10,20,8,21,9,14,13,9,11,8,10,22,10,3,1,0,4,1,2,3,4,0,4,4,3,5,0,1,1,1,1,0,4,3,3,3,0,4.79,30,41,206
graphql-code-generator,2022-06-18,https://github.com/dotansimha/graphql-codegen,0,0,0,0,0,0,0,0,0,0,0,0,0,0,0,0,0,0,0,0,0,0,0,0,0,0,0,0,0,0,0,0,0,0,0,0,0,0,0,0,0,0,0,0,0,0,0,0,166652.0,181618.0,137521.0,97463.0,76643.0,78109.0,56158.0,59468.0,56698.0,80621.0,72683.0,78602.0,57048.0,46396.0,70203.0,68949.0,74222.0,56802.0,67314.0,66931.0,80374.0,53450.0,64270.0,58966.0,173,156,156,163,126,154,168,148,171,155,114,107,148,143,113,120,104,86,80,111,109,77,91,88,30,30,23,32,36,18,17,14,23,19,15,20,24,21,21,21,18,21,16,19,21,15,16,14,5.51,30,1617,119
@types/workbox-build,2023-01-02,https://github.com/DefinitelyTyped/DefinitelyTyped,17,413,26,388,15,421,20,468,23,354,12,337,24,371,24,360,17,388,24,370,15,420,15,267,12,337,13,332,13,287,6,290,10,206,5,221,15,249,11,238,13,308,16,267,9,411,14,242,197234.0,172890.0,78468.0,39680.0,57382.0,52317.0,56336.0,63191.0,63383.0,63346.0,58357.0,74471.0,52521.0,59397.0,49722.0,51642.0,47280.0,45782.0,46249.0,44636.0,43042.0,38855.0,36654.0,42511.0,395,382,410,439,480,467,410,433,435,420,430,364,445,405,470,389,320,333,305,339,328,279,288,275,221,230,223,238,218,223,203,191,213,203,218,188,201,203,180,154,118,142,133,113,136,127,119,84,2.89,30,3,25
jquery.inputmask,2022-06-19,https://github.com/RobinHerbots/jquery.inputmask,0,0,0,0,0,0,0,0,0,0,0,0,0,0,0,0,0,0,0,0,0,0,0,0,0,0,0,0,0,0,0,0,0,0,0,0,0,0,0,0,0,0,0,0,0,0,0,0,51421.0,44122.0,48023.0,44810.0,42078.0,41599.0,40320.0,37513.0,32908.0,35269.0,32723.0,47363.0,49039.0,66486.0,52337.0,34199.0,27807.0,24539.0,25489.0,27876.0,34557.0,23925.0,34024.0,41083.0,44,40,35,28,26,33,36,46,27,41,32,24,25,32,36,24,27,21,33,40,32,19,29,12,21,24,20,20,22,12,16,11,16,14,12,18,8,9,9,11,19,13,8,9,11,7,5,0,7.78,30,56,42
@microsoft.azure/autorest.csharp,2024-04-08,https://github.com/Azure/autorest.csharp,38,58,65,41,42,45,42,47,33,35,33,49,36,53,54,47,40,59,46,37,69,44,108,72,55,72,52,60,25,43,33,42,31,38,10,33,20,18,21,16,8,11,7,9,10,21,9,19,49647.0,40398.0,38785.0,38272.0,84397.0,83375.0,109634.0,84845.0,73618.0,93421.0,119784.0,140335.0,111607.0,91305.0,96675.0,64004.0,58135.0,90615.0,83851.0,31230.0,34702.0,36901.0,45350.0,38483.0,4,3,3,5,2,1,1,6,1,1,1,3,2,3,2,1,1,1,1,0,1,0,1,1,1,2,1,0,0,1,3,0,0,0,0,2,3,1,1,2,3,1,0,0,0,1,3,0,6.62,30,69,3
draft-js-image-plugin,2022-06-15,https://github.com/draft-js-plugins/draft-js-plugins,6,54,7,55,6,43,6,52,3,60,2,38,4,51,7,57,9,50,11,44,5,58,4,49,2,33,6,32,2,34,5,31,4,27,2,28,1,27,4,17,5,25,3,30,2,29,0,28,55619.0,52560.0,55615.0,46182.0,45111.0,45292.0,41964.0,40996.0,39068.0,42340.0,34680.0,43800.0,47976.0,52775.0,48180.0,51067.0,49681.0,40980.0,43153.0,55542.0,61914.0,50624.0,81692.0,98096.0,11,21,24,25,16,19,12,10,14,14,15,11,9,5,12,7,7,7,2,8,9,8,11,4,8,4,4,3,5,8,5,5,6,8,9,9,7,11,8,7,5,10,5,6,4,3,3,7,6.12,30,31,63
@aws-cdk/aws-elasticache,2023-11-21,https://github.com/aws/aws-cdk,170,228,118,156,168,237,185,266,157,235,169,301,146,229,141,219,158,180,171,178,163,206,173,204,129,164,151,224,171,181,144,187,157,166,149,202,141,154,109,139,102,150,122,184,138,190,147,222,240624.0,281325.0,294250.0,257905.0,279861.0,274472.0,289212.0,252324.0,205842.0,66792.0,70156.0,65404.0,31232.0,34280.0,36331.0,25240.0,24790.0,20930.0,16410.0,19323.0,18380.0,14636.0,16546.0,12363.0,113,111,120,125,126,127,128,108,87,105,70,91,77,98,95,85,89,88,94,86,71,85,98,76,71,50,76,57,69,60,57,45,49,59,46,42,33,47,56,51,42,47,31,46,31,44,47,28,5.31,30,288,30
vue-context,2022-06-28,https://github.com/rawilk/vue-context,0,0,0,0,0,0,0,0,0,0,0,0,0,0,0,0,0,0,0,0,0,0,0,0,0,0,0,0,0,3,0,0,0,0,0,0,0,0,0,0,0,0,0,0,0,0,0,0,46488.0,45953.0,51354.0,49576.0,50993.0,49970.0,47269.0,48360.0,48137.0,60840.0,55547.0,54206.0,50685.0,67551.0,55887.0,56578.0,57476.0,46232.0,47086.0,48022.0,59292.0,50685.0,50997.0,49298.0,0,1,0,0,1,0,2,2,0,1,3,1,1,0,1,0,0,0,1,1,2,1,0,1,0,3,0,2,0,1,0,0,2,0,1,1,0,0,0,0,0,0,0,0,1,0,0,0,5.07,4,26,61
@wessberg/ts-clone-node,2022-04-07,https://github.com/wessberg/ts-clone-node,0,0,0,0,1,0,0,0,0,0,0,0,0,0,0,0,0,0,1,0,0,0,0,0,0,0,0,0,0,0,1,0,0,0,1,0,0,0,0,0,0,0,1,0,0,0,1,1,66685.0,59931.0,56263.0,53223.0,52010.0,68551.0,93539.0,83740.0,47961.0,64939.0,67633.0,60681.0,56692.0,56035.0,36503.0,42419.0,35204.0,39915.0,50952.0,36983.0,44898.0,36403.0,38036.0,25587.0,0,1,1,2,1,2,0,0,0,2,0,1,1,1,0,1,0,0,1,3,0,1,0,0,0,0,0,0,0,0,0,0,0,0,0,0,0,0,0,0,0,0,0,1,0,0,0,1,2.41,4,28,14
@react-native-community/bob,2022-05-12,https://github.com/callstack/react-native-builder-bob,3,7,2,1,5,1,6,3,3,7,4,1,4,3,3,2,1,1,4,0,2,6,7,1,2,1,4,2,11,1,2,9,10,7,8,6,5,4,2,1,1,2,6,8,4,2,2,1,63702.0,62355.0,46261.0,50626.0,48250.0,36886.0,36105.0,36849.0,41849.0,38517.0,46990.0,39131.0,48812.0,40926.0,44344.0,49676.0,50901.0,58024.0,49199.0,48750.0,41922.0,53888.0,48076.0,43520.0,44,40,52,41,57,67,29,26,44,42,40,56,52,62,66,66,53,59,44,70,57,44,49,48,0,2,3,3,5,5,1,5,2,4,3,3,3,7,5,7,1,1,3,3,3,2,4,1,3.11,30,46,1502
apollo-client-preset,2022-04-11,https://github.com/apollographql/apollo-client,50,64,62,79,48,54,48,50,63,86,50,68,42,60,64,70,57,43,60,47,39,44,42,54,61,75,51,40,43,40,38,53,39,50,47,55,31,46,29,46,29,41,39,78,22,58,40,70,111875.0,95836.0,80210.0,74459.0,84352.0,106471.0,100173.0,74385.0,67626.0,73823.0,72454.0,79069.0,62137.0,61177.0,56609.0,60361.0,85275.0,76096.0,79898.0,67079.0,89792.0,67796.0,75345.0,57152.0,166,121,131,140,221,126,134,100,113,139,142,107,152,108,104,97,87,99,94,73,93,101,106,90,18,34,23,27,27,25,30,21,27,28,34,30,23,17,21,22,10,19,16,19,16,10,14,15,4.67,30,42,62
@lingui/babel-plugin-transform-react,2023-05-16,https://github.com/lingui/js-lingui,3,6,11,6,2,2,3,2,3,3,4,5,6,4,7,6,17,46,23,66,28,67,11,37,14,18,6,7,5,11,8,9,7,12,8,2,4,11,9,10,8,7,11,18,8,21,5,11,88328.0,94150.0,77414.0,77052.0,84878.0,64827.0,65811.0,55421.0,64499.0,78278.0,85323.0,53389.0,59196.0,62706.0,55074.0,53798.0,59034.0,59696.0,61359.0,61659.0,48776.0,45030.0,49788.0,53040.0,31,20,18,17,27,22,21,14,22,62,48,57,57,34,35,35,42,44,43,70,44,35,45,48,6,5,3,3,3,1,1,4,0,5,5,4,4,0,4,2,2,3,5,2,5,3,3,5,5.37,30,42,8
react-html5video,2023-12-12,https://github.com/mderrick/react-html5video,0,0,0,0,1,0,0,0,0,0,0,0,0,0,0,0,0,0,0,0,0,0,0,0,0,0,0,0,0,0,0,0,0,0,0,0,0,0,0,0,0,0,0,0,0,0,0,0,35981.0,40299.0,43515.0,46085.0,34070.0,36684.0,42086.0,49039.0,56094.0,51934.0,65142.0,42882.0,43306.0,44062.0,38903.0,28025.0,33305.0,28714.0,28713.0,29449.0,26652.0,28209.0,30550.0,24320.0,0,1,0,0,0,1,0,0,1,0,1,0,0,0,0,0,0,0,0,0,0,0,0,0,0,0,2,1,0,0,0,0,0,1,0,0,0,0,0,0,0,0,0,0,0,0,0,0,8.13,14,27,18
@cloudflare/wrangler,2023-02-21,https://github.com/cloudflare/wrangler-legacy,6,9,6,9,7,12,2,3,4,10,0,8,3,9,6,5,1,0,1,3,2,3,2,1,0,0,0,0,0,0,0,0,0,1,0,0,0,0,0,0,0,0,0,0,0,0,0,0,133394.0,160057.0,167761.0,198206.0,213623.0,180971.0,184164.0,184221.0,184615.0,179297.0,151063.0,201715.0,180625.0,126464.0,107416.0,77140.0,60948.0,73839.0,60555.0,58909.0,39485.0,28968.0,37115.0,40081.0,60,41,73,81,39,31,37,25,19,25,29,37,7,2,4,4,7,4,1,3,1,3,2,2,2,3,6,2,4,1,1,3,1,2,2,3,0,0,0,0,0,0,0,0,0,1,0,2,3.73,30,79,32
bootstrap-vue-3,2023-01-14,https://github.com/cdmoro/bootstrap-vue-3,0,0,0,0,0,0,0,0,0,0,0,0,0,0,0,0,0,0,0,0,0,0,0,0,0,0,0,0,0,0,0,0,0,0,0,0,0,0,0,0,0,0,0,0,0,0,0,0,5177.0,7468.0,10915.0,11904.0,14080.0,15720.0,15770.0,22912.0,28201.0,29484.0,29291.0,29606.0,31584.0,30281.0,28227.0,27183.0,25384.0,24558.0,21844.0,20564.0,25622.0,23539.0,20483.0,21957.0,15,42,35,29,27,24,36,31,34,28,17,23,36,31,38,25,27,36,24,25,18,23,18,19,0,0,0,0,0,0,0,0,0,0,0,0,0,0,0,6,10,8,8,8,7,5,7,2,1.47,30,61,35
ipfs-core,2023-05-25,https://github.com/ipfs/js-ipfs,13,24,13,16,13,8,9,12,8,15,8,10,5,11,9,9,6,25,9,11,3,5,3,1,0,0,0,0,0,0,0,0,0,0,0,0,0,0,0,0,0,0,0,0,0,0,0,0,42664.0,46289.0,35834.0,40444.0,39908.0,44229.0,42322.0,38386.0,44433.0,47488.0,40712.0,34160.0,28578.0,23138.0,21175.0,23353.0,22323.0,21681.0,17881.0,23759.0,16560.0,20042.0,24091.0,19253.0,104,85,103,70,48,52,63,50,54,50,49,35,17,11,10,7,7,7,5,8,6,6,6,8,14,8,14,11,10,14,8,15,7,11,8,4,3,1,1,1,1,1,1,1,0,0,2,0,3.03,30,279,180
axe-webdriverjs,2022-06-13,https://github.com/dequelabs/axe-webdriverjs,0,0,0,0,0,0,0,0,0,0,0,0,0,0,0,0,0,0,0,0,0,0,0,0,0,0,0,0,0,0,0,0,0,0,0,0,0,0,0,0,0,0,0,0,0,0,0,0,259909.0,209763.0,196360.0,203915.0,232023.0,205665.0,144367.0,212562.0,224000.0,276369.0,260550.0,252219.0,102810.0,96882.0,96722.0,98068.0,98546.0,84025.0,90801.0,83772.0,99657.0,84433.0,98731.0,72217.0,0,0,0,1,0,0,0,2,1,0,0,0,0,0,0,0,1,0,1,0,0,0,0,0,0,0,0,0,1,0,0,0,0,0,0,0,0,0,0,0,1,1,0,0,0,0,0,0,7.0,16,58,95
metalsmith-layouts,2023-08-15,https://github.com/metalsmith/metalsmith-layouts,0,0,0,0,0,0,0,0,0,0,0,0,0,0,0,0,0,0,0,0,0,0,0,0,0,0,0,0,0,0,0,0,0,0,0,0,0,0,0,0,0,0,0,0,0,0,0,0,17482.0,15511.0,14793.0,16074.0,13689.0,16977.0,13728.0,15591.0,16785.0,14659.0,13122.0,13223.0,14893.0,15308.0,13256.0,12590.0,14682.0,15119.0,14654.0,13811.0,13843.0,13407.0,13972.0,12011.0,0,0,0,1,0,0,1,0,0,0,1,0,0,0,0,0,0,0,0,0,0,1,0,0,0,1,0,0,0,0,1,0,0,0,0,0,0,0,0,0,0,0,0,0,0,0,0,0,8.73,19,23,156
@electron-forge/installer-deb,2023-11-17,https://github.com/electron-userland/electron-forge,0,0,0,0,0,0,0,0,0,0,0,0,0,0,0,0,0,0,0,0,0,0,0,0,0,0,0,0,0,0,0,0,0,0,0,0,0,0,0,0,0,0,0,0,0,0,0,0,93751.0,66925.0,66149.0,57142.0,53058.0,45879.0,43045.0,44914.0,44365.0,41605.0,33503.0,34187.0,26828.0,29855.0,26243.0,18503.0,13123.0,13721.0,12107.0,12268.0,9926.0,10206.0,10501.0,17722.0,79,62,54,67,74,52,45,65,59,62,55,62,59,68,76,71,60,48,41,30,45,31,54,40,11,10,6,4,5,8,4,7,7,4,7,8,6,7,10,14,5,6,4,5,6,6,5,6,5.59,30,67,5
@electron-forge/installer-linux,2023-11-17,https://github.com/electron-userland/electron-forge,0,0,0,0,0,0,0,0,0,0,0,0,0,0,0,0,0,0,0,0,0,0,0,0,0,0,0,0,0,0,0,0,0,0,0,0,0,0,0,0,0,0,0,0,0,0,0,0,93625.0,66785.0,66011.0,57037.0,52922.0,45949.0,42963.0,44734.0,44290.0,41539.0,33480.0,34217.0,26846.0,29829.0,26240.0,18494.0,13122.0,13706.0,12102.0,12267.0,9999.0,10233.0,10576.0,17744.0,79,62,54,67,74,52,45,65,59,62,55,62,59,68,76,71,60,48,41,30,45,31,54,40,11,10,6,4,5,8,4,7,7,4,7,8,6,7,10,14,5,6,4,5,6,6,5,6,5.59,30,67,5
@electron-forge/installer-darwin,2023-11-17,https://github.com/electron-userland/electron-forge,0,0,0,0,0,0,0,0,0,0,0,0,0,0,0,0,0,0,0,0,0,0,0,0,0,0,0,0,0,0,0,0,0,0,0,0,0,0,0,0,0,0,0,0,0,0,0,0,93714.0,66783.0,66044.0,57041.0,53015.0,45831.0,42934.0,44736.0,44270.0,41549.0,33498.0,34153.0,26944.0,29985.0,26265.0,18525.0,13233.0,13754.0,12179.0,12266.0,9949.0,10120.0,10656.0,17835.0,79,62,54,67,74,52,45,65,59,62,55,62,59,68,76,71,60,48,41,30,45,31,54,40,11,10,6,4,5,8,4,7,7,4,7,8,6,7,10,14,5,6,4,5,6,6,5,6,5.59,30,67,5
@electron-forge/installer-dmg,2023-11-17,https://github.com/electron-userland/electron-forge,0,0,0,0,0,0,0,0,0,0,0,0,0,0,0,0,0,0,0,0,0,0,0,0,0,0,0,0,0,0,0,0,0,0,0,0,0,0,0,0,0,0,0,0,0,0,0,0,93772.0,66804.0,66124.0,57141.0,53110.0,45897.0,43011.0,44861.0,44428.0,41618.0,33513.0,34194.0,26872.0,29877.0,26259.0,18508.0,13111.0,13733.0,12129.0,12249.0,9977.0,10134.0,10541.0,17789.0,79,62,54,67,74,52,45,65,59,62,55,62,59,68,76,71,60,48,41,30,45,31,54,40,11,10,6,4,5,8,4,7,7,4,7,8,6,7,10,14,5,6,4,5,6,6,5,6,5.59,30,67,5
@electron-forge/installer-rpm,2023-11-17,https://github.com/electron-userland/electron-forge,0,0,0,0,0,0,0,0,0,0,0,0,0,0,0,0,0,0,0,0,0,0,0,0,0,0,0,0,0,0,0,0,0,0,0,0,0,0,0,0,0,0,0,0,0,0,0,0,93714.0,66990.0,66121.0,57131.0,53085.0,45864.0,43060.0,44844.0,44396.0,41597.0,33540.0,34210.0,26900.0,29857.0,26245.0,18503.0,13110.0,13715.0,12099.0,12264.0,9960.0,10205.0,10557.0,17800.0,79,62,54,67,74,52,45,65,59,62,55,62,59,68,76,71,60,48,41,30,45,31,54,40,11,10,6,4,5,8,4,7,7,4,7,8,6,7,10,14,5,6,4,5,6,6,5,6,5.59,30,67,5
@electron-forge/installer-base,2023-11-17,https://github.com/electron-userland/electron-forge,0,0,0,0,0,0,0,0,0,0,0,0,0,0,0,0,0,0,0,0,0,0,0,0,0,0,0,0,0,0,0,0,0,0,0,0,0,0,0,0,0,0,0,0,0,0,0,0,93888.0,66967.0,66168.0,57178.0,53077.0,45958.0,42986.0,44942.0,44381.0,41655.0,33546.0,34210.0,26847.0,29866.0,26261.0,18549.0,13138.0,13756.0,12097.0,12284.0,9871.0,10260.0,10658.0,17736.0,79,62,54,67,74,52,45,65,59,62,55,62,59,68,76,71,60,48,41,30,45,31,54,40,11,10,6,4,5,8,4,7,7,4,7,8,6,7,10,14,5,6,4,5,6,6,5,6,5.59,30,67,8
@electron-forge/installer-exe,2023-11-17,https://github.com/electron-userland/electron-forge,0,0,0,0,0,0,0,0,0,0,0,0,0,0,0,0,0,0,0,0,0,0,0,0,0,0,0,0,0,0,0,0,0,0,0,0,0,0,0,0,0,0,0,0,0,0,0,0,93708.0,66870.0,66140.0,57150.0,53106.0,45884.0,42994.0,44934.0,44372.0,41606.0,33503.0,34198.0,26904.0,29896.0,26244.0,18496.0,13089.0,13710.0,12123.0,12276.0,9860.0,10140.0,10728.0,17704.0,79,62,54,67,74,52,45,65,59,62,55,62,59,68,76,71,60,48,41,30,45,31,54,40,11,10,6,4,5,8,4,7,7,4,7,8,6,7,10,14,5,6,4,5,6,6,5,6,5.59,30,67,5
@electron-forge/installer-zip,2023-11-17,https://github.com/electron-userland/electron-forge,0,0,0,0,0,0,0,0,0,0,0,0,0,0,0,0,0,0,0,0,0,0,0,0,0,0,0,0,0,0,0,0,0,0,0,0,0,0,0,0,0,0,0,0,0,0,0,0,93725.0,66995.0,66135.0,57140.0,53069.0,45861.0,43135.0,44908.0,44384.0,41622.0,33488.0,34230.0,26831.0,29881.0,26260.0,18477.0,13095.0,13692.0,12074.0,12333.0,9924.0,10095.0,10456.0,17788.0,79,62,54,67,74,52,45,65,59,62,55,62,59,68,76,71,60,48,41,30,45,31,54,40,11,10,6,4,5,8,4,7,7,4,7,8,6,7,10,14,5,6,4,5,6,6,5,6,5.59,30,67,5
bugsnag-js,2022-06-13,https://github.com/bugsnag/bugsnag-js,6,27,6,28,9,18,5,8,9,14,14,32,13,14,8,42,2,11,4,13,5,14,1,21,7,15,5,9,2,10,7,23,4,20,3,15,1,15,6,15,2,8,6,5,4,9,4,11,152203.0,135445.0,139100.0,140437.0,225461.0,161545.0,160840.0,193904.0,162976.0,206596.0,169129.0,169952.0,151837.0,165708.0,152958.0,126796.0,114374.0,105223.0,112668.0,102468.0,124446.0,85789.0,90092.0,78501.0,4,4,12,5,7,6,15,8,2,5,4,4,3,3,5,6,4,3,3,6,9,13,4,5,2,3,1,0,4,4,4,6,2,4,1,1,3,1,0,0,3,3,0,2,3,0,1,2,7.36,30,70,35
@wessberg/browserslist-generator,2022-04-07,https://github.com/wessberg/browserslist-generator,0,0,0,0,0,0,0,0,0,0,0,0,0,1,0,0,1,0,0,0,0,0,0,0,0,1,0,0,0,0,0,0,0,0,0,0,1,0,1,1,0,0,1,1,0,0,0,0,63839.0,54929.0,53295.0,49398.0,48369.0,56957.0,78243.0,69731.0,34787.0,46009.0,51518.0,41683.0,33394.0,35352.0,25595.0,27442.0,25526.0,32929.0,74133.0,26545.0,34459.0,26207.0,27620.0,19496.0,0,2,3,1,0,1,0,1,2,1,0,0,1,2,0,3,0,0,1,0,0,0,0,0,0,0,0,0,0,0,1,0,0,0,0,0,1,0,0,0,0,0,0,1,0,1,0,0,3.94,2,95,17
node-signpdf,2023-10-11,https://github.com/vbuch/node-signpdf,0,0,1,0,3,0,2,0,2,2,0,0,1,0,1,0,0,0,1,2,0,1,0,0,5,10,0,4,2,4,3,2,8,3,11,2,1,1,1,2,1,1,5,0,5,1,1,0,24563.0,26497.0,22557.0,25738.0,26996.0,31487.0,26608.0,28993.0,30565.0,30722.0,36260.0,33128.0,33019.0,33076.0,36037.0,31650.0,31592.0,30701.0,29951.0,27877.0,30358.0,25139.0,27592.0,30817.0,14,8,5,7,11,6,8,14,35,12,17,11,18,21,29,14,12,12,11,7,9,5,15,12,1,1,3,3,2,0,2,4,1,2,1,1,2,2,2,1,0,4,4,3,3,0,1,2,5.17,28,30,18
rdk,2024-04-14,https://github.com/reaviz/rdk,0,0,0,1,0,0,0,0,0,0,0,0,0,0,0,0,0,1,0,1,0,0,0,2,0,0,0,0,0,0,0,0,0,0,0,0,0,0,0,0,0,0,0,0,0,0,0,0,63499.0,80640.0,63193.0,59351.0,74917.0,68037.0,85648.0,65053.0,54500.0,59896.0,64035.0,63573.0,62493.0,54332.0,62226.0,60974.0,54007.0,56057.0,46991.0,43269.0,50984.0,49128.0,58022.0,61258.0,0,1,1,1,1,0,1,5,0,0,1,1,0,0,0,0,0,0,0,0,0,0,0,0,0,0,0,0,0,0,0,0,0,0,0,0,0,0,0,0,0,0,0,0,0,0,0,0,5.12,6,111,14
truffle-assertions,2024-01-04,https://github.com/rkalis/truffle-assertions,0,0,0,0,0,0,0,0,0,0,0,0,0,0,0,0,0,0,0,0,0,0,0,0,0,0,0,0,0,0,0,0,0,0,0,0,0,0,0,0,0,0,0,0,0,0,0,0,13466.0,14544.0,13109.0,14943.0,18217.0,11395.0,10292.0,11012.0,10150.0,8752.0,6667.0,5613.0,9904.0,10276.0,9836.0,12082.0,8779.0,9461.0,9845.0,9977.0,9111.0,9123.0,5766.0,7218.0,2,2,1,0,1,0,1,2,0,0,0,0,0,0,0,0,0,0,0,0,0,0,0,0,1,0,0,0,0,0,1,0,0,1,0,0,0,0,0,0,0,0,0,0,0,0,0,0,5.7,5,22,195
@nodefactory/filsnap-adapter,2022-04-06,https://github.com/NodeFactoryIo/filecoin-metamask-snap,0,0,0,0,0,0,0,0,0,0,0,0,0,0,0,0,0,0,0,0,0,0,0,0,0,0,0,0,0,0,0,0,0,0,0,0,0,0,0,0,0,0,0,0,0,0,0,0,53931.0,65228.0,64559.0,66188.0,86634.0,91971.0,96965.0,101306.0,98027.0,108517.0,101965.0,112164.0,92921.0,49284.0,35895.0,36052.0,32639.0,31785.0,26030.0,22041.0,24468.0,24275.0,24571.0,21414.0,3,0,0,2,2,1,0,0,0,3,10,5,7,5,4,6,5,4,2,3,6,1,3,4,2,0,1,0,0,1,0,0,0,2,1,0,2,2,0,2,2,1,0,0,0,1,1,2,1.61,11,6,8
eslint-teamcity,2022-06-17,https://github.com/andreogle/eslint-teamcity,0,5,0,4,0,3,0,2,0,4,0,6,0,3,0,7,0,4,1,4,0,5,0,3,0,0,0,0,0,0,0,0,0,3,0,7,0,5,0,4,0,2,0,4,0,3,0,2,75065.0,73900.0,83184.0,70867.0,75487.0,79567.0,62471.0,56949.0,56601.0,86384.0,52115.0,51317.0,44036.0,49186.0,43750.0,36708.0,35726.0,30151.0,33853.0,32345.0,31207.0,23548.0,31030.0,32000.0,0,0,0,1,0,1,0,0,0,1,0,0,0,0,0,0,0,0,0,0,0,0,0,0,0,0,0,0,0,0,0,0,0,0,0,0,0,0,0,0,0,0,0,0,0,0,0,0,6.62,10,18,41
mdi,2022-06-19,https://github.com/Templarian/MaterialDesign-Webfont,1,0,3,0,0,0,1,0,0,0,0,0,0,0,0,0,0,0,1,0,0,0,1,0,1,0,0,0,1,0,0,0,0,0,0,0,0,1,0,0,0,1,0,0,0,0,0,1,38280.0,37512.0,37341.0,43277.0,34722.0,35945.0,34361.0,34257.0,34314.0,45715.0,37508.0,50269.0,50887.0,36624.0,34781.0,32887.0,33508.0,28213.0,33963.0,35394.0,45788.0,34455.0,43199.0,40099.0,4,3,6,4,5,3,2,1,3,3,6,2,4,2,3,3,2,7,6,4,7,3,5,4,0,4,2,2,1,1,1,2,2,1,2,3,0,1,1,0,2,1,4,1,3,0,1,1,7.32,9,22,128
react-simple-compat,2023-04-06,https://github.com/daybrush/react-simple-compat,0,0,0,0,0,0,0,0,0,0,0,0,0,0,0,0,0,0,0,0,0,0,0,0,0,0,0,1,0,0,0,0,0,0,0,0,0,0,0,0,0,0,0,0,0,0,0,0,35033.0,44788.0,46818.0,44419.0,53834.0,65065.0,70575.0,68691.0,79374.0,143525.0,138552.0,88100.0,121594.0,84783.0,81884.0,69998.0,57167.0,59436.0,44135.0,37975.0,32984.0,38677.0,43679.0,38896.0,0,0,0,0,0,0,0,0,0,0,0,0,0,1,0,0,0,0,0,0,0,0,0,0,0,0,0,0,0,0,0,0,0,0,0,0,0,1,0,0,0,0,0,0,0,0,0,0,3.23,2,24,13
ag-grid-autocomplete-editor,2022-04-11,https://github.com/avallete/ag-grid-autocomplete-editor,2,4,3,0,2,0,1,0,0,0,0,1,0,0,0,0,0,0,1,0,0,2,0,1,0,5,0,3,1,1,0,0,0,0,0,0,0,0,0,3,0,1,1,0,0,1,0,0,6945.0,5567.0,5523.0,6315.0,8085.0,13662.0,11818.0,10833.0,8965.0,12676.0,15732.0,17968.0,25983.0,24798.0,22337.0,27394.0,25424.0,25668.0,26665.0,18684.0,22644.0,21991.0,30812.0,29252.0,2,1,0,0,0,1,0,1,1,1,0,1,0,0,0,0,1,1,3,0,1,0,1,1,0,0,0,0,0,1,0,0,1,2,0,0,0,0,0,0,1,0,1,0,0,0,0,0,3.06,5,33,6
angularx-social-login,2022-04-17,https://github.com/abacritt/angularx-social-login,5,1,13,1,6,3,9,2,4,0,3,0,4,1,2,0,1,0,2,2,1,1,5,7,7,6,12,5,13,3,17,6,8,2,7,1,1,3,9,2,2,2,7,5,8,2,3,0,72245.0,74180.0,75388.0,78398.0,75188.0,78648.0,81421.0,85701.0,82648.0,83993.0,89904.0,103095.0,95714.0,94099.0,81681.0,84621.0,84749.0,79610.0,78342.0,69290.0,73740.0,78614.0,77969.0,58052.0,7,4,5,2,6,6,5,9,5,6,5,2,11,8,7,6,4,7,9,8,5,2,3,1,1,2,1,4,3,2,3,4,2,7,2,6,10,2,7,6,3,7,4,2,3,5,4,3,4.27,30,55,29
@lingui/babel-plugin-transform-js,2023-05-16,https://github.com/lingui/js-lingui,3,6,11,6,2,2,3,2,3,3,4,5,6,4,7,6,17,46,23,66,28,67,11,37,14,18,6,7,5,11,8,9,7,12,8,2,4,11,9,10,8,7,11,18,8,21,5,11,85467.0,91543.0,78329.0,79316.0,85901.0,65187.0,65631.0,55146.0,65861.0,79141.0,84845.0,53736.0,60466.0,64113.0,56782.0,55359.0,61138.0,62435.0,62455.0,65404.0,51467.0,47075.0,53832.0,55536.0,31,20,18,17,27,22,21,14,22,62,48,57,57,34,35,35,42,44,43,70,44,35,45,48,6,5,3,3,3,1,1,4,0,5,5,4,4,0,4,2,2,3,5,2,5,3,3,5,5.37,30,42,8
@types/workbox-webpack-plugin,2023-01-02,https://github.com/DefinitelyTyped/DefinitelyTyped,17,413,26,388,15,421,20,468,23,354,12,337,24,371,24,360,17,388,24,370,15,420,15,267,12,337,13,332,13,287,6,290,10,206,5,221,15,249,11,238,13,308,16,267,9,411,14,242,412116.0,357696.0,150478.0,104563.0,106413.0,103781.0,90661.0,100280.0,96825.0,89436.0,94327.0,81595.0,73969.0,86218.0,50484.0,48435.0,57290.0,69871.0,78258.0,72562.0,89242.0,88673.0,74278.0,93944.0,395,382,410,439,480,467,410,433,435,420,430,364,445,405,470,389,320,333,305,339,328,279,288,275,221,230,223,238,218,223,203,191,213,203,218,188,201,203,180,154,118,142,133,113,136,127,119,84,3.99,30,19,98
grunt-contrib-uglify-es,2022-06-18,https://github.com/gruntjs/grunt-contrib-uglify,0,0,0,1,1,1,0,0,0,1,0,0,0,0,0,0,1,1,1,3,0,2,1,2,0,0,0,0,0,0,0,0,0,0,0,0,0,1,0,0,0,2,0,1,0,0,0,0,80375.0,72181.0,79745.0,82687.0,72151.0,67492.0,56974.0,57172.0,58977.0,73121.0,72281.0,83872.0,77450.0,82590.0,79900.0,83036.0,74909.0,56729.0,66786.0,60359.0,68773.0,54226.0,49872.0,37213.0,1,1,0,3,4,4,0,1,1,2,1,2,3,0,1,2,1,0,2,0,0,1,0,0,2,1,0,0,1,0,1,1,0,1,0,0,0,1,0,2,1,0,0,0,1,0,0,0,4.37,30,1,203
@types/workbox-cacheable-response,2023-01-02,https://github.com/DefinitelyTyped/DefinitelyTyped,17,413,26,388,15,421,20,468,23,354,12,337,24,371,24,360,17,388,24,370,15,420,15,267,12,337,13,332,13,287,6,290,10,206,5,221,15,249,11,238,13,308,16,267,9,411,14,242,378256.0,346712.0,159039.0,80186.0,73666.0,75286.0,70694.0,75501.0,75158.0,73841.0,72713.0,61563.0,52459.0,59525.0,50962.0,52528.0,48418.0,47152.0,44684.0,41204.0,43782.0,37660.0,37244.0,42353.0,395,382,410,439,480,467,410,433,435,420,430,364,445,405,470,389,320,333,305,339,328,279,288,275,221,230,223,238,218,223,203,191,213,203,218,188,201,203,180,154,118,142,133,113,136,127,119,84,3.13,30,3,4
@types/workbox-background-sync,2023-01-02,https://github.com/DefinitelyTyped/DefinitelyTyped,17,413,26,388,15,421,20,468,23,354,12,337,24,371,24,360,17,388,24,370,15,420,15,267,12,337,13,332,13,287,6,290,10,206,5,221,15,249,11,238,13,308,16,267,9,411,14,242,377908.0,346477.0,158384.0,79341.0,72611.0,74525.0,69689.0,73278.0,72455.0,71435.0,69514.0,59392.0,50950.0,57975.0,50418.0,52477.0,48339.0,47073.0,44606.0,41218.0,43795.0,37666.0,37372.0,42439.0,395,382,410,439,480,467,410,433,435,420,430,364,445,405,470,389,320,333,305,339,328,279,288,275,221,230,223,238,218,223,203,191,213,203,218,188,201,203,180,154,118,142,133,113,136,127,119,84,3.13,30,4,4
rabin,2022-06-25,https://github.com/datproject/rabin,0,0,0,0,0,0,0,0,0,0,0,0,0,0,0,0,0,0,0,0,0,0,0,0,0,0,0,0,0,0,0,0,0,0,0,0,0,0,0,0,0,0,0,0,0,0,0,0,4310.0,5352.0,5257.0,7883.0,7464.0,5735.0,6067.0,6989.0,8357.0,10538.0,7090.0,6917.0,8972.0,7142.0,7021.0,7686.0,6742.0,2727.0,4204.0,9692.0,4089.0,2527.0,3288.0,4539.0,0,0,0,0,0,0,0,0,0,0,0,0,1,0,0,0,0,0,0,0,1,0,0,0,0,0,0,0,0,0,0,1,0,0,0,0,0,0,0,0,1,0,0,0,0,0,0,0,6.64,9,13,12
@types/workbox-navigation-preload,2023-01-02,https://github.com/DefinitelyTyped/DefinitelyTyped,17,413,26,388,15,421,20,468,23,354,12,337,24,371,24,360,17,388,24,370,15,420,15,267,12,337,13,332,13,287,6,290,10,206,5,221,15,249,11,238,13,308,16,267,9,411,14,242,363997.0,335708.0,140561.0,69033.0,63634.0,65645.0,61626.0,65590.0,64908.0,64772.0,63957.0,53982.0,50710.0,57841.0,50209.0,52284.0,48130.0,46696.0,44301.0,40940.0,43341.0,37413.0,36981.0,42236.0,395,382,410,439,480,467,410,433,435,420,430,364,445,405,470,389,320,333,305,339,328,279,288,275,221,230,223,238,218,223,203,191,213,203,218,188,201,203,180,154,118,142,133,113,136,127,119,84,3.13,30,2,4
@types/workbox-range-requests,2023-01-02,https://github.com/DefinitelyTyped/DefinitelyTyped,17,413,26,388,15,421,20,468,23,354,12,337,24,371,24,360,17,388,24,370,15,420,15,267,12,337,13,332,13,287,6,290,10,206,5,221,15,249,11,238,13,308,16,267,9,411,14,242,364040.0,335935.0,152307.0,76307.0,70008.0,72224.0,67195.0,70910.0,70633.0,69758.0,68138.0,58287.0,50683.0,57771.0,50224.0,52275.0,48168.0,46734.0,44229.0,40894.0,43361.0,37420.0,37120.0,42150.0,395,382,410,439,480,467,410,433,435,420,430,364,445,405,470,389,320,333,305,339,328,279,288,275,221,230,223,238,218,223,203,191,213,203,218,188,201,203,180,154,118,142,133,113,136,127,119,84,3.13,30,2,4
@types/workbox-google-analytics,2023-01-02,https://github.com/DefinitelyTyped/DefinitelyTyped,17,413,26,388,15,421,20,468,23,354,12,337,24,371,24,360,17,388,24,370,15,420,15,267,12,337,13,332,13,287,6,290,10,206,5,221,15,249,11,238,13,308,16,267,9,411,14,242,376842.0,345408.0,145048.0,71253.0,65208.0,66802.0,62591.0,66200.0,65750.0,65823.0,64428.0,54416.0,50900.0,57935.0,50305.0,52350.0,48190.0,46757.0,44207.0,40882.0,43337.0,37423.0,37021.0,42096.0,395,382,410,439,480,467,410,433,435,420,430,364,445,405,470,389,320,333,305,339,328,279,288,275,221,230,223,238,218,223,203,191,213,203,218,188,201,203,180,154,118,142,133,113,136,127,119,84,3.13,30,3,4
noble-secp256k1,2022-05-10,https://github.com/paulmillr/noble-secp256k1,2,0,1,0,2,2,1,0,1,0,1,1,2,0,2,6,2,1,1,1,3,7,0,2,1,0,1,1,2,0,3,1,3,1,3,3,5,1,3,2,3,2,1,0,0,1,4,6,1510.0,1375.0,1515.0,1359.0,894.0,3132.0,10509.0,35780.0,25757.0,19573.0,21380.0,19827.0,20112.0,13640.0,15578.0,12541.0,14905.0,14495.0,13400.0,12764.0,14849.0,13059.0,14150.0,16309.0,15,15,6,12,8,17,5,10,23,25,21,10,16,10,12,18,11,15,47,44,29,20,40,26,2,0,1,1,2,2,1,4,0,2,2,4,2,1,1,1,0,7,8,10,5,2,5,3,2.89,13,47,36
@types/workbox-broadcast-update,2023-01-02,https://github.com/DefinitelyTyped/DefinitelyTyped,17,413,26,388,15,421,20,468,23,354,12,337,24,371,24,360,17,388,24,370,15,420,15,267,12,337,13,332,13,287,6,290,10,206,5,221,15,249,11,238,13,308,16,267,9,411,14,242,377127.0,345797.0,157108.0,78391.0,71502.0,73589.0,68280.0,71861.0,71633.0,70720.0,68848.0,59057.0,50954.0,58000.0,50346.0,52408.0,48210.0,46803.0,44263.0,40914.0,43432.0,37403.0,37127.0,42141.0,395,382,410,439,480,467,410,433,435,420,430,364,445,405,470,389,320,333,305,339,328,279,288,275,221,230,223,238,218,223,203,191,213,203,218,188,201,203,180,154,118,142,133,113,136,127,119,84,3.13,30,3,4
monaco-page-objects,2024-04-03,https://github.com/redhat-developer/vscode-extension-tester,10,25,6,40,13,59,1,17,13,15,7,30,7,33,3,14,5,41,6,33,10,32,7,52,7,43,12,37,2,48,8,54,5,40,5,24,2,57,2,46,4,24,4,45,11,38,6,31,64061.0,71422.0,73238.0,127459.0,154592.0,134811.0,128968.0,94508.0,111590.0,113174.0,94439.0,116018.0,52335.0,46999.0,41404.0,36809.0,24941.0,31501.0,24004.0,19408.0,20198.0,22874.0,33892.0,33057.0,2,2,4,6,2,1,28,20,6,4,3,3,3,6,6,4,5,6,4,2,5,4,2,3,1,1,4,1,1,0,2,1,1,2,2,1,1,0,0,3,0,0,1,1,1,2,1,0,4.08,30,55,7
vscode-extension-tester-locators,2024-04-03,https://github.com/redhat-developer/vscode-extension-tester,10,25,6,40,13,59,1,17,13,15,7,30,7,33,3,14,5,41,6,33,10,32,7,52,7,43,12,37,2,48,8,54,5,40,5,24,2,57,2,46,4,24,4,45,11,38,6,31,63702.0,71678.0,73257.0,127364.0,154476.0,134841.0,128963.0,94422.0,111641.0,113117.0,94230.0,116032.0,52319.0,46993.0,41374.0,36725.0,24769.0,31225.0,23895.0,19393.0,20164.0,22844.0,33878.0,33044.0,2,2,4,6,2,1,28,20,6,4,3,3,3,6,6,4,5,6,4,2,5,4,2,3,1,1,4,1,1,0,2,1,1,2,2,1,1,0,0,3,0,0,1,1,1,2,1,0,3.91,30,49,6
@types/sade,2024-02-27,https://github.com/DefinitelyTyped/DefinitelyTyped,14,327,12,319,6,269,11,196,4,218,15,250,11,244,13,302,17,274,8,408,14,241,16,325,6,305,10,177,5,145,5,187,6,174,7,175,4,300,8,233,6,211,6,173,11,223,5,237,7597.0,10034.0,8367.0,19626.0,18398.0,19411.0,11050.0,11859.0,12507.0,13558.0,13979.0,14026.0,10546.0,8441.0,7239.0,7579.0,9661.0,9954.0,7985.0,9162.0,10762.0,6029.0,7544.0,6915.0,402,478,388,319,333,300,336,321,288,279,289,296,313,248,240,274,245,243,218,231,279,193,174,241,197,185,148,121,135,135,115,134,129,116,89,126,117,108,91,108,121,81,113,103,109,81,96,95,4.29,30,11,178
stimulus-carousel,2024-02-26,https://github.com/stimulus-components/stimulus-carousel,0,0,0,0,0,0,1,0,0,0,0,0,0,0,0,0,0,0,1,0,0,0,0,0,0,0,0,0,1,0,0,0,0,0,0,0,0,0,0,0,0,0,0,0,0,0,0,0,20032.0,22152.0,17904.0,15948.0,16285.0,16640.0,19723.0,17867.0,21725.0,18708.0,15692.0,24493.0,21751.0,17667.0,15783.0,15743.0,18592.0,16168.0,16988.0,14755.0,13486.0,13204.0,12688.0,24253.0,0,0,0,0,0,0,0,0,0,0,2,0,1,0,0,0,0,0,0,0,0,0,0,0,0,0,0,0,0,0,0,0,0,0,0,0,0,0,0,0,0,0,0,0,0,0,0,0,3.29,1,8,2
react-file-download,2022-06-25,https://github.com/kennethjiang/js-file-download,0,0,0,0,0,0,0,1,0,0,0,0,0,0,0,0,1,0,0,0,0,0,0,0,0,1,0,0,3,0,0,0,0,0,0,0,0,0,0,0,1,0,0,0,0,0,0,0,33290.0,34076.0,31637.0,31094.0,32393.0,34311.0,28651.0,33214.0,35215.0,39277.0,34731.0,32093.0,30795.0,37347.0,33094.0,53443.0,58860.0,53937.0,50782.0,44326.0,39357.0,21656.0,28015.0,27449.0,20,17,15,10,4,8,6,11,12,8,9,9,11,10,5,8,10,1,9,7,3,14,5,3,3,0,2,1,0,0,0,0,1,1,4,2,3,1,0,1,0,0,1,0,0,2,2,1,6.16,25,11,36
babel-plugin-transform-es2015-constants,2024-04-16,https://github.com/babel/babel,23,30,23,44,15,42,25,60,20,56,35,51,20,38,23,41,18,30,15,25,21,47,21,44,20,58,18,39,21,65,25,53,20,65,13,45,10,23,12,38,16,35,16,37,18,33,8,54,10437.0,11189.0,10584.0,8086.0,9373.0,9741.0,8636.0,8885.0,50585.0,64204.0,60228.0,65881.0,42476.0,44126.0,45686.0,13341.0,10825.0,15515.0,29473.0,10856.0,14241.0,12177.0,15457.0,20637.0,107,113,118,116,126,105,107,123,86,95,85,97,95,91,95,99,82,84,69,107,72,64,74,87,24,18,21,15,26,24,24,21,19,19,26,44,19,18,31,13,20,13,17,15,16,22,18,22,8.47,30,4,147
browser-nativefs,2022-04-12,https://github.com/GoogleChromeLabs/browser-nativefs,0,0,0,0,0,0,0,0,0,0,0,0,0,0,0,0,0,0,0,0,0,0,0,0,0,0,0,0,0,0,0,0,0,0,0,0,0,0,0,0,0,0,0,0,0,0,0,0,2710.0,2869.0,2342.0,1492.0,1327.0,1624.0,1791.0,1352.0,1176.0,1326.0,1044.0,1663.0,1477.0,1120.0,1491.0,1505.0,1347.0,1825.0,1699.0,1991.0,2292.0,1321.0,1022.0,900.0,22,36,87,26,67,58,29,38,15,23,60,23,46,23,20,23,20,19,27,25,29,22,25,30,0,2,6,6,0,2,2,4,1,0,3,0,3,3,2,2,0,0,1,4,1,2,0,1,2.22,24,32,10
@types/react-router-native,2023-03-14,https://github.com/DefinitelyTyped/DefinitelyTyped,18,456,18,386,21,354,22,324,17,376,22,419,21,335,22,392,14,357,12,258,5,290,13,287,9,325,7,232,9,194,11,234,9,247,13,257,14,307,17,242,7,401,15,265,18,339,7,343,52244.0,46358.0,44512.0,47972.0,44849.0,53366.0,45118.0,46097.0,57181.0,42032.0,51535.0,58268.0,38609.0,48043.0,54337.0,49108.0,53438.0,43533.0,51048.0,66872.0,46608.0,54133.0,57833.0,69491.0,429,439,512,441,401,432,435,416,387,374,448,443,438,345,340,325,319,326,294,294,278,286,298,280,220,231,205,226,200,200,222,209,194,173,182,196,177,133,130,134,138,119,123,126,116,93,145,143,5.72,30,14,36
tsparticles-updater-angle,2023-08-09,https://github.com/matteobruni/tsparticles,0,0,0,0,0,0,0,0,0,0,0,0,0,0,0,0,0,0,0,0,0,0,0,0,0,0,0,0,0,0,0,0,0,0,0,0,0,0,0,0,0,0,0,0,0,0,0,0,33248.0,47431.0,56112.0,67579.0,70026.0,162558.0,1824061.0,1175822.0,330205.0,148141.0,115413.0,90172.0,80213.0,74346.0,54186.0,51453.0,56205.0,53963.0,52309.0,49582.0,46777.0,39329.0,39847.0,34357.0,172,158,254,129,175,167,196,213,115,107,124,131,98,95,99,137,110,86,475,152,157,111,105,98,22,19,31,29,31,22,12,24,8,16,15,19,6,6,11,18,14,9,18,17,15,11,11,9,2.54,30,47,9
@aws-cdk/aws-route53resolver,2023-11-21,https://github.com/aws/aws-cdk,170,228,118,156,168,237,185,266,157,235,169,301,146,229,141,219,158,180,171,178,163,206,173,204,129,164,151,224,171,181,144,187,157,166,149,202,141,154,109,139,102,150,122,184,138,190,147,222,39676.0,43025.0,48004.0,38484.0,39166.0,35545.0,36738.0,29314.0,24071.0,17985.0,16436.0,13295.0,8668.0,9537.0,8901.0,7060.0,7175.0,6761.0,4695.0,5951.0,5179.0,3199.0,3349.0,1676.0,113,111,120,125,126,127,128,108,87,105,70,91,77,98,95,85,89,88,94,86,71,85,98,76,71,50,76,57,69,60,57,45,49,59,46,42,33,47,56,51,42,47,31,46,31,44,47,28,4.96,30,270,9
@aws-cdk/aws-elasticloadbalancingv2-targets,2023-11-21,https://github.com/aws/aws-cdk,170,228,118,156,168,237,185,266,157,235,169,301,146,229,141,219,158,180,171,178,163,206,173,204,129,164,151,224,171,181,144,187,157,166,149,202,141,154,109,139,102,150,122,184,138,190,147,222,440604.0,457922.0,488447.0,466335.0,586703.0,455509.0,470185.0,400905.0,338094.0,130297.0,120058.0,126711.0,61788.0,44687.0,27546.0,20672.0,14484.0,14282.0,8800.0,12791.0,10586.0,8474.0,8050.0,7758.0,113,111,120,125,126,127,128,108,87,105,70,91,77,98,95,85,89,88,94,86,71,85,98,76,71,50,76,57,69,60,57,45,49,59,46,42,33,47,56,51,42,47,31,46,31,44,47,28,4.24,30,237,22
emailjs-tcp-socket,2022-06-16,https://github.com/emailjs/emailjs-tcp-socket,0,0,0,0,0,0,0,0,0,0,0,0,0,0,0,0,0,0,0,0,0,0,0,0,0,0,0,0,0,0,0,0,0,0,0,0,0,0,0,0,0,0,0,0,0,0,0,0,92364.0,63998.0,60620.0,67950.0,64776.0,76957.0,94601.0,110266.0,154978.0,224463.0,282578.0,423343.0,312116.0,341117.0,344092.0,340866.0,290363.0,316997.0,319467.0,366795.0,208703.0,180811.0,127635.0,112330.0,0,1,0,1,0,0,0,0,0,0,0,0,0,0,0,0,0,0,0,0,0,0,0,0,0,0,1,0,0,0,0,1,0,0,0,1,0,0,0,0,0,0,0,0,0,0,0,0,6.44,8,5,7
@types/workbox-streams,2023-01-02,https://github.com/DefinitelyTyped/DefinitelyTyped,17,413,26,388,15,421,20,468,23,354,12,337,24,371,24,360,17,388,24,370,15,420,15,267,12,337,13,332,13,287,6,290,10,206,5,221,15,249,11,238,13,308,16,267,9,411,14,242,363646.0,335492.0,140346.0,69062.0,63535.0,65461.0,61496.0,65127.0,64670.0,64653.0,63439.0,53659.0,50646.0,57777.0,50231.0,52301.0,48194.0,46762.0,44214.0,40920.0,43396.0,37466.0,37128.0,42147.0,395,382,410,439,480,467,410,433,435,420,430,364,445,405,470,389,320,333,305,339,328,279,288,275,221,230,223,238,218,223,203,191,213,203,218,188,201,203,180,154,118,142,133,113,136,127,119,84,3.13,30,2,4
draft-js-static-toolbar-plugin,2022-06-15,https://github.com/draft-js-plugins/draft-js-plugins,6,54,7,55,6,43,6,52,3,60,2,38,4,51,7,57,9,50,11,44,5,58,4,49,2,33,6,32,2,34,5,31,4,27,2,28,1,27,4,17,5,25,3,30,2,29,0,28,46123.0,42095.0,41062.0,50731.0,52286.0,47726.0,42797.0,41958.0,35078.0,39679.0,37031.0,39028.0,37188.0,44981.0,38294.0,36253.0,34370.0,31731.0,33401.0,31976.0,37678.0,32642.0,46269.0,36980.0,11,21,24,25,16,19,12,10,14,14,15,11,9,5,12,7,7,7,2,8,9,8,11,4,8,4,4,3,5,8,5,5,6,8,9,9,7,11,8,7,5,10,5,6,4,3,3,7,4.77,30,8,26
togeojson,2022-09-20,https://github.com/mapbox/togeojson,0,0,0,0,0,0,1,0,1,1,0,2,2,0,0,2,1,0,1,0,0,0,0,0,0,0,0,0,0,0,0,0,0,0,0,2,0,0,0,0,0,0,0,1,1,0,0,2,17753.0,16873.0,16825.0,16047.0,18755.0,18789.0,20798.0,21479.0,39376.0,195491.0,209242.0,207491.0,232426.0,85012.0,23426.0,26739.0,25781.0,31279.0,29671.0,29716.0,30659.0,30019.0,28670.0,26985.0,5,2,5,9,7,9,6,11,5,9,4,9,8,8,3,11,9,8,8,3,6,7,8,2,0,0,0,2,2,1,0,0,0,0,0,2,3,2,0,1,2,2,1,0,0,0,1,1,9.76,30,26,58
@types/workbox-window,2023-01-02,https://github.com/DefinitelyTyped/DefinitelyTyped,17,413,26,388,15,421,20,468,23,354,12,337,24,371,24,360,17,388,24,370,15,420,15,267,12,337,13,332,13,287,6,290,10,206,5,221,15,249,11,238,13,308,16,267,9,411,14,242,103308.0,93377.0,39798.0,22245.0,21413.0,20391.0,18700.0,21203.0,19788.0,18905.0,22182.0,20344.0,17299.0,19396.0,15328.0,13157.0,12217.0,10678.0,9790.0,9307.0,11366.0,11115.0,11135.0,11605.0,395,382,410,439,480,467,410,433,435,420,430,364,445,405,470,389,320,333,305,339,328,279,288,275,221,230,223,238,218,223,203,191,213,203,218,188,201,203,180,154,118,142,133,113,136,127,119,84,3.63,30,6,7
vite-plugin-vue-markdown,2023-08-15,https://github.com/mdit-vue/vite-plugin-vue-markdown,0,0,0,0,0,0,0,0,0,0,0,0,0,0,0,0,0,0,0,0,0,0,0,0,0,0,0,0,0,0,0,0,0,0,0,0,0,0,0,0,0,0,0,0,0,0,0,0,14413.0,19546.0,22299.0,20298.0,19317.0,23833.0,27216.0,32241.0,31375.0,38002.0,36456.0,34605.0,29141.0,28183.0,27444.0,21613.0,21933.0,24736.0,23723.0,17851.0,23851.0,17859.0,20369.0,23053.0,8,3,11,9,8,8,8,22,9,13,6,9,11,10,12,18,13,13,9,14,12,8,12,10,0,1,0,0,0,1,0,0,3,2,0,0,0,0,1,0,0,2,1,0,1,0,1,1,1.16,26,23,109
cpf_cnpj,2022-06-14,https://github.com/fnando/cpf_cnpj.js,0,0,0,0,0,0,0,0,0,0,0,0,0,0,0,0,0,0,0,0,0,0,0,0,0,0,0,0,0,0,0,0,0,0,0,0,0,0,0,0,0,0,0,0,0,0,0,0,32374.0,32567.0,35589.0,37934.0,35719.0,33758.0,30481.0,28817.0,27159.0,29439.0,25881.0,34631.0,29875.0,31956.0,29175.0,27906.0,25504.0,23175.0,24669.0,22724.0,33594.0,33577.0,33870.0,33639.0,0,0,1,0,0,0,0,0,0,0,0,0,0,0,0,0,0,0,1,1,0,0,0,0,0,0,0,0,0,0,0,0,0,0,0,0,0,0,0,0,0,0,0,0,0,0,0,0,8.61,4,6,48
@bull-monitor/express,2023-12-07,https://github.com/s-r-x/bull-monitor,1,0,1,3,0,0,0,0,0,0,0,0,1,0,1,0,2,2,2,0,3,1,1,0,0,0,0,0,0,0,0,0,0,0,0,0,0,0,0,0,0,0,0,0,0,0,0,0,21273.0,18616.0,23994.0,33263.0,31483.0,35525.0,34598.0,33197.0,39044.0,38967.0,41492.0,35611.0,35131.0,36372.0,31009.0,23677.0,20414.0,18305.0,23676.0,23401.0,23024.0,27320.0,22840.0,20796.0,3,2,2,5,2,4,1,2,4,2,2,2,0,0,0,5,2,0,0,0,1,0,0,0,2,2,2,0,0,0,0,0,3,1,2,2,0,0,0,2,0,0,0,0,0,0,0,0,2.62,9,87,5
web-animation-club,2022-10-22,https://github.com/rcaferati/web-animation-club,0,0,0,0,0,0,0,0,0,0,0,0,0,0,0,0,0,0,0,0,0,0,0,0,0,0,0,0,0,0,0,0,0,0,0,0,0,0,0,0,0,0,0,0,0,0,0,0,36253.0,41203.0,40103.0,41043.0,41158.0,38576.0,34173.0,37049.0,41436.0,34087.0,38563.0,35733.0,29696.0,26597.0,29277.0,29461.0,33604.0,28143.0,33299.0,35986.0,32149.0,38506.0,39490.0,42788.0,0,0,1,1,0,0,0,0,0,0,2,0,0,0,0,0,0,2,0,0,0,0,0,0,0,0,0,0,0,0,0,0,0,0,0,0,0,0,0,0,0,0,0,0,0,0,0,0,4.13,1,11,19
icons,2022-06-19,https://github.com/npm/deprecate-holder,0,0,0,0,0,0,0,0,0,0,0,0,0,0,0,0,0,0,0,0,0,0,0,0,0,0,0,0,0,0,0,2,0,0,0,0,0,0,0,0,0,0,0,0,0,0,0,0,9818.0,5593.0,6719.0,6877.0,7473.0,7792.0,7440.0,6468.0,9488.0,8745.0,11213.0,10567.0,6874.0,9569.0,8329.0,8357.0,9595.0,9268.0,9326.0,9880.0,11630.0,12474.0,12902.0,11850.0,1,0,0,0,0,0,1,1,0,2,0,0,0,0,0,1,0,0,0,0,0,0,0,0,1,0,0,0,0,0,0,0,0,0,0,0,0,1,0,1,0,0,0,0,0,0,0,0,9.46,1,3,23
@material/mwc-switch,2024-04-04,https://github.com/material-components/material-components-web-components,0,0,0,0,0,0,0,0,0,0,0,0,0,0,0,0,0,0,0,0,0,0,0,0,0,0,0,0,0,0,0,0,0,0,0,0,0,0,0,0,0,0,0,0,0,0,0,0,36446.0,45649.0,47073.0,46745.0,37662.0,33318.0,49798.0,26551.0,20619.0,23045.0,21130.0,19622.0,26016.0,26854.0,25189.0,24214.0,23135.0,16610.0,13109.0,12324.0,14468.0,14174.0,17421.0,21882.0,231,289,257,344,299,302,341,266,159,167,168,216,140,150,144,102,151,88,97,100,78,79,127,93,15,23,13,15,14,15,23,15,17,20,12,15,15,15,13,10,18,15,11,9,9,11,11,11,5.91,30,720,71
openapi-schema-to-json-schema,2022-05-12,https://github.com/mikunn/openapi-schema-to-json-schema,0,1,0,0,0,0,0,0,0,0,0,0,0,0,0,0,0,0,0,1,0,0,0,0,0,0,0,0,0,0,0,0,0,0,0,0,0,0,0,0,0,0,0,0,0,0,0,0,52721.0,47813.0,30539.0,27708.0,35554.0,33072.0,25878.0,21315.0,25369.0,21917.0,27134.0,15826.0,21429.0,17504.0,57197.0,30511.0,22991.0,21627.0,18369.0,25325.0,25564.0,42339.0,30237.0,18664.0,0,0,0,0,0,1,0,1,0,1,0,0,0,0,0,0,0,0,0,0,0,0,0,0,0,0,0,0,0,0,0,0,0,0,0,0,0,0,0,0,0,0,0,0,0,0,0,0,4.52,3,10,23
airbrake-js,2022-06-13,https://github.com/airbrake/airbrake-js,4,27,0,22,1,16,2,19,0,20,0,5,0,28,2,18,4,11,3,7,0,7,0,19,0,9,0,7,0,10,0,7,2,23,3,23,0,13,0,8,1,4,0,3,1,0,0,0,103672.0,102290.0,108210.0,68612.0,59066.0,61859.0,52832.0,51164.0,54065.0,65439.0,65801.0,66093.0,46681.0,55102.0,51227.0,52026.0,49944.0,39803.0,40801.0,39899.0,48785.0,40011.0,47171.0,47652.0,2,2,0,3,1,0,1,0,5,2,2,3,0,2,0,1,1,3,0,0,0,2,0,0,0,0,0,0,1,0,0,1,0,1,1,1,0,0,0,0,1,1,0,0,0,0,0,0,7.61,30,104,34
wow.js,2022-06-29,https://github.com/graingert/WOW,2,0,0,0,0,0,0,0,1,0,0,0,2,0,0,0,0,0,0,0,1,0,1,0,1,0,0,0,0,0,0,0,0,0,0,0,0,0,0,0,1,0,0,0,0,1,0,0,12021.0,12844.0,11658.0,12747.0,12983.0,13838.0,12741.0,14465.0,14476.0,16147.0,13031.0,17364.0,21624.0,25358.0,23045.0,21644.0,40378.0,34471.0,45061.0,40589.0,46033.0,39794.0,39819.0,36750.0,14,15,23,14,18,22,21,17,28,31,16,18,19,18,13,18,17,10,13,11,17,18,8,15,29,26,30,14,16,11,10,18,23,15,18,19,20,13,13,15,21,7,8,13,10,7,3,2,6.44,25,5,17
emojisplosion,2024-03-28,https://github.com/JoshuaKGoldberg/emojisplosion,0,0,0,0,0,0,0,0,0,0,0,0,0,0,0,0,0,0,0,0,0,0,0,0,0,0,0,0,0,0,0,0,0,0,0,0,0,0,0,0,0,0,0,0,0,0,0,0,21309.0,16595.0,18320.0,21736.0,25474.0,25585.0,17463.0,15069.0,14046.0,13667.0,18556.0,19521.0,18490.0,17036.0,17055.0,17112.0,19955.0,21272.0,16960.0,16088.0,13846.0,15108.0,16525.0,34754.0,3,2,5,1,5,5,1,26,4,5,5,2,28,10,6,8,12,8,6,5,25,13,11,5,0,0,0,0,0,0,0,0,1,0,0,0,2,3,0,0,1,1,0,0,2,1,1,1,5.68,15,15,8
@ngneat/transloco-locale,2024-05-04,https://github.com/ngneat/transloco,0,0,0,0,0,0,0,0,0,0,0,0,0,0,0,0,0,0,0,0,0,0,0,0,0,0,0,0,0,0,0,0,0,0,0,0,0,0,0,0,0,0,0,0,0,0,0,0,55097.0,55158.0,50834.0,61801.0,65341.0,70930.0,64128.0,54671.0,70738.0,77875.0,78348.0,74284.0,68891.0,63408.0,53657.0,48224.0,47085.0,39649.0,30823.0,34349.0,32713.0,30803.0,23096.0,27263.0,15,26,19,34,19,9,14,19,15,14,27,16,26,14,15,14,13,20,11,13,15,14,22,8,4,2,3,7,4,3,5,4,4,4,2,0,2,3,4,1,0,2,1,3,0,1,1,1,4.63,30,21,4
parcel-plugin-static-files-copy,2022-05-12,https://github.com/elwin013/parcel-plugin-static-files-copy,0,15,0,0,0,0,0,7,0,0,1,0,1,0,1,0,0,0,0,12,0,6,1,3,0,0,0,0,0,0,0,0,0,0,0,2,0,8,0,0,0,0,0,0,0,0,1,0,51032.0,56105.0,37034.0,43156.0,44604.0,46772.0,38347.0,34500.0,39164.0,38705.0,42549.0,36326.0,36126.0,30946.0,32740.0,30881.0,27933.0,35239.0,29363.0,32998.0,29235.0,39903.0,30561.0,30827.0,3,2,1,0,4,0,1,2,2,1,3,3,2,0,0,3,0,0,0,0,2,0,0,0,0,0,0,0,0,0,0,0,0,0,1,0,0,0,0,0,0,0,0,0,0,0,0,0,3.84,12,26,158
@backstage/plugin-github-actions,2024-04-22,https://github.com/backstage/backstage,100,310,114,257,132,290,103,270,104,411,117,483,96,509,124,549,108,221,122,521,131,534,125,465,138,282,145,304,116,245,136,407,105,410,119,356,103,426,89,289,90,263,105,219,88,327,93,287,83053.0,101088.0,109563.0,111337.0,108466.0,140302.0,133212.0,95095.0,81812.0,118136.0,110286.0,119867.0,80237.0,57707.0,53022.0,47657.0,39072.0,35968.0,31299.0,25628.0,30587.0,29043.0,33864.0,30609.0,434,365,376,296,327,326,565,369,322,400,803,361,321,271,248,232,460,274,485,329,237,292,292,521,111,119,104,87,104,99,122,124,118,130,145,121,126,106,85,87,82,99,127,67,93,94,100,114,3.8,30,1068,8
MD5,2022-06-13,https://github.com/pvorb/node-md5,1,0,1,0,1,1,0,1,0,1,0,0,0,0,0,0,0,0,1,0,1,0,1,1,1,0,0,0,0,0,1,0,0,1,0,1,0,2,1,0,0,1,0,0,0,0,0,0,29043.0,26871.0,30209.0,31221.0,24612.0,23560.0,21451.0,23738.0,24028.0,28548.0,29028.0,28156.0,32420.0,25383.0,24902.0,22376.0,21752.0,22315.0,30365.0,26980.0,27270.0,29727.0,33424.0,22752.0,4,2,7,6,6,4,8,2,2,2,6,3,2,1,13,6,2,4,6,3,2,3,0,4,3,4,3,3,2,1,2,1,1,0,2,1,0,4,0,4,1,0,1,0,2,0,2,0,10.55,17,10,455
@gnosis.pm/safe-core-sdk,2023-04-11,https://github.com/safe-global/safe-core-sdk,5,5,3,3,4,5,11,8,3,13,9,14,3,6,7,13,6,10,6,7,3,5,11,13,10,22,8,8,4,20,9,12,10,12,14,6,16,21,17,31,6,20,16,13,12,25,7,30,20568.0,61302.0,31099.0,35973.0,47684.0,57132.0,57073.0,53649.0,44431.0,36276.0,33832.0,39986.0,30070.0,32624.0,27804.0,30559.0,24632.0,25167.0,24845.0,22063.0,23000.0,19543.0,15677.0,15099.0,5,3,2,8,3,2,1,4,11,6,3,10,6,6,6,21,7,9,8,10,4,4,6,8,1,1,5,1,4,3,3,5,4,6,1,6,4,8,7,9,3,7,10,9,6,4,8,3,1.94,30,26,74
neutrino,2023-12-18,https://github.com/neutrinojs/neutrino,0,0,0,0,0,0,0,0,0,3,0,0,0,0,0,0,0,0,0,0,0,0,0,0,0,0,0,0,0,0,0,0,0,0,0,0,0,0,0,0,0,0,0,0,0,0,0,0,9455.0,8693.0,6785.0,9075.0,8423.0,9063.0,9322.0,7818.0,6318.0,6157.0,6313.0,6716.0,4924.0,4251.0,4821.0,4606.0,4059.0,3930.0,5316.0,4268.0,3915.0,3960.0,3952.0,3116.0,10,7,7,6,4,6,4,3,5,4,1,2,2,1,0,2,5,0,0,2,0,2,0,1,0,0,1,0,0,0,0,0,0,0,0,0,1,0,0,0,0,0,0,0,0,0,0,1,9.75,30,132,412
ts-transformer-imports,2022-05-22,https://github.com/grrowl/ts-transformer-imports,0,0,0,0,0,0,0,2,0,0,0,0,0,0,0,0,0,0,0,0,0,0,0,0,0,0,0,0,0,0,0,0,0,0,0,0,0,1,0,0,0,0,0,0,0,0,0,0,7041.0,9414.0,9046.0,7127.0,8418.0,9502.0,7073.0,7936.0,6223.0,10709.0,9800.0,7077.0,7505.0,7310.0,7004.0,6946.0,6501.0,6613.0,6642.0,4713.0,4397.0,2404.0,2725.0,1573.0,0,0,1,0,1,1,0,1,0,0,0,1,0,0,0,0,0,0,1,0,0,0,0,0,0,0,0,0,0,0,0,0,0,0,0,0,0,0,0,1,0,0,0,0,0,0,0,0,3.65,3,8,59
image-compressor.js,2022-05-05,https://github.com/xkeshi/image-compressor,0,0,0,0,0,0,0,0,0,0,0,0,0,0,0,0,0,0,0,0,0,0,0,0,0,0,0,0,0,0,0,0,0,0,0,0,0,0,0,0,0,0,0,0,0,0,0,0,33165.0,33997.0,36759.0,37671.0,56342.0,50967.0,65680.0,46366.0,42176.0,42827.0,58769.0,44342.0,64025.0,46462.0,57349.0,53460.0,51021.0,55872.0,41972.0,41508.0,240473.0,87841.0,58631.0,68722.0,61,79,59,56,62,129,59,55,49,38,63,55,63,76,63,68,45,58,67,40,28,53,52,57,5,8,3,8,9,6,6,4,8,5,4,6,5,9,6,9,6,5,5,1,1,9,3,6,4.3,6,6,48
vite-plugin-fonts,2023-03-20,https://github.com/stafyniaksacha/vite-plugin-fonts,0,0,0,0,0,0,0,0,0,0,0,0,0,0,0,0,0,0,0,0,0,0,0,0,0,0,0,0,0,0,0,0,0,0,0,0,0,0,0,0,0,0,0,0,0,0,0,0,15984.0,16300.0,21879.0,26823.0,27795.0,34334.0,38291.0,38605.0,43104.0,43753.0,47384.0,48602.0,50621.0,58510.0,52014.0,49368.0,51663.0,48039.0,52148.0,41829.0,37489.0,40732.0,33948.0,32068.0,6,7,6,6,4,5,4,3,9,4,5,5,11,13,20,10,10,11,11,12,14,6,13,10,0,1,1,2,1,0,1,2,0,1,1,0,2,0,1,1,0,1,0,4,0,0,0,0,2.2,11,14,56
@volar-plugins/vetur,2023-07-17,https://github.com/volarjs/plugins,0,0,0,0,0,0,0,0,0,0,0,0,0,0,0,0,0,0,0,0,0,0,0,0,0,0,0,0,0,0,0,0,0,0,0,0,0,0,0,0,0,0,0,0,0,0,0,0,131.0,100.0,141.0,6482.0,13819.0,16179.0,17160.0,19836.0,23217.0,20985.0,27066.0,23399.0,24314.0,20077.0,19188.0,15131.0,14779.0,17410.0,17028.0,14938.0,13362.0,13302.0,12238.0,12440.0,7,2,1,11,3,6,13,15,7,7,7,1,4,5,3,2,3,6,1,1,1,1,1,5,0,0,0,4,0,0,1,0,5,1,1,0,0,2,0,1,1,1,0,0,0,0,2,5,1.02,15,23,20
draft-js-focus-plugin,2022-06-15,https://github.com/draft-js-plugins/draft-js-plugins,6,54,7,55,6,43,6,52,3,60,2,38,4,51,7,57,9,50,11,44,5,58,4,49,2,33,6,32,2,34,5,31,4,27,2,28,1,27,4,17,5,25,3,30,2,29,0,28,49060.0,48371.0,52064.0,50133.0,53010.0,44588.0,40073.0,40461.0,36936.0,36078.0,31078.0,40550.0,44393.0,56126.0,47220.0,51397.0,48035.0,37826.0,42033.0,47515.0,65798.0,48341.0,57082.0,51304.0,11,21,24,25,16,19,12,10,14,14,15,11,9,5,12,7,7,7,2,8,9,8,11,4,8,4,4,3,5,8,5,5,6,8,9,9,7,11,8,7,5,10,5,6,4,3,3,7,6.12,30,43,50
opentelemetry-instrumentation-mongoose,2023-01-16,https://github.com/aspecto-io/opentelemetry-ext-js,0,4,3,2,0,0,5,4,2,3,2,3,0,2,3,0,0,1,1,4,2,2,2,0,1,4,0,0,0,0,0,0,0,1,1,1,0,0,0,0,1,1,1,2,0,0,0,0,13300.0,18688.0,25065.0,25654.0,31359.0,36295.0,31156.0,32048.0,37837.0,33206.0,43333.0,36641.0,97652.0,100148.0,38473.0,39242.0,40499.0,31460.0,31895.0,22470.0,23815.0,21893.0,18823.0,26205.0,1,2,2,4,3,1,2,1,4,3,3,3,0,3,3,2,3,2,2,1,3,0,0,1,2,0,0,3,0,2,1,0,1,1,0,0,2,1,0,0,0,0,0,0,0,0,0,1,1.91,23,61,11
nuxt-simple-sitemap,2024-02-05,https://github.com/harlan-zw/nuxt-simple-sitemap,0,0,0,0,0,0,0,0,0,0,0,0,0,0,0,0,0,0,0,0,0,0,0,0,0,0,0,0,0,0,0,0,0,0,0,0,0,0,0,0,0,0,0,0,0,0,0,0,7209.0,19653.0,26394.0,43586.0,51675.0,62691.0,83035.0,96726.0,112072.0,115420.0,123037.0,122066.0,82828.0,75571.0,67139.0,55480.0,52118.0,44766.0,43176.0,40878.0,35750.0,29562.0,28717.0,26983.0,12,15,16,16,16,18,11,14,17,11,14,21,13,17,10,9,11,15,11,11,13,5,5,8,2,0,2,4,2,1,1,0,1,2,4,1,0,0,3,0,0,4,1,1,0,0,3,0,1.15,30,146,21
metalsmith-in-place,2023-08-15,https://github.com/metalsmith/metalsmith-in-place,0,0,0,0,0,0,0,0,0,0,0,0,0,0,0,0,0,0,0,0,0,0,0,0,0,0,0,0,0,0,0,0,0,0,0,0,0,0,0,0,0,0,0,0,0,0,0,0,6900.0,5288.0,5215.0,5082.0,5019.0,6481.0,5717.0,7215.0,9749.0,6941.0,6148.0,5839.0,6080.0,6038.0,5344.0,5806.0,6281.0,6808.0,6575.0,6414.0,6424.0,6228.0,5926.0,5238.0,0,0,0,0,0,0,1,0,0,0,0,0,0,0,0,0,1,0,0,0,0,0,0,0,0,1,0,0,0,0,0,0,0,0,0,0,0,0,0,0,0,0,0,0,0,0,0,0,8.73,13,26,81
serverless-kubeless,2022-06-26,https://github.com/serverless/serverless-kubeless,0,0,1,1,0,0,0,0,0,0,0,1,0,0,0,0,1,1,1,0,1,1,0,0,0,0,0,0,0,0,0,0,0,1,0,0,0,0,0,0,0,0,0,0,0,0,0,0,86557.0,89506.0,86541.0,83142.0,66083.0,4406.0,33662.0,37507.0,32362.0,36130.0,34792.0,64470.0,91011.0,86589.0,83912.0,64963.0,73682.0,86542.0,73063.0,70993.0,87125.0,84210.0,87370.0,85016.0,0,1,2,3,1,2,0,1,3,1,0,0,0,0,0,0,1,0,0,0,1,1,0,0,1,0,1,1,1,0,0,0,2,0,1,0,0,0,0,0,0,0,0,0,1,0,0,0,5.13,30,53,4
fluent-schema,2022-05-02,https://github.com/fastify/fluent-schema,0,0,0,0,0,0,0,0,0,0,0,0,0,0,0,0,0,0,0,0,0,0,0,0,0,0,0,0,0,0,0,0,0,0,0,0,0,0,0,0,0,0,0,0,0,0,0,0,28590.0,28727.0,20706.0,21921.0,23477.0,23529.0,25304.0,19548.0,21028.0,19146.0,18725.0,16566.0,18562.0,15631.0,18919.0,17771.0,17005.0,15343.0,12424.0,17205.0,20318.0,21294.0,25381.0,28186.0,15,14,7,8,7,9,9,13,8,7,5,4,7,10,11,2,11,8,9,7,2,13,3,1,0,2,2,0,0,0,1,0,1,0,0,1,2,0,1,2,3,2,0,0,1,0,0,0,3.47,30,32,34
webext-additional-permissions,2024-03-23,https://github.com/fregante/webext-additional-permissions,0,0,0,0,0,0,0,0,0,0,0,0,0,0,0,0,0,0,0,0,0,0,0,0,0,0,0,0,0,0,0,0,0,0,0,0,0,0,0,0,0,0,0,0,0,0,0,0,26082.0,16413.0,20355.0,23733.0,12856.0,11178.0,12067.0,12599.0,10554.0,9107.0,8850.0,5690.0,2043.0,2622.0,2287.0,1300.0,1294.0,880.0,817.0,672.0,568.0,1689.0,1272.0,2361.0,1,0,0,0,0,0,0,0,0,3,0,0,0,0,1,1,0,0,0,0,0,0,0,1,0,0,0,0,0,0,0,0,0,0,1,0,0,0,0,0,0,0,0,0,0,0,0,0,4.65,2,14,5
@material/mwc-linear-progress,2024-04-04,https://github.com/material-components/material-components-web-components,0,0,0,0,0,0,0,0,0,0,0,0,0,0,0,0,0,0,0,0,0,0,0,0,0,0,0,0,0,0,0,0,0,0,0,0,0,0,0,0,0,0,0,0,0,0,0,0,40883.0,50000.0,49509.0,49327.0,38620.0,35058.0,45578.0,26144.0,25232.0,29018.0,25506.0,25115.0,24406.0,20484.0,21691.0,21121.0,22080.0,23019.0,18683.0,16382.0,20611.0,18544.0,18388.0,23555.0,231,289,257,344,299,302,341,266,159,167,168,216,140,150,144,102,151,88,97,100,78,79,127,93,15,23,13,15,14,15,23,15,17,20,12,15,15,15,13,10,18,15,11,9,9,11,11,11,4.83,30,708,62
react-native-firebase,2023-02-06,https://github.com/invertase/react-native-firebase,28,16,28,17,24,12,18,14,21,13,33,14,41,11,31,15,22,16,38,24,33,15,28,10,30,20,32,15,30,15,25,23,28,16,22,9,28,17,29,11,25,13,17,11,33,13,27,11,46863.0,54086.0,50112.0,49633.0,50174.0,41396.0,43670.0,38041.0,41909.0,46390.0,43337.0,41603.0,28367.0,22071.0,25357.0,22303.0,18646.0,17961.0,15474.0,17418.0,15247.0,12430.0,16263.0,14309.0,70,69,70,64,101,85,85,62,71,66,68,64,82,81,55,77,70,48,98,42,38,71,51,68,11,16,23,13,15,20,15,15,9,22,17,12,15,9,12,8,11,5,13,6,15,8,10,11,7.31,30,145,51
ipfs-core-config,2023-05-26,https://github.com/ipfs/js-ipfs,15,25,11,15,12,8,9,13,8,15,8,9,6,11,8,12,8,22,7,11,3,6,3,0,0,0,0,0,0,0,0,0,0,0,0,0,0,0,0,0,0,0,0,0,0,0,0,0,26725.0,30857.0,23033.0,26892.0,28891.0,31513.0,29921.0,29541.0,35562.0,38084.0,31343.0,25012.0,21915.0,18919.0,17568.0,18620.0,16924.0,18632.0,14923.0,17122.0,13280.0,15675.0,21920.0,13325.0,105,82,105,67,49,53,62,48,56,51,48,35,19,8,10,7,7,7,5,8,6,6,7,7,14,8,15,12,8,14,8,15,7,11,9,3,3,1,1,1,2,0,1,1,0,0,2,0,1.68,30,127,10
@aws-cdk/aws-cloudfront-origins,2023-11-21,https://github.com/aws/aws-cdk,170,228,118,156,168,237,185,266,157,235,169,301,146,229,141,219,158,180,171,178,163,206,173,204,129,164,151,224,171,181,144,187,157,166,149,202,141,154,109,139,102,150,122,184,138,190,147,222,684787.0,719255.0,753914.0,655516.0,708466.0,680526.0,718555.0,590905.0,490034.0,64275.0,67110.0,68064.0,41558.0,44725.0,53621.0,38838.0,36621.0,43864.0,22336.0,24779.0,21177.0,20184.0,15962.0,13141.0,113,111,120,125,126,127,128,108,87,105,70,91,77,98,95,85,89,88,94,86,71,85,98,76,71,50,76,57,69,60,57,45,49,59,46,42,33,47,56,51,42,47,31,46,31,44,47,28,3.32,30,171,60
es6-collections,2022-06-17,https://github.com/WebReflection/es6-collections,0,0,0,0,0,0,0,0,0,0,0,0,0,0,0,0,0,0,0,0,0,0,0,0,0,0,0,0,0,0,0,0,0,0,0,0,0,0,0,0,0,0,0,0,0,0,0,0,37232.0,38676.0,47127.0,40117.0,68219.0,37440.0,35454.0,34144.0,32513.0,35448.0,29112.0,25989.0,19551.0,19690.0,21393.0,31510.0,26150.0,19871.0,26924.0,22513.0,24109.0,17159.0,19114.0,18091.0,0,1,2,0,0,0,1,1,0,0,0,0,0,0,0,0,0,0,0,0,0,0,0,0,0,0,0,0,0,0,0,0,0,0,0,0,0,0,0,0,0,0,0,0,0,0,0,0,10.41,11,13,84
zeebe-node,2024-04-08,https://github.com/camunda-community-hub/zeebe-client-node-js,2,0,4,1,2,6,0,4,3,2,1,0,3,4,2,14,0,2,0,0,0,0,0,1,0,0,0,0,0,0,0,0,0,0,0,0,0,0,0,0,0,0,0,0,0,0,0,0,29170.0,32473.0,40748.0,42688.0,46590.0,108164.0,112348.0,99613.0,93177.0,121199.0,107706.0,115321.0,44609.0,45069.0,48113.0,52958.0,39703.0,31751.0,32360.0,29687.0,26265.0,20300.0,18404.0,19284.0,1,4,0,3,2,1,2,3,1,1,1,3,1,0,1,0,0,0,0,2,0,0,0,0,3,0,1,1,0,1,0,0,1,1,0,2,0,0,0,0,1,0,0,0,0,0,0,0,5.2,28,86,30
ng-sidebar,2022-06-21,https://github.com/arkon/ng-sidebar,1,1,0,0,0,3,0,0,0,0,1,0,0,0,0,0,0,0,0,0,0,0,0,0,0,0,0,0,0,0,0,0,0,0,0,0,0,0,0,0,0,0,0,0,0,0,0,0,62727.0,57798.0,54057.0,57563.0,59569.0,59230.0,54521.0,53820.0,54206.0,60854.0,53209.0,53789.0,44084.0,45948.0,48446.0,45332.0,48225.0,43682.0,47879.0,47509.0,53826.0,45555.0,51825.0,50533.0,1,0,3,0,0,1,1,0,0,0,0,0,0,1,1,0,1,0,0,0,0,0,1,0,1,0,0,0,0,2,0,3,0,0,1,1,0,1,1,0,0,0,0,0,1,0,0,2,5.5,9,52,26
adyen-cse-js,2022-06-13,https://github.com/Adyen/CSE-JS,0,0,0,0,0,0,0,0,0,0,0,0,0,0,0,0,0,0,0,0,0,0,0,0,0,0,0,0,0,0,0,0,0,0,0,0,0,0,0,0,0,0,0,0,0,0,0,0,57341.0,57762.0,57510.0,47937.0,55199.0,52216.0,44015.0,51178.0,47149.0,63349.0,74099.0,84797.0,55036.0,73663.0,55215.0,57200.0,62408.0,31125.0,56540.0,49064.0,79070.0,42948.0,22681.0,21449.0,0,1,0,0,0,0,0,0,1,0,0,0,1,0,0,0,0,0,0,0,0,0,1,0,1,0,2,0,3,0,0,0,0,1,0,0,0,0,0,1,0,0,0,0,0,0,0,0,5.76,11,3,5
@aws-cdk/aws-codestarconnections,2023-11-21,https://github.com/aws/aws-cdk,170,228,118,156,168,237,185,266,157,235,169,301,146,229,141,219,158,180,171,178,163,206,173,204,129,164,151,224,171,181,144,187,157,166,149,202,141,154,109,139,102,150,122,184,138,190,147,222,51772.0,54713.0,60396.0,56077.0,62651.0,52173.0,55871.0,48900.0,39639.0,36561.0,16776.0,24789.0,21227.0,23048.0,22898.0,7062.0,6862.0,6368.0,4435.0,5430.0,7907.0,4120.0,2485.0,1511.0,113,111,120,125,126,127,128,108,87,105,70,91,77,98,95,85,89,88,94,86,71,85,98,76,71,50,76,57,69,60,57,45,49,59,46,42,33,47,56,51,42,47,31,46,31,44,47,28,3.68,30,206,9
react-native-appboy-sdk,2023-03-13,https://github.com/Appboy/appboy-react-sdk,0,0,0,0,0,0,0,0,0,0,0,0,0,0,0,0,0,0,0,0,0,0,0,0,0,0,0,0,0,0,0,0,0,0,0,0,0,0,0,0,0,0,0,0,0,0,0,0,154328.0,129155.0,137384.0,126695.0,108440.0,164456.0,142421.0,145765.0,147999.0,123307.0,139351.0,141545.0,144775.0,170951.0,189249.0,159448.0,130010.0,116571.0,106782.0,77377.0,40472.0,47978.0,42271.0,56064.0,2,2,1,1,2,0,1,1,1,1,0,0,1,0,1,1,2,0,0,1,0,0,2,1,1,2,2,2,0,1,0,2,0,0,0,2,0,3,1,2,0,0,1,1,3,0,2,0,7.04,21,62,4
prb-math,2022-11-29,https://github.com/hifi-finance/prb-math,0,0,0,0,0,0,0,0,0,0,0,0,0,0,0,0,0,0,0,0,0,0,0,0,0,0,0,0,0,0,0,0,0,0,0,0,0,0,0,0,0,0,0,0,0,0,0,0,2068.0,2472.0,4205.0,5402.0,8143.0,6642.0,9315.0,8373.0,5493.0,6947.0,4621.0,4868.0,3494.0,3878.0,4211.0,4425.0,4349.0,6364.0,4532.0,4969.0,5198.0,3809.0,4115.0,3337.0,15,23,21,11,20,53,27,23,32,10,19,16,29,27,28,49,21,20,11,19,12,11,19,18,3,5,3,4,2,6,3,2,4,1,1,3,4,6,4,7,1,0,4,2,2,2,0,3,1.61,18,15,15
phonegap-plugin-barcodescanner,2022-06-23,https://github.com/phonegap/phonegap-plugin-barcodescanner,0,0,0,0,0,0,0,0,0,0,0,0,0,0,0,0,0,0,0,0,0,0,0,0,0,0,0,0,0,0,0,0,0,0,0,0,0,0,0,0,0,0,0,0,0,0,0,0,52900.0,48649.0,49690.0,54240.0,54973.0,55536.0,49483.0,52571.0,53435.0,62284.0,58961.0,57725.0,55524.0,59056.0,65697.0,70111.0,70199.0,55422.0,55651.0,48023.0,53045.0,40850.0,41380.0,39513.0,4,0,4,0,2,2,6,3,3,1,1,0,2,2,3,4,3,0,2,3,3,0,1,0,4,4,7,5,4,6,7,4,5,12,6,6,14,19,12,32,29,11,14,11,10,6,7,8,7.09,30,31,25
picmo,2023-09-15,https://github.com/joeattardi/picmo,2,0,3,0,0,0,2,0,4,0,8,1,2,0,2,1,2,1,2,2,0,0,2,0,0,0,0,0,0,0,0,0,0,0,0,0,0,0,0,0,0,0,0,0,0,0,0,0,15923.0,30296.0,43160.0,40803.0,42375.0,49794.0,66682.0,57005.0,66885.0,73387.0,53644.0,50726.0,66344.0,59878.0,56703.0,58786.0,55735.0,49104.0,52137.0,45687.0,42388.0,48662.0,37757.0,38423.0,16,21,8,10,11,10,8,13,16,6,13,5,4,7,2,5,1,1,1,3,5,1,2,1,1,0,0,2,2,1,0,1,2,1,0,0,0,0,0,0,2,0,2,3,0,1,2,1,1.43,16,40,14
ldclient-js,2022-06-19,https://github.com/launchdarkly/js-client,0,0,0,0,0,0,0,0,0,0,0,0,0,0,0,0,0,0,0,0,0,0,0,0,0,0,0,0,0,0,0,0,0,0,0,0,0,0,0,0,0,0,0,0,0,0,0,0,110048.0,97060.0,103627.0,105291.0,104296.0,87453.0,69651.0,82150.0,83180.0,88114.0,73012.0,76068.0,83908.0,90144.0,87649.0,101498.0,102131.0,88658.0,89475.0,74889.0,66963.0,65481.0,63876.0,59281.0,0,1,2,0,0,1,1,0,0,1,1,0,1,3,1,2,0,0,0,0,2,1,2,0,0,0,0,2,0,0,0,0,0,0,0,1,0,1,1,1,1,0,0,0,0,1,1,1,5.86,30,76,38
skip-postinstall,2022-05-18,https://github.com/rajivshah3/skip-postinstall,0,0,0,0,0,0,0,0,0,0,0,0,0,0,0,0,0,0,0,0,0,0,0,0,1,0,0,0,0,0,0,0,0,0,0,0,0,0,0,0,0,0,0,0,0,0,0,0,2722.0,2538.0,2089.0,3127.0,3692.0,3481.0,4072.0,5070.0,9974.0,16504.0,27942.0,30266.0,35452.0,27113.0,36005.0,30156.0,26009.0,25548.0,19525.0,19391.0,24797.0,26367.0,24393.0,31251.0,0,0,0,2,0,1,0,0,1,0,0,0,0,0,0,0,0,0,1,0,0,0,0,0,0,0,0,0,0,0,0,0,1,0,0,0,0,0,0,0,0,0,0,0,0,0,0,0,1.37,1,1,4
@types/nodecredstash,2023-02-03,https://github.com/DefinitelyTyped/DefinitelyTyped,28,388,15,431,18,459,24,343,12,356,26,380,21,338,19,391,26,368,12,417,14,263,4,245,14,322,12,325,7,259,10,195,5,222,14,249,11,250,13,300,17,272,8,410,14,236,17,331,8325.0,11403.0,11393.0,10014.0,10615.0,13482.0,15584.0,15558.0,15527.0,15955.0,18940.0,24042.0,31168.0,25637.0,29211.0,33252.0,28905.0,25122.0,29108.0,37657.0,28578.0,33014.0,28077.0,17688.0,391,414,441,485,463,401,435,440,414,424,357,446,388,486,387,315,343,318,312,316,291,279,290,293,240,221,229,218,232,202,184,214,214,208,182,164,193,187,144,120,139,140,112,132,127,116,92,127,4.86,30,5,6
@aws-cdk/aws-opensearchservice,2023-11-21,https://github.com/aws/aws-cdk,170,228,118,156,168,237,185,266,157,235,169,301,146,229,141,219,158,180,171,178,163,206,173,204,129,164,151,224,171,181,144,187,157,166,149,202,141,154,109,139,102,150,122,184,138,190,147,222,124195.0,125086.0,139636.0,137228.0,133354.0,114905.0,111416.0,93052.0,86890.0,60116.0,51014.0,47014.0,30773.0,31427.0,34251.0,30778.0,29073.0,28499.0,23322.0,24935.0,20784.0,20794.0,18818.0,15843.0,113,111,120,125,126,127,128,108,87,105,70,91,77,98,95,85,89,88,94,86,71,85,98,76,71,50,76,57,69,60,57,45,49,59,46,42,33,47,56,51,42,47,31,46,31,44,47,28,2.18,30,93,10
wicg-focus-ring,2022-06-29,https://github.com/WICG/focus-ring,0,0,0,0,0,0,0,0,0,0,0,0,0,0,0,0,0,0,0,0,0,0,0,0,0,0,0,0,0,0,0,0,0,0,0,0,0,0,0,0,0,0,0,0,0,0,0,0,17608.0,12611.0,14071.0,15600.0,16020.0,16277.0,13114.0,14051.0,17183.0,20143.0,18024.0,17404.0,18664.0,20299.0,20847.0,24135.0,20957.0,13270.0,14246.0,19372.0,25763.0,22660.0,21756.0,22106.0,15,11,19,10,9,11,5,13,18,9,12,11,8,7,9,5,4,5,6,9,3,3,0,1,1,3,1,2,1,1,0,0,1,1,1,0,0,1,1,0,1,0,1,0,0,0,1,0,5.22,30,7,10
@pawelgalazka/cli,2022-10-19,https://github.com/pawelgalazka/cli,0,0,0,0,0,0,1,1,0,1,0,0,0,1,0,0,0,0,0,0,0,0,0,0,0,0,0,0,0,0,0,0,0,0,0,0,0,0,0,0,0,0,0,0,0,0,0,0,18908.0,18492.0,16447.0,17290.0,17562.0,28387.0,24705.0,28683.0,33705.0,27938.0,36379.0,34580.0,29868.0,25767.0,33411.0,29387.0,28608.0,25995.0,28531.0,25681.0,22003.0,27110.0,19183.0,20934.0,0,1,0,0,0,0,0,0,0,0,0,0,0,1,0,0,0,0,0,0,0,0,0,0,0,0,0,1,0,0,0,0,0,0,0,0,0,0,0,0,0,0,0,0,0,0,0,0,3.69,1,8,4
tasksfile,2022-10-19,https://github.com/pawelgalazka/tasksfile,0,0,0,0,0,0,0,0,0,1,0,0,0,1,0,0,0,0,0,0,0,0,0,0,0,0,0,0,0,0,0,0,0,0,0,0,0,0,0,0,0,0,0,0,0,0,0,0,18919.0,18431.0,16379.0,17109.0,17338.0,28105.0,24450.0,28344.0,33133.0,27729.0,36082.0,34049.0,29667.0,25664.0,33288.0,29381.0,28585.0,25963.0,28504.0,25360.0,21665.0,26637.0,18908.0,20591.0,0,3,1,2,2,1,0,1,1,0,0,0,0,1,0,0,0,1,0,0,0,1,0,0,0,1,0,0,0,0,0,0,0,0,0,0,0,0,0,0,0,0,0,0,0,0,0,0,3.73,6,13,33
remark-mdx-images,2024-03-23,https://github.com/remcohaszing/remark-mdx-images,0,0,0,0,0,0,0,0,0,0,0,0,0,0,0,0,1,0,0,0,0,0,0,0,0,0,0,0,0,0,0,0,0,0,0,0,0,0,0,0,0,0,0,0,0,0,0,0,6522.0,8446.0,9463.0,10335.0,12380.0,13170.0,9925.0,10425.0,12785.0,11402.0,16414.0,18421.0,11064.0,8857.0,7277.0,8187.0,7338.0,6945.0,6314.0,5848.0,4304.0,5382.0,7757.0,9632.0,0,0,0,1,1,1,3,0,0,0,0,0,0,0,0,0,0,0,0,0,0,0,0,0,0,0,0,0,0,0,1,1,0,0,0,0,0,0,0,0,0,0,0,0,0,0,0,0,3.04,2,6,14
@tsconfig/node16-strictest,2023-03-27,https://github.com/tsconfig/bases,1,2,2,1,0,4,4,7,2,5,0,0,1,6,4,4,2,3,2,3,1,2,4,1,8,13,4,2,4,1,3,3,6,4,6,1,6,3,2,2,0,5,2,4,3,4,2,3,3792.0,12670.0,17519.0,34861.0,35379.0,50876.0,65705.0,75574.0,80826.0,89654.0,82344.0,69688.0,53534.0,64755.0,59477.0,52111.0,50013.0,42437.0,34856.0,28979.0,20341.0,25418.0,24104.0,19406.0,110,200,77,123,142,111,112,121,127,108,142,148,174,128,82,125,306,161,109,134,127,164,113,199,5,2,8,3,4,3,5,4,7,7,9,3,11,0,1,4,8,5,4,7,4,3,5,7,1.11,30,5,86
lodash.createcallback,2022-06-19,https://github.com/lodash/lodash-cli,0,0,0,0,0,0,0,0,0,0,0,0,0,0,0,0,0,0,0,0,0,0,0,0,0,0,0,0,0,0,0,0,0,0,0,0,0,0,0,0,0,0,0,0,0,0,0,0,21862.0,20714.0,21877.0,23626.0,23529.0,24145.0,25644.0,24639.0,23871.0,24571.0,25656.0,58783.0,19499.0,19445.0,19452.0,20465.0,45573.0,17613.0,19278.0,19822.0,21115.0,18157.0,19713.0,19009.0,0,2,1,1,1,0,1,0,0,0,0,0,0,0,1,0,0,1,0,1,0,1,0,0,0,1,0,1,1,0,0,0,1,0,2,0,0,0,0,0,1,0,0,0,0,0,1,0,8.74,11,10,31
@gnosis.pm/safe-core-sdk-types,2022-11-28,https://github.com/safe-global/safe-core-sdk,9,9,12,8,9,20,6,6,4,5,4,2,3,5,6,7,9,9,3,16,8,7,5,8,5,6,7,7,6,7,10,25,16,34,9,11,6,9,9,20,9,13,14,6,12,12,20,36,5270.0,7433.0,13178.0,15449.0,17788.0,23013.0,63457.0,34353.0,36858.0,48012.0,54357.0,56149.0,48030.0,40722.0,37037.0,47748.0,32241.0,38674.0,41332.0,36230.0,39902.0,31881.0,33939.0,30506.0,5,4,3,3,5,4,3,5,5,3,0,4,9,4,7,12,16,6,6,13,13,9,9,7,3,6,6,1,1,1,3,3,3,3,2,7,4,3,5,5,9,6,7,8,6,3,8,13,1.49,30,12,35
vue-owl-carousel,2022-05-23,https://github.com/s950329/vue-owl-carousel,0,0,1,0,2,1,0,1,1,0,0,0,0,0,0,0,0,0,0,0,0,1,0,0,0,0,0,0,0,0,0,1,0,0,0,2,0,0,2,0,0,0,1,0,0,0,0,0,21642.0,22371.0,20338.0,20461.0,23547.0,23665.0,26359.0,21426.0,22435.0,23629.0,28137.0,23629.0,25471.0,23897.0,24205.0,22611.0,25734.0,25192.0,19697.0,19244.0,20781.0,21755.0,18971.0,18991.0,5,0,2,2,5,2,2,2,1,3,2,1,1,1,1,1,1,1,3,1,0,0,0,2,1,1,1,2,2,0,2,0,2,1,2,1,0,0,0,2,0,1,2,1,0,0,0,0,3.6,2,6,8
@comandeer/mocha-lib-tester,2023-01-22,https://github.com/Comandeer/mocha-lib-tester,0,0,0,0,0,0,0,0,0,0,4,3,0,0,0,0,0,0,0,0,1,1,0,0,0,0,0,0,0,0,0,0,0,0,0,0,0,0,0,0,0,0,0,0,0,0,0,0,48.0,24.0,304.0,77.0,82.0,27.0,108.0,47.0,99.0,42.0,158.0,30.0,133.0,58.0,52.0,6.0,72.0,67.0,55.0,192.0,179.0,18.0,13.0,43.0,0,0,0,0,0,0,0,0,0,0,0,0,0,1,0,0,0,0,0,0,0,0,0,0,0,0,0,0,0,0,0,0,0,0,0,0,0,0,0,0,0,0,0,0,0,0,0,0,2.26,2,10,6
@material/mwc-circular-progress,2024-04-04,https://github.com/material-components/material-components-web-components,0,0,0,0,0,0,0,0,0,0,0,0,0,0,0,0,0,0,0,0,0,0,0,0,0,0,0,0,0,0,0,0,0,0,0,0,0,0,0,0,0,0,0,0,0,0,0,0,36997.0,43332.0,41693.0,38435.0,31538.0,27480.0,36144.0,21930.0,18786.0,24382.0,20437.0,17614.0,21083.0,17257.0,21355.0,24750.0,25290.0,31103.0,29293.0,19394.0,24868.0,20256.0,25740.0,29260.0,231,289,257,344,299,302,341,266,159,167,168,216,140,150,144,102,151,88,97,100,78,79,127,93,15,23,13,15,14,15,23,15,17,20,12,15,15,15,13,10,18,15,11,9,9,11,11,11,3.7,30,492,54
cosmicjs,2023-08-12,https://github.com/cosmicjs/cosmicjs-node,0,4,1,1,0,0,0,4,1,3,0,4,0,1,0,1,1,1,0,0,0,0,0,0,0,0,0,0,0,0,0,0,0,0,0,0,0,0,0,0,0,0,0,0,0,0,0,0,15684.0,16902.0,15530.0,14232.0,10138.0,11923.0,10022.0,14428.0,12971.0,9771.0,9128.0,8266.0,6655.0,7287.0,5936.0,5449.0,5910.0,3876.0,4693.0,4049.0,4037.0,3812.0,4585.0,4928.0,0,0,1,1,0,2,0,4,2,1,0,1,1,0,0,0,0,0,0,0,0,0,0,0,0,0,0,0,0,1,0,0,1,0,0,0,0,0,0,0,0,0,0,1,0,0,1,0,8.05,14,187,9
data.task,2023-03-28,https://github.com/folktale/data.task,0,0,0,0,0,0,0,0,0,0,0,0,0,0,0,0,0,0,0,0,0,0,0,0,0,0,0,0,0,0,0,0,0,0,0,0,0,0,0,0,0,0,0,0,0,0,0,0,20956.0,18688.0,20077.0,18518.0,17691.0,18674.0,19034.0,19291.0,21897.0,18316.0,19392.0,19792.0,18889.0,21847.0,22377.0,22938.0,28108.0,26343.0,25589.0,20639.0,18087.0,21702.0,23440.0,24160.0,0,0,0,1,0,0,1,0,1,1,0,0,0,0,0,0,0,1,1,0,0,0,1,0,0,0,0,0,0,0,0,0,0,0,0,0,0,0,0,0,0,0,0,0,0,0,0,0,8.02,9,4,124
stimulus-timeago,2024-03-22,https://github.com/stimulus-components/stimulus-timeago,0,0,0,0,0,0,0,0,0,0,0,0,0,0,0,0,0,0,0,0,0,1,0,0,0,0,0,0,0,0,0,0,0,0,0,0,0,2,0,0,0,0,0,0,0,0,0,0,6691.0,8093.0,8699.0,8242.0,8322.0,9335.0,9351.0,9881.0,27291.0,37820.0,49061.0,49291.0,50006.0,41056.0,24914.0,15492.0,14331.0,13016.0,14682.0,12861.0,9479.0,18744.0,17933.0,26889.0,0,0,0,0,0,0,1,0,0,0,0,0,0,0,0,0,0,0,0,0,0,0,0,0,0,0,0,0,0,0,0,0,0,0,1,0,0,0,0,0,0,0,1,0,0,0,0,0,3.43,4,10,2
@material/mwc-select,2024-04-04,https://github.com/material-components/material-components-web-components,0,0,0,0,0,0,0,0,0,0,0,0,0,0,0,0,0,0,0,0,0,0,0,0,0,0,0,0,0,0,0,0,0,0,0,0,0,0,0,0,0,0,0,0,0,0,0,0,40671.0,51764.0,52225.0,49771.0,40697.0,39725.0,50593.0,31415.0,24740.0,28222.0,25799.0,24384.0,22769.0,19968.0,21801.0,21611.0,18511.0,21122.0,17696.0,16063.0,19053.0,16787.0,18499.0,22253.0,231,289,257,344,299,302,341,266,159,167,168,216,140,150,144,102,151,88,97,100,78,79,127,93,15,23,13,15,14,15,23,15,17,20,12,15,15,15,13,10,18,15,11,9,9,11,11,11,4.16,30,693,82
vue-stripe-elements-plus,2024-02-19,https://github.com/ectoflow/vue-stripe-elements,0,1,0,1,0,0,0,0,0,0,0,0,0,0,0,0,0,0,0,0,0,0,0,0,0,0,0,0,0,0,0,0,0,0,0,0,0,0,0,0,0,0,0,0,0,0,0,0,114614.0,83740.0,44680.0,65207.0,140876.0,100369.0,59557.0,51969.0,60760.0,45987.0,36465.0,47497.0,52640.0,49416.0,58407.0,47981.0,56550.0,57550.0,59340.0,68784.0,108764.0,34110.0,37969.0,34336.0,2,0,0,1,0,1,0,0,0,0,0,1,0,0,0,0,1,0,0,0,0,0,0,0,0,0,0,0,0,0,0,0,0,0,0,0,0,0,0,0,0,0,0,0,0,0,0,0,6.35,12,15,11
flex-plugins-utils-env,2024-06-24,https://github.com/twilio/flex-plugin-builder,2,19,0,0,1,4,1,12,1,4,1,6,0,9,3,42,1,47,0,12,0,6,1,10,1,11,5,20,0,15,0,3,0,8,1,5,2,1,3,1,0,1,0,0,0,6,0,20,46755.0,48072.0,50795.0,44878.0,47341.0,43696.0,41537.0,38758.0,30633.0,30389.0,33033.0,34638.0,35188.0,35644.0,34445.0,32263.0,29438.0,26238.0,32222.0,20467.0,24151.0,22927.0,23822.0,21993.0,1,0,1,0,1,1,0,1,12,0,0,0,0,0,0,0,0,0,0,0,1,0,1,1,0,0,0,1,0,0,0,2,6,0,1,0,0,0,1,0,0,0,0,0,0,0,1,0,4.04,30,178,7
flex-plugins-utils-exception,2024-06-24,https://github.com/twilio/flex-plugin-builder,2,19,0,0,1,4,1,12,1,4,1,6,0,9,3,42,1,47,0,12,0,6,1,10,1,11,5,20,0,15,0,3,0,8,1,5,2,1,3,1,0,1,0,0,0,6,0,20,46594.0,48124.0,50795.0,44880.0,47339.0,43853.0,41350.0,38745.0,30632.0,30485.0,32935.0,34723.0,35191.0,35638.0,34498.0,32289.0,29444.0,26238.0,32222.0,20442.0,24158.0,23083.0,23822.0,22099.0,1,0,1,0,1,1,0,1,12,0,0,0,0,0,0,0,0,0,0,0,1,0,1,1,0,0,0,1,0,0,0,2,6,0,1,0,0,0,1,0,0,0,0,0,0,0,1,0,4.06,30,179,8
stimulus-checkbox-select-all,2024-02-27,https://github.com/stimulus-components/stimulus-checkbox-select-all,0,0,0,1,0,1,0,0,1,0,0,0,0,0,0,0,0,0,0,0,0,0,0,0,1,0,0,0,0,0,0,0,0,0,0,0,0,0,0,0,0,0,0,0,0,0,0,0,18645.0,22455.0,23018.0,39124.0,49877.0,52874.0,57008.0,37347.0,32018.0,27563.0,25614.0,32106.0,33491.0,36243.0,33094.0,29122.0,30085.0,33507.0,29089.0,30447.0,22751.0,21512.0,24842.0,25798.0,0,1,0,0,1,0,0,0,0,0,0,0,0,2,0,0,0,0,1,0,0,0,0,0,0,2,0,0,0,0,0,0,0,0,0,0,1,0,0,0,0,0,0,0,0,0,0,0,3.37,5,11,5
@material/mwc-tab-scroller,2024-04-04,https://github.com/material-components/material-components-web-components,0,0,0,0,0,0,0,0,0,0,0,0,0,0,0,0,0,0,0,0,0,0,0,0,0,0,0,0,0,0,0,0,0,0,0,0,0,0,0,0,0,0,0,0,0,0,0,0,35287.0,44432.0,42492.0,40309.0,31130.0,28755.0,43986.0,23951.0,19358.0,23427.0,18370.0,17741.0,17147.0,14468.0,14338.0,15100.0,13754.0,15911.0,12391.0,10200.0,13286.0,11731.0,15011.0,17208.0,231,289,257,344,299,302,341,266,159,167,168,216,140,150,144,102,151,88,97,100,78,79,127,93,15,23,13,15,14,15,23,15,17,20,12,15,15,15,13,10,18,15,11,9,9,11,11,11,4.83,30,707,7
openlayers,2022-06-22,https://github.com/openlayers/openlayers,34,66,53,71,56,56,56,86,41,63,54,67,32,66,51,87,47,73,40,45,41,67,32,53,48,79,57,91,42,43,37,45,44,58,28,39,27,24,40,29,35,45,39,46,20,42,29,53,23073.0,20141.0,17604.0,18528.0,17782.0,18170.0,15450.0,16611.0,17673.0,19928.0,16787.0,19543.0,20831.0,19919.0,24240.0,20143.0,18784.0,18175.0,18671.0,18312.0,20208.0,18889.0,20298.0,22050.0,76,105,80,78,79,72,98,84,86,80,80,99,90,119,96,95,86,55,80,86,96,77,86,76,22,20,24,11,21,16,13,23,21,21,16,12,17,17,16,22,14,17,12,19,11,11,14,14,10.92,30,76,168
@types/storybook__addon-links,2022-04-07,https://github.com/storybooks/storybook,0,0,0,0,0,0,0,0,0,0,0,0,0,0,0,0,0,0,0,0,0,0,0,0,0,0,0,0,0,0,0,0,0,0,0,0,0,0,0,0,0,0,0,0,0,0,0,0,159956.0,79465.0,47037.0,42649.0,40276.0,45868.0,33833.0,33584.0,27609.0,26879.0,24960.0,28079.0,25352.0,28851.0,30539.0,36753.0,36369.0,33680.0,33474.0,32789.0,32398.0,30754.0,36795.0,28933.0,997,1192,850,669,671,682,573,916,1164,702,672,612,739,737,1105,593,595,618,560,495,517,827,668,685,113,100,98,111,79,97,86,105,134,105,107,72,85,96,100,100,87,97,93,78,65,114,106,120,4.79,30,12,155
@pixi/canvas-particles,2022-12-21,https://github.com/pixijs/pixi.js,0,0,0,0,0,0,0,0,0,0,0,0,0,0,0,0,0,0,0,0,0,0,0,0,0,0,0,0,0,0,0,0,0,0,0,0,0,0,0,0,0,0,0,0,0,0,0,0,37916.0,44307.0,52287.0,71221.0,51272.0,37715.0,36327.0,39533.0,38522.0,35994.0,38671.0,34048.0,36763.0,50280.0,45424.0,50184.0,54140.0,71639.0,47260.0,53525.0,51902.0,62134.0,56510.0,48887.0,275,287,300,302,314,250,295,269,261,299,312,301,325,397,355,364,310,258,277,251,265,228,239,237,36,25,28,28,18,12,32,25,19,23,20,27,19,25,22,20,13,24,11,17,7,26,13,25,4.76,30,50,5
draft-js-inline-toolbar-plugin,2022-06-15,https://github.com/draft-js-plugins/draft-js-plugins,6,54,7,55,6,43,6,52,3,60,2,38,4,51,7,57,9,50,11,44,5,58,4,49,2,33,6,32,2,34,5,31,4,27,2,28,1,27,4,17,5,25,3,30,2,29,0,28,48456.0,46902.0,48791.0,42845.0,41545.0,42613.0,37474.0,41388.0,38970.0,47088.0,40273.0,41206.0,46017.0,52360.0,45029.0,42290.0,43019.0,38330.0,41038.0,49725.0,63734.0,50028.0,57644.0,52573.0,11,21,24,25,16,19,12,10,14,14,15,11,9,5,12,7,7,7,2,8,9,8,11,4,8,4,4,3,5,8,5,5,6,8,9,9,7,11,8,7,5,10,5,6,4,3,3,7,5.58,30,19,55
moment-holiday,2022-06-20,https://github.com/kodie/moment-holiday,0,0,0,0,0,0,0,0,0,0,0,0,0,0,0,0,0,0,0,0,0,0,0,0,0,0,0,0,0,0,0,0,0,0,0,0,0,0,0,0,0,0,0,0,0,0,0,0,25285.0,28251.0,30314.0,27345.0,29826.0,35501.0,30407.0,34218.0,35039.0,36569.0,32665.0,37800.0,33297.0,35379.0,30859.0,29340.0,27609.0,22746.0,23872.0,21535.0,22176.0,20066.0,24366.0,22269.0,0,0,0,0,1,0,0,0,0,0,0,0,0,0,0,0,0,0,1,0,0,0,0,0,1,0,0,0,1,0,0,0,0,0,1,0,0,0,0,0,0,1,1,0,1,0,0,0,4.99,9,15,4
jsonstream,2022-06-19,https://github.com/dominictarr/JSONStream,0,0,0,0,0,0,0,0,0,0,0,0,0,0,0,0,0,0,0,0,0,0,0,0,0,0,0,0,0,0,0,0,0,0,0,0,0,0,0,0,0,0,0,0,0,0,0,0,26224.0,21724.0,11611.0,10760.0,10509.0,15027.0,13616.0,12680.0,12107.0,13781.0,16507.0,14228.0,20352.0,21751.0,18277.0,18264.0,21189.0,13620.0,12928.0,12804.0,19843.0,14750.0,15821.0,14883.0,10,9,6,2,2,9,4,4,3,12,6,2,5,1,5,3,2,0,1,5,2,4,3,0,0,1,2,0,2,0,1,0,2,0,0,0,1,2,0,0,0,0,0,0,2,1,0,0,9.02,30,3,153
stimulus-scroll-to,2024-03-22,https://github.com/stimulus-components/stimulus-scroll-to,0,0,0,0,0,0,0,0,0,0,0,0,0,0,0,0,0,0,0,0,0,0,0,0,0,0,0,0,0,0,0,0,0,0,0,0,0,0,0,0,0,0,0,0,0,0,0,0,15469.0,18570.0,18404.0,15013.0,13537.0,15468.0,20403.0,23239.0,17811.0,16259.0,21904.0,24061.0,23952.0,22168.0,16420.0,19790.0,18371.0,14374.0,18844.0,17818.0,14071.0,19154.0,17201.0,19504.0,0,0,0,0,0,0,1,0,0,1,0,0,1,0,0,0,0,0,1,0,0,0,0,0,0,0,0,0,0,0,0,0,0,0,0,0,0,0,1,0,0,0,0,0,0,0,0,0,3.32,1,6,2
flex-plugins-api-client,2024-06-24,https://github.com/twilio/flex-plugin-builder,2,19,0,0,1,4,1,12,1,4,1,6,0,9,3,42,1,47,0,12,0,6,1,10,1,11,5,20,0,15,0,3,0,8,1,5,2,1,3,1,0,1,0,0,0,6,0,20,36882.0,38707.0,40222.0,37926.0,40633.0,38960.0,38330.0,35486.0,29031.0,29169.0,32222.0,33766.0,34809.0,35011.0,33906.0,31011.0,28644.0,25895.0,31567.0,19759.0,23456.0,22403.0,23446.0,21393.0,1,0,1,0,1,1,0,1,12,0,0,0,0,0,0,0,0,0,0,0,1,0,1,1,0,0,0,1,0,0,0,2,6,0,1,0,0,0,1,0,0,0,0,0,0,0,1,0,4.1,30,201,6
loadable-components,2022-05-08,https://github.com/smooth-code/loadable-components,0,0,0,0,0,0,0,0,0,0,0,0,0,0,0,0,0,0,0,0,0,0,0,0,0,0,0,0,0,0,0,0,0,0,0,0,0,0,0,0,0,0,0,0,0,0,0,0,38319.0,35385.0,31861.0,30825.0,29524.0,30141.0,27882.0,23894.0,25344.0,25738.0,27717.0,27886.0,22852.0,21841.0,27010.0,27701.0,27441.0,24211.0,20799.0,23146.0,22638.0,27769.0,20768.0,23959.0,98,100,100,102,108,85,82,79,72,59,110,71,64,57,33,64,39,56,128,65,48,55,31,32,9,7,9,2,10,1,7,5,2,4,4,2,2,0,3,4,0,5,3,1,1,2,2,1,4.87,30,21,79
@matterlabs/hardhat-zksync-chai-matchers,2024-04-25,https://github.com/matter-labs/hardhat-zksync,8,18,8,18,5,30,10,6,3,23,3,25,5,51,10,87,6,84,6,104,7,118,3,106,2,56,4,96,1,68,0,88,1,103,3,52,7,33,3,22,4,15,2,43,1,61,5,14,422.0,474.0,386.0,347.0,786.0,1392.0,2593.0,10473.0,14458.0,20613.0,22449.0,25305.0,50656.0,42474.0,43951.0,48909.0,33508.0,21114.0,16465.0,10781.0,14429.0,14148.0,18916.0,18915.0,4,11,6,4,2,11,4,8,4,7,102,8,9,8,3,1,0,0,1,1,1,2,2,1,5,5,17,2,4,7,6,6,4,9,82,9,6,6,1,2,0,0,0,1,3,1,0,0,1.38,30,14,13
@aws-cdk/aws-ecs-patterns,2023-11-21,https://github.com/aws/aws-cdk,170,228,118,156,168,237,185,266,157,235,169,301,146,229,141,219,158,180,171,178,163,206,173,204,129,164,151,224,171,181,144,187,157,166,149,202,141,154,109,139,102,150,122,184,138,190,147,222,390305.0,358185.0,391883.0,390536.0,502851.0,366718.0,388803.0,341527.0,297438.0,171779.0,163443.0,159632.0,93163.0,69301.0,53050.0,46608.0,43239.0,58606.0,32249.0,35772.0,29571.0,25786.0,22347.0,19673.0,113,111,120,125,126,127,128,108,87,105,70,91,77,98,95,85,89,88,94,86,71,85,98,76,71,50,76,57,69,60,57,45,49,59,46,42,33,47,56,51,42,47,31,46,31,44,47,28,4.5,30,253,59
vscode-debugadapter,2022-06-28,https://github.com/microsoft/vscode-debugadapter-node,0,0,1,0,1,0,2,0,1,0,1,0,1,0,4,0,1,1,0,0,0,1,1,0,0,4,0,0,1,0,0,5,1,1,1,3,2,2,0,0,0,1,0,0,2,6,0,0,58973.0,56365.0,63332.0,54088.0,50655.0,128428.0,50712.0,52817.0,54395.0,62637.0,53761.0,48569.0,28757.0,37155.0,36309.0,52829.0,49640.0,41523.0,46160.0,52918.0,59212.0,52411.0,58264.0,47976.0,2,1,5,1,7,2,3,5,3,4,2,1,2,0,1,5,4,1,7,6,1,2,1,6,1,0,0,1,0,1,1,1,0,0,0,0,1,0,0,2,1,2,0,0,0,0,0,0,6.55,22,205,35
clear-require,2022-06-13,https://github.com/sindresorhus/clear-require,0,0,0,0,0,0,0,0,0,0,0,0,0,0,0,0,0,0,0,0,0,0,0,0,0,0,0,0,0,0,0,0,0,0,0,0,0,0,0,0,0,0,0,0,0,0,0,0,17355.0,17164.0,15159.0,17382.0,16781.0,17774.0,11390.0,12432.0,11050.0,12814.0,11456.0,11148.0,9474.0,13419.0,24151.0,32932.0,14795.0,11085.0,14082.0,12212.0,11309.0,14235.0,15277.0,14611.0,3,4,0,0,1,2,1,1,2,3,2,2,0,1,0,0,1,2,1,1,0,1,1,2,2,0,0,0,1,0,0,1,0,0,0,0,0,0,0,0,0,0,0,0,0,0,0,0,7.9,6,4,186
@material/mwc-tab-bar,2024-04-04,https://github.com/material-components/material-components-web-components,0,0,0,0,0,0,0,0,0,0,0,0,0,0,0,0,0,0,0,0,0,0,0,0,0,0,0,0,0,0,0,0,0,0,0,0,0,0,0,0,0,0,0,0,0,0,0,0,34570.0,44159.0,42649.0,40307.0,31069.0,28753.0,41613.0,23970.0,19477.0,22995.0,18489.0,17797.0,17242.0,14519.0,15092.0,15189.0,13616.0,16013.0,13180.0,10330.0,12633.0,11800.0,15080.0,17247.0,231,289,257,344,299,302,341,266,159,167,168,216,140,150,144,102,151,88,97,100,78,79,127,93,15,23,13,15,14,15,23,15,17,20,12,15,15,15,13,10,18,15,11,9,9,11,11,11,4.83,30,705,48
@material/mwc-tab,2024-04-04,https://github.com/material-components/material-components-web-components,0,0,0,0,0,0,0,0,0,0,0,0,0,0,0,0,0,0,0,0,0,0,0,0,0,0,0,0,0,0,0,0,0,0,0,0,0,0,0,0,0,0,0,0,0,0,0,0,35225.0,43867.0,42249.0,40367.0,31134.0,28820.0,43979.0,23273.0,19908.0,22346.0,19192.0,17784.0,17290.0,15798.0,14562.0,15677.0,14459.0,16649.0,14009.0,10562.0,12671.0,11899.0,15140.0,17242.0,231,289,257,344,299,302,341,266,159,167,168,216,140,150,144,102,151,88,97,100,78,79,127,93,15,23,13,15,14,15,23,15,17,20,12,15,15,15,13,10,18,15,11,9,9,11,11,11,4.83,30,706,43
neutrino-middleware-minify,2022-06-21,https://github.com/mozilla-neutrino/neutrino-dev,0,0,0,0,0,0,0,0,0,0,0,0,0,0,0,0,0,0,0,0,0,0,0,0,0,0,0,0,0,0,0,0,0,0,0,0,0,0,0,0,0,0,0,0,0,0,0,0,340.0,356.0,2311.0,685.0,385.0,314.0,196.0,191.0,250.0,917.0,504.0,305.0,132.0,326.0,414.0,357.0,188.0,119.0,222.0,202.0,697.0,683.0,333.0,430.0,13,14,13,14,15,13,14,25,7,13,6,9,11,6,5,10,9,8,8,7,7,3,7,4,0,1,1,0,0,2,1,1,1,3,0,0,2,0,0,0,1,0,0,1,0,0,0,0,5.28,0,52,17
@material/mwc-tab-indicator,2024-04-04,https://github.com/material-components/material-components-web-components,0,0,0,0,0,0,0,0,0,0,0,0,0,0,0,0,0,0,0,0,0,0,0,0,0,0,0,0,0,0,0,0,0,0,0,0,0,0,0,0,0,0,0,0,0,0,0,0,34665.0,44613.0,42780.0,40390.0,31231.0,29643.0,42892.0,23974.0,19396.0,22134.0,18400.0,53302.0,17177.0,14640.0,14363.0,14877.0,14406.0,15944.0,12435.0,10280.0,12618.0,11735.0,15024.0,17329.0,231,289,257,344,299,302,341,266,159,167,168,216,140,150,144,102,151,88,97,100,78,79,127,93,15,23,13,15,14,15,23,15,17,20,12,15,15,15,13,10,18,15,11,9,9,11,11,11,4.83,30,707,7
neutrino-middleware-clean,2022-06-21,https://github.com/mozilla-neutrino/neutrino-dev,0,0,0,0,0,0,0,0,0,0,0,0,0,0,0,0,0,0,0,0,0,0,0,0,0,0,0,0,0,0,0,0,0,0,0,0,0,0,0,0,0,0,0,0,0,0,0,0,333.0,344.0,2299.0,682.0,389.0,314.0,236.0,308.0,288.0,859.0,317.0,292.0,154.0,248.0,339.0,314.0,126.0,190.0,193.0,212.0,633.0,641.0,255.0,376.0,13,14,13,14,15,13,14,25,7,13,6,9,11,6,5,10,9,8,8,7,7,3,7,4,0,1,1,0,0,2,1,1,1,3,0,0,2,0,0,0,1,0,0,1,0,0,0,0,5.28,0,43,17
neutrino-middleware-compile-loader,2022-06-21,https://github.com/mozilla-neutrino/neutrino-dev,0,0,0,0,0,0,0,0,0,0,0,0,0,0,0,0,0,0,0,0,0,0,0,0,0,0,0,0,0,0,0,0,0,0,0,0,0,0,0,0,0,0,0,0,0,0,0,0,324.0,328.0,2268.0,677.0,368.0,297.0,221.0,300.0,219.0,921.0,309.0,349.0,138.0,271.0,335.0,331.0,149.0,145.0,193.0,196.0,652.0,652.0,304.0,332.0,13,14,13,14,15,13,14,25,7,13,6,9,11,6,5,10,9,8,8,7,7,3,7,4,0,1,1,0,0,2,1,1,1,3,0,0,2,0,0,0,1,0,0,1,0,0,0,0,5.28,0,43,20
neutrino-middleware-loader-merge,2022-06-21,https://github.com/mozilla-neutrino/neutrino-dev,0,0,0,0,0,0,0,0,0,0,0,0,0,0,0,0,0,0,0,0,0,0,0,0,0,0,0,0,0,0,0,0,0,0,0,0,0,0,0,0,0,0,0,0,0,0,0,0,356.0,366.0,2663.0,755.0,417.0,387.0,237.0,337.0,310.0,1073.0,369.0,378.0,169.0,294.0,420.0,361.0,198.0,124.0,226.0,207.0,689.0,684.0,384.0,435.0,13,14,13,14,15,13,14,25,7,13,6,9,11,6,5,10,9,8,8,7,7,3,7,4,0,1,1,0,0,2,1,1,1,3,0,0,2,0,0,0,1,0,0,1,0,0,0,0,5.28,0,52,29
neutrino-middleware-hot,2022-06-21,https://github.com/mozilla-neutrino/neutrino-dev,0,0,0,0,0,0,0,0,0,0,0,0,0,0,0,0,0,0,0,0,0,0,0,0,0,0,0,0,0,0,0,0,0,0,0,0,0,0,0,0,0,0,0,0,0,0,0,0,337.0,324.0,2297.0,672.0,377.0,308.0,228.0,315.0,192.0,932.0,320.0,290.0,181.0,294.0,385.0,327.0,137.0,173.0,306.0,199.0,879.0,842.0,476.0,232.0,13,14,13,14,15,13,14,25,7,13,6,9,11,6,5,10,9,8,8,7,7,3,7,4,0,1,1,0,0,2,1,1,1,3,0,0,2,0,0,0,1,0,0,1,0,0,0,0,5.28,0,44,10
neutrino-middleware-copy,2022-06-21,https://github.com/mozilla-neutrino/neutrino-dev,0,0,0,0,0,0,0,0,0,0,0,0,0,0,0,0,0,0,0,0,0,0,0,0,0,0,0,0,0,0,0,0,0,0,0,0,0,0,0,0,0,0,0,0,0,0,0,0,320.0,312.0,2285.0,663.0,381.0,317.0,224.0,178.0,254.0,875.0,446.0,337.0,162.0,291.0,344.0,326.0,169.0,166.0,184.0,160.0,645.0,590.0,202.0,208.0,13,14,13,14,15,13,14,25,7,13,6,9,11,6,5,10,9,8,8,7,7,3,7,4,0,1,1,0,0,2,1,1,1,3,0,0,2,0,0,0,1,0,0,1,0,0,0,0,5.28,0,43,14
@types/iobroker,2023-07-05,https://github.com/DefinitelyTyped/DefinitelyTyped,24,372,20,363,21,372,25,372,12,412,13,261,4,250,12,322,15,337,11,317,7,258,10,197,12,240,11,248,13,307,19,273,7,405,14,232,17,348,10,292,5,286,10,187,5,140,5,180,80680.0,91182.0,94460.0,130373.0,106716.0,116851.0,86250.0,70969.0,71590.0,71105.0,70430.0,48829.0,50475.0,44677.0,63710.0,44418.0,33974.0,29195.0,26550.0,26427.0,21030.0,11101.0,6932.0,6882.0,399,430,440,416,418,376,435,432,398,481,387,319,325,302,319,285,284,291,287,288,294,258,228,282,198,200,210,209,208,184,168,198,192,184,143,124,137,113,132,128,114,91,135,152,110,101,94,114,4.61,30,56,35
react-instantsearch-hooks-server,2023-10-18,https://github.com/algolia/instantsearch.js,0,0,0,0,0,0,0,0,0,0,0,0,0,0,0,0,0,0,0,0,0,0,0,0,0,0,0,0,0,0,0,0,0,0,0,0,0,0,0,0,0,0,0,0,0,0,0,0,26947.0,31571.0,28354.0,39703.0,50097.0,70782.0,64969.0,75435.0,71983.0,75189.0,75815.0,54418.0,37808.0,31761.0,37197.0,32666.0,28706.0,27736.0,31369.0,24270.0,25051.0,24590.0,24588.0,26287.0,20,16,29,34,53,47,40,41,33,22,36,43,22,28,32,33,18,21,30,35,28,39,29,34,1,2,4,7,9,9,8,5,4,4,3,6,5,0,6,8,3,2,3,4,5,9,3,3,1.86,30,60,4
neutrino-preset-web,2022-06-21,https://github.com/mozilla-neutrino/neutrino-dev,0,0,0,0,0,0,0,0,0,0,0,0,0,0,0,0,0,0,0,0,0,0,0,0,0,0,0,0,0,0,0,0,0,0,0,0,0,0,0,0,0,0,0,0,0,0,0,0,333.0,326.0,2307.0,675.0,378.0,347.0,251.0,349.0,179.0,934.0,355.0,413.0,172.0,273.0,351.0,375.0,143.0,199.0,211.0,232.0,713.0,623.0,267.0,247.0,13,14,13,14,15,13,14,25,7,13,6,9,11,6,5,10,9,8,8,7,7,3,7,4,0,1,1,0,0,2,1,1,1,3,0,0,2,0,0,0,1,0,0,1,0,0,0,0,5.74,0,58,24
neutrino-middleware-style-loader,2022-06-21,https://github.com/mozilla-neutrino/neutrino-dev,0,0,0,0,0,0,0,0,0,0,0,0,0,0,0,0,0,0,0,0,0,0,0,0,0,0,0,0,0,0,0,0,0,0,0,0,0,0,0,0,0,0,0,0,0,0,0,0,320.0,326.0,2300.0,671.0,374.0,304.0,231.0,329.0,189.0,918.0,345.0,342.0,164.0,312.0,399.0,350.0,140.0,123.0,203.0,229.0,633.0,615.0,257.0,178.0,13,14,13,14,15,13,14,25,7,13,6,9,11,6,5,10,9,8,8,7,7,3,7,4,0,1,1,0,0,2,1,1,1,3,0,0,2,0,0,0,1,0,0,1,0,0,0,0,5.28,0,52,12
neutrino-middleware-font-loader,2022-06-21,https://github.com/mozilla-neutrino/neutrino-dev,0,0,0,0,0,0,0,0,0,0,0,0,0,0,0,0,0,0,0,0,0,0,0,0,0,0,0,0,0,0,0,0,0,0,0,0,0,0,0,0,0,0,0,0,0,0,0,0,317.0,299.0,2278.0,662.0,378.0,302.0,172.0,303.0,241.0,861.0,327.0,311.0,161.0,274.0,336.0,325.0,147.0,147.0,188.0,236.0,632.0,604.0,242.0,212.0,13,14,13,14,15,13,14,25,7,13,6,9,11,6,5,10,9,8,8,7,7,3,7,4,0,1,1,0,0,2,1,1,1,3,0,0,2,0,0,0,1,0,0,1,0,0,0,0,5.28,0,44,10
neutrino-middleware-chunk,2022-06-21,https://github.com/mozilla-neutrino/neutrino-dev,0,0,0,0,0,0,0,0,0,0,0,0,0,0,0,0,0,0,0,0,0,0,0,0,0,0,0,0,0,0,0,0,0,0,0,0,0,0,0,0,0,0,0,0,0,0,0,0,308.0,302.0,2271.0,653.0,365.0,329.0,184.0,295.0,271.0,864.0,314.0,271.0,160.0,290.0,329.0,317.0,171.0,187.0,180.0,184.0,635.0,589.0,245.0,167.0,13,14,13,14,15,13,14,25,7,13,6,9,11,6,5,10,9,8,8,7,7,3,7,4,0,1,1,0,0,2,1,1,1,3,0,0,2,0,0,0,1,0,0,1,0,0,0,0,5.28,0,43,8
neutrino-middleware-html-loader,2022-06-21,https://github.com/mozilla-neutrino/neutrino-dev,0,0,0,0,0,0,0,0,0,0,0,0,0,0,0,0,0,0,0,0,0,0,0,0,0,0,0,0,0,0,0,0,0,0,0,0,0,0,0,0,0,0,0,0,0,0,0,0,321.0,326.0,2328.0,683.0,387.0,348.0,185.0,310.0,251.0,883.0,320.0,297.0,164.0,264.0,370.0,324.0,134.0,115.0,176.0,196.0,624.0,595.0,293.0,162.0,13,14,13,14,15,13,14,25,7,13,6,9,11,6,5,10,9,8,8,7,7,3,7,4,0,1,1,0,0,2,1,1,1,3,0,0,2,0,0,0,1,0,0,1,0,0,0,0,5.28,0,44,8
neutrino-middleware-env,2022-06-21,https://github.com/mozilla-neutrino/neutrino-dev,0,0,0,0,0,0,0,0,0,0,0,0,0,0,0,0,0,0,0,0,0,0,0,0,0,0,0,0,0,0,0,0,0,0,0,0,0,0,0,0,0,0,0,0,0,0,0,0,319.0,349.0,2281.0,654.0,368.0,329.0,168.0,293.0,176.0,858.0,371.0,310.0,162.0,242.0,329.0,356.0,127.0,179.0,300.0,239.0,805.0,826.0,429.0,255.0,13,14,13,14,15,13,14,25,7,13,6,9,11,6,5,10,9,8,8,7,7,3,7,4,0,1,1,0,0,2,1,1,1,3,0,0,2,0,0,0,1,0,0,1,0,0,0,0,5.28,0,43,10
neutrino-middleware-image-loader,2022-06-21,https://github.com/mozilla-neutrino/neutrino-dev,0,0,0,0,0,0,0,0,0,0,0,0,0,0,0,0,0,0,0,0,0,0,0,0,0,0,0,0,0,0,0,0,0,0,0,0,0,0,0,0,0,0,0,0,0,0,0,0,317.0,314.0,2275.0,669.0,370.0,314.0,173.0,306.0,187.0,920.0,316.0,331.0,166.0,258.0,329.0,316.0,128.0,159.0,192.0,197.0,618.0,637.0,207.0,216.0,13,14,13,14,15,13,14,25,7,13,6,9,11,6,5,10,9,8,8,7,7,3,7,4,0,1,1,0,0,2,1,1,1,3,0,0,2,0,0,0,1,0,0,1,0,0,0,0,5.28,0,44,11
neutrino-middleware-html-template,2022-06-21,https://github.com/mozilla-neutrino/neutrino-dev,0,0,0,0,0,0,0,0,0,0,0,0,0,0,0,0,0,0,0,0,0,0,0,0,0,0,0,0,0,0,0,0,0,0,0,0,0,0,0,0,0,0,0,0,0,0,0,0,310.0,307.0,2273.0,650.0,369.0,329.0,171.0,169.0,234.0,863.0,448.0,309.0,168.0,285.0,325.0,328.0,173.0,203.0,177.0,177.0,643.0,681.0,243.0,165.0,13,14,13,14,15,13,14,25,7,13,6,9,11,6,5,10,9,8,8,7,7,3,7,4,0,1,1,0,0,2,1,1,1,3,0,0,2,0,0,0,1,0,0,1,0,0,0,0,5.28,0,44,8
@types/tinycolor,2022-06-13,https://github.com/DefinitelyTyped/DefinitelyTyped,37,541,24,490,26,504,20,450,14,662,17,408,18,365,25,453,21,401,19,452,16,420,23,342,21,380,18,396,21,335,25,389,12,388,13,267,5,251,12,320,15,344,10,309,7,258,10,197,10104.0,9018.0,10351.0,21164.0,20148.0,20994.0,11612.0,11613.0,11756.0,11841.0,11716.0,11546.0,8138.0,10571.0,15199.0,14626.0,14880.0,14795.0,17347.0,22364.0,27635.0,21061.0,24740.0,22122.0,666,429,413,506,463,419,368,424,372,403,465,507,416,441,419,412,415,375,435,442,417,459,385,332,248,238,260,238,265,254,202,235,229,226,238,202,207,209,195,217,207,181,164,201,193,178,146,126,6.07,0,11,10
neutrino-middleware-dev-server,2022-06-21,https://github.com/mozilla-neutrino/neutrino-dev,0,0,0,0,0,0,0,0,0,0,0,0,0,0,0,0,0,0,0,0,0,0,0,0,0,0,0,0,0,0,0,0,0,0,0,0,0,0,0,0,0,0,0,0,0,0,0,0,289.0,280.0,2199.0,614.0,327.0,276.0,144.0,319.0,216.0,829.0,253.0,259.0,103.0,228.0,283.0,257.0,111.0,160.0,139.0,163.0,561.0,548.0,241.0,137.0,13,14,13,14,15,13,14,25,7,13,6,9,11,6,5,10,9,8,8,7,7,3,7,4,0,1,1,0,0,2,1,1,1,3,0,0,2,0,0,0,1,0,0,1,0,0,0,0,5.02,0,29,6
sib-api-v3-typescript,2023-08-17,https://github.com/sendinblue/APIv3-typescript-library,2,1,1,0,0,0,3,1,0,1,0,0,1,1,1,1,2,0,0,0,0,0,2,1,0,0,0,0,0,0,0,0,0,0,0,0,0,0,0,0,0,0,0,0,0,0,0,0,26502.0,29017.0,26708.0,35778.0,33894.0,35667.0,49645.0,39644.0,28877.0,30886.0,31213.0,32351.0,27320.0,27420.0,23888.0,19517.0,22416.0,26901.0,26108.0,25794.0,22858.0,29365.0,24461.0,21109.0,0,0,0,1,1,1,5,2,0,1,1,0,1,2,1,0,0,0,0,0,1,0,0,0,0,0,0,1,0,0,0,3,0,0,1,1,0,0,0,0,0,0,0,0,0,0,0,0,3.91,4,13,6
@jitsu/sdk-js,2023-11-13,https://github.com/jitsucom/jitsu-js,0,0,0,0,0,0,1,0,0,1,0,0,1,0,0,0,0,1,0,0,0,1,0,0,0,0,0,0,0,0,0,0,0,0,0,0,0,0,0,0,0,0,0,0,0,0,0,0,20113.0,22484.0,20740.0,21503.0,29304.0,23008.0,23326.0,24033.0,22143.0,19699.0,17067.0,16600.0,10872.0,13888.0,14453.0,17001.0,19320.0,15908.0,19720.0,26338.0,16874.0,12564.0,11239.0,10424.0,1,0,1,0,0,0,0,0,0,0,0,0,0,0,0,0,0,0,0,0,0,0,0,0,0,0,1,0,1,0,1,1,0,0,1,0,0,0,1,0,0,0,0,0,0,0,0,0,2.58,3,39,14
ms-rest-js,2022-06-20,https://github.com/Azure/ms-rest-js,0,2,1,2,0,0,0,0,0,0,0,0,1,0,0,3,1,5,0,0,0,0,1,0,0,1,0,0,0,0,0,3,0,3,0,0,1,1,0,0,0,0,1,2,0,0,0,0,14867.0,13444.0,12029.0,12372.0,14727.0,14557.0,13493.0,15527.0,14814.0,18102.0,13694.0,15247.0,10807.0,14997.0,15556.0,19411.0,15130.0,12586.0,12326.0,10878.0,14422.0,13090.0,12313.0,12333.0,0,1,1,0,0,0,0,1,0,0,0,0,0,0,0,0,0,0,1,0,0,0,0,0,0,1,0,0,1,0,0,1,0,0,0,1,0,0,0,1,0,0,0,0,0,0,0,0,4.76,30,124,28
stimulus-notification,2024-03-22,https://github.com/stimulus-components/stimulus-notification,0,0,0,0,0,0,0,0,0,0,0,0,0,0,0,0,0,0,0,1,0,0,0,0,0,0,0,0,0,0,0,0,0,0,0,0,0,0,0,0,0,0,0,0,0,0,0,0,9836.0,10217.0,10240.0,15404.0,13024.0,14434.0,14210.0,23870.0,28823.0,25211.0,27424.0,27819.0,27420.0,23247.0,19224.0,18448.0,20307.0,16827.0,19589.0,18703.0,15444.0,16719.0,17935.0,17690.0,1,0,0,1,0,0,1,0,2,3,3,0,1,0,0,0,0,0,0,0,0,0,0,0,0,1,0,0,0,0,0,0,0,1,0,0,0,0,0,0,0,0,0,0,0,0,0,0,2.69,2,4,2
@backstage/plugin-tech-radar,2024-04-22,https://github.com/backstage/backstage,100,310,114,257,132,290,103,270,104,411,117,483,96,509,124,549,108,221,122,521,131,534,125,465,138,282,145,304,116,245,136,407,105,410,119,356,103,426,89,289,90,263,105,219,88,327,93,287,81530.0,93386.0,98754.0,101173.0,101211.0,110702.0,128688.0,102524.0,86039.0,115680.0,107817.0,112633.0,76550.0,54799.0,51083.0,45484.0,34950.0,31902.0,27896.0,20274.0,22235.0,23489.0,26926.0,23059.0,434,365,376,296,327,326,565,369,322,400,803,361,321,271,248,232,460,274,485,329,237,292,292,521,111,119,104,87,104,99,122,124,118,130,145,121,126,106,85,87,82,99,127,67,93,94,100,114,3.9,30,965,9
ciscospark,2022-06-13,https://github.com/webex/spark-js-sdk,0,0,0,0,0,0,0,0,0,0,0,0,0,0,0,0,0,0,0,0,0,0,0,0,0,0,0,0,0,0,0,0,0,0,0,0,0,0,0,0,0,0,0,0,0,0,0,0,9414.0,7693.0,8737.0,7904.0,7890.0,7628.0,7357.0,6973.0,7076.0,5834.0,5347.0,7049.0,7617.0,7707.0,9107.0,8169.0,10684.0,10952.0,10886.0,9103.0,10893.0,8005.0,7725.0,9519.0,3,1,2,1,1,3,1,2,2,1,2,0,1,0,2,2,2,2,2,1,2,2,4,1,2,6,7,6,6,3,2,1,2,10,2,2,5,2,3,1,2,3,2,9,4,7,2,2,6.51,30,253,24
source-sans-pro,2022-06-26,https://github.com/adobe-fonts/source-sans-pro,0,0,0,0,0,0,0,0,0,0,0,0,0,0,0,0,0,0,0,0,0,0,0,0,0,0,0,0,0,0,0,0,0,0,0,0,0,0,0,0,0,0,0,0,0,0,0,0,60007.0,50073.0,50694.0,54764.0,55333.0,57081.0,51957.0,54740.0,56836.0,68730.0,73013.0,70087.0,75237.0,72098.0,69742.0,72645.0,54484.0,44333.0,46267.0,43753.0,44728.0,37322.0,37588.0,37882.0,17,17,22,17,13,12,13,14,11,19,14,9,20,12,13,9,8,13,9,19,14,9,17,16,0,2,3,0,2,0,2,2,2,1,0,0,1,0,1,0,2,0,0,1,1,0,0,1,7.09,11,6,44
@types/matrix-js-sdk,2023-10-02,https://github.com/DefinitelyTyped/DefinitelyTyped,26,370,12,412,14,264,4,245,12,329,14,324,12,326,7,263,10,187,6,228,13,244,11,252,19,279,7,405,13,234,18,338,9,294,6,299,10,178,5,143,5,186,6,173,7,179,4,312,4645.0,5345.0,2620.0,3274.0,3985.0,5019.0,3308.0,7494.0,8061.0,7580.0,5015.0,3859.0,1827.0,1421.0,1962.0,1869.0,1862.0,1323.0,1634.0,1688.0,1519.0,1102.0,1347.0,1446.0,413,422,366,446,432,391,486,388,313,342,324,304,293,279,285,297,282,299,250,235,281,242,253,211,212,207,184,168,201,188,189,146,117,143,138,112,130,114,91,129,157,114,101,91,115,108,89,118,3.59,30,17,15
material-ui-icons,2022-06-19,https://github.com/mui-org/material-ui,0,0,0,0,0,0,0,0,0,0,0,0,0,0,0,0,0,0,0,0,0,0,0,0,0,0,0,0,0,0,0,0,0,0,0,0,0,0,0,0,0,0,0,0,0,0,0,0,35356.0,35649.0,36965.0,39031.0,45569.0,43766.0,38178.0,35430.0,34738.0,42147.0,34512.0,33384.0,26130.0,29827.0,29564.0,28233.0,25956.0,25747.0,26343.0,26178.0,29482.0,22671.0,25986.0,28787.0,733,1067,687,1144,765,704,698,1055,1006,1063,790,931,812,725,792,710,656,757,648,727,662,723,874,592,495,464,445,470,394,405,362,431,429,387,346,289,317,274,280,313,273,261,244,287,284,307,191,123,7.0,30,15,291
documentdb,2022-06-15,https://github.com/Azure/azure-documentdb-node,0,0,0,0,0,0,0,0,0,0,0,0,0,0,0,0,0,0,0,0,0,0,0,0,0,0,0,0,0,0,0,0,0,0,0,0,0,0,0,0,0,0,0,0,0,0,0,0,26078.0,28949.0,29243.0,26787.0,25515.0,22952.0,22844.0,20387.0,20588.0,23789.0,22247.0,23509.0,18893.0,17810.0,16809.0,16366.0,13639.0,21089.0,28659.0,13188.0,15091.0,13044.0,9159.0,9480.0,0,0,1,0,0,0,0,0,0,0,0,0,0,0,1,0,0,0,0,1,1,0,0,0,0,0,0,0,0,0,0,1,0,0,0,0,0,0,0,0,0,0,0,0,0,0,0,0,7.82,30,43,90
sol-redis-pool,2022-06-26,https://github.com/joshuah/sol-redis-pool,0,0,0,0,0,0,0,0,0,0,0,0,0,0,0,0,0,0,0,0,0,0,0,0,0,0,0,0,0,0,0,0,0,0,0,0,0,0,0,0,0,0,0,0,0,0,0,0,55554.0,50094.0,52489.0,47733.0,43975.0,44521.0,41276.0,38902.0,38673.0,45469.0,37285.0,36164.0,35390.0,40252.0,38891.0,38278.0,41656.0,34800.0,33822.0,38183.0,43461.0,35364.0,36759.0,33613.0,0,0,0,0,0,0,0,0,0,0,0,0,0,0,1,0,0,0,0,1,0,0,0,0,0,0,0,0,0,0,1,0,0,0,1,0,0,0,0,0,0,0,0,0,0,0,0,0,9.52,6,16,9
ts-mongoose,2023-10-25,https://github.com/BetterCallSky/ts-mongoose,0,0,0,0,0,0,0,0,0,0,0,0,0,0,0,0,0,0,0,0,0,0,0,0,0,0,0,0,0,0,0,0,0,0,0,0,0,0,0,0,0,0,0,0,0,0,0,0,144172.0,181587.0,159157.0,125424.0,157368.0,73274.0,7020.0,22985.0,13836.0,12798.0,7468.0,7612.0,7668.0,5181.0,5870.0,5992.0,6009.0,9416.0,11525.0,11647.0,13977.0,14352.0,14729.0,11299.0,0,0,1,0,0,2,0,1,0,0,0,1,1,0,0,0,0,0,0,0,0,1,0,0,1,0,0,0,0,0,0,1,0,0,0,0,0,0,0,0,0,0,0,0,0,0,0,0,5.65,3,27,20
eslint-config-beemo,2022-08-16,https://github.com/beemojs/dev,0,0,0,0,0,0,0,0,0,0,0,0,0,0,0,0,0,1,0,1,0,0,0,0,0,0,1,0,0,0,0,0,0,1,0,1,0,0,0,0,0,0,0,0,0,0,0,0,1252.0,1598.0,1398.0,968.0,1107.0,1071.0,2087.0,1615.0,1350.0,2781.0,2121.0,4665.0,1688.0,1493.0,420.0,428.0,451.0,350.0,482.0,747.0,431.0,693.0,707.0,477.0,1,0,0,0,0,0,1,0,0,0,0,0,0,0,0,0,0,0,0,0,0,0,0,0,0,0,0,0,0,0,0,0,0,0,0,0,0,0,0,0,0,0,0,0,0,0,0,0,1.32,1,42,5
jest-preset-beemo,2022-08-16,https://github.com/beemojs/dev,0,0,0,0,0,0,0,0,0,0,0,0,0,0,0,0,0,1,0,1,0,0,0,0,0,0,1,0,0,0,0,0,0,1,0,1,0,0,0,0,0,0,0,0,0,0,0,0,1082.0,1519.0,1210.0,895.0,1119.0,1083.0,2008.0,1352.0,1218.0,2726.0,2060.0,4476.0,1497.0,1367.0,431.0,321.0,332.0,280.0,426.0,542.0,397.0,606.0,582.0,453.0,1,0,0,0,0,0,1,0,0,0,0,0,0,0,0,0,0,0,0,0,0,0,0,0,0,0,0,0,0,0,0,0,0,0,0,0,0,0,0,0,0,0,0,0,0,0,0,0,1.32,1,27,6
@aws-cdk/aws-apigatewayv2-integrations,2023-11-21,https://github.com/aws/aws-cdk,170,228,118,156,168,237,185,266,157,235,169,301,146,229,141,219,158,180,171,178,163,206,173,204,129,164,151,224,171,181,144,187,157,166,149,202,141,154,109,139,102,150,122,184,138,190,147,222,240026.0,195991.0,231267.0,239189.0,335897.0,197101.0,201455.0,182356.0,158690.0,137630.0,128245.0,129909.0,69755.0,49385.0,32949.0,28203.0,20446.0,19138.0,14118.0,18256.0,15188.0,14547.0,11602.0,11872.0,113,111,120,125,126,127,128,108,87,105,70,91,77,98,95,85,89,88,94,86,71,85,98,76,71,50,76,57,69,60,57,45,49,59,46,42,33,47,56,51,42,47,31,46,31,44,47,28,3.04,30,152,38
stimulus-content-loader,2024-03-20,https://github.com/stimulus-components/stimulus-content-loader,0,0,0,0,0,0,0,2,0,0,0,0,0,0,0,0,0,0,0,0,0,0,0,0,0,0,0,0,0,0,0,0,0,0,0,0,0,0,0,0,0,0,0,0,0,0,0,0,15787.0,17077.0,18734.0,29397.0,22596.0,25078.0,23054.0,20368.0,13942.0,14410.0,17232.0,16064.0,17805.0,16206.0,15730.0,15626.0,16288.0,15739.0,15744.0,14799.0,11410.0,15124.0,15566.0,24187.0,0,0,0,1,1,0,0,1,1,1,0,1,0,1,0,0,0,0,0,0,0,0,0,0,0,0,0,0,0,0,0,0,0,0,0,0,0,0,0,0,0,0,0,0,0,0,0,0,3.43,3,8,2
@signal-noise/stylelint-scales,2023-03-01,https://github.com/signal-noise/stylelint-scales,0,0,0,0,0,0,0,0,0,0,0,0,0,0,0,0,0,0,0,0,0,0,0,0,0,0,0,0,0,0,0,0,0,0,0,0,0,0,0,0,0,0,0,0,0,0,0,0,12066.0,8261.0,11436.0,10096.0,8575.0,12957.0,15702.0,15520.0,15218.0,12273.0,16664.0,18719.0,16081.0,16764.0,16552.0,14097.0,16262.0,13978.0,14386.0,10741.0,11477.0,12684.0,11078.0,11276.0,1,0,0,0,0,0,0,1,0,1,0,0,0,1,1,0,0,0,0,0,3,0,0,0,0,0,0,0,0,0,0,0,0,0,0,0,0,0,0,0,0,0,0,0,0,0,0,0,3.46,8,13,7
mapbox-gl-controls,2023-10-04,https://github.com/korywka/mapbox-gl-controls,0,0,0,0,0,0,0,0,0,0,0,0,0,0,0,0,0,0,0,0,0,0,0,0,0,0,0,0,0,0,0,0,0,0,0,0,0,0,0,0,0,0,0,0,0,0,0,0,22079.0,24424.0,19702.0,23927.0,24388.0,30111.0,22729.0,23736.0,23272.0,19736.0,21533.0,22090.0,21339.0,17688.0,22862.0,20368.0,21367.0,22106.0,24703.0,20469.0,23045.0,22510.0,25720.0,28035.0,0,1,1,3,3,2,3,2,2,0,1,5,3,4,5,3,6,3,5,7,5,3,8,1,0,0,3,0,0,0,0,1,0,0,0,1,1,0,0,0,0,0,1,1,0,0,0,0,5.67,6,64,12
link-parent-bin,2022-06-19,https://github.com/nicojs/node-link-parent-bin,0,1,0,0,0,1,0,0,0,0,0,0,0,0,0,2,0,1,0,0,0,1,0,2,0,1,0,0,0,0,0,0,0,0,0,0,0,1,0,0,0,0,0,0,0,0,0,0,15036.0,15760.0,16015.0,15610.0,16091.0,17615.0,14549.0,16591.0,14250.0,15472.0,12843.0,16907.0,14224.0,23046.0,27064.0,25578.0,28890.0,22466.0,26986.0,34190.0,31527.0,23098.0,34498.0,36392.0,0,1,0,1,0,0,0,0,0,0,2,1,0,0,0,0,0,0,0,0,0,0,0,0,0,0,0,0,1,0,0,0,0,0,0,0,0,0,0,0,0,0,0,0,0,0,0,0,5.18,5,12,18
measured,2022-06-19,https://github.com/felixge/node-measured,0,0,0,0,0,0,0,0,0,0,0,0,0,0,0,0,0,0,0,0,0,0,0,0,0,0,0,0,0,0,0,0,0,0,0,0,0,0,0,0,0,0,0,0,0,0,0,0,31370.0,27002.0,28018.0,32032.0,35508.0,58271.0,56741.0,56036.0,41254.0,38286.0,35858.0,38880.0,35181.0,38367.0,36232.0,35005.0,38324.0,37615.0,41338.0,42537.0,48611.0,49053.0,55688.0,50369.0,1,1,0,0,1,0,2,2,0,1,1,2,0,0,0,0,2,0,2,0,0,0,2,0,0,0,2,0,0,0,0,0,0,0,0,0,0,0,0,0,0,0,1,0,0,0,0,0,10.51,18,10,83
angularfire2,2022-06-13,https://github.com/angular/angularfire2,0,0,0,0,0,0,0,0,0,0,0,0,0,0,0,0,0,0,0,0,0,0,0,0,0,0,0,0,0,0,0,0,0,0,0,0,0,0,0,0,0,0,0,0,0,0,0,0,29609.0,30737.0,26931.0,30294.0,25317.0,23306.0,27491.0,23209.0,23011.0,24985.0,23548.0,29017.0,22617.0,28349.0,27584.0,22476.0,17287.0,15905.0,15773.0,14325.0,17620.0,13144.0,14977.0,13843.0,45,43,43,51,42,44,49,32,29,37,39,30,31,29,24,38,36,28,28,31,25,39,34,29,8,11,11,17,16,16,13,23,16,23,14,9,16,10,10,7,14,6,16,9,9,7,6,10,6.38,30,90,113
ipfs-block-service,2022-06-19,https://github.com/ipfs/js-ipfs-block-service,0,2,0,6,0,0,0,0,0,0,0,0,0,0,0,0,0,0,0,0,0,0,0,0,0,0,0,0,0,0,0,0,0,0,0,0,0,0,0,0,0,0,0,0,0,0,0,0,31615.0,35116.0,46733.0,49489.0,42185.0,40360.0,27342.0,28308.0,27915.0,29672.0,28781.0,27669.0,27794.0,24756.0,22194.0,28043.0,22997.0,15564.0,15824.0,17777.0,19587.0,25031.0,26759.0,27639.0,0,0,0,0,0,0,0,0,0,0,0,0,0,0,0,0,0,0,0,0,0,0,0,0,0,0,0,0,0,0,0,0,0,0,0,0,0,0,1,0,0,0,0,0,0,0,0,0,6.14,18,29,30
ipld,2022-06-19,https://github.com/ipld/js-ipld,0,0,0,0,0,0,0,0,0,0,0,0,0,0,0,0,0,0,0,0,0,0,0,0,0,0,0,0,0,0,0,0,0,0,0,0,0,0,0,0,0,0,0,0,0,0,0,0,32561.0,35960.0,47826.0,50429.0,43035.0,40774.0,27761.0,28646.0,28118.0,29894.0,28981.0,27913.0,27837.0,24735.0,22404.0,28331.0,23518.0,15775.0,15978.0,17947.0,19501.0,22104.0,27138.0,27758.0,0,1,0,0,0,0,0,1,0,0,0,0,1,1,0,0,1,0,0,0,0,0,0,0,0,0,0,0,0,0,1,0,0,1,0,0,0,0,0,0,1,0,0,0,0,0,0,0,6.8,26,53,57
bootstrap-filestyle,2023-04-21,https://github.com/markusslima/bootstrap-filestyle,0,0,0,0,0,0,0,0,0,0,0,0,0,0,0,0,0,0,0,0,0,0,0,0,1,0,0,0,0,0,0,0,0,0,0,0,0,0,0,0,0,0,0,0,0,0,0,0,9018.0,9411.0,11759.0,11987.0,13926.0,14851.0,13379.0,16696.0,13534.0,14320.0,16954.0,20495.0,15620.0,13850.0,13363.0,13191.0,14408.0,11643.0,14669.0,13304.0,18184.0,18973.0,19068.0,19168.0,0,0,1,1,0,0,0,0,0,0,0,0,0,0,0,0,0,0,0,0,0,0,0,0,0,0,1,0,0,0,0,0,0,0,1,0,0,0,0,0,0,0,0,0,0,0,0,0,6.93,23,1,6
mermaid.cli,2023-11-06,https://github.com/mermaid-js/mermaid-cli,10,13,6,14,4,12,4,18,1,16,1,19,2,7,4,11,4,11,6,10,4,10,3,4,6,5,4,2,3,12,4,14,4,10,2,6,3,9,3,9,5,10,2,12,7,21,6,11,27805.0,29324.0,37242.0,37326.0,39266.0,40557.0,43072.0,96181.0,36608.0,43195.0,40068.0,49377.0,43977.0,55243.0,23953.0,20735.0,20280.0,18728.0,15407.0,17031.0,15649.0,16334.0,17686.0,17079.0,43,48,50,68,49,78,69,56,46,68,45,47,54,51,58,45,58,58,69,69,67,73,59,74,3,8,8,4,6,6,7,7,3,4,4,4,1,5,4,4,4,6,4,7,9,7,2,9,6.15,30,27,48
libp2p-noise,2022-05-07,https://github.com/NodeFactoryIo/js-libp2p-noise,0,0,0,0,0,0,0,0,0,0,0,0,0,0,0,0,0,0,0,0,0,0,0,0,0,0,0,0,0,0,0,0,0,0,0,0,0,0,0,0,0,0,0,0,0,0,0,0,34468.0,30886.0,37423.0,39648.0,19957.0,16768.0,21723.0,18654.0,16170.0,12955.0,12764.0,15279.0,15975.0,13523.0,11784.0,9184.0,9920.0,9964.0,9846.0,8607.0,5103.0,7204.0,7072.0,5856.0,0,0,1,2,1,0,1,0,0,0,1,0,0,0,1,0,1,2,0,0,1,1,2,0,0,0,0,0,0,1,0,1,0,0,0,0,0,0,3,1,2,1,1,3,2,0,1,0,2.25,27,25,67
vscode-codicons,2022-05-23,https://github.com/microsoft/vscode-codicons,1,0,3,1,7,0,3,1,2,3,4,1,1,0,1,0,3,0,4,1,1,1,3,2,5,5,3,5,3,2,1,1,1,2,4,8,1,4,2,1,2,3,0,3,5,3,1,3,14328.0,13294.0,15661.0,16793.0,14647.0,12817.0,13615.0,16148.0,16190.0,15208.0,16834.0,15112.0,15364.0,14057.0,12615.0,11844.0,13128.0,12343.0,9703.0,12599.0,12265.0,14623.0,13706.0,10403.0,15,12,24,8,12,16,12,7,20,12,21,16,5,18,14,16,28,30,12,12,14,16,13,18,4,2,2,2,7,7,2,2,4,4,6,2,4,4,3,1,9,8,4,6,6,6,3,4,2.0,23,16,10
conventional-changelog-lint,2023-05-20,https://github.com/marionebl/conventional-changelog-lint,0,0,0,0,0,0,0,0,0,0,0,0,0,0,0,0,0,0,0,0,0,0,0,0,0,0,0,0,0,0,0,0,0,0,0,0,0,0,0,0,0,0,0,0,0,0,0,0,140991.0,121781.0,97417.0,132738.0,106559.0,72022.0,24086.0,22998.0,23764.0,27403.0,15413.0,18283.0,12506.0,13468.0,13995.0,13274.0,13843.0,13356.0,11811.0,12233.0,10043.0,10399.0,9251.0,9664.0,283,241,217,234,221,297,221,189,181,208,186,183,142,156,143,316,160,166,372,234,204,162,157,144,11,19,9,19,16,15,11,14,6,11,24,9,6,8,9,9,5,5,13,12,12,8,5,7,7.26,30,31,201
fontawesome-iconpicker,2022-06-18,https://github.com/farbelous/fontawesome-iconpicker,0,0,0,0,0,0,0,0,0,0,0,0,0,0,0,0,0,0,0,0,0,0,0,0,0,0,0,0,0,0,0,0,0,0,0,0,0,0,0,0,0,0,0,0,0,0,0,0,9418.0,9896.0,8678.0,15429.0,23329.0,21189.0,14056.0,16530.0,19845.0,21799.0,15849.0,26134.0,22078.0,22883.0,18216.0,20901.0,22331.0,19286.0,29341.0,27432.0,27357.0,24278.0,34367.0,32471.0,3,2,0,1,0,1,1,3,1,1,1,0,0,3,3,2,2,1,2,2,2,2,2,1,1,2,3,2,3,0,0,0,5,2,1,0,1,0,1,3,0,0,2,0,3,0,1,0,5.71,16,11,7
lightpick,2022-05-08,https://github.com/wakirin/lightpick,0,0,0,0,0,0,0,0,0,0,0,0,0,0,0,0,0,0,0,0,0,0,0,0,0,0,0,0,0,0,0,0,0,0,0,0,0,0,0,0,0,0,0,0,0,0,0,0,10411.0,10695.0,10797.0,9342.0,10866.0,12808.0,12339.0,11857.0,12877.0,13211.0,14051.0,14972.0,15313.0,13512.0,14630.0,14553.0,13885.0,15984.0,13492.0,16843.0,20099.0,20392.0,16018.0,14657.0,1,0,2,1,0,1,1,2,2,0,1,0,0,1,2,0,1,1,2,0,0,0,0,1,0,1,2,1,1,0,0,0,0,1,0,0,0,1,1,0,1,0,1,0,0,0,0,0,3.9,7,49,13
@postlight/mercury-parser,2024-02-23,https://github.com/postlight/mercury-parser,0,0,0,0,0,0,0,0,0,0,0,0,0,0,0,0,0,0,0,0,0,0,0,0,0,0,0,0,0,0,0,0,0,0,0,0,0,0,0,0,0,0,0,0,0,0,0,0,122545.0,35233.0,8934.0,13061.0,21075.0,27297.0,22251.0,24675.0,13883.0,10787.0,8187.0,13870.0,16088.0,13772.0,27029.0,12648.0,12952.0,16398.0,9877.0,11692.0,18487.0,20222.0,24140.0,19156.0,35,78,92,46,43,27,44,31,39,32,34,65,40,102,35,36,30,31,24,34,24,29,26,35,2,3,5,4,3,1,3,2,5,2,1,1,3,5,2,2,6,3,2,2,2,3,2,6,5.05,0,7,21
shp-write,2023-08-25,https://github.com/mapbox/shp-write,0,0,0,0,0,0,0,0,1,0,0,0,0,0,0,0,0,0,0,0,0,0,1,0,0,0,3,0,3,1,3,0,0,0,1,0,1,0,1,0,2,1,0,0,2,0,0,0,17337.0,15676.0,17295.0,15765.0,11832.0,13980.0,16787.0,19105.0,14080.0,16891.0,14015.0,13526.0,14007.0,13892.0,12847.0,11238.0,15162.0,14512.0,14554.0,14163.0,13333.0,12210.0,13366.0,14848.0,5,1,2,2,0,3,1,2,1,1,0,2,4,2,4,8,7,2,6,4,2,4,2,1,4,1,0,1,1,2,1,1,2,0,0,0,1,1,2,1,0,0,1,0,1,1,0,1,9.9,17,19,26
@open-wc/prettier-config,2023-10-22,https://github.com/open-wc/open-wc,4,28,4,22,4,5,3,13,3,5,2,69,3,10,3,7,2,6,3,7,2,4,1,4,4,10,1,0,3,15,2,4,2,4,1,6,1,2,1,5,2,2,2,1,1,0,2,2,5119.0,5060.0,4250.0,6032.0,3656.0,4171.0,3871.0,4694.0,4812.0,4683.0,5961.0,5134.0,4588.0,3653.0,5430.0,5104.0,4192.0,4730.0,4995.0,5288.0,6855.0,4789.0,4710.0,4467.0,24,25,18,15,27,13,14,13,16,18,16,17,16,15,18,16,13,17,15,16,12,4,6,15,3,3,2,1,4,4,3,5,1,2,1,3,2,0,2,2,4,2,1,2,2,1,1,1,4.86,30,17,253
array.prototype.group,2024-03-23,https://github.com/es-shims/Array.prototype.group,0,0,0,0,0,0,0,0,0,0,0,0,0,0,0,0,0,0,0,0,0,0,0,0,0,0,0,0,0,0,0,0,0,0,0,0,0,0,0,0,0,0,0,0,0,0,0,0,42808.0,28513.0,42299.0,33548.0,54525.0,65341.0,46215.0,53476.0,50445.0,44603.0,66938.0,51207.0,61709.0,74919.0,48152.0,46788.0,14205.0,56018.0,43074.0,30601.0,21978.0,19323.0,2930.0,22781.0,0,1,0,0,0,1,0,0,0,0,0,0,0,0,0,0,0,0,0,0,0,0,0,0,0,0,0,0,0,0,0,0,0,0,0,0,0,0,0,0,1,0,0,0,0,0,0,0,1.8,1,3,6
boostrap,2022-06-13,https://github.com/npm/deprecate-holder,0,0,0,0,0,0,0,0,0,0,0,0,0,0,0,0,0,0,0,0,0,0,0,0,0,0,0,0,0,0,0,2,0,0,0,0,0,0,0,0,0,0,0,0,0,0,0,0,19843.0,17081.0,15793.0,15367.0,14492.0,14710.0,13242.0,12837.0,14528.0,15921.0,15359.0,15842.0,13418.0,13645.0,17468.0,17029.0,16715.0,14240.0,14275.0,15522.0,19308.0,16608.0,17298.0,15963.0,0,1,0,0,0,0,1,1,0,2,0,0,0,0,0,1,0,0,0,0,0,0,0,0,0,1,0,0,0,0,0,0,0,0,0,0,0,1,0,1,0,0,0,0,0,0,0,0,5.23,1,2,36
@turf/point-on-surface,2024-06-22,https://github.com/Turfjs/turf,4,3,12,4,8,12,8,9,12,11,9,4,4,6,8,7,7,1,8,1,5,4,5,5,8,19,10,23,8,6,6,9,10,4,11,14,14,5,10,6,8,5,8,5,8,3,14,6,7361.0,6763.0,7347.0,7888.0,9043.0,9196.0,6336.0,7387.0,7708.0,5524.0,5964.0,6583.0,5641.0,6496.0,5741.0,4887.0,4831.0,3523.0,4820.0,4594.0,5381.0,10806.0,14809.0,17926.0,78,78,62,80,73,71,52,84,68,60,79,67,94,106,69,71,83,70,61,54,64,67,65,63,7,9,9,6,4,4,6,7,7,8,4,1,11,1,5,6,3,6,7,6,7,4,3,11,7.96,30,33,8
particles.vue,2023-12-22,https://github.com/tsparticles/vue2,1,10,0,1,0,2,0,0,0,0,0,0,1,4,0,3,0,1,0,6,0,1,0,0,0,1,1,0,0,1,0,0,0,0,0,0,0,0,0,0,0,1,0,0,0,0,0,0,8893.0,10290.0,9755.0,9465.0,11056.0,16518.0,14663.0,15032.0,17288.0,14334.0,18286.0,14481.0,16615.0,14557.0,18218.0,16700.0,18469.0,16252.0,16635.0,15899.0,20095.0,16816.0,14741.0,16386.0,0,6,1,0,1,0,0,0,1,1,0,1,1,0,2,0,0,0,0,0,0,0,0,0,0,0,0,0,0,0,0,0,0,0,0,0,0,0,0,0,0,0,0,0,0,0,0,0,3.7,4,224,4
noble-ed25519,2022-05-10,https://github.com/paulmillr/noble-ed25519,2,2,2,2,1,0,0,0,0,0,1,2,1,0,4,0,7,1,1,7,1,1,2,0,1,0,1,2,0,0,2,0,2,0,0,0,2,0,0,1,3,2,0,0,3,1,4,3,39641.0,53091.0,15560.0,9176.0,10198.0,12054.0,18117.0,47482.0,48313.0,39345.0,42069.0,37909.0,53594.0,66892.0,65235.0,34523.0,33574.0,27961.0,20972.0,19501.0,21261.0,28952.0,19035.0,20567.0,13,6,5,7,0,6,6,11,11,14,3,12,15,9,10,16,3,5,2,10,12,11,9,18,1,1,1,2,1,1,0,2,2,0,2,1,0,1,2,1,0,0,0,1,1,0,1,2,2.89,16,28,68
edge-csrf,2024-04-21,https://github.com/kubetail-org/edge-csrf,0,0,0,0,0,0,0,0,0,0,0,0,0,0,0,0,0,0,0,0,0,0,0,0,0,0,0,0,0,0,0,0,0,0,0,0,0,0,0,0,0,0,0,0,0,0,0,0,1145.0,2282.0,5020.0,4069.0,5548.0,5375.0,11783.0,14861.0,15047.0,16998.0,21765.0,23841.0,26514.0,23676.0,20879.0,21103.0,20904.0,24407.0,20905.0,17867.0,21765.0,17391.0,18773.0,20788.0,9,5,4,5,6,6,14,11,7,4,7,4,14,5,7,7,7,2,4,3,4,5,5,2,0,1,0,0,0,0,1,0,0,1,0,0,0,0,0,1,2,1,0,1,0,1,2,0,1.8,3,35,3
oas-tools,2023-03-07,https://github.com/oas-tools/oas-tools,3,4,13,0,0,1,1,2,1,1,3,4,4,2,3,4,0,2,3,0,2,3,1,0,2,0,2,2,2,2,0,0,0,0,0,0,1,0,1,1,0,0,1,0,0,0,0,0,52929.0,50758.0,74863.0,53949.0,42049.0,65475.0,67274.0,52261.0,48585.0,45652.0,47201.0,48246.0,25971.0,23324.0,20178.0,20672.0,17690.0,12658.0,14894.0,17991.0,17089.0,14981.0,10246.0,15193.0,5,1,3,3,1,3,2,8,3,2,2,3,0,27,1,1,1,2,2,3,1,2,2,2,0,1,1,0,2,1,0,2,0,1,2,0,0,2,1,0,0,0,0,1,0,0,1,0,4.68,28,22,7
hapi-auth-basic,2023-12-01,https://github.com/hapijs/hapi-auth-basic,0,0,0,0,0,0,0,0,0,0,0,0,0,0,0,0,0,0,0,0,0,0,0,0,0,0,0,0,0,0,0,0,0,0,0,0,0,0,0,0,0,0,0,0,0,0,0,0,23624.0,20414.0,19602.0,22227.0,18840.0,22764.0,23057.0,35351.0,64743.0,90210.0,73433.0,37737.0,26056.0,25257.0,23919.0,22129.0,21521.0,21980.0,23506.0,17304.0,14841.0,23947.0,14023.0,14209.0,0,0,0,0,1,0,0,0,0,0,0,0,0,1,0,0,0,0,0,0,0,0,0,0,0,0,0,0,0,0,0,0,0,0,0,0,0,0,0,0,0,0,0,1,0,0,0,1,9.89,23,12,106
@material/mwc-textarea,2024-04-04,https://github.com/material-components/material-components-web-components,0,0,0,0,0,0,0,0,0,0,0,0,0,0,0,0,0,0,0,0,0,0,0,0,0,0,0,0,0,0,0,0,0,0,0,0,0,0,0,0,0,0,0,0,0,0,0,0,35966.0,47637.0,46840.0,46600.0,36128.0,30634.0,46341.0,26055.0,22261.0,27546.0,23834.0,22473.0,21488.0,16614.0,17563.0,20234.0,15814.0,19686.0,14978.0,14511.0,17984.0,15385.0,14699.0,19101.0,231,289,257,344,299,302,341,266,159,167,168,216,140,150,144,102,151,88,97,100,78,79,127,93,15,23,13,15,14,15,23,15,17,20,12,15,15,15,13,10,18,15,11,9,9,11,11,11,4.61,30,704,48
opentelemetry-instrumentation-undici,2024-04-10,https://github.com/gadget-inc/opentelemetry-instrumentations,1,0,0,1,0,0,0,2,0,0,0,1,0,1,3,2,0,0,1,0,0,0,1,0,1,1,0,0,0,0,0,0,0,0,0,0,0,0,0,0,0,0,0,0,0,0,0,0,21296.0,27723.0,34021.0,27914.0,34815.0,38284.0,39014.0,32517.0,16248.0,26177.0,22508.0,20272.0,17033.0,14829.0,17318.0,14279.0,11623.0,13668.0,12256.0,7187.0,8685.0,13994.0,16038.0,14696.0,0,1,0,0,0,0,0,1,0,1,0,0,0,0,0,0,1,0,0,1,0,1,0,0,0,0,0,0,0,0,0,0,0,0,0,0,1,0,1,0,0,0,0,0,0,0,0,0,2.08,6,6,4
imagemin-webpack,2022-06-19,https://github.com/itgalaxy/imagemin-webpack,0,0,0,0,0,0,0,0,0,0,0,0,0,0,0,0,0,0,0,0,0,0,0,0,0,0,0,0,0,0,0,0,0,0,0,0,0,0,0,0,0,0,0,0,0,0,0,0,30060.0,22888.0,20431.0,20717.0,55599.0,32263.0,17079.0,18221.0,34746.0,29972.0,19428.0,16128.0,16570.0,19806.0,16302.0,13154.0,15483.0,11751.0,14412.0,12846.0,15441.0,14822.0,15267.0,13646.0,3,10,4,3,5,4,10,5,4,1,5,3,2,1,4,0,1,0,3,1,4,3,6,2,1,2,0,1,0,1,1,4,1,0,1,1,1,0,0,0,1,0,0,0,0,0,0,0,5.26,23,13,33
xterm-addon-serialize,2024-04-05,https://github.com/xtermjs/xterm.js,23,14,19,14,16,13,16,11,46,57,52,39,12,18,13,14,22,8,6,12,11,4,22,23,7,9,4,6,5,28,14,5,7,11,17,6,12,7,16,10,17,21,4,4,8,5,2,0,32353.0,32649.0,39707.0,40946.0,36504.0,44598.0,52724.0,58922.0,36215.0,32935.0,30543.0,35702.0,24807.0,20705.0,26747.0,23508.0,22907.0,21496.0,17398.0,14741.0,19915.0,15835.0,17304.0,14885.0,159,145,170,147,163,178,133,152,168,139,135,168,144,161,147,241,170,153,129,164,142,144,151,171,18,12,17,21,14,13,13,7,15,6,5,14,18,12,8,14,13,5,14,8,13,15,14,12,4.17,30,134,31
node-xmpp-server,2022-06-21,https://github.com/node-xmpp/node-xmpp,0,0,0,0,0,0,0,0,0,0,0,0,0,0,0,0,0,0,0,0,0,0,0,0,0,0,0,0,0,0,0,0,0,0,0,0,0,0,0,0,0,0,0,0,0,0,0,0,16978.0,18018.0,18709.0,19884.0,21351.0,20226.0,20171.0,19365.0,17766.0,19644.0,17663.0,18667.0,17527.0,18080.0,17744.0,15979.0,16876.0,17938.0,18115.0,16400.0,18141.0,17395.0,17992.0,17569.0,9,8,8,8,9,10,12,7,9,9,8,9,5,7,4,6,7,2,8,16,6,5,7,6,2,0,0,1,3,1,1,5,2,1,0,3,0,1,0,1,1,0,0,3,0,1,1,0,8.58,30,50,23
@turf/point-on-line,2024-06-22,https://github.com/Turfjs/turf,4,3,12,4,8,12,8,9,12,11,9,4,4,6,8,7,7,1,8,1,5,4,5,5,8,19,10,23,8,6,6,9,10,4,11,14,14,5,10,6,8,5,8,5,8,3,14,6,9301.0,8152.0,9271.0,11108.0,10036.0,8721.0,6032.0,7602.0,7620.0,6466.0,7421.0,8307.0,6883.0,9599.0,7532.0,7378.0,7421.0,4529.0,6520.0,6636.0,6099.0,10538.0,15236.0,19027.0,78,78,62,80,73,71,52,84,68,60,79,67,94,106,69,71,83,70,61,54,64,67,65,63,7,9,9,6,4,4,6,7,7,8,4,1,11,1,5,6,3,6,7,6,7,4,3,11,7.96,30,38,10
circom,2022-04-12,https://github.com/iden3/circom_old,0,1,0,1,1,1,0,0,0,0,1,2,1,0,0,0,0,0,0,0,0,0,0,0,0,2,0,0,0,0,0,0,0,0,0,0,0,0,0,0,0,0,0,0,0,1,0,0,6289.0,9316.0,5710.0,4511.0,5047.0,6547.0,6876.0,8185.0,6173.0,8761.0,9336.0,9062.0,7184.0,7396.0,6512.0,8165.0,9491.0,7340.0,5078.0,4855.0,4379.0,3559.0,4346.0,3853.0,24,13,15,11,19,16,11,0,2,0,3,0,1,0,1,3,0,0,1,0,0,0,0,0,3,1,1,1,0,2,0,1,0,1,0,1,0,0,0,1,0,0,0,0,0,0,0,0,3.6,13,74,42
cachified,2023-11-30,https://github.com/epicweb-dev/cachified,3,6,2,4,2,6,0,4,2,5,2,6,0,3,0,5,0,3,0,6,0,0,2,2,0,4,1,8,1,3,0,3,0,3,0,4,0,4,1,4,0,0,0,0,0,1,0,0,684.0,2528.0,5663.0,7612.0,8011.0,9084.0,22993.0,31294.0,36974.0,41548.0,47465.0,68327.0,59833.0,73717.0,69955.0,49040.0,35212.0,26957.0,25596.0,39903.0,36437.0,24535.0,48945.0,78450.0,133,47,89,24,9,56,41,22,33,21,10,16,15,22,48,14,63,12,22,7,8,8,11,6,2,1,4,0,0,3,0,0,1,1,0,1,1,2,1,1,1,1,0,0,0,0,0,0,1.39,14,30,9
multihashing,2022-06-20,https://github.com/multiformats/js-multihashing,0,2,0,3,0,0,0,0,0,0,0,0,0,0,0,0,0,0,0,0,0,0,0,0,0,0,0,0,0,0,0,0,0,0,0,0,0,0,0,0,0,0,0,0,0,0,0,0,6966.0,6657.0,11214.0,10866.0,8445.0,13345.0,9005.0,10422.0,9546.0,9914.0,13195.0,12102.0,11555.0,9660.0,8843.0,13126.0,11196.0,7123.0,7182.0,4893.0,5899.0,6841.0,4559.0,4841.0,0,0,0,0,0,0,0,0,0,0,0,0,0,0,0,0,0,0,0,0,0,0,0,0,0,0,0,0,0,0,0,0,0,0,0,0,0,0,0,0,0,0,0,0,0,0,0,0,8.06,11,13,68
ldclient-js-common,2022-05-07,https://github.com/launchdarkly/js-client,0,0,0,0,0,0,0,0,0,0,0,0,0,0,0,0,0,0,0,0,0,0,0,0,0,0,0,0,0,0,0,0,0,0,0,0,0,0,0,0,0,0,0,0,0,0,0,0,81337.0,81479.0,73261.0,76297.0,75859.0,77994.0,65430.0,52101.0,63661.0,65889.0,67608.0,53400.0,71486.0,67911.0,70632.0,66812.0,78207.0,64700.0,48450.0,57841.0,53971.0,52871.0,53270.0,51426.0,1,2,0,3,0,0,0,1,1,0,0,2,1,0,4,0,3,0,0,0,0,0,2,3,0,0,0,0,2,0,0,0,0,0,0,0,0,0,1,0,2,1,0,0,0,0,1,1,3.42,30,13,6
eslint-plugin-xo,2023-06-17,https://github.com/sindresorhus/eslint-plugin-xo,0,0,0,0,0,0,0,0,0,0,0,0,0,0,0,0,0,0,0,0,0,0,0,0,0,0,0,0,0,0,0,0,0,0,0,0,0,0,0,0,0,0,0,0,0,0,0,0,2765.0,3179.0,3580.0,12581.0,22340.0,7841.0,5732.0,10354.0,2687.0,1815.0,1568.0,1373.0,1261.0,3077.0,3208.0,1958.0,2075.0,4851.0,4559.0,1492.0,1963.0,2139.0,2061.0,2513.0,45,76,61,68,61,68,33,44,53,59,75,58,58,68,58,85,79,46,41,47,39,48,43,50,1,5,5,8,5,8,4,0,3,5,5,7,7,2,1,0,4,1,4,2,4,5,0,8,7.19,30,11,65
vue-google-login,2023-02-28,https://github.com/rmartide/vue-google-login,0,1,0,1,0,1,0,1,0,0,0,1,0,0,1,0,0,0,0,3,0,1,0,0,0,0,0,0,0,0,0,0,0,0,0,0,0,0,0,0,0,0,0,0,0,0,0,0,10960.0,13610.0,12649.0,11936.0,13079.0,12669.0,15518.0,15042.0,14139.0,13866.0,11216.0,12410.0,11046.0,9101.0,9053.0,7682.0,7604.0,7121.0,9820.0,10482.0,9469.0,6153.0,6092.0,6070.0,1,0,0,2,1,1,0,0,0,0,0,0,0,0,0,1,0,0,0,0,0,0,0,0,0,0,1,0,0,2,0,0,0,2,0,1,0,0,0,0,0,0,0,0,0,0,0,0,4.33,5,11,6
static-favicon,2022-06-27,https://github.com/expressjs/favicon,0,0,0,0,0,0,0,0,0,0,0,0,0,0,0,0,0,0,0,0,0,0,0,0,0,0,0,0,0,0,0,0,0,0,0,0,0,0,0,0,0,0,0,0,0,0,0,0,49974.0,27490.0,26823.0,23318.0,24518.0,25546.0,22390.0,26633.0,20737.0,21487.0,20361.0,21576.0,26355.0,20040.0,25267.0,25123.0,30573.0,32449.0,40123.0,38264.0,34618.0,23031.0,27390.0,32577.0,3,1,0,1,2,0,0,1,2,4,0,1,2,1,3,4,0,1,0,1,1,0,1,1,0,0,0,0,0,0,0,0,2,0,0,0,1,0,0,0,0,1,1,0,0,0,3,0,8.36,12,4,152
fiori-fundamentals,2023-02-18,https://github.com/SAP/fundamental,0,4,1,1,0,1,0,1,1,9,1,7,0,1,0,2,0,3,0,5,0,0,0,6,0,13,0,5,0,3,0,2,0,3,0,1,0,0,0,7,0,20,2,14,0,8,0,10,31391.0,37432.0,34672.0,37829.0,37994.0,36648.0,42502.0,49031.0,46059.0,48771.0,46883.0,52480.0,57542.0,47324.0,51706.0,50958.0,46835.0,48383.0,42286.0,41061.0,36041.0,31349.0,29871.0,26136.0,1,2,1,1,0,0,1,0,0,2,3,1,2,0,1,0,1,1,0,0,0,1,3,0,0,0,1,0,1,0,0,0,0,0,0,0,0,0,1,0,0,0,0,0,1,1,0,0,4.3,30,215,12
bel,2022-06-13,https://github.com/shama/bel,0,0,0,0,0,0,0,0,0,0,0,0,0,0,0,0,0,0,0,0,0,0,0,0,0,0,0,0,0,0,0,0,0,0,0,0,0,0,0,0,0,0,0,0,0,0,0,0,5611.0,5853.0,10192.0,14555.0,7641.0,7499.0,6998.0,7430.0,6602.0,8310.0,6897.0,7360.0,5895.0,5174.0,5055.0,4804.0,6530.0,4554.0,4934.0,5574.0,6920.0,6781.0,7030.0,6943.0,2,0,0,1,1,0,1,3,2,2,0,2,2,8,2,0,1,0,0,1,2,1,3,0,0,0,0,0,0,0,0,0,0,0,0,0,0,0,0,0,0,0,0,0,0,0,0,0,6.29,30,30,182
@ngx-progressbar/core,2022-04-06,https://github.com/murhafsousli/ngx-progressbar,0,0,0,6,0,2,0,0,0,2,0,1,0,1,0,6,4,0,0,4,0,9,0,1,0,1,0,1,0,0,0,0,0,0,0,0,0,4,1,3,0,1,0,3,0,1,0,0,44137.0,40241.0,41125.0,39019.0,38545.0,39298.0,36197.0,34583.0,27965.0,33624.0,28426.0,33199.0,31308.0,29978.0,24694.0,29021.0,26763.0,24650.0,26274.0,26305.0,25686.0,23149.0,27863.0,21997.0,2,16,6,9,12,6,3,8,5,5,11,9,5,3,9,2,2,2,7,2,5,5,3,5,0,0,1,0,1,0,0,1,0,0,2,1,1,0,0,0,0,0,0,0,0,0,1,0,4.34,21,23,26
tsparticles-plugin-motion,2023-12-07,https://github.com/matteobruni/tsparticles,0,0,0,0,0,0,0,0,0,0,0,0,0,0,0,0,0,0,0,0,0,0,0,0,0,0,0,0,0,0,0,0,0,0,0,0,0,0,0,0,0,0,0,0,0,0,0,0,3421.0,3250.0,476545.0,366766.0,85402.0,21481.0,23182.0,19665.0,24106.0,117036.0,37895.0,34272.0,35738.0,36249.0,35104.0,35543.0,29271.0,25547.0,30055.0,27734.0,30692.0,26854.0,23881.0,19897.0,175,167,196,213,115,107,124,131,90,98,95,99,110,86,475,152,157,111,105,98,106,83,95,99,31,22,12,24,8,16,15,19,15,6,6,11,14,9,18,17,15,11,11,9,13,7,12,11,1.1,30,18,7
go-ipfs,2023-08-18,https://github.com/ipfs/npm-go-ipfs,0,0,0,0,0,0,0,0,0,0,0,0,0,0,0,0,0,0,0,0,0,0,0,0,0,0,0,0,0,0,0,0,0,0,0,0,0,0,0,0,0,0,0,0,0,0,0,0,10107.0,9075.0,10205.0,11400.0,10506.0,13831.0,12894.0,9675.0,9682.0,10054.0,9159.0,8468.0,8944.0,6379.0,6550.0,5785.0,9750.0,9110.0,7938.0,6191.0,6679.0,6376.0,7779.0,5844.0,3,0,0,1,0,0,0,0,0,0,0,0,0,3,0,1,1,0,0,0,1,0,0,0,1,0,1,0,0,0,0,0,0,0,1,1,0,1,0,1,0,0,0,0,1,0,0,0,8.35,22,105,77
@gnosis.pm/safe-react-components,2023-02-15,https://github.com/gnosis/safe-react-components,0,0,0,0,0,0,0,0,0,0,0,0,0,0,0,0,0,0,0,0,0,0,0,0,0,0,0,0,0,0,0,0,0,0,0,0,0,0,0,0,0,0,0,0,0,0,0,0,2458.0,2430.0,2068.0,1752.0,1723.0,1681.0,1739.0,1587.0,1300.0,1542.0,1548.0,1478.0,1152.0,921.0,1000.0,905.0,1574.0,880.0,854.0,982.0,428.0,425.0,515.0,361.0,3,0,4,1,0,0,0,0,0,0,0,0,2,0,0,1,2,0,0,1,0,0,0,1,1,0,1,1,1,1,0,0,0,1,0,0,1,0,0,0,1,0,2,0,1,1,1,0,2.8,22,35,5
stimulus-clipboard,2024-03-19,https://github.com/stimulus-components/stimulus-clipboard,0,0,0,0,0,2,0,1,0,0,0,0,0,0,0,0,0,0,0,0,0,0,0,0,0,0,0,0,0,0,0,0,0,0,0,0,0,0,0,0,0,0,0,0,0,0,0,0,46469.0,39968.0,32803.0,44653.0,37388.0,43450.0,45836.0,55550.0,56895.0,67893.0,76890.0,50045.0,54355.0,44906.0,40471.0,41882.0,41502.0,41900.0,49765.0,48871.0,39542.0,44398.0,41364.0,27550.0,0,0,0,0,0,0,0,0,2,1,0,1,0,0,0,0,0,0,0,0,0,0,0,0,1,0,1,0,0,0,0,0,0,0,0,0,0,0,0,0,0,0,0,0,0,0,0,0,3.26,4,11,2
lord-icon-element,2023-10-10,https://github.com/tomwilusz/lord-icon-element,0,0,0,0,1,0,1,0,0,0,0,2,1,0,0,0,1,0,0,0,0,0,0,0,0,0,0,0,0,0,0,0,0,0,0,0,0,0,0,0,0,0,0,0,0,0,0,0,14296.0,15192.0,17711.0,17762.0,16523.0,18575.0,15101.0,18334.0,18289.0,19644.0,21105.0,22666.0,20456.0,20477.0,21788.0,20414.0,22288.0,19152.0,19484.0,18265.0,20328.0,20362.0,22609.0,21363.0,3,2,0,4,1,1,0,1,2,1,0,1,0,0,0,0,0,0,0,0,0,0,0,0,0,0,0,0,0,0,0,1,0,0,0,0,0,0,0,0,0,0,0,0,0,0,0,0,4.39,2,41,8
xterm-addon-unicode11,2024-04-05,https://github.com/xtermjs/xterm.js,23,14,19,14,16,13,16,11,46,57,52,39,12,18,13,14,22,8,6,12,11,4,22,23,7,9,4,6,5,28,14,5,7,11,17,6,12,7,16,10,17,21,4,4,8,5,2,0,72191.0,148563.0,147040.0,172441.0,206216.0,188162.0,169110.0,159778.0,130278.0,131407.0,154910.0,50155.0,23438.0,19854.0,20136.0,21155.0,23209.0,18848.0,16338.0,14859.0,17789.0,11873.0,11721.0,11382.0,159,145,170,147,163,178,133,152,168,139,135,168,144,161,147,241,170,153,129,164,142,144,151,171,18,12,17,21,14,13,13,7,15,6,5,14,18,12,8,14,13,5,14,8,13,15,14,12,4.17,30,83,40
@cloudant/cloudant,2022-06-12,https://github.com/cloudant/nodejs-cloudant,2,2,0,1,0,4,1,2,1,2,0,0,0,1,0,2,0,0,0,0,0,0,0,0,0,0,0,0,0,0,0,0,0,0,0,0,0,0,0,0,0,0,0,0,0,0,0,0,74929.0,91966.0,99713.0,88659.0,69945.0,63559.0,54773.0,68650.0,53906.0,62844.0,57846.0,56193.0,50767.0,59791.0,55686.0,51532.0,51843.0,48046.0,49147.0,52868.0,59857.0,49671.0,46904.0,44309.0,0,0,1,0,0,1,0,0,0,0,0,0,0,0,0,0,0,0,0,1,0,0,0,1,1,0,0,0,0,0,0,0,0,0,0,0,0,0,0,0,1,0,0,0,1,0,0,1,4.8,30,183,39
passport.socketio,2022-06-23,https://github.com/jfromaniello/passport.socketio,0,1,0,0,0,0,0,0,0,0,0,0,0,0,0,0,0,0,0,0,0,0,0,0,0,0,0,0,0,0,0,0,0,0,0,0,0,0,0,0,0,0,0,0,0,0,0,0,46399.0,40685.0,42791.0,42619.0,37887.0,42283.0,45586.0,42476.0,37519.0,35671.0,25548.0,26375.0,23883.0,24150.0,25459.0,26646.0,30020.0,22648.0,24141.0,22500.0,27137.0,22319.0,22707.0,23801.0,3,0,0,0,0,0,0,0,0,0,0,0,0,0,0,1,0,1,0,0,8,0,0,0,1,0,0,1,0,0,0,0,0,0,0,0,0,1,0,0,0,0,0,0,0,0,0,0,9.8,22,27,61
@types/pollyjs__persister-fs,2022-10-26,https://github.com/DefinitelyTyped/DefinitelyTyped,16,460,20,444,13,341,25,439,20,427,25,459,21,338,12,358,21,349,21,349,21,425,22,346,13,291,7,222,12,319,11,308,17,321,4,329,10,186,5,238,12,234,9,242,15,274,17,305,78453.0,82934.0,114165.0,344387.0,364243.0,396659.0,476549.0,133024.0,125597.0,109654.0,107428.0,82890.0,86621.0,73687.0,83123.0,71899.0,88070.0,43855.0,52294.0,59039.0,49119.0,47784.0,57109.0,45833.0,414,406,396,387,397,444,440,502,411,424,428,441,392,375,468,414,487,396,328,321,330,324,344,273,259,221,214,235,217,237,229,209,219,188,206,213,197,146,199,211,178,174,107,149,127,122,124,136,3.93,30,5,48
@types/hapi__iron,2022-04-07,https://github.com/hapijs/iron,0,0,0,0,0,0,0,0,0,1,0,0,1,0,0,0,0,1,1,0,0,0,0,0,0,1,0,0,0,0,0,0,0,0,0,0,0,0,0,0,0,0,0,1,0,0,0,0,31010.0,57831.0,43058.0,51098.0,45286.0,36217.0,33366.0,32260.0,23725.0,22997.0,20403.0,26477.0,27604.0,31476.0,25310.0,27646.0,30673.0,30742.0,24841.0,21558.0,23997.0,23618.0,35087.0,35218.0,1,2,2,1,3,3,5,6,5,2,2,1,1,3,6,2,3,0,5,5,2,1,3,3,0,0,1,0,0,0,0,0,1,0,0,1,1,0,0,0,0,0,0,0,0,0,0,1,2.99,23,3,23
spfx-uifabric-themes,2022-05-18,https://github.com/StfBauer/spfx-uifabric-themes,0,0,0,0,0,0,0,0,0,0,0,0,0,0,0,0,0,0,0,0,0,0,0,0,0,0,0,0,0,0,0,0,0,0,0,0,0,0,0,0,0,0,0,0,0,0,0,0,7230.0,7997.0,9495.0,11964.0,10017.0,12558.0,16041.0,13853.0,16024.0,16313.0,16387.0,14018.0,14653.0,14484.0,17935.0,14716.0,16191.0,16499.0,13294.0,16083.0,15126.0,18017.0,16465.0,15787.0,0,0,0,0,0,0,1,0,0,0,1,0,0,0,0,0,0,0,1,0,0,0,1,0,0,0,0,0,0,0,0,0,0,0,0,0,0,0,0,0,0,0,0,0,0,0,0,0,4.7,2,29,12
draft-js-drag-n-drop-plugin,2022-06-15,https://github.com/draft-js-plugins/draft-js-plugins,6,54,7,55,6,43,6,52,3,60,2,38,4,51,7,57,9,50,11,44,5,58,4,49,2,33,6,32,2,34,5,31,4,27,2,28,1,27,4,17,5,25,3,30,2,29,0,28,36730.0,36120.0,36302.0,27998.0,27154.0,27614.0,23883.0,23056.0,24706.0,27216.0,24156.0,26426.0,30972.0,37094.0,32065.0,35466.0,31953.0,26543.0,30113.0,31798.0,41896.0,29472.0,42213.0,38447.0,11,21,24,25,16,19,12,10,14,14,15,11,9,5,12,7,7,7,2,8,9,8,11,4,8,4,4,3,5,8,5,5,6,8,9,9,7,11,8,7,5,10,5,6,4,3,3,7,5.26,30,15,29
@aws-cdk/aws-wafv2,2023-11-21,https://github.com/aws/aws-cdk,170,228,118,156,168,237,185,266,157,235,169,301,146,229,141,219,158,180,171,178,163,206,173,204,129,164,151,224,171,181,144,187,157,166,149,202,141,154,109,139,102,150,122,184,138,190,147,222,415159.0,463250.0,485656.0,420005.0,450637.0,418813.0,453085.0,369670.0,295974.0,71291.0,74999.0,78507.0,73560.0,94817.0,100741.0,71109.0,48397.0,65761.0,102558.0,104232.0,25142.0,21982.0,23578.0,18326.0,113,111,120,125,126,127,128,108,87,105,70,91,77,98,95,85,89,88,94,86,71,85,98,76,71,50,76,57,69,60,57,45,49,59,46,42,33,47,56,51,42,47,31,46,31,44,47,28,3.93,30,216,40
@turf/polygon-to-linestring,2024-06-22,https://github.com/Turfjs/turf,4,3,12,4,8,12,8,9,12,11,9,4,4,6,8,7,7,1,8,1,5,4,5,5,8,19,10,23,8,6,6,9,10,4,11,14,14,5,10,6,8,5,8,5,8,3,14,6,4106.0,3328.0,3607.0,3552.0,3861.0,2868.0,2452.0,3237.0,3340.0,2301.0,3048.0,3524.0,1956.0,2308.0,2541.0,2200.0,1710.0,1274.0,1486.0,1601.0,2635.0,7761.0,11552.0,15526.0,78,78,62,80,73,71,52,84,68,60,79,67,94,106,69,71,83,70,61,54,64,67,65,63,7,9,9,6,4,4,6,7,7,8,4,1,11,1,5,6,3,6,7,6,7,4,3,11,7.2,30,12,8
ts-nats,2022-05-22,https://github.com/nats-io/nats.ts,0,2,0,0,0,0,0,1,0,0,0,0,0,0,0,0,0,1,0,1,0,0,0,1,0,0,0,0,1,0,0,0,0,0,0,0,0,1,0,1,0,0,0,0,0,0,0,0,31726.0,26171.0,17905.0,20007.0,20353.0,20947.0,28376.0,27580.0,29155.0,28497.0,22637.0,21474.0,22888.0,25567.0,29013.0,29711.0,32963.0,31424.0,20806.0,22517.0,19333.0,16003.0,9620.0,13332.0,1,1,2,2,4,4,1,0,1,2,0,1,0,2,0,0,0,2,3,1,1,0,0,0,0,0,0,0,0,0,0,0,1,0,0,0,0,0,0,0,0,0,0,0,0,0,0,0,3.82,24,33,67
@aws-cdk/aws-docdb,2023-11-21,https://github.com/aws/aws-cdk,170,228,118,156,168,237,185,266,157,235,169,301,146,229,141,219,158,180,171,178,163,206,173,204,129,164,151,224,171,181,144,187,157,166,149,202,141,154,109,139,102,150,122,184,138,190,147,222,74891.0,78296.0,85798.0,71320.0,74194.0,68363.0,72752.0,59080.0,48757.0,20888.0,20081.0,16800.0,10740.0,11648.0,12986.0,9461.0,7691.0,7842.0,5626.0,6836.0,5496.0,5419.0,3929.0,2874.0,113,111,120,125,126,127,128,108,87,105,70,91,77,98,95,85,89,88,94,86,71,85,98,76,71,50,76,57,69,60,57,45,49,59,46,42,33,47,56,51,42,47,31,46,31,44,47,28,4.81,30,266,15
@types/chosen,2022-06-13,https://github.com/DefinitelyTyped/DefinitelyTyped,37,541,24,490,26,504,20,450,14,662,17,408,18,365,25,453,21,401,19,452,16,420,23,342,21,380,18,396,21,335,25,389,12,388,13,267,5,251,12,320,15,344,10,309,7,258,10,197,1013.0,837.0,823.0,824.0,830.0,1213.0,911.0,843.0,1590.0,1546.0,2399.0,2493.0,6520.0,9888.0,8370.0,8191.0,9752.0,7850.0,8351.0,10246.0,10811.0,3797.0,3650.0,2827.0,666,429,413,506,463,419,368,424,372,403,465,507,416,441,419,412,415,375,435,442,417,459,385,332,248,238,260,238,265,254,202,235,229,226,238,202,207,209,195,217,207,181,164,201,193,178,146,126,6.07,30,14,5
@turf/bezier,2024-06-22,https://github.com/Turfjs/turf,4,3,12,4,8,12,8,9,12,11,9,4,4,6,8,7,7,1,8,1,5,4,5,5,8,19,10,23,8,6,6,9,10,4,11,14,14,5,10,6,8,5,8,5,8,3,14,6,6054.0,7895.0,6496.0,10887.0,8901.0,8566.0,5278.0,8325.0,6327.0,6330.0,4981.0,5403.0,5538.0,6592.0,5570.0,5279.0,5356.0,3318.0,3926.0,3647.0,3794.0,9195.0,12790.0,16093.0,78,78,62,80,73,71,52,84,68,60,79,67,94,106,69,71,83,70,61,54,64,67,65,63,7,9,9,6,4,4,6,7,7,8,4,1,11,1,5,6,3,6,7,6,7,4,3,11,7.96,30,31,6
vue-i18n-extensions,2022-05-23,https://github.com/kazupon/vue-i18n-extensions,0,0,0,0,0,0,0,0,0,0,0,0,0,0,0,0,0,0,0,0,0,0,0,0,0,0,0,0,0,0,0,0,0,0,0,0,0,0,0,0,0,0,0,0,0,0,0,0,29523.0,28938.0,27730.0,24561.0,24588.0,25604.0,26490.0,21257.0,20656.0,19111.0,20846.0,17156.0,17506.0,15921.0,16197.0,15473.0,14497.0,15133.0,12215.0,12210.0,11706.0,12421.0,10375.0,11790.0,1,0,1,2,5,3,1,0,1,0,1,0,1,0,0,0,0,0,1,0,0,0,0,0,0,0,0,1,1,1,0,1,0,0,0,0,0,0,0,0,0,0,1,0,0,0,0,0,4.67,10,3,6
user-agent-parser,2022-06-28,https://github.com/faisalman/ua-parser-js,6,0,6,2,5,2,7,5,16,7,3,0,4,0,2,0,3,1,1,3,3,1,0,1,4,4,1,0,3,4,6,4,5,3,5,0,6,1,3,1,7,0,3,5,5,1,5,1,22038.0,20382.0,19546.0,21454.0,20256.0,19749.0,15973.0,17535.0,16770.0,23727.0,21707.0,16737.0,19068.0,19380.0,19477.0,18230.0,17940.0,13416.0,17905.0,18152.0,20866.0,16620.0,18261.0,21770.0,70,87,73,81,468,104,83,70,101,80,88,80,83,90,90,80,74,84,82,99,84,92,74,70,18,11,9,11,25,16,11,14,12,12,8,7,6,10,9,14,13,9,7,9,6,11,3,9,9.18,30,1,17
@element-plus/icons,2022-04-05,https://github.com/element-plus/element-plus-icons,0,0,0,0,0,0,0,0,2,1,0,0,1,0,3,1,7,1,3,1,3,1,0,2,2,0,2,1,0,1,1,4,0,1,2,0,1,0,1,1,0,1,0,0,0,0,1,0,29.0,34.0,54.0,253.0,42054.0,53991.0,52885.0,87801.0,76134.0,56501.0,45304.0,54386.0,41280.0,39014.0,32247.0,34394.0,31080.0,26144.0,25615.0,22814.0,20255.0,23847.0,28027.0,26023.0,1,0,0,0,5,1,5,3,7,4,8,9,4,8,3,8,3,1,3,4,3,4,6,3,0,0,0,0,0,1,4,4,4,0,3,7,7,7,7,5,6,3,2,5,2,1,1,4,1.29,11,13,198
@jscad/csg,2023-10-28,https://github.com/jscad/csg.js,0,0,0,0,0,0,0,0,0,0,0,0,0,0,0,0,0,0,0,0,0,0,0,0,0,0,0,0,0,0,0,0,0,0,0,0,0,0,0,0,0,0,0,0,0,0,0,0,15548.0,12895.0,9570.0,12885.0,10688.0,13334.0,11550.0,10461.0,18048.0,15475.0,17468.0,23398.0,14226.0,16895.0,20130.0,23119.0,28655.0,33652.0,31705.0,33183.0,35694.0,24884.0,21821.0,14834.0,2,1,1,0,0,0,0,1,0,0,0,0,0,0,0,0,0,0,0,0,0,0,1,0,0,0,0,0,0,0,0,0,0,0,0,0,0,0,0,0,0,0,0,0,0,0,0,0,6.75,15,24,42
stimulus-dropdown,2024-03-20,https://github.com/stimulus-components/stimulus-dropdown,0,1,0,0,0,0,0,0,0,0,0,0,0,0,0,0,0,0,0,0,0,0,0,0,0,0,0,0,0,0,0,0,0,0,0,0,0,0,0,0,0,0,0,0,0,0,0,0,17491.0,16130.0,20597.0,24877.0,20202.0,22300.0,19558.0,22225.0,17701.0,15114.0,19900.0,26468.0,28060.0,24907.0,21277.0,19658.0,16620.0,15891.0,18046.0,14220.0,12576.0,14686.0,15768.0,19081.0,4,1,1,1,2,2,0,1,0,0,0,0,1,0,1,0,1,0,0,0,0,0,0,0,1,0,0,0,0,0,0,0,0,0,0,0,0,0,0,0,0,0,0,0,0,0,0,0,2.68,2,3,2
prerender-spa-plugin,2023-04-09,https://github.com/chrisvfritz/prerender-spa-plugin,1,1,1,2,0,3,0,0,0,0,0,0,0,3,0,8,0,17,0,6,0,0,0,0,0,0,0,0,0,0,0,0,0,0,0,0,0,0,0,0,0,0,0,0,0,0,0,0,65783.0,61592.0,65015.0,61293.0,63438.0,63076.0,52662.0,64325.0,43236.0,42746.0,41677.0,45980.0,40516.0,32049.0,33157.0,29569.0,29670.0,25908.0,27039.0,18990.0,19692.0,19016.0,21035.0,21606.0,23,31,29,19,21,20,20,15,14,15,6,14,10,6,7,11,6,6,5,10,4,3,8,3,3,4,3,3,3,0,1,0,2,1,5,3,0,3,0,1,0,0,0,2,1,1,0,2,7.03,22,19,261
interact.js,2022-06-19,https://github.com/taye/interact.js,4,0,2,1,1,0,2,0,4,1,4,0,5,3,2,0,4,2,3,1,4,1,3,0,1,1,4,0,3,1,3,0,3,1,3,0,2,0,3,0,1,0,1,1,1,0,3,0,29526.0,27581.0,29936.0,26776.0,27121.0,24657.0,19863.0,21921.0,23434.0,28916.0,24796.0,21744.0,24443.0,21941.0,21520.0,23266.0,20737.0,16594.0,20625.0,22947.0,25051.0,20233.0,26065.0,27167.0,61,52,76,44,77,61,57,60,56,83,63,72,72,79,57,51,56,42,53,64,46,47,64,53,5,6,4,2,7,3,4,5,9,9,3,2,0,4,4,3,3,2,1,0,5,3,2,4,7.54,30,9,68
angular-qrcode,2022-06-13,https://github.com/monospaced/angular-qrcode,0,1,0,0,0,0,0,0,0,0,0,0,0,0,0,1,0,0,0,1,0,0,0,0,0,0,0,0,0,0,0,0,0,0,0,0,0,0,0,0,0,0,0,0,0,0,0,0,13429.0,12819.0,14151.0,14929.0,15862.0,15093.0,14038.0,14896.0,15309.0,17634.0,18137.0,24664.0,24034.0,33030.0,34935.0,38618.0,26843.0,18389.0,18561.0,20643.0,23246.0,17917.0,19364.0,19122.0,0,2,0,0,0,0,0,2,0,0,0,0,0,0,0,0,0,0,0,0,0,0,0,0,1,0,0,0,0,0,0,7,0,1,1,1,1,1,2,0,1,0,1,0,1,0,1,0,6.91,9,8,13
ucans,2022-12-21,https://github.com/fission-suite/ucan,0,0,0,0,0,0,0,0,0,0,0,0,0,0,0,0,0,0,0,0,0,0,0,0,0,0,0,0,0,0,0,0,0,0,0,0,0,0,0,0,0,0,0,0,0,0,0,0,201.0,105.0,71.0,90.0,370.0,349.0,661.0,411.0,361.0,425.0,705.0,410.0,555.0,603.0,777.0,404.0,160.0,164.0,241.0,161.0,222.0,482.0,403.0,528.0,3,2,1,5,4,6,2,3,6,5,5,1,3,0,5,3,2,3,2,2,0,0,0,0,0,0,0,2,0,0,0,0,0,0,1,0,0,0,0,1,0,0,1,0,0,0,0,0,1.26,9,20,11
geojsonhint,2022-09-20,https://github.com/mapbox/geojsonhint,0,0,0,0,0,0,0,0,0,0,0,0,1,0,0,0,0,0,0,0,0,0,0,2,0,0,0,0,0,0,0,0,0,1,0,1,0,0,0,0,0,1,1,0,0,0,1,0,28280.0,30988.0,27911.0,26674.0,26186.0,24571.0,26081.0,26837.0,24673.0,20859.0,25464.0,30854.0,32303.0,89509.0,35718.0,26364.0,24720.0,43064.0,33303.0,23341.0,20208.0,25087.0,29264.0,26519.0,0,0,5,1,1,0,1,1,0,1,0,1,1,3,0,1,0,1,2,1,0,1,1,0,0,1,0,0,0,0,0,0,0,0,0,2,0,0,0,0,1,1,0,0,1,0,0,0,9.16,24,24,70
@dxatscale/sfdx-process-wrapper,2024-04-29,https://github.com/dxatscale/sfpowerscripts,8,12,2,16,10,17,10,18,12,9,9,5,7,9,4,5,3,0,4,0,1,1,0,0,0,0,0,0,0,0,0,0,0,0,0,0,0,0,0,0,0,0,0,0,0,0,0,0,5867.0,7294.0,7030.0,6764.0,9942.0,6657.0,12559.0,12303.0,14800.0,19873.0,20131.0,19574.0,16469.0,16474.0,14608.0,14533.0,16370.0,17911.0,15768.0,13990.0,14624.0,13714.0,14996.0,13296.0,2,7,3,3,3,2,0,4,4,4,1,0,2,0,1,1,3,3,0,0,1,0,1,0,4,2,1,2,2,1,3,1,0,0,1,1,0,0,0,0,0,0,0,0,0,0,0,0,1.16,30,5,11
@dxatscale/apexlink,2024-04-29,https://github.com/dxatscale/sfpowerscripts,8,12,2,16,10,17,10,18,12,9,9,5,7,9,4,5,3,0,4,0,1,1,0,0,0,0,0,0,0,0,0,0,0,0,0,0,0,0,0,0,0,0,0,0,0,0,0,0,5909.0,11533.0,12927.0,11971.0,15014.0,10996.0,13463.0,12319.0,14813.0,19876.0,20129.0,19569.0,16463.0,16465.0,14630.0,14528.0,16367.0,17899.0,15762.0,13997.0,14595.0,13702.0,15021.0,13837.0,2,7,3,3,3,2,0,4,4,4,1,0,2,0,1,1,3,3,0,0,1,0,1,0,4,2,1,2,2,1,3,1,0,0,1,1,0,0,0,0,0,0,0,0,0,0,0,0,1.16,30,9,3
uri-to-multiaddr,2022-11-28,https://github.com/multiformats/js-uri-to-multiaddr,0,0,0,0,0,0,0,0,0,1,0,0,0,0,0,0,0,0,0,0,0,2,0,0,0,2,0,4,0,6,0,6,0,0,0,0,0,0,0,0,0,2,0,0,0,0,0,0,30453.0,27046.0,31705.0,28292.0,29971.0,27595.0,30005.0,33949.0,25916.0,29230.0,27834.0,27685.0,17492.0,17125.0,15262.0,13757.0,13114.0,9615.0,11843.0,10292.0,10846.0,9609.0,9853.0,10372.0,0,0,0,0,0,0,0,0,0,0,0,0,0,0,0,0,0,0,0,0,0,0,0,0,0,0,0,0,0,0,0,0,0,0,0,0,0,0,0,1,0,0,0,0,0,0,0,0,4.16,7,8,15
nativescript-permissions,2022-07-07,https://github.com/nathanaela/nativescript-permissions,0,0,0,0,0,0,0,0,2,0,0,0,1,0,0,0,0,0,0,1,0,0,0,0,0,0,0,0,0,0,0,0,0,0,0,0,0,0,0,0,0,0,0,0,0,0,0,0,13679.0,11037.0,12046.0,11627.0,16043.0,12279.0,15216.0,15537.0,18803.0,15983.0,18665.0,18801.0,21278.0,19939.0,18574.0,19028.0,14053.0,15824.0,16536.0,18838.0,13058.0,14386.0,16863.0,18974.0,0,0,0,0,1,0,0,0,1,0,0,0,0,0,0,0,0,0,0,0,0,0,0,0,0,0,0,0,0,0,0,0,0,1,0,0,0,0,0,0,0,0,0,0,0,0,0,0,6.28,7,18,105
draft-js-anchor-plugin,2022-06-15,https://github.com/draft-js-plugins/draft-js-plugins,6,54,7,55,6,43,6,52,3,60,2,38,4,51,7,57,9,50,11,44,5,58,4,49,2,33,6,32,2,34,5,31,4,27,2,28,1,27,4,17,5,25,3,30,2,29,0,28,32920.0,31406.0,33936.0,39147.0,39346.0,31774.0,29642.0,32203.0,27253.0,32743.0,28802.0,28206.0,34940.0,41395.0,34436.0,34301.0,30528.0,25106.0,25880.0,26235.0,33311.0,29025.0,35632.0,28896.0,11,21,24,25,16,19,12,10,14,14,15,11,9,5,12,7,7,7,2,8,9,8,11,4,8,4,4,3,5,8,5,5,6,8,9,9,7,11,8,7,5,10,5,6,4,3,3,7,4.82,30,10,26
fluent-langneg,2022-06-18,https://github.com/projectfluent/fluent.js,1,1,1,9,1,0,1,4,0,0,1,1,1,1,1,0,1,1,0,2,3,4,0,0,1,2,0,0,2,0,1,0,0,0,0,0,1,4,0,3,3,2,1,1,2,0,0,0,5254.0,5855.0,5774.0,5409.0,5670.0,6270.0,4828.0,5780.0,5683.0,7477.0,6568.0,6177.0,8452.0,8831.0,8203.0,8360.0,8845.0,6814.0,8843.0,8912.0,8990.0,8006.0,9064.0,17757.0,4,5,2,19,7,8,7,7,12,2,8,9,17,10,6,4,6,2,13,6,6,15,6,14,1,2,0,1,0,1,0,0,1,1,1,1,1,1,0,0,0,1,1,0,1,1,0,0,5.3,30,7,11
ng-simple-slideshow,2022-05-10,https://github.com/dockleryxk/ng-simple-slideshow,3,5,0,0,0,0,0,1,0,0,0,1,0,0,0,0,0,1,0,3,0,2,0,0,0,3,0,0,0,0,0,0,0,1,0,2,0,4,0,1,0,0,0,0,0,0,0,0,28029.0,26987.0,26936.0,21798.0,21238.0,21314.0,20181.0,17035.0,19093.0,19959.0,22230.0,21315.0,26367.0,19751.0,24582.0,18836.0,22500.0,22756.0,26790.0,20108.0,21189.0,25194.0,20790.0,25168.0,0,0,0,1,1,1,0,0,0,0,1,0,0,0,0,0,0,1,0,0,0,1,0,0,2,0,0,0,0,0,0,0,1,4,0,0,0,1,0,0,2,0,0,0,0,1,0,0,4.63,13,54,6
@types/storybook__addon-storyshots,2022-04-07,https://github.com/storybooks/storybook,0,0,0,0,0,0,0,0,0,0,0,0,0,0,0,0,0,0,0,0,0,0,0,0,0,0,0,0,0,0,0,0,0,0,0,0,0,0,0,0,0,0,0,0,0,0,0,0,47871.0,46339.0,57735.0,56631.0,40170.0,43940.0,46543.0,40960.0,32519.0,32008.0,32187.0,35363.0,34203.0,34854.0,32587.0,33275.0,30400.0,32209.0,32036.0,27707.0,26422.0,29547.0,29823.0,22047.0,997,1192,850,669,671,682,573,916,1164,702,672,612,739,737,1105,593,595,618,560,495,517,827,668,685,113,100,98,111,79,97,86,105,134,105,107,72,85,96,100,100,87,97,93,78,65,114,106,120,3.93,30,18,62
@aws-cdk/assertions,2023-11-21,https://github.com/aws/aws-cdk,170,228,118,156,168,237,185,266,157,235,169,301,146,229,141,219,158,180,171,178,163,206,173,204,129,164,151,224,171,181,144,187,157,166,149,202,141,154,109,139,102,150,122,184,138,190,147,222,124327.0,132721.0,146831.0,138082.0,156450.0,125725.0,138440.0,132070.0,115705.0,66161.0,66341.0,55958.0,43968.0,50374.0,50278.0,50290.0,42511.0,48560.0,47054.0,43937.0,58848.0,42966.0,32267.0,24688.0,113,111,120,125,126,127,128,108,87,105,70,91,77,98,95,85,89,88,94,86,71,85,98,76,71,50,76,57,69,60,57,45,49,59,46,42,33,47,56,51,42,47,31,46,31,44,47,28,2.41,30,107,343
ipfs,2023-06-01,https://github.com/ipfs/js-ipfs,18,14,7,15,14,12,8,12,9,13,6,12,8,9,6,21,10,14,4,8,4,6,4,0,0,0,0,0,0,0,0,0,0,0,0,0,0,0,0,0,0,0,0,0,0,0,0,0,43379.0,33074.0,47669.0,39351.0,45639.0,36593.0,31171.0,33494.0,35322.0,42541.0,41908.0,34131.0,25908.0,22149.0,23852.0,20594.0,16563.0,17224.0,20546.0,15967.0,20095.0,17282.0,13354.0,11366.0,103,79,102,59,46,56,63,48,54,55,42,40,16,9,10,11,2,7,7,8,6,4,10,4,13,10,15,12,8,13,9,16,6,10,9,2,2,1,1,2,1,1,0,1,0,1,1,0,8.13,30,504,495
@backstage/plugin-pagerduty,2024-04-22,https://github.com/backstage/backstage,100,310,114,257,132,290,103,270,104,411,117,483,96,509,124,549,108,221,122,521,131,534,125,465,138,282,145,304,116,245,136,407,105,410,119,356,103,426,89,289,90,263,105,219,88,327,93,287,29184.0,38392.0,42776.0,47075.0,34223.0,58707.0,47837.0,23163.0,20132.0,37236.0,17648.0,14010.0,11346.0,10607.0,10631.0,12741.0,8562.0,7692.0,6852.0,9209.0,8053.0,8049.0,14777.0,13811.0,434,365,376,296,327,326,565,369,322,400,803,361,321,271,248,232,460,274,485,329,237,292,292,521,111,119,104,87,104,99,122,124,118,130,145,121,126,106,85,87,82,99,127,67,93,94,100,114,3.38,30,978,4
@ckeditor/ckeditor-cloud-services-core,2022-06-12,https://github.com/ckeditor/ckeditor5,171,65,163,75,114,54,107,63,106,47,104,39,100,32,92,35,116,51,131,48,114,49,127,25,123,66,141,55,108,47,165,52,125,65,175,63,109,59,103,85,129,107,117,79,167,95,150,72,42899.0,37751.0,37778.0,30146.0,29920.0,25807.0,23075.0,29472.0,32980.0,35454.0,20900.0,20085.0,18337.0,18830.0,14593.0,14301.0,14940.0,12964.0,13541.0,14244.0,15518.0,11702.0,12656.0,12020.0,77,96,111,117,96,130,101,93,140,79,113,86,122,88,75,119,102,90,111,117,105,137,88,81,101,78,99,103,83,71,62,79,102,67,45,34,46,34,24,27,42,42,33,37,41,27,63,36,4.21,30,21,31
msbuild,2022-06-20,https://github.com/jhaker/nodejs-msbuild,0,0,0,0,0,0,0,0,0,0,0,0,1,1,1,0,0,0,1,0,1,3,0,0,0,0,0,0,0,0,0,0,0,0,0,0,0,0,0,0,0,0,0,0,0,0,0,0,66945.0,57484.0,44960.0,45033.0,45059.0,40619.0,25168.0,26182.0,26961.0,29165.0,25430.0,26611.0,24531.0,30573.0,28910.0,28170.0,27075.0,24632.0,32381.0,26231.0,33041.0,25763.0,28421.0,27537.0,0,0,0,0,0,0,0,0,0,0,0,0,0,0,0,0,0,0,1,0,0,0,0,0,0,0,0,0,0,0,0,0,0,0,0,0,0,1,0,0,0,0,0,0,0,0,0,0,8.53,10,55,14
mapbox-gl-supported,2022-06-19,https://github.com/mapbox/mapbox-gl-supported,0,0,0,0,0,0,0,0,0,1,0,1,0,0,0,0,0,0,0,0,0,0,0,0,0,0,0,0,0,0,0,0,0,0,0,0,0,0,1,1,0,0,0,0,0,0,0,0,31043.0,25036.0,29651.0,27923.0,37261.0,38056.0,34151.0,17747.0,16400.0,19411.0,12842.0,9856.0,10903.0,11377.0,12284.0,11505.0,12996.0,10304.0,13396.0,12903.0,12226.0,12716.0,10964.0,11883.0,0,0,0,0,2,1,0,0,1,0,0,0,0,0,0,0,0,0,0,0,0,1,0,0,0,0,0,0,1,0,0,0,0,0,0,0,0,1,0,0,0,0,0,0,0,0,0,0,6.03,17,2,22
@material/mwc-drawer,2024-04-04,https://github.com/material-components/material-components-web-components,0,0,0,0,0,0,0,0,0,0,0,0,0,0,0,0,0,0,0,0,0,0,0,0,0,0,0,0,0,0,0,0,0,0,0,0,0,0,0,0,0,0,0,0,0,0,0,0,17294.0,21959.0,22630.0,18958.0,18191.0,19968.0,32829.0,18191.0,13381.0,17988.0,15910.0,16147.0,13434.0,11759.0,11656.0,12633.0,10107.0,10088.0,10983.0,8648.0,12211.0,11137.0,13377.0,16764.0,231,289,257,344,299,302,341,266,159,167,168,216,140,150,144,102,151,88,97,100,78,79,127,93,15,23,13,15,14,15,23,15,17,20,12,15,15,15,13,10,18,15,11,9,9,11,11,11,4.83,30,709,38
ipfs-http-response,2023-06-01,https://github.com/ipfs/js-ipfs,18,14,7,15,14,12,8,12,9,13,6,12,8,9,6,21,10,14,4,8,4,6,4,0,0,0,0,0,0,0,0,0,0,0,0,0,0,0,0,0,0,0,0,0,0,0,0,0,37079.0,27899.0,31400.0,31293.0,35701.0,29395.0,24344.0,26686.0,25257.0,24501.0,23458.0,18262.0,15658.0,16301.0,18760.0,17010.0,15597.0,15010.0,19014.0,14857.0,19500.0,17807.0,14237.0,11507.0,103,79,102,59,46,56,63,48,54,55,42,40,16,9,10,11,2,7,7,8,6,4,10,4,13,10,15,12,8,13,9,16,6,10,9,2,2,1,1,2,1,1,0,1,0,1,1,0,5.02,30,137,14
@types/webspeechapi,2022-06-13,https://github.com/DefinitelyTyped/DefinitelyTyped,37,541,24,490,26,504,20,450,14,662,17,408,18,365,25,453,21,401,19,452,16,420,23,342,21,380,18,396,21,335,25,389,12,388,13,267,5,251,12,320,15,344,10,309,7,258,10,197,2516.0,813.0,979.0,1031.0,1406.0,1172.0,1221.0,1248.0,1790.0,1363.0,1582.0,3063.0,4787.0,5926.0,6930.0,6371.0,5621.0,5058.0,6988.0,8928.0,9921.0,8878.0,18214.0,19819.0,666,429,413,506,463,419,368,424,372,403,465,507,416,441,419,412,415,375,435,442,417,459,385,332,248,238,260,238,265,254,202,235,229,226,238,202,207,209,195,217,207,181,164,201,193,178,146,126,6.07,30,13,21
@types/random-words,2023-12-21,https://github.com/DefinitelyTyped/DefinitelyTyped,6,228,12,317,12,314,16,309,4,332,10,190,5,230,12,240,11,241,14,275,16,307,12,378,16,278,13,345,8,307,5,186,8,158,7,178,2,164,9,178,5,281,6,244,5,209,10,178,30058.0,34256.0,33382.0,37040.0,43947.0,67014.0,73697.0,70528.0,82106.0,96938.0,102974.0,42886.0,31417.0,32704.0,28810.0,28404.0,35844.0,29913.0,21081.0,16183.0,14156.0,14984.0,12933.0,12905.0,397,456,407,484,403,328,310,333,323,343,270,288,314,265,297,272,249,236,278,235,229,229,269,211,152,204,207,176,173,109,151,127,116,127,134,123,115,153,121,105,95,108,121,89,103,108,107,80,3.28,30,6,14
@gitbeaker/browser,2023-04-26,https://github.com/jdalrymple/gitbeaker,4,33,5,42,5,55,4,51,5,30,7,58,4,62,5,73,0,73,6,54,4,70,5,64,18,38,8,27,7,26,9,20,11,12,8,11,6,28,7,18,8,28,4,4,11,8,6,8,18750.0,23661.0,28695.0,26502.0,34732.0,29842.0,23534.0,28356.0,18705.0,26894.0,28647.0,41924.0,36781.0,35333.0,34833.0,32823.0,30801.0,34275.0,27794.0,20677.0,21853.0,23499.0,21972.0,22283.0,32,17,21,18,30,12,14,13,11,11,29,16,16,16,16,17,20,20,15,11,12,13,15,13,2,4,4,1,0,1,2,5,2,1,0,3,6,0,1,2,3,0,1,1,2,3,3,1,3.09,30,155,14
@types/wordpress__plugins,2024-04-03,https://github.com/DefinitelyTyped/DefinitelyTyped,10,309,7,258,10,197,11,224,9,238,10,259,17,317,15,240,9,415,14,247,16,341,10,298,10,179,5,131,4,195,7,175,7,203,4,292,9,226,7,207,5,164,11,234,3,229,0,249,13615.0,18472.0,16826.0,12526.0,8624.0,6578.0,9562.0,7341.0,13174.0,26726.0,42484.0,44486.0,36517.0,56346.0,40455.0,16288.0,8387.0,10895.0,17935.0,18525.0,21976.0,8021.0,8298.0,13529.0,459,385,332,314,317,317,315,286,281,295,286,285,256,216,286,246,256,212,220,281,190,182,269,192,178,146,126,138,134,121,126,121,118,92,142,144,102,89,119,107,90,113,101,103,84,91,94,74,4.8,30,13,7
discord.js-commando,2023-08-21,https://github.com/discordjs/Commando,0,0,0,0,0,0,0,0,0,0,0,0,0,0,0,0,0,0,0,0,0,0,0,0,0,0,0,0,0,0,0,0,0,0,0,0,0,0,0,0,0,0,0,0,0,0,0,0,4772.0,7757.0,8358.0,9597.0,11132.0,13384.0,14449.0,8960.0,4628.0,5174.0,5757.0,7063.0,6471.0,4510.0,4234.0,3646.0,5367.0,5938.0,11897.0,14813.0,5371.0,4226.0,5005.0,3926.0,0,2,1,0,0,0,3,2,3,3,0,1,1,1,0,0,0,1,1,0,0,0,0,1,0,0,1,0,0,0,0,0,0,0,0,1,0,0,0,0,0,0,0,0,0,0,0,0,6.84,30,27,46
Faker,2022-06-13,https://github.com/FotoVerite/Faker.js,0,0,0,0,0,0,0,0,0,0,0,0,0,0,0,0,0,0,0,0,0,0,0,1,1,0,0,0,0,0,0,0,0,0,0,0,0,0,0,0,0,0,0,0,0,0,0,0,5961.0,5708.0,6176.0,6153.0,7608.0,7792.0,6583.0,7128.0,7303.0,8059.0,8649.0,8911.0,12641.0,12798.0,14583.0,10966.0,11551.0,9399.0,11953.0,13747.0,15416.0,15772.0,18590.0,18916.0,0,0,0,0,1,0,0,0,0,0,0,0,1,0,0,0,1,0,0,0,0,0,0,0,0,0,0,1,0,0,0,1,0,0,1,1,0,0,0,0,1,0,0,0,0,0,0,0,9.8,17,17,94
@dudigital/react-native-zoomable-view,2022-07-05,https://github.com/DuDigital/react-native-zoomable-view,7,0,1,3,2,0,3,2,2,1,0,0,0,0,0,0,0,1,0,0,1,0,1,0,0,0,0,0,1,0,1,1,0,0,0,0,0,0,0,0,0,0,0,0,0,0,0,0,20396.0,20548.0,23724.0,26505.0,24427.0,22595.0,24319.0,21735.0,24161.0,20832.0,21338.0,21406.0,24182.0,24116.0,22083.0,22094.0,17855.0,17247.0,15999.0,17842.0,14971.0,16808.0,19682.0,18643.0,15,4,8,7,8,6,1,1,0,2,1,1,4,3,3,0,1,1,0,0,1,0,1,0,1,3,2,1,1,1,1,1,1,0,0,1,0,0,0,0,0,1,0,0,0,0,0,0,3.88,11,16,8
i18next-client,2022-06-18,https://github.com/i18next/i18next,2,2,9,3,5,2,15,9,8,3,10,1,9,2,11,1,4,2,6,0,9,2,16,5,6,3,7,2,7,2,13,6,5,4,17,3,8,1,9,3,13,3,10,1,12,3,12,8,41232.0,50039.0,51649.0,48134.0,53101.0,45756.0,48794.0,48770.0,52614.0,49976.0,70914.0,43503.0,48938.0,28171.0,18507.0,19990.0,22557.0,19802.0,22387.0,18314.0,22141.0,20316.0,22403.0,24805.0,48,49,71,58,40,46,41,61,42,47,49,40,57,48,44,64,46,50,56,53,49,54,47,47,4,5,3,7,2,3,4,4,4,0,4,4,3,6,0,2,3,4,2,6,3,3,4,4,7.81,30,18,50
sanitize-caja,2022-06-26,https://github.com/mapbox/sanitize-caja,0,0,0,0,0,0,0,0,0,0,0,0,0,0,0,0,0,0,0,0,0,0,0,0,0,0,0,0,0,0,0,0,0,0,0,0,0,0,0,0,0,0,0,0,0,0,0,0,6999.0,11269.0,12341.0,10013.0,8994.0,10984.0,9111.0,8794.0,7933.0,8611.0,7938.0,7160.0,6372.0,7848.0,7169.0,6701.0,8555.0,8378.0,8042.0,9001.0,9138.0,6884.0,8687.0,7857.0,0,0,1,0,0,0,0,1,0,0,0,1,0,0,0,0,0,0,0,0,0,0,0,0,0,0,0,0,0,0,0,0,0,0,0,0,0,0,0,0,0,0,0,0,0,0,0,0,8.79,3,6,11
@material/mwc-top-app-bar,2024-04-04,https://github.com/material-components/material-components-web-components,0,0,0,0,0,0,0,0,0,0,0,0,0,0,0,0,0,0,0,0,0,0,0,0,0,0,0,0,0,0,0,0,0,0,0,0,0,0,0,0,0,0,0,0,0,0,0,0,13549.0,16734.0,17750.0,14614.0,13829.0,15647.0,22973.0,14564.0,11313.0,15499.0,13865.0,14401.0,12515.0,10687.0,10356.0,10298.0,9980.0,7886.0,6981.0,6697.0,9845.0,10070.0,14183.0,17762.0,231,289,257,344,299,302,341,266,159,167,168,216,140,150,144,102,151,88,97,100,78,79,127,93,15,23,13,15,14,15,23,15,17,20,12,15,15,15,13,10,18,15,11,9,9,11,11,11,4.83,30,707,33
@turf/linestring-to-polygon,2024-06-22,https://github.com/Turfjs/turf,4,3,12,4,8,12,8,9,12,11,9,4,4,6,8,7,7,1,8,1,5,4,5,5,8,19,10,23,8,6,6,9,10,4,11,14,14,5,10,6,8,5,8,5,8,3,14,6,4489.0,2889.0,3169.0,3199.0,2988.0,2098.0,1589.0,2343.0,2486.0,1650.0,2191.0,2835.0,1396.0,2005.0,2045.0,1595.0,1258.0,958.0,986.0,1352.0,1711.0,7062.0,10613.0,13619.0,78,78,62,80,73,71,52,84,68,60,79,67,94,106,69,71,83,70,61,54,64,67,65,63,7,9,9,6,4,4,6,7,7,8,4,1,11,1,5,6,3,6,7,6,7,4,3,11,7.15,30,11,8
es6-tween,2022-06-17,https://github.com/tweenjs/es6-tween,0,0,0,0,0,0,0,0,0,0,0,0,0,0,0,0,0,0,0,0,0,0,0,0,0,0,0,7,0,0,0,0,0,0,0,1,0,10,0,0,0,1,0,0,0,0,0,0,18474.0,16403.0,19935.0,18684.0,21055.0,20936.0,17790.0,21079.0,17829.0,20822.0,18110.0,16744.0,13850.0,15038.0,13730.0,12729.0,13302.0,11377.0,11966.0,13447.0,13452.0,11549.0,11987.0,12146.0,0,0,0,0,0,1,0,2,0,1,0,0,1,0,1,0,1,1,2,0,1,0,0,1,0,0,0,0,0,0,0,0,0,0,0,0,0,0,0,1,0,0,0,0,0,0,0,0,5.3,7,127,31
rollup-plugin-index-html,2022-05-16,https://github.com/open-wc/open-wc,5,12,4,10,5,22,7,10,6,25,12,15,2,16,5,4,4,14,3,22,3,6,4,10,3,8,3,10,6,7,1,1,4,11,3,36,1,6,5,16,3,4,2,64,4,13,2,8,4383.0,4640.0,4181.0,3829.0,3829.0,3374.0,3297.0,3212.0,4994.0,2970.0,2241.0,1989.0,1681.0,1607.0,1849.0,1798.0,2193.0,2253.0,1861.0,2409.0,2250.0,2509.0,2120.0,2711.0,28,28,27,32,27,22,26,28,23,23,20,27,42,20,20,17,24,25,16,22,18,21,12,12,8,3,7,7,8,5,4,3,5,4,3,3,4,8,7,2,4,3,3,1,1,5,4,2,2.9,30,62,27
react-barcodes,2022-06-04,https://github.com/Bunlong/react-barcodes,0,0,0,0,0,0,0,0,0,0,0,0,0,0,0,0,0,0,0,0,0,0,0,0,0,0,0,0,0,0,0,0,0,0,0,0,0,0,0,0,0,0,0,0,0,0,0,0,9026.0,9508.0,8617.0,10081.0,9970.0,11265.0,11796.0,12237.0,12469.0,17217.0,16278.0,18093.0,16421.0,18829.0,21600.0,24383.0,28346.0,22823.0,21457.0,19783.0,23840.0,17909.0,21235.0,19543.0,3,1,1,3,0,3,2,3,1,1,0,1,3,1,2,0,0,0,0,0,2,0,0,0,0,0,0,1,0,0,0,1,0,0,1,0,0,0,0,1,1,0,0,0,0,0,0,0,1.86,3,5,9
cem-plugin-vs-code-custom-data-generator,2023-10-14,https://github.com/break-stuff/cem-plugin-vs-code-custom-data-generator,0,0,2,10,0,0,2,3,1,1,0,0,0,0,0,0,1,0,0,0,0,1,0,0,0,0,0,0,0,0,0,0,0,0,0,0,0,0,0,0,0,0,0,0,0,0,0,0,272.0,692.0,579.0,1817.0,1222.0,1532.0,1481.0,1818.0,1820.0,2426.0,2715.0,2432.0,2406.0,1326.0,1931.0,1904.0,3974.0,7989.0,7035.0,6495.0,7630.0,9202.0,8196.0,9556.0,0,7,2,0,1,0,1,0,1,1,1,1,0,0,0,0,0,0,0,0,0,0,0,0,1,1,0,0,0,0,0,0,0,0,0,0,0,0,0,0,0,0,0,0,0,0,0,0,1.19,2,21,38
@picmo/popup-picker,2023-10-14,https://github.com/joeattardi/picmo,3,0,0,0,2,0,4,0,7,1,3,0,2,1,1,1,3,2,0,0,2,0,1,0,0,0,0,0,0,0,0,0,0,0,0,0,0,0,0,0,0,0,0,0,0,0,0,0,26162.0,36625.0,36759.0,37403.0,42186.0,57870.0,49057.0,57213.0,64963.0,44987.0,43541.0,44185.0,51625.0,50014.0,51322.0,47885.0,40835.0,44466.0,39069.0,36355.0,41181.0,30717.0,31115.0,34870.0,19,9,11,11,9,8,12,17,6,12,7,7,7,2,5,1,1,1,2,5,2,2,0,3,0,0,2,2,1,0,1,2,1,0,0,0,0,0,0,2,0,2,2,1,1,2,1,2,1.46,16,35,14
@elrondnetwork/bls-wasm,2023-04-12,https://github.com/herumi/bls-wasm,1,0,0,0,0,0,0,1,0,0,0,0,0,0,0,0,0,0,0,1,0,0,0,0,1,0,0,0,0,0,0,0,0,0,0,0,0,1,0,0,0,0,0,0,0,0,0,0,28714.0,34357.0,30885.0,43271.0,33021.0,23649.0,25073.0,21775.0,13979.0,14939.0,12382.0,11233.0,11291.0,7571.0,7530.0,13440.0,5364.0,3819.0,3273.0,2493.0,2931.0,2918.0,3163.0,3129.0,1,0,1,1,0,0,1,0,3,1,0,1,0,2,0,0,0,0,1,0,0,0,0,0,0,0,0,0,0,0,0,0,0,0,0,0,0,0,0,0,0,0,1,0,0,0,0,1,2.52,3,3,8
kopy,2022-06-19,https://github.com/saojs/kopy,0,1,0,1,0,1,0,1,0,0,0,0,0,0,0,1,0,1,0,0,0,1,0,2,0,0,0,0,0,0,0,0,0,0,0,2,0,0,0,0,0,0,0,0,0,0,0,0,24846.0,25414.0,25724.0,24710.0,23127.0,22393.0,20910.0,20849.0,22438.0,25099.0,21349.0,26851.0,14209.0,13941.0,15423.0,13442.0,12540.0,9647.0,11492.0,12200.0,15251.0,14559.0,18312.0,18133.0,0,0,0,0,0,0,0,0,0,0,0,0,0,0,0,0,0,0,0,0,0,0,0,0,0,0,0,0,0,0,0,0,0,0,0,0,0,0,0,0,0,0,0,0,0,0,0,0,5.48,2,44,44
watchman,2022-06-28,https://github.com/npm/deprecate-holder,0,0,0,0,0,0,0,0,0,0,0,0,0,0,0,0,0,0,0,0,0,0,0,0,0,0,0,0,0,2,0,0,0,0,0,0,0,0,0,0,0,0,0,0,0,0,0,0,16204.0,16560.0,20140.0,24956.0,20100.0,20718.0,16442.0,18361.0,19066.0,21633.0,18043.0,16545.0,12858.0,15747.0,14647.0,15446.0,15882.0,13568.0,15722.0,15842.0,18827.0,14556.0,15579.0,22531.0,1,0,0,0,0,0,1,1,1,1,0,0,0,0,1,0,0,0,0,0,0,0,0,0,1,0,0,0,0,0,0,0,0,0,0,0,1,0,1,0,0,0,0,0,0,0,0,0,11.21,1,10,33
cordova-plugin-filepath,2022-06-14,https://github.com/hiddentao/cordova-plugin-filepath,0,0,0,0,0,0,1,0,0,1,1,0,0,0,0,0,0,0,0,0,0,0,0,0,0,0,0,0,0,0,0,0,0,0,0,0,0,0,0,0,0,0,0,0,0,0,0,0,30689.0,28302.0,31184.0,31036.0,29135.0,26003.0,23183.0,25713.0,23736.0,22776.0,21161.0,21114.0,17659.0,19466.0,18535.0,16379.0,17787.0,16159.0,15415.0,15630.0,18428.0,15171.0,18001.0,17854.0,1,0,0,0,1,0,0,0,0,0,0,0,0,1,0,0,1,0,0,0,0,0,0,0,1,1,0,2,2,1,1,0,1,0,0,1,1,1,1,0,0,1,0,1,0,3,1,1,7.2,15,18,13
@brazilian-utils/is-valid-cpf,2022-06-12,https://github.com/brazilian-utils/brazilian-utils,0,0,0,0,0,0,0,0,0,0,0,0,0,0,0,0,0,0,0,0,0,0,0,0,0,0,0,0,0,0,0,0,0,0,0,0,0,0,0,0,0,0,0,0,0,0,0,0,33738.0,30226.0,29407.0,26527.0,21336.0,17313.0,18214.0,14347.0,16343.0,21914.0,19310.0,20881.0,15219.0,19403.0,17155.0,13286.0,16350.0,13669.0,14631.0,16242.0,19014.0,16201.0,17914.0,18499.0,14,15,16,15,11,6,3,6,9,5,14,3,11,9,2,5,17,1,6,11,4,6,8,15,2,2,1,1,0,0,0,1,0,0,0,0,0,1,0,1,3,1,0,1,2,0,0,0,4.0,30,11,14
@appthreat/cdxgen,2023-02-13,https://github.com/AppThreat/cdxgen,0,0,0,0,0,0,0,0,0,0,0,0,0,0,0,0,0,0,0,0,0,0,0,0,0,0,0,0,0,0,0,0,0,0,0,0,0,0,0,0,0,0,0,0,0,0,0,0,4547.0,6199.0,7618.0,8022.0,10182.0,12760.0,19152.0,18381.0,15583.0,19091.0,14916.0,14534.0,13308.0,10827.0,12399.0,13297.0,10415.0,9737.0,14331.0,12232.0,7688.0,7774.0,9990.0,11282.0,6,7,3,2,2,6,6,8,8,4,35,11,27,9,11,12,31,27,22,30,27,11,13,23,2,3,1,0,4,1,2,3,2,2,3,1,3,4,4,1,12,5,7,9,9,6,1,4,3.12,30,219,4
@tsconfig/node16-strictest-esm,2023-03-27,https://github.com/tsconfig/bases,1,2,2,1,0,4,4,7,2,5,0,0,1,6,4,4,2,3,2,3,1,2,4,1,8,13,4,2,4,1,3,3,6,4,6,1,6,3,2,2,0,5,2,4,3,4,2,3,4076.0,5715.0,15082.0,29463.0,29402.0,39224.0,46954.0,53412.0,47671.0,42703.0,42896.0,43647.0,35221.0,35552.0,35994.0,32715.0,35230.0,43738.0,36539.0,27098.0,19489.0,26289.0,25528.0,23404.0,110,200,77,123,142,111,112,121,127,108,142,148,174,128,82,125,306,161,109,134,127,164,113,199,5,2,8,3,4,3,5,4,7,7,9,3,11,0,1,4,8,5,4,7,4,3,5,7,1.11,30,4,131
@ngx-progressbar/http,2022-04-06,https://github.com/murhafsousli/ngx-progressbar,0,0,0,6,0,2,0,0,0,2,0,1,0,1,0,6,4,0,0,4,0,9,0,1,0,1,0,1,0,0,0,0,0,0,0,0,0,4,1,3,0,1,0,3,0,1,0,0,26749.0,24906.0,25436.0,22899.0,22051.0,24091.0,23070.0,20612.0,17473.0,22187.0,18650.0,19781.0,18376.0,18360.0,15070.0,18172.0,15908.0,14929.0,16091.0,13836.0,15184.0,13012.0,17308.0,13594.0,2,16,6,9,12,6,3,8,5,5,11,9,5,3,9,2,2,2,7,2,5,5,3,5,0,0,1,0,1,0,0,1,0,0,2,1,1,0,0,0,0,0,0,0,0,0,1,0,4.34,21,23,12
storm-react-diagrams,2022-06-27,https://github.com/projectstorm/react-diagrams,7,3,4,4,10,2,8,1,8,0,7,1,2,2,2,2,3,0,2,1,14,2,5,1,2,1,2,0,2,0,7,0,5,0,0,0,4,6,3,2,4,0,5,0,6,1,1,0,16054.0,14534.0,18232.0,17167.0,15973.0,16406.0,15030.0,15005.0,14497.0,18204.0,26611.0,35796.0,27791.0,14401.0,11633.0,9266.0,12498.0,11965.0,13618.0,12968.0,14553.0,12012.0,12693.0,13042.0,88,68,90,76,67,73,72,56,65,89,103,84,77,63,42,57,56,49,75,70,102,63,72,59,12,11,16,9,8,11,14,16,8,12,4,13,4,8,9,10,9,2,4,11,13,10,8,7,5.35,30,42,24
@aws-cdk/aws-glue,2023-11-21,https://github.com/aws/aws-cdk,170,228,118,156,168,237,185,266,157,235,169,301,146,229,141,219,158,180,171,178,163,206,173,204,129,164,151,224,171,181,144,187,157,166,149,202,141,154,109,139,102,150,122,184,138,190,147,222,492250.0,542913.0,555527.0,479147.0,522536.0,505592.0,540942.0,448787.0,367565.0,46619.0,45492.0,38745.0,20001.0,22300.0,27243.0,14768.0,12649.0,13108.0,11938.0,13363.0,15039.0,12919.0,9373.0,6323.0,113,111,120,125,126,127,128,108,87,105,70,91,77,98,95,85,89,88,94,86,71,85,98,76,71,50,76,57,69,60,57,45,49,59,46,42,33,47,56,51,42,47,31,46,31,44,47,28,5.31,30,288,32
@probot/serverless-lambda,2022-04-06,https://github.com/probot/serverless-lambda,0,0,0,0,0,0,0,0,0,0,0,0,0,0,0,0,0,0,0,0,0,0,0,0,0,0,0,0,0,0,0,0,0,0,0,0,0,0,0,0,0,0,0,0,0,0,0,0,3085.0,2895.0,3055.0,3489.0,3415.0,2490.0,619.0,416.0,434.0,491.0,587.0,439.0,519.0,490.0,378.0,407.0,352.0,439.0,458.0,567.0,763.0,419.0,432.0,340.0,1,4,1,0,2,0,1,2,2,0,0,1,0,0,1,2,0,1,0,0,2,1,0,0,0,0,1,1,1,0,0,3,1,0,0,0,0,0,0,0,0,0,1,1,0,0,0,0,3.54,22,12,5
react-native-hash,2022-09-24,https://github.com/Drazail/react-native-hash,0,2,1,1,0,0,0,0,1,2,0,1,0,2,1,10,0,0,0,0,0,2,1,9,1,1,0,0,0,0,0,0,0,0,0,1,0,0,0,0,0,0,1,0,1,0,0,0,4378.0,5236.0,4871.0,4571.0,5442.0,4994.0,6418.0,5072.0,6246.0,6132.0,13463.0,18998.0,18796.0,11211.0,11762.0,17464.0,15033.0,16988.0,12899.0,15823.0,15562.0,13668.0,15111.0,13747.0,0,3,0,1,0,0,0,1,1,0,0,2,3,1,0,0,1,0,1,0,0,0,0,1,1,0,0,0,1,1,0,0,0,0,0,2,1,0,0,0,0,1,0,0,0,0,0,1,2.74,4,22,8
scalingo-review-app-manager,2023-09-06,https://github.com/1024pix/scalingo-review-app-manager,0,2,0,7,0,1,0,0,0,0,0,0,0,0,0,0,0,0,0,0,0,0,1,4,0,1,0,3,0,1,0,0,0,0,0,2,0,0,0,0,0,2,0,2,0,6,0,0,195.0,317.0,105.0,330.0,96.0,148.0,201.0,79.0,142.0,84.0,145.0,164.0,49.0,28.0,12.0,397.0,377.0,390.0,320.0,503.0,727.0,665.0,674.0,610.0,1,0,0,1,0,0,0,0,0,0,0,0,0,0,0,0,0,0,0,0,0,0,0,0,0,0,0,0,0,0,0,0,0,0,0,0,0,0,0,0,0,0,0,0,0,0,0,0,3.53,16,11,2
@ota-meshi/eslint-plugin-svelte,2022-06-30,https://github.com/ota-meshi/eslint-plugin-svelte,0,0,0,0,0,0,0,0,0,0,0,0,0,0,0,0,0,0,0,0,0,0,0,0,0,0,0,0,0,0,0,0,0,0,0,0,0,0,0,0,0,0,0,0,0,0,0,0,609.0,1594.0,813.0,1157.0,1107.0,1389.0,2170.0,3496.0,3247.0,2277.0,9967.0,29588.0,38220.0,51174.0,43179.0,42369.0,25495.0,27978.0,25614.0,28325.0,29278.0,16419.0,23760.0,25414.0,0,0,0,1,0,5,2,3,0,0,0,2,4,9,4,4,6,3,10,9,13,27,14,15,0,0,0,0,0,0,0,0,0,0,0,0,1,0,0,1,1,1,1,1,1,0,2,2,1.17,0,64,10
@material/mwc-slider,2024-04-04,https://github.com/material-components/material-components-web-components,0,0,0,0,0,0,0,0,0,0,0,0,0,0,0,0,0,0,0,0,0,0,0,0,0,0,0,0,0,0,0,0,0,0,0,0,0,0,0,0,0,0,0,0,0,0,0,0,23172.0,33693.0,38532.0,40003.0,38903.0,36183.0,38048.0,21790.0,18356.0,24530.0,22912.0,23960.0,25293.0,25994.0,18446.0,29487.0,24454.0,27621.0,12297.0,11719.0,23228.0,19391.0,14650.0,20400.0,231,289,257,344,299,302,341,266,159,167,168,216,140,150,144,102,151,88,97,100,78,79,127,93,15,23,13,15,14,15,23,15,17,20,12,15,15,15,13,10,18,15,11,9,9,11,11,11,4.83,30,707,43
uglify-js-brunch,2023-09-22,https://github.com/brunch/uglify-js-brunch,0,0,0,0,0,0,0,0,0,0,0,0,0,0,0,0,0,0,0,0,0,0,0,0,0,0,0,0,0,0,0,0,0,0,0,0,0,0,0,0,0,0,0,0,0,0,0,0,16959.0,19276.0,20584.0,49523.0,76279.0,53375.0,17135.0,13129.0,14490.0,13879.0,13672.0,15796.0,15756.0,13009.0,12023.0,14089.0,12178.0,14754.0,13455.0,13110.0,12335.0,15691.0,13550.0,15980.0,3,1,0,0,2,1,0,0,0,0,0,0,0,0,0,0,0,0,0,0,0,0,0,0,0,0,0,0,0,0,0,0,0,0,0,0,0,0,0,0,0,0,0,0,0,0,0,0,11.53,11,21,97
@inlet/react-pixi,2023-04-26,https://github.com/inlet/react-pixi,0,0,0,0,0,0,0,0,0,0,0,0,0,0,0,0,0,0,0,0,0,0,0,0,0,0,0,0,0,0,0,0,0,0,0,0,0,0,0,0,0,0,0,0,0,0,0,0,23832.0,34571.0,33213.0,27056.0,31638.0,28189.0,32125.0,36397.0,25326.0,32214.0,34371.0,39561.0,26840.0,26657.0,22932.0,23237.0,20871.0,26588.0,25849.0,21584.0,28736.0,26055.0,16985.0,13094.0,18,20,32,23,17,23,15,16,31,37,59,44,15,39,40,43,39,46,23,28,32,30,36,41,1,2,2,1,1,0,0,3,2,2,4,2,0,3,3,3,5,0,0,0,1,4,1,1,5.09,30,137,51
@material/mwc-top-app-bar-fixed,2024-04-04,https://github.com/material-components/material-components-web-components,0,0,0,0,0,0,0,0,0,0,0,0,0,0,0,0,0,0,0,0,0,0,0,0,0,0,0,0,0,0,0,0,0,0,0,0,0,0,0,0,0,0,0,0,0,0,0,0,11599.0,13918.0,14178.0,13072.0,11685.0,13553.0,25801.0,12625.0,10759.0,14685.0,12529.0,13376.0,11307.0,9631.0,8917.0,10370.0,8473.0,6559.0,6307.0,6102.0,8791.0,9150.0,13278.0,16707.0,231,289,257,344,299,302,341,266,159,167,168,216,140,150,144,102,151,88,97,100,78,79,127,93,15,23,13,15,14,15,23,15,17,20,12,15,15,15,13,10,18,15,11,9,9,11,11,11,4.61,30,703,28
angular2,2022-06-13,https://github.com/angular/angular,105,163,94,148,114,156,132,208,108,210,92,188,101,141,95,191,91,221,87,163,100,224,95,260,124,308,102,194,89,175,96,217,116,229,111,227,86,119,130,208,114,294,102,264,147,295,120,236,22126.0,24489.0,25473.0,28391.0,25351.0,24785.0,28337.0,24698.0,21940.0,29533.0,21275.0,24409.0,23006.0,23055.0,22144.0,19471.0,21214.0,21719.0,22272.0,29634.0,42862.0,31380.0,33906.0,34498.0,686,1083,737,635,662,629,642,800,686,706,625,742,769,634,642,553,728,497,539,647,668,636,750,597,182,204,266,206,192,190,186,207,215,200,206,188,184,179,168,194,204,169,169,170,206,167,185,137,7.34,30,72,581
purifycss-webpack,2022-06-25,https://github.com/webpack-contrib/purifycss-webpack,0,0,0,0,0,0,0,0,0,0,0,0,0,0,0,0,0,0,0,0,0,0,0,0,0,0,0,0,0,0,0,0,0,0,0,0,0,0,0,0,0,0,0,0,0,0,0,0,29106.0,23921.0,25886.0,28284.0,23375.0,23304.0,23200.0,24824.0,22970.0,26543.0,23243.0,23121.0,20729.0,24628.0,23485.0,21784.0,24415.0,19615.0,22561.0,22994.0,25466.0,23083.0,24727.0,21301.0,1,1,1,1,1,0,0,0,0,0,0,1,0,0,1,0,1,0,0,0,1,0,0,0,0,0,0,0,0,0,0,0,0,0,0,0,0,0,0,0,1,1,0,0,0,0,0,0,5.42,13,16,245
tsparticles-plugin-polygon-mask,2023-12-07,https://github.com/matteobruni/tsparticles,0,0,0,0,0,0,0,0,0,0,0,0,0,0,0,0,0,0,0,0,0,0,0,0,0,0,0,0,0,0,0,0,0,0,0,0,0,0,0,0,0,0,0,0,0,0,0,0,28192.0,27793.0,24929.0,29508.0,21109.0,18906.0,18860.0,19189.0,19496.0,19291.0,19745.0,15169.0,16395.0,15991.0,13938.0,12426.0,12778.0,10787.0,13098.0,11830.0,11547.0,13710.0,12349.0,11475.0,175,167,196,213,115,107,124,131,90,98,95,99,110,86,475,152,157,111,105,98,106,83,95,99,31,22,12,24,8,16,15,19,15,6,6,11,14,9,18,17,15,11,11,9,13,7,12,11,2.87,30,53,7
@lingui/babel-preset-react,2023-05-16,https://github.com/lingui/js-lingui,3,6,11,6,2,2,3,2,3,3,4,5,6,4,7,6,17,46,23,66,28,67,11,37,14,18,6,7,5,11,8,9,7,12,8,2,4,11,9,10,8,7,11,18,8,21,5,11,47020.0,45181.0,35776.0,33981.0,32229.0,26853.0,30384.0,24449.0,27363.0,28003.0,28346.0,22880.0,20543.0,19509.0,21560.0,21949.0,22561.0,20303.0,15474.0,21459.0,20387.0,20043.0,21509.0,21070.0,31,20,18,17,27,22,21,14,22,62,48,57,57,34,35,35,42,44,43,70,44,35,45,48,6,5,3,3,3,1,1,4,0,5,5,4,4,0,4,2,2,3,5,2,5,3,3,5,5.37,30,42,17
react-coordinate-input,2023-04-15,https://github.com/nerdstep/react-coordinate-input,0,1,0,0,0,0,0,1,0,0,0,0,0,0,0,0,0,2,0,1,0,2,0,1,0,0,0,0,0,0,0,0,0,0,0,0,0,0,0,0,0,0,0,0,0,0,0,0,1794.0,1213.0,1309.0,1812.0,1784.0,1573.0,2020.0,1946.0,1568.0,2397.0,2605.0,2927.0,2235.0,2392.0,2634.0,2926.0,4534.0,8335.0,9173.0,6487.0,6823.0,8790.0,10473.0,11988.0,0,0,0,0,0,0,0,0,0,0,0,2,0,1,0,0,0,0,0,0,0,0,0,0,1,0,0,0,0,0,0,0,0,0,0,0,0,0,0,0,0,0,0,0,0,0,0,0,4.88,3,16,4
@nx-tools/nx-docker,2022-11-15,https://github.com/nx-tools/nx-tools,0,0,0,0,0,0,0,0,0,0,0,0,0,0,0,0,0,0,0,0,0,0,0,0,0,0,0,0,0,0,0,0,0,0,0,0,0,0,0,0,0,0,0,0,0,0,0,0,55250.0,26942.0,42719.0,55047.0,33814.0,32800.0,46962.0,58656.0,60214.0,79041.0,93002.0,89313.0,74772.0,57815.0,40521.0,43899.0,32671.0,37282.0,33224.0,27107.0,24111.0,21527.0,23862.0,19531.0,9,8,12,7,6,10,1,7,8,16,10,8,11,18,10,11,11,7,7,4,6,3,3,12,1,0,0,0,0,1,0,0,1,1,2,2,2,2,3,2,2,3,1,2,0,2,1,1,2.2,30,58,5
@ngui/map,2022-06-12,https://github.com/ng2-ui/map,0,0,0,0,0,0,0,0,0,0,0,0,0,0,0,0,0,0,0,1,0,0,0,0,0,0,1,0,0,0,0,0,0,0,0,0,0,0,0,0,0,0,0,0,0,0,0,0,21272.0,23410.0,21323.0,22773.0,22621.0,19367.0,15439.0,16183.0,14239.0,16958.0,14627.0,15818.0,13278.0,15432.0,15800.0,14967.0,14000.0,11887.0,12568.0,11674.0,12902.0,10915.0,13426.0,13546.0,1,0,0,1,2,0,1,0,0,1,0,1,1,0,1,0,0,0,0,0,0,1,0,0,0,0,0,0,1,0,0,0,0,0,0,0,1,0,0,0,0,0,0,0,0,0,0,0,5.2,17,20,10
opencv.js,2022-05-12,https://github.com/huningxin/opencv,0,0,7,0,0,9,0,0,0,0,0,0,0,0,1,0,0,0,0,0,0,0,0,0,0,0,0,0,0,0,0,0,0,0,0,0,0,0,0,0,0,0,0,0,0,0,0,0,2620.0,3421.0,2735.0,3212.0,2735.0,4681.0,4250.0,4184.0,3569.0,3721.0,5463.0,6391.0,4387.0,3883.0,4640.0,4492.0,4844.0,4139.0,4811.0,4611.0,3826.0,4540.0,3859.0,4677.0,0,0,1,1,0,0,0,0,0,0,0,0,0,0,0,0,0,0,1,0,1,2,0,1,0,0,0,0,0,0,0,0,0,0,0,1,0,0,0,0,0,0,0,0,0,0,0,0,4.81,0,19,21
gulp-webpack,2022-06-18,https://github.com/shama/gulp-webpack,0,0,0,0,0,0,0,0,0,0,0,0,0,0,0,0,0,0,0,0,0,0,0,0,0,0,0,0,0,0,0,0,0,0,0,0,0,0,0,0,0,0,0,0,0,0,0,0,33155.0,27050.0,33324.0,33603.0,33606.0,25915.0,15608.0,16327.0,15639.0,19601.0,15130.0,16373.0,16057.0,17762.0,18843.0,16653.0,15284.0,15392.0,26593.0,27653.0,33424.0,21833.0,16931.0,20021.0,1,5,5,2,3,1,3,3,2,0,3,1,2,2,0,2,1,0,1,2,2,0,0,2,0,1,1,0,1,2,0,1,0,0,0,0,0,0,0,0,0,1,0,0,0,0,0,1,8.44,30,16,1000
@types/prosemirror-menu,2022-10-26,https://github.com/DefinitelyTyped/DefinitelyTyped,16,460,20,444,13,341,25,439,20,427,25,459,21,338,12,358,21,349,21,349,21,425,22,346,13,291,7,222,12,319,11,308,17,321,4,329,10,186,5,238,12,234,9,242,15,274,17,305,9500.0,11926.0,13848.0,23221.0,22507.0,26280.0,17559.0,17568.0,17171.0,14962.0,21246.0,16965.0,13726.0,5713.0,6331.0,5175.0,6827.0,6735.0,4765.0,4582.0,4596.0,5266.0,4487.0,5000.0,414,406,396,387,397,444,440,502,411,424,428,441,392,375,468,414,487,396,328,321,330,324,344,273,259,221,214,235,217,237,229,209,219,188,206,213,197,146,199,211,178,174,107,149,127,122,124,136,5.63,30,12,22
@sozialhelden/ietf-language-tags,2022-12-04,https://github.com/sozialhelden/ietf-language-tags,0,0,0,0,0,2,0,2,0,0,0,0,0,0,0,0,0,0,0,0,0,0,0,0,0,1,0,0,0,0,0,0,0,0,0,0,0,0,1,0,0,0,0,0,0,0,0,0,22.0,17.0,31.0,48.0,110.0,197.0,716.0,1323.0,1423.0,1286.0,718.0,570.0,613.0,695.0,1130.0,782.0,829.0,757.0,2110.0,2629.0,2745.0,3355.0,3253.0,4464.0,0,0,1,0,0,0,1,0,1,0,0,1,0,1,0,0,1,1,0,0,0,5,1,0,0,0,0,0,0,0,0,0,0,0,0,0,0,1,0,0,0,0,0,0,0,0,0,0,3.33,3,15,3
@aws-cdk/pipelines,2023-11-21,https://github.com/aws/aws-cdk,170,228,118,156,168,237,185,266,157,235,169,301,146,229,141,219,158,180,171,178,163,206,173,204,129,164,151,224,171,181,144,187,157,166,149,202,141,154,109,139,102,150,122,184,138,190,147,222,122149.0,96042.0,109227.0,104936.0,114817.0,96993.0,89350.0,127640.0,128468.0,83304.0,55287.0,96693.0,51857.0,74632.0,74769.0,46381.0,52880.0,41293.0,31535.0,45846.0,41521.0,45086.0,34794.0,39843.0,113,111,120,125,126,127,128,108,87,105,70,91,77,98,95,85,89,88,94,86,71,85,98,76,71,50,76,57,69,60,57,45,49,59,46,42,33,47,56,51,42,47,31,46,31,44,47,28,3.37,30,175,33
@nx-tools/docker-metadata,2022-11-15,https://github.com/nx-tools/nx-tools,0,0,0,0,0,0,0,0,0,0,0,0,0,0,0,0,0,0,0,0,0,0,0,0,0,0,0,0,0,0,0,0,0,0,0,0,0,0,0,0,0,0,0,0,0,0,0,0,51322.0,13646.0,31536.0,45154.0,20839.0,22114.0,34259.0,43060.0,47411.0,62624.0,76014.0,80945.0,72157.0,55436.0,39817.0,45594.0,33977.0,39402.0,33464.0,26510.0,24698.0,21367.0,23216.0,20020.0,9,8,12,7,6,10,1,7,8,16,10,8,11,18,10,11,11,7,7,4,6,3,3,12,1,0,0,0,0,1,0,0,1,1,2,2,2,2,3,2,2,3,1,2,0,2,1,1,1.11,30,17,4
@react-native-mapbox-gl/maps,2022-09-14,https://github.com/rnmapbox/maps,18,13,15,28,16,21,11,10,23,4,11,16,22,37,16,43,16,38,35,33,18,37,39,45,48,45,49,39,30,17,36,14,35,23,46,61,27,33,36,19,19,10,14,10,14,8,23,25,52408.0,53134.0,55912.0,49932.0,49511.0,54729.0,71632.0,67211.0,72103.0,52476.0,39067.0,46666.0,41794.0,44293.0,35601.0,39721.0,39750.0,51642.0,42026.0,44594.0,42433.0,32175.0,41204.0,34652.0,25,29,30,23,24,34,30,37,37,26,26,41,41,36,32,34,33,40,32,31,20,28,31,34,8,16,12,9,9,6,14,14,14,16,15,15,18,22,14,13,17,16,15,12,5,4,7,6,3.29,30,39,11
draft-js-resizeable-plugin,2022-06-15,https://github.com/draft-js-plugins/draft-js-plugins,6,54,7,55,6,43,6,52,3,60,2,38,4,51,7,57,9,50,11,44,5,58,4,49,2,33,6,32,2,34,5,31,4,27,2,28,1,27,4,17,5,25,3,30,2,29,0,28,29095.0,28434.0,31160.0,26006.0,28412.0,29542.0,24663.0,22940.0,22041.0,26653.0,20376.0,28659.0,31546.0,35967.0,24507.0,26916.0,22063.0,18472.0,18163.0,15790.0,18291.0,14560.0,18559.0,18120.0,11,21,24,25,16,19,12,10,14,14,15,11,9,5,12,7,7,7,2,8,9,8,11,4,8,4,4,3,5,8,5,5,6,8,9,9,7,11,8,7,5,10,5,6,4,3,3,7,6.12,30,36,29
@types/gapi.client.classroom,2023-03-15,https://github.com/DefinitelyTyped/DefinitelyTyped,17,431,18,389,21,355,22,324,17,372,22,422,22,334,21,395,14,354,12,251,6,296,12,297,9,334,8,217,8,195,11,239,9,242,13,261,14,306,17,243,9,393,14,274,18,337,7,345,11275.0,9900.0,8618.0,10846.0,7313.0,65077.0,12827.0,15066.0,13011.0,10176.0,15530.0,14930.0,13977.0,15204.0,13874.0,14650.0,14788.0,13394.0,16309.0,14102.0,10526.0,11662.0,13270.0,14307.0,436,436,509,439,405,430,439,410,387,385,439,445,434,336,345,323,316,330,297,288,273,297,295,272,219,233,209,220,202,199,226,206,194,172,180,208,176,125,136,131,135,123,128,123,109,94,150,137,5.43,30,16,6
jquery.dotdotdot,2022-06-19,https://github.com/FrDH/jQuery.dotdotdot,0,0,0,0,0,0,0,0,0,0,0,0,0,0,0,0,0,0,0,0,0,0,0,0,0,0,0,0,0,0,0,0,0,0,0,0,0,0,0,0,0,0,0,0,0,0,0,0,9537.0,9615.0,30516.0,9999.0,9424.0,10079.0,8916.0,8589.0,8111.0,8784.0,7331.0,6615.0,7221.0,8351.0,10028.0,10006.0,9313.0,8021.0,11952.0,10246.0,12048.0,7635.0,11771.0,16319.0,2,2,3,1,0,2,1,2,0,1,2,0,0,0,0,0,1,2,0,6,2,1,0,1,0,1,1,0,1,2,0,0,0,0,1,0,0,0,0,0,0,1,0,0,0,0,0,0,6.45,30,15,4
@types/google-cloud__pubsub,2022-04-07,https://github.com/googleapis/nodejs-pubsub,5,19,7,24,13,23,4,12,4,19,7,9,4,8,6,14,6,4,9,15,3,22,3,7,15,19,6,18,2,12,2,3,12,13,5,6,2,8,2,7,2,7,8,3,5,9,4,9,19048.0,14434.0,12344.0,10695.0,10543.0,12849.0,11540.0,9095.0,8749.0,28637.0,34650.0,32125.0,16566.0,15517.0,47556.0,56921.0,32156.0,10391.0,10577.0,7958.0,9261.0,9286.0,15300.0,13951.0,3,8,16,11,5,10,5,8,4,4,8,5,4,5,7,7,6,3,4,4,4,4,6,4,4,2,3,1,3,3,0,1,3,1,1,2,2,3,3,2,0,1,1,1,3,0,1,5,4.44,30,6,10
@backstage/plugin-circleci,2024-04-22,https://github.com/backstage/backstage,100,310,114,257,132,290,103,270,104,411,117,483,96,509,124,549,108,221,122,521,131,534,125,465,138,282,145,304,116,245,136,407,105,410,119,356,103,426,89,289,90,263,105,219,88,327,93,287,24444.0,30144.0,30597.0,31090.0,19327.0,48654.0,38581.0,12086.0,9818.0,20687.0,11526.0,8231.0,5995.0,6550.0,7243.0,10646.0,7165.0,5563.0,4366.0,7034.0,6642.0,6333.0,12345.0,9598.0,434,365,376,296,327,326,565,369,322,400,803,361,321,271,248,232,460,274,485,329,237,292,292,521,111,119,104,87,104,99,122,124,118,130,145,121,126,106,85,87,82,99,127,67,93,94,100,114,3.85,30,1032,4
firebase-server,2023-10-01,https://github.com/urish/firebase-server,0,0,0,0,0,0,0,0,0,0,0,0,0,0,0,0,0,0,0,0,0,0,0,0,0,0,0,0,0,0,0,0,0,0,0,0,0,0,0,0,0,0,0,0,0,0,0,0,15060.0,16944.0,16327.0,14429.0,15394.0,16549.0,14422.0,19649.0,18858.0,13653.0,13506.0,11360.0,10582.0,11220.0,13282.0,14350.0,16713.0,16786.0,16533.0,15375.0,12334.0,11712.0,10571.0,10560.0,0,0,0,0,2,1,0,0,0,1,0,0,1,0,1,1,0,0,0,0,0,0,0,0,0,0,0,0,0,0,0,1,0,0,0,0,0,0,0,0,0,0,0,0,0,0,0,0,9.07,28,31,57
@elrondnetwork/transaction-decoder,2023-04-12,https://github.com/ElrondNetwork/transaction-decoder,0,0,0,0,0,0,0,0,0,0,0,0,0,0,0,0,0,0,0,0,0,0,0,0,0,0,0,0,0,0,0,0,0,0,0,0,0,0,0,0,0,0,0,0,0,0,0,0,917.0,2873.0,22003.0,38720.0,29359.0,24038.0,27655.0,23913.0,16309.0,19346.0,21243.0,20562.0,13438.0,15149.0,15035.0,27624.0,19356.0,17206.0,15678.0,9595.0,13994.0,13678.0,14243.0,11321.0,0,0,0,0,0,0,0,0,0,0,0,0,0,0,0,0,0,0,0,0,0,0,0,0,0,0,0,1,1,0,0,0,0,0,0,0,0,1,0,0,0,0,0,0,0,0,0,0,1.05,8,2,9
@ngneat/transloco-persist-lang,2024-05-04,https://github.com/ngneat/transloco,0,0,0,0,0,0,0,0,0,0,0,0,0,0,0,0,0,0,0,0,0,0,0,0,0,0,0,0,0,0,0,0,0,0,0,0,0,0,0,0,0,0,0,0,0,0,0,0,15593.0,17917.0,17361.0,20700.0,25008.0,27303.0,26350.0,18186.0,23961.0,25938.0,30054.0,36383.0,32097.0,27073.0,21600.0,16152.0,16549.0,14226.0,10439.0,13239.0,11395.0,10870.0,11858.0,13110.0,15,26,19,34,19,9,14,19,15,14,27,16,26,14,15,14,13,20,11,13,15,14,22,8,4,2,3,7,4,3,5,4,4,4,2,0,2,3,4,1,0,2,1,3,0,1,1,1,4.69,30,9,3
ng-particles,2023-12-25,https://github.com/tsparticles/angular,1,6,0,3,0,6,0,6,1,13,1,5,2,7,0,5,0,2,3,11,0,7,0,0,0,9,1,1,1,5,0,9,1,2,1,0,0,0,0,0,0,0,0,0,0,0,0,0,12020.0,251145.0,738398.0,364207.0,82600.0,15069.0,16886.0,15135.0,16335.0,2379657.0,3887225.0,14614.0,15494.0,16546.0,13435.0,13498.0,12762.0,11534.0,13436.0,10115.0,10224.0,10730.0,9975.0,9450.0,3,2,1,1,1,1,2,1,1,0,3,2,2,4,1,5,0,1,0,1,1,0,1,1,0,0,0,0,0,0,0,0,0,1,0,0,1,1,0,0,0,0,0,0,0,0,0,0,3.59,3,208,2
cypress-react-unit-test,2022-04-28,https://github.com/bahmutov/cypress-react-unit-test,0,0,0,0,0,0,0,0,0,0,0,0,0,0,0,0,0,0,0,0,0,0,0,0,0,0,0,0,0,0,0,0,0,0,0,0,0,0,0,0,0,0,0,0,0,0,0,0,65779.0,54545.0,57993.0,44487.0,48417.0,61022.0,46152.0,39719.0,33835.0,39791.0,40643.0,40429.0,33114.0,39802.0,36636.0,34519.0,35274.0,32553.0,37645.0,30405.0,30068.0,28936.0,30769.0,19486.0,2,0,0,0,0,0,0,1,0,0,0,1,2,1,0,2,1,0,0,0,0,0,0,1,0,0,0,0,1,0,0,0,0,0,1,0,1,0,0,0,0,0,0,0,0,0,1,0,4.32,12,109,72
truffle-plugin-verify,2024-01-04,https://github.com/rkalis/truffle-plugin-verify,3,0,1,0,2,1,2,1,0,0,0,2,1,1,3,0,0,0,0,1,0,0,0,1,0,0,0,0,0,0,0,0,0,0,0,0,0,0,0,0,0,0,0,0,0,0,0,0,14647.0,15708.0,19973.0,16433.0,17966.0,17021.0,13876.0,15544.0,12662.0,13223.0,9516.0,9399.0,7256.0,8067.0,7893.0,7575.0,5686.0,6887.0,7097.0,5724.0,6647.0,5545.0,4654.0,4343.0,2,6,3,7,3,8,1,7,5,1,1,3,0,1,0,0,0,6,1,17,0,0,2,0,5,0,2,1,1,2,2,1,0,0,0,1,0,1,0,0,0,0,0,0,0,0,0,0,4.79,28,77,277
ngx-cacheable,2022-05-10,https://github.com/angelnikolov/ngx-cacheable,0,0,0,0,0,0,0,0,0,0,0,0,0,0,0,0,0,0,0,0,0,0,0,0,0,0,0,0,0,0,0,0,0,0,0,0,0,0,0,0,0,0,0,0,0,0,0,0,36887.0,42245.0,35595.0,36196.0,35884.0,33688.0,34471.0,24924.0,27294.0,25282.0,33252.0,25268.0,26573.0,23102.0,32487.0,23205.0,22118.0,18400.0,16487.0,18139.0,21717.0,19448.0,17778.0,23334.0,0,2,2,0,0,1,1,3,1,3,1,2,1,0,0,1,1,0,0,0,1,1,4,0,2,0,0,0,0,0,1,0,0,1,0,0,0,1,0,0,1,0,0,0,0,0,1,1,4.1,11,67,9
denormalizr,2022-06-15,https://github.com/gpbl/denormalizr,0,0,0,0,0,0,0,0,0,0,0,0,0,0,0,0,0,0,0,0,0,0,0,0,0,0,0,0,0,0,0,0,0,0,0,0,0,0,0,0,0,0,0,0,0,0,0,0,11409.0,10381.0,10278.0,8766.0,7896.0,8162.0,10869.0,17118.0,12357.0,12758.0,9092.0,9863.0,10935.0,11405.0,12709.0,12971.0,18958.0,11659.0,13637.0,10330.0,12368.0,8896.0,12052.0,10666.0,0,0,0,0,0,1,0,0,0,0,1,0,0,0,0,0,0,0,0,0,1,0,1,0,0,0,0,0,0,0,0,0,0,0,0,0,0,0,0,0,0,0,0,0,0,0,0,0,6.24,11,23,18
ui-router-core,2022-06-28,https://github.com/ui-router/core,0,14,0,10,2,0,0,2,0,0,0,0,0,1,0,4,0,1,1,1,0,0,0,2,0,1,0,0,0,0,0,2,0,2,0,1,1,2,0,1,0,1,0,1,0,0,0,0,7120.0,7707.0,8245.0,10116.0,8724.0,9560.0,8517.0,8725.0,8253.0,10933.0,9321.0,7604.0,7059.0,6956.0,7245.0,6773.0,7752.0,7328.0,6084.0,7487.0,7074.0,6643.0,7833.0,8149.0,1,0,0,1,0,1,0,1,0,2,0,0,0,1,1,0,0,1,0,1,3,0,1,0,1,1,0,1,1,0,0,0,0,0,0,0,0,0,0,1,0,0,1,0,0,0,0,1,6.35,30,19,15
feathers-mongodb,2023-03-15,https://github.com/feathersjs-ecosystem/feathers-mongodb,0,0,0,0,0,0,0,0,0,0,0,0,0,0,0,0,0,0,0,0,0,0,0,0,0,0,0,0,0,0,0,0,0,0,0,0,0,0,0,0,0,0,0,0,0,0,0,0,12578.0,12537.0,12551.0,13533.0,16429.0,20458.0,28417.0,25989.0,24012.0,20855.0,19280.0,17744.0,15207.0,9883.0,9817.0,14793.0,13454.0,8453.0,10686.0,9445.0,8936.0,10737.0,10285.0,10768.0,2,1,1,0,3,2,2,1,0,0,0,0,0,0,0,0,0,0,0,0,0,0,0,0,1,1,0,0,0,0,0,0,0,1,0,1,0,0,0,0,0,0,0,0,0,0,0,0,8.93,24,55,54
tus-node-server,2023-06-01,https://github.com/tus/tus-node-server,5,8,3,10,3,10,3,5,5,20,6,13,6,27,1,8,6,11,7,11,2,5,5,7,1,8,7,5,3,12,4,5,3,22,4,9,10,11,6,26,2,8,3,2,3,16,3,5,7651.0,6414.0,9934.0,9948.0,9884.0,12031.0,8631.0,10353.0,9690.0,10472.0,9297.0,10816.0,9888.0,10027.0,7687.0,9887.0,7627.0,5863.0,7336.0,7404.0,8733.0,9196.0,8188.0,7191.0,4,5,9,5,4,6,8,3,4,15,17,15,9,5,10,19,14,6,22,15,14,8,20,10,2,4,1,3,4,3,2,1,3,4,2,2,1,0,4,2,4,2,2,1,1,2,1,1,7.06,30,34,18
react-particles-js,2022-06-26,https://github.com/Wufe/react-particles-js,4,2,1,1,1,0,1,1,2,0,0,0,1,0,0,0,0,0,0,1,0,0,0,0,0,1,0,0,0,0,0,0,0,2,0,2,0,0,0,1,1,0,0,0,0,0,0,0,70935.0,66933.0,60381.0,65479.0,61083.0,57325.0,49753.0,45049.0,40217.0,38555.0,33531.0,31146.0,26444.0,27728.0,29813.0,29467.0,25197.0,20188.0,21635.0,21255.0,22960.0,19289.0,21564.0,21085.0,19,13,14,16,12,7,11,2,9,7,6,10,7,5,5,2,4,2,2,8,6,6,3,6,1,0,1,0,2,1,0,0,3,0,1,0,2,2,0,0,0,0,0,1,0,0,0,0,5.59,25,52,51
@knodes/typedoc-plugin-monorepo-readmes,2023-04-05,https://github.com/KnodesCommunity/typedoc-plugins,0,15,1,25,3,29,11,28,1,26,1,22,2,19,3,45,1,29,0,0,0,0,3,0,2,46,0,38,0,30,0,20,0,15,0,0,0,0,0,24,2,8,0,0,0,0,0,16,401.0,1467.0,2054.0,1182.0,1123.0,1220.0,1768.0,1531.0,933.0,736.0,902.0,647.0,1604.0,657.0,585.0,1801.0,1778.0,1413.0,1213.0,691.0,1057.0,1724.0,1579.0,2119.0,0,1,3,2,2,2,1,0,0,1,1,0,0,0,1,0,0,1,1,1,0,0,0,0,0,2,1,1,0,0,0,0,0,0,0,0,0,0,0,0,0,0,0,0,0,0,0,0,1.09,5,9,6
gn-api-sdk-typescript,2024-04-29,https://github.com/gerencianet/gn-api-sdk-typescript,0,0,0,0,0,0,0,0,0,0,0,0,0,0,0,0,0,0,0,0,0,0,0,0,0,0,0,0,0,0,0,0,0,0,0,0,0,0,0,0,0,0,0,0,0,0,0,0,1915.0,2354.0,2361.0,2538.0,3037.0,2888.0,4615.0,3983.0,3516.0,4467.0,4666.0,5450.0,8202.0,7974.0,8671.0,10182.0,9007.0,8721.0,7889.0,6172.0,7600.0,8013.0,9034.0,7901.0,1,0,1,0,1,0,0,0,0,0,1,0,0,0,0,0,0,0,0,0,0,0,0,0,1,0,0,0,1,0,0,0,0,0,0,0,0,0,0,0,0,0,0,0,0,0,0,0,2.96,2,10,3
svelte-materialify,2022-10-06,https://github.com/TheComputerM/svelte-materialify,1,0,1,0,0,1,0,0,2,1,0,1,0,1,0,2,0,0,0,1,0,0,0,0,0,0,0,0,0,0,0,0,0,0,0,0,0,0,0,0,0,0,0,0,0,0,0,0,53352.0,49140.0,45777.0,51523.0,53627.0,60927.0,55076.0,59236.0,63330.0,65692.0,72539.0,57021.0,58825.0,66295.0,81815.0,70729.0,89796.0,74921.0,83049.0,84660.0,103701.0,88014.0,94604.0,84416.0,16,6,21,12,7,15,8,6,11,7,4,4,1,4,1,1,1,1,3,1,4,3,1,3,0,3,3,0,3,0,1,2,1,0,0,0,0,1,2,0,0,1,0,1,0,0,0,1,2.17,2,35,11
@ionic/cli-utils,2024-05-17,https://github.com/ionic-team/ionic-cli,7,3,5,5,3,1,2,4,0,5,4,8,2,8,2,3,5,0,4,1,1,3,1,1,0,1,1,0,1,0,0,0,2,1,0,0,4,0,1,0,1,1,1,1,2,3,1,2,13506.0,13555.0,13552.0,12965.0,13010.0,19973.0,10650.0,9775.0,16231.0,11406.0,11162.0,10310.0,9253.0,9462.0,13200.0,11316.0,10790.0,9222.0,9015.0,9488.0,9511.0,11874.0,11167.0,8494.0,2,2,1,3,4,5,1,2,2,1,2,1,1,1,1,3,1,2,2,1,3,1,3,2,6,1,4,5,4,4,4,5,4,5,9,3,1,2,3,4,5,1,6,5,2,4,4,1,7.29,30,525,17
node-webcrypto-ossl,2022-06-21,https://github.com/PeculiarVentures/node-webcrypto-ossl,0,0,0,1,1,0,0,0,1,0,0,0,0,0,0,0,0,0,0,0,0,0,0,0,0,0,0,0,0,0,0,0,0,0,0,0,0,0,0,0,0,0,0,0,0,0,0,0,209266.0,179950.0,59493.0,135830.0,103540.0,59208.0,47581.0,49420.0,43318.0,40988.0,38236.0,34325.0,31536.0,37396.0,33768.0,32375.0,29246.0,28225.0,42092.0,37387.0,30030.0,20271.0,21237.0,48373.0,3,4,1,1,0,1,0,0,1,0,0,0,0,1,0,0,0,0,0,0,0,0,0,0,0,1,0,0,1,0,1,0,0,0,0,0,0,0,0,0,0,0,0,0,0,0,0,0,6.32,15,60,183
solid-testing-library,2023-01-30,https://github.com/solidjs/solid-testing-library,0,1,2,1,0,0,0,0,0,0,1,1,0,3,1,0,2,1,1,6,2,2,1,0,0,1,0,0,2,0,1,1,1,5,1,0,1,0,1,0,0,0,1,0,1,2,2,0,1428.0,2158.0,3827.0,5947.0,11951.0,19145.0,22058.0,25949.0,24506.0,25666.0,28651.0,25085.0,28151.0,33350.0,28241.0,27767.0,32478.0,27096.0,24122.0,17156.0,21203.0,9411.0,4517.0,5200.0,5,7,4,5,11,7,6,5,4,10,3,15,4,5,6,3,5,5,5,4,3,2,5,5,1,1,0,0,0,1,2,0,1,1,1,0,0,0,0,1,0,0,0,0,1,0,1,0,1.95,11,9,97
scroll-js,2023-02-11,https://github.com/markcellus/scroll-js,0,29,0,5,1,6,0,12,1,8,2,19,0,5,0,6,0,4,0,6,0,7,0,7,0,0,0,0,0,0,0,0,0,0,0,0,0,0,0,0,0,0,0,0,0,0,0,0,20981.0,24277.0,25209.0,26941.0,24910.0,22997.0,25351.0,26541.0,24659.0,29189.0,25470.0,25098.0,42107.0,42712.0,41815.0,42574.0,36142.0,30687.0,29191.0,38085.0,33663.0,21887.0,28605.0,28115.0,3,4,0,5,1,0,1,1,4,3,1,10,0,0,1,1,0,0,0,1,0,1,0,0,0,0,0,0,0,0,0,1,1,0,1,0,0,0,0,0,0,0,0,0,0,0,0,0,7.82,7,73,13
@types/storybook__addon-viewport,2022-04-07,https://github.com/storybooks/storybook,0,0,0,0,0,0,0,0,0,0,0,0,0,0,0,0,0,0,0,0,0,0,0,0,0,0,0,0,0,0,0,0,0,0,0,0,0,0,0,0,0,0,0,0,0,0,0,0,139262.0,59180.0,26853.0,21491.0,26405.0,30035.0,19215.0,15400.0,13297.0,13037.0,15073.0,17103.0,13665.0,15733.0,12714.0,16998.0,16931.0,13844.0,15180.0,12262.0,11214.0,11407.0,15388.0,13845.0,997,1192,850,669,671,682,573,916,1164,702,672,612,739,737,1105,593,595,618,560,495,517,827,668,685,113,100,98,111,79,97,86,105,134,105,107,72,85,96,100,100,87,97,93,78,65,114,106,120,3.3,30,4,24
@pankod/refine-core,2023-11-02,https://github.com/refinedev/refine,27,114,40,223,32,99,35,159,57,241,49,205,22,119,23,160,23,106,27,116,21,83,23,140,24,83,33,94,26,89,29,80,31,53,29,64,24,73,29,56,32,75,32,37,23,51,30,45,15645.0,14594.0,18563.0,24261.0,25072.0,12639.0,12363.0,10873.0,11568.0,9483.0,7559.0,11145.0,6999.0,7936.0,7509.0,8185.0,8071.0,8861.0,5797.0,9130.0,6018.0,6173.0,6245.0,4889.0,1667,673,455,899,759,1156,837,784,1049,878,888,594,700,1481,2846,1347,1368,695,549,620,525,632,603,496,90,37,39,97,114,104,65,60,67,31,57,41,48,71,145,104,92,89,65,61,71,51,67,38,1.79,30,199,51
nest-morgan,2022-05-10,https://github.com/mentos1386/nest-morgan,0,0,0,0,0,0,0,0,0,0,0,0,0,0,0,0,0,0,0,0,0,0,0,0,0,0,0,0,0,0,0,0,0,0,0,0,0,0,0,0,0,0,0,0,0,0,0,0,9717.0,9182.0,10586.0,11058.0,11514.0,9835.0,9808.0,7875.0,9172.0,10436.0,15743.0,13059.0,14355.0,15093.0,18184.0,11300.0,9185.0,9992.0,9880.0,11275.0,13623.0,14229.0,10625.0,15757.0,0,0,2,0,0,0,0,1,0,0,0,0,0,0,0,0,0,0,0,0,0,0,0,0,0,0,0,0,0,0,0,0,0,0,0,0,0,0,0,0,0,0,1,0,0,0,0,0,3.82,3,5,9
@aws-cdk/aws-cloudtrail,2023-11-21,https://github.com/aws/aws-cdk,170,228,118,156,168,237,185,266,157,235,169,301,146,229,141,219,158,180,171,178,163,206,173,204,129,164,151,224,171,181,144,187,157,166,149,202,141,154,109,139,102,150,122,184,138,190,147,222,101625.0,105261.0,115084.0,95734.0,106110.0,102425.0,107341.0,92543.0,75042.0,32402.0,30853.0,27479.0,12960.0,14610.0,15500.0,12625.0,11709.0,11256.0,8605.0,9842.0,8947.0,8782.0,6491.0,4831.0,113,111,120,125,126,127,128,108,87,105,70,91,77,98,95,85,89,88,94,86,71,85,98,76,71,50,76,57,69,60,57,45,49,59,46,42,33,47,56,51,42,47,31,46,31,44,47,28,5.31,30,288,22
dedent-tabs,2023-07-31,https://github.com/adrianjost/dedent-tabs,0,9,0,16,0,16,0,13,0,9,0,9,0,13,0,12,0,8,0,10,0,13,0,18,0,0,0,0,0,0,0,0,0,0,0,0,0,0,0,0,0,0,0,0,0,0,0,0,52554.0,38354.0,36508.0,34676.0,31739.0,30100.0,37939.0,38964.0,36335.0,34374.0,37648.0,34517.0,19683.0,18149.0,20550.0,18827.0,13810.0,15862.0,11369.0,14089.0,10824.0,9788.0,9654.0,8623.0,0,0,0,0,0,0,0,0,0,0,0,0,0,0,0,0,0,0,0,0,0,0,0,0,0,0,0,0,0,0,0,0,0,0,0,0,0,0,0,0,0,0,0,0,0,0,0,0,4.28,0,8,12
mysql-import,2022-10-10,https://github.com/pamblam/mysql-import,0,0,0,0,0,0,0,0,2,0,1,0,0,1,0,1,0,0,0,0,0,0,1,0,0,0,0,1,0,2,1,0,1,0,0,0,0,0,0,0,0,0,0,0,0,1,0,0,17984.0,12756.0,17187.0,26976.0,30829.0,25784.0,31580.0,41838.0,40838.0,36349.0,29624.0,21348.0,20762.0,15185.0,25180.0,18147.0,23390.0,16929.0,25435.0,20292.0,23247.0,17873.0,18472.0,20096.0,0,0,0,0,0,0,0,1,0,0,0,0,0,0,0,1,0,0,1,0,0,0,0,0,0,0,1,1,0,0,0,1,1,0,0,1,2,0,0,0,0,0,0,0,0,0,1,0,4.44,7,19,28
casl,2022-04-12,https://github.com/stalniy/casl,8,6,5,13,2,2,6,2,5,9,4,3,4,7,1,4,6,2,3,0,4,1,2,4,6,4,5,3,6,3,9,13,10,8,3,4,8,4,2,12,3,2,3,2,6,2,4,7,7288.0,9096.0,9804.0,9280.0,9661.0,12673.0,10519.0,11075.0,8960.0,10551.0,11104.0,12008.0,6614.0,7698.0,6995.0,8998.0,7754.0,7708.0,6411.0,6367.0,5361.0,5259.0,6234.0,5595.0,114,87,85,78,71,70,74,57,64,64,70,117,57,77,68,74,75,60,90,78,52,85,69,67,8,5,1,4,3,3,6,2,5,2,1,8,4,6,2,4,1,5,3,5,1,4,2,4,4.73,30,16,9
